solid OpenSCAD_Model
  facet normal 0 0 -1
    outer loop
      vertex 6.93465 -42.4166 0
      vertex 6.26665 -49.6057 0
      vertex 5.06062 -42.6804 0
    endloop
  endfacet
  facet normal 0 -0 -1
    outer loop
      vertex 9.96774 -11.8637 0
      vertex 11.7711 -13.667 0
      vertex 9.44615 -15.9919 0
    endloop
  endfacet
  facet normal 0 0 -1
    outer loop
      vertex -4.59766 -15.478 0
      vertex -1.3098 -15.478 0
      vertex -1.3098 -18.0288 0
    endloop
  endfacet
  facet normal 0 0 -1
    outer loop
      vertex 33.081 -22.4001 0
      vertex 33.7588 -19.7592 0
      vertex 34.6566 -20.0227 0
    endloop
  endfacet
  facet normal -0 0 -1
    outer loop
      vertex 7.42896 1.2196 0
      vertex 3.04169 -1.3302 0
      vertex 3.03998 1.2196 0
    endloop
  endfacet
  facet normal 0 0 -1
    outer loop
      vertex -1.3098 -25.0724 0
      vertex 1.2392 -25.075 0
      vertex -1.3098 -27.6232 0
    endloop
  endfacet
  facet normal 0 0 -1
    outer loop
      vertex 4.82797 -36.1263 0
      vertex 4.27808 -35.7456 0
      vertex 6.12958 -33.938 0
    endloop
  endfacet
  facet normal 0 0 -1
    outer loop
      vertex 13.3596 -15.2556 0
      vertex 11.7711 -13.667 0
      vertex 15.1806 -13.3158 0
    endloop
  endfacet
  facet normal 0 -0 -1
    outer loop
      vertex 10.0069 1.22052 0
      vertex 15.3692 -1.19394 0
      vertex 9.99158 -1.20856 0
    endloop
  endfacet
  facet normal 0 0 -1
    outer loop
      vertex 28.1042 -41.354 0
      vertex 23.4942 -35.9605 0
      vertex 25.048 -34.8902 0
    endloop
  endfacet
  facet normal 0 0 -1
    outer loop
      vertex 19.9283 -33.8734 0
      vertex 19.7194 -32.9924 0
      vertex 22.386 -33.1685 0
    endloop
  endfacet
  facet normal 0 0 -1
    outer loop
      vertex 22.8495 -34.5765 0
      vertex 20.89 -36.4645 0
      vertex 20.5147 -35.6129 0
    endloop
  endfacet
  facet normal 0 0 -1
    outer loop
      vertex 19.4759 -31.2239 0
      vertex 22.1049 -31.7569 0
      vertex 19.5682 -32.108 0
    endloop
  endfacet
  facet normal 0 0 -1
    outer loop
      vertex 19.478 -29.401 0
      vertex 19.5847 -28.4758 0
      vertex 22.094 -29.0058 0
    endloop
  endfacet
  facet normal 0 0 -1
    outer loop
      vertex 35.3553 -35.3553 0
      vertex 29.3994 -31.2954 0
      vertex 31.2027 -29.4921 0
    endloop
  endfacet
  facet normal 0 0 -1
    outer loop
      vertex 19.4759 -31.2239 0
      vertex 22.0072 -30.3624 0
      vertex 22.1049 -31.7569 0
    endloop
  endfacet
  facet normal 0 -0 -1
    outer loop
      vertex 19.7618 -27.5724 0
      vertex 22.207 -28.348 0
      vertex 19.5847 -28.4758 0
    endloop
  endfacet
  facet normal 0 0 -1
    outer loop
      vertex 43.0371 -25.4521 0
      vertex 37.2763 -21.1575 0
      vertex 43.8153 -24.0877 0
    endloop
  endfacet
  facet normal -0 0 -1
    outer loop
      vertex 20.5864 -11.4968 0
      vertex 15.1806 -13.3158 0
      vertex 18.7782 -9.69847 0
    endloop
  endfacet
  facet normal 0 -0 -1
    outer loop
      vertex 34.8275 -25.0988 0
      vertex 39.5077 -30.6453 0
      vertex 33.6831 -26.6173 0
    endloop
  endfacet
  facet normal 0 0 -1
    outer loop
      vertex 34.5018 -22.8707 0
      vertex 34.6566 -20.0227 0
      vertex 35.5446 -20.3443 0
    endloop
  endfacet
  facet normal -0 0 -1
    outer loop
      vertex 41.354 -28.1042 0
      vertex 40.4508 -29.3893 0
      vertex 34.8275 -25.0988 0
    endloop
  endfacet
  facet normal 0 0 -1
    outer loop
      vertex 17.9361 1.22052 0
      vertex 20.1825 1.22052 0
      vertex 20.1662 -1.18086 0
    endloop
  endfacet
  facet normal 0 0 -1
    outer loop
      vertex 43.0371 -25.4521 0
      vertex 35.9053 -23.529 0
      vertex 37.2763 -21.1575 0
    endloop
  endfacet
  facet normal 0 0 -1
    outer loop
      vertex 34.6044 1.86073 0
      vertex 32.2638 2.92513 0
      vertex 34.7909 2.48672 0
    endloop
  endfacet
  facet normal 0 0 -1
    outer loop
      vertex 1.23586 22.7137 0
      vertex 6.22221 22.7137 0
      vertex 6.22221 20.163 0
    endloop
  endfacet
  facet normal 0 0 -1
    outer loop
      vertex 40.5575 -8.28345 0
      vertex 39.6476 -10.4638 0
      vertex 38.8076 -10.0814 0
    endloop
  endfacet
  facet normal -0 0 -1
    outer loop
      vertex 24.9635 -1.16788 0
      vertex 22.717 -1.17395 0
      vertex 22.7332 1.22052 0
    endloop
  endfacet
  facet normal 0 0 -1
    outer loop
      vertex 35.801 -8.10446 0
      vertex 38.036 -6.81615 0
      vertex 36.4932 -8.66269 0
    endloop
  endfacet
  facet normal -0 0 -1
    outer loop
      vertex 50 0 0
      vertex 42.8663 -1.3302 0
      vertex 42.8663 1.2196 0
    endloop
  endfacet
  facet normal 0 0 -1
    outer loop
      vertex 34.4855 -1.3302 0
      vertex 42.8663 1.2196 0
      vertex 42.8663 -1.3302 0
    endloop
  endfacet
  facet normal 0 0 -1
    outer loop
      vertex 33.4137 -5.32655 0
      vertex 35.6971 -4.33287 0
      vertex 33.9293 -6.0892 0
    endloop
  endfacet
  facet normal 0 0 -1
    outer loop
      vertex 39.2334 -7.61552 0
      vertex 37.9996 -9.65271 0
      vertex 37.2271 -9.17931 0
    endloop
  endfacet
  facet normal 0 0 -1
    outer loop
      vertex 45.8877 -19.8574 0
      vertex 38.5406 -18.7622 0
      vertex 39.6551 -16.2808 0
    endloop
  endfacet
  facet normal 0 -0 -1
    outer loop
      vertex 32.0435 2.07846 0
      vertex 34.471 1.2196 0
      vertex 31.8972 1.22052 0
    endloop
  endfacet
  facet normal 0 0 -1
    outer loop
      vertex -6.9308 34.3831 0
      vertex -4.90366 36.0115 0
      vertex -6.20618 33.8241 0
    endloop
  endfacet
  facet normal 0 0 -1
    outer loop
      vertex 7.96242 6.14297 0
      vertex 9.96521 11.7524 0
      vertex 11.7685 9.94897 0
    endloop
  endfacet
  facet normal 0 0 -1
    outer loop
      vertex 32.2638 2.92513 0
      vertex 32.5559 3.75606 0
      vertex 34.7909 2.48672 0
    endloop
  endfacet
  facet normal -0 0 -1
    outer loop
      vertex 35.6503 4.2589 0
      vertex 35.3156 3.68759 0
      vertex 33.3475 5.35333 0
    endloop
  endfacet
  facet normal 0 0 -1
    outer loop
      vertex 37.1154 9.26129 0
      vertex 39.1816 7.56419 0
      vertex 37.9781 6.76024 0
    endloop
  endfacet
  facet normal 0 0 -1
    outer loop
      vertex 49.1143 9.36906 0
      vertex 42.3218 6.91518 0
      vertex 41.9783 8.76273 0
    endloop
  endfacet
  facet normal 0 -0 -1
    outer loop
      vertex 38.7232 10.2007 0
      vertex 39.1816 7.56419 0
      vertex 37.9005 9.75418 0
    endloop
  endfacet
  facet normal 0 -0 -1
    outer loop
      vertex 39.5801 10.599 0
      vertex 40.5196 8.23605 0
      vertex 38.7232 10.2007 0
    endloop
  endfacet
  facet normal 0 -0 -1
    outer loop
      vertex 47.044 16.9369 0
      vertex 47.5528 15.4508 0
      vertex 40.5739 13.8759 0
    endloop
  endfacet
  facet normal -0 0 -1
    outer loop
      vertex 27.613 22.3479 0
      vertex 26.5877 19.9934 0
      vertex 26.9923 22.554 0
    endloop
  endfacet
  facet normal -0 0 -1
    outer loop
      vertex 48.7958 10.9072 0
      vertex 41.9783 8.76273 0
      vertex 41.3825 11.2436 0
    endloop
  endfacet
  facet normal 0 0 -1
    outer loop
      vertex 15.3853 4.74103 0
      vertex 17.9361 4.74103 0
      vertex 17.9361 1.22052 0
    endloop
  endfacet
  facet normal -0 0 -1
    outer loop
      vertex 33.7782 19.9095 0
      vertex 32.8971 19.7006 0
      vertex 33.0737 22.3672 0
    endloop
  endfacet
  facet normal -0 0 -1
    outer loop
      vertex 15.1612 13.3409 0
      vertex 13.5726 11.7524 0
      vertex 13.357 15.1442 0
    endloop
  endfacet
  facet normal -0 0 -1
    outer loop
      vertex -3.19115 35.0089 0
      vertex -4.66209 32.8991 0
      vertex -3.78244 35.2961 0
    endloop
  endfacet
  facet normal 0 0 -1
    outer loop
      vertex 31.2001 29.3806 0
      vertex 37.5055 33.0656 0
      vertex 32.4602 27.9839 0
    endloop
  endfacet
  facet normal 0 0 -1
    outer loop
      vertex 35.8652 23.4756 0
      vertex 34.795 25.0296 0
      vertex 41.354 28.1042 0
    endloop
  endfacet
  facet normal -0 0 -1
    outer loop
      vertex 39.5077 30.6453 0
      vertex 33.6592 26.5329 0
      vertex 38.5257 31.8712 0
    endloop
  endfacet
  facet normal 0 -0 -1
    outer loop
      vertex 19.415 30.9919 0
      vertex 21.9296 30.2445 0
      vertex 19.3942 30.0931 0
    endloop
  endfacet
  facet normal 0 0 -1
    outer loop
      vertex 20.3144 25.6877 0
      vertex 22.7908 26.3689 0
      vertex 20.6957 24.8936 0
    endloop
  endfacet
  facet normal 0 0 -1
    outer loop
      vertex 27.9871 32.4554 0
      vertex 33.0656 37.5055 0
      vertex 29.3968 31.184 0
    endloop
  endfacet
  facet normal -0 0 -1
    outer loop
      vertex 23.1015 25.7947 0
      vertex 20.6957 24.8936 0
      vertex 22.7908 26.3689 0
    endloop
  endfacet
  facet normal -0 0 -1
    outer loop
      vertex 23.4601 25.2473 0
      vertex 21.1389 24.1391 0
      vertex 23.1015 25.7947 0
    endloop
  endfacet
  facet normal 0 0 -1
    outer loop
      vertex 19.7442 27.3764 0
      vertex 22.1458 28.2289 0
      vertex 22.313 27.5884 0
    endloop
  endfacet
  facet normal -0 0 -1
    outer loop
      vertex 3.80376 32.5766 0
      vertex 2.96297 32.2718 0
      vertex 2.48509 34.7999 0
    endloop
  endfacet
  facet normal -0 0 -1
    outer loop
      vertex 22.528 26.9676 0
      vertex 19.9968 26.5168 0
      vertex 22.313 27.5884 0
    endloop
  endfacet
  facet normal 0 0 -1
    outer loop
      vertex 44.5503 -22.6995 0
      vertex 37.2763 -21.1575 0
      vertex 38.5406 -18.7622 0
    endloop
  endfacet
  facet normal 0 0 -1
    outer loop
      vertex 18.8671 38.4893 0
      vertex 22.6995 44.5503 0
      vertex 24.0877 43.8153 0
    endloop
  endfacet
  facet normal 0 0 -1
    outer loop
      vertex 21.2589 37.2186 0
      vertex 18.8671 38.4893 0
      vertex 24.0877 43.8153 0
    endloop
  endfacet
  facet normal 0 0 -1
    outer loop
      vertex 23.4338 35.8857 0
      vertex 25.4521 43.0371 0
      vertex 26.7913 42.2164 0
    endloop
  endfacet
  facet normal 0 -0 -1
    outer loop
      vertex 3.67215 35.3374 0
      vertex 4.62343 32.953 0
      vertex 3.08725 35.0442 0
    endloop
  endfacet
  facet normal 0 0 -1
    outer loop
      vertex 1.86732 34.6066 0
      vertex 2.96297 32.2718 0
      vertex 2.10555 32.041 0
    endloop
  endfacet
  facet normal 0 0 -1
    outer loop
      vertex 1.23586 27.5109 0
      vertex 7.91982 27.5109 0
      vertex 7.91982 24.9602 0
    endloop
  endfacet
  facet normal 0 -0 -1
    outer loop
      vertex -30.6453 39.5077 0
      vertex -26.6279 33.6409 0
      vertex -31.8712 38.5257 0
    endloop
  endfacet
  facet normal 0 0 -1
    outer loop
      vertex 6.88007 42.311 0
      vertex 9.36906 49.1143 0
      vertex 8.71149 41.9732 0
    endloop
  endfacet
  facet normal 0 -0 -1
    outer loop
      vertex 7.52109 39.2139 0
      vertex 9.28056 37.202 0
      vertex 6.72148 38.0165 0
    endloop
  endfacet
  facet normal 0 0 -1
    outer loop
      vertex 5.80431 36.961 0
      vertex 6.72148 38.0165 0
      vertex 8.20187 35.7788 0
    endloop
  endfacet
  facet normal 0 0 -1
    outer loop
      vertex 7.52109 39.2139 0
      vertex 9.7561 37.9732 0
      vertex 9.28056 37.202 0
    endloop
  endfacet
  facet normal 0 0 -1
    outer loop
      vertex 8.71149 41.9732 0
      vertex 10.9072 48.7958 0
      vertex 11.1958 41.3809 0
    endloop
  endfacet
  facet normal 0 0 -1
    outer loop
      vertex 8.18898 40.5379 0
      vertex 8.71149 41.9732 0
      vertex 10.9085 40.4871 0
    endloop
  endfacet
  facet normal -0 0 -1
    outer loop
      vertex 15.4508 47.5528 0
      vertex 13.8297 40.5766 0
      vertex 13.9496 48.0147 0
    endloop
  endfacet
  facet normal -0 0 -1
    outer loop
      vertex 10.9072 48.7958 0
      vertex 8.71149 41.9732 0
      vertex 9.36906 49.1143 0
    endloop
  endfacet
  facet normal 0 -0 -1
    outer loop
      vertex -6.26665 49.6057 0
      vertex -5.13631 42.5661 0
      vertex -7.82172 49.3844 0
    endloop
  endfacet
  facet normal -0 0 -1
    outer loop
      vertex 6.26665 49.6057 0
      vertex 5.02257 42.5704 0
      vertex 4.70541 49.7781 0
    endloop
  endfacet
  facet normal 0 0 -1
    outer loop
      vertex 6.26665 49.6057 0
      vertex 7.82172 49.3844 0
      vertex 6.88007 42.311 0
    endloop
  endfacet
  facet normal 0 -0 -1
    outer loop
      vertex 6.26665 49.6057 0
      vertex 6.88007 42.311 0
      vertex 5.02257 42.5704 0
    endloop
  endfacet
  facet normal 0 0 -1
    outer loop
      vertex 0 50 0
      vertex 1.57053 49.9753 0
      vertex 1.23586 42.8467 0
    endloop
  endfacet
  facet normal -0 0 -1
    outer loop
      vertex 4.70541 49.7781 0
      vertex 3.14053 42.7496 0
      vertex 3.13951 49.9013 0
    endloop
  endfacet
  facet normal 0 0 -1
    outer loop
      vertex 1.23586 42.8467 0
      vertex 1.57053 49.9753 0
      vertex 3.13951 49.9013 0
    endloop
  endfacet
  facet normal 0 0 -1
    outer loop
      vertex -1.57053 49.9753 0
      vertex 0 50 0
      vertex -1.31488 42.8467 0
    endloop
  endfacet
  facet normal 0 0 -1
    outer loop
      vertex -6.26665 49.6057 0
      vertex -4.70541 49.7781 0
      vertex -5.13631 42.5661 0
    endloop
  endfacet
  facet normal -0 0 -1
    outer loop
      vertex -1.31488 42.8467 0
      vertex -3.23721 42.7482 0
      vertex -3.13951 49.9013 0
    endloop
  endfacet
  facet normal 0 0 -1
    outer loop
      vertex -3.23721 42.7482 0
      vertex -4.70541 49.7781 0
      vertex -3.13951 49.9013 0
    endloop
  endfacet
  facet normal 0 0 -1
    outer loop
      vertex 20.0079 -26.6954 0
      vertex 20.3214 -25.8495 0
      vertex 22.5728 -27.0868 0
    endloop
  endfacet
  facet normal 0 -0 -1
    outer loop
      vertex -7.82172 49.3844 0
      vertex -7.01033 42.3023 0
      vertex -9.36906 49.1143 0
    endloop
  endfacet
  facet normal 0 0 -1
    outer loop
      vertex -7.82172 49.3844 0
      vertex -5.13631 42.5661 0
      vertex -7.01033 42.3023 0
    endloop
  endfacet
  facet normal 0 0 -1
    outer loop
      vertex -9.36906 49.1143 0
      vertex -7.01033 42.3023 0
      vertex -8.858 41.9587 0
    endloop
  endfacet
  facet normal 0 0 -1
    outer loop
      vertex -10.9072 48.7958 0
      vertex -9.36906 49.1143 0
      vertex -8.858 41.9587 0
    endloop
  endfacet
  facet normal -0 0 -1
    outer loop
      vertex -11.3387 41.3639 0
      vertex -13.9712 40.5551 0
      vertex -15.4508 47.5528 0
    endloop
  endfacet
  facet normal 0 0 -1
    outer loop
      vertex -18.4062 46.4888 0
      vertex -16.9369 47.044 0
      vertex -13.9712 40.5551 0
    endloop
  endfacet
  facet normal -0 0 -1
    outer loop
      vertex 1.23586 34.4659 0
      vertex -1.31488 34.4514 0
      vertex -1.31488 42.8467 0
    endloop
  endfacet
  facet normal -0 0 -1
    outer loop
      vertex -12.1015 23.26 0
      vertex -16.828 18.5336 0
      vertex -13.9048 25.0633 0
    endloop
  endfacet
  facet normal 0 0 -1
    outer loop
      vertex -29.4759 31.1814 0
      vertex -34.2273 36.4484 0
      vertex -33.0656 37.5055 0
    endloop
  endfacet
  facet normal 0 -0 -1
    outer loop
      vertex -19.5525 31.11 0
      vertex -19.5202 30.2294 0
      vertex -22.0837 30.2484 0
    endloop
  endfacet
  facet normal -0 0 -1
    outer loop
      vertex -19.7959 32.8784 0
      vertex -22.1814 31.643 0
      vertex -22.4625 33.0546 0
    endloop
  endfacet
  facet normal 0 -0 -1
    outer loop
      vertex -11.7137 20.4706 0
      vertex -9.91042 18.6673 0
      vertex -15.2394 16.9449 0
    endloop
  endfacet
  facet normal 0 0 -1
    outer loop
      vertex -42.2164 26.7913 0
      vertex -41.354 28.1042 0
      vertex -35.981 23.4151 0
    endloop
  endfacet
  facet normal 0 0 -1
    outer loop
      vertex -22.2835 28.2341 0
      vertex -22.1705 28.8918 0
      vertex -19.6611 28.3618 0
    endloop
  endfacet
  facet normal 0 0 -1
    outer loop
      vertex -39.5077 30.6453 0
      vertex -38.5257 31.8712 0
      vertex -33.7596 26.5033 0
    endloop
  endfacet
  facet normal 0 0 -1
    outer loop
      vertex -25.0563 1.21535 0
      vertex -22.8098 1.21535 0
      vertex -22.8098 -1.33366 0
    endloop
  endfacet
  facet normal 0 0 -1
    outer loop
      vertex -31.2792 29.3781 0
      vertex -29.4759 31.1814 0
      vertex -23.5495 25.2551 0
    endloop
  endfacet
  facet normal 0 -0 -1
    outer loop
      vertex -35.8749 8.18259 0
      vertex -35.2293 7.58235 0
      vertex -37.0572 5.78502 0
    endloop
  endfacet
  facet normal 0 0 -1
    outer loop
      vertex -25.7828 20.2941 0
      vertex -26.4641 22.7721 0
      vertex -24.9888 20.6753 0
    endloop
  endfacet
  facet normal 0 0 -1
    outer loop
      vertex -35.8749 8.18259 0
      vertex -37.0572 5.78502 0
      vertex -38.1125 6.70221 0
    endloop
  endfacet
  facet normal 0 0 -1
    outer loop
      vertex -38.1125 6.70221 0
      vertex -37.298 9.2614 0
      vertex -36.5655 8.74274 0
    endloop
  endfacet
  facet normal 0 -0 -1
    outer loop
      vertex 1.23586 24.9602 0
      vertex 1.23586 22.7137 0
      vertex -1.3157 22.7145 0
    endloop
  endfacet
  facet normal 0 -0 -1
    outer loop
      vertex -42.6612 -5.15569 0
      vertex -42.3975 -7.02962 0
      vertex -49.3844 -7.82172 0
    endloop
  endfacet
  facet normal 0 0 -1
    outer loop
      vertex -30.3094 -22.0947 0
      vertex -31.2053 -19.5697 0
      vertex -30.3239 -19.538 0
    endloop
  endfacet
  facet normal 0 0 -1
    outer loop
      vertex -30.34 19.3729 0
      vertex -31.2211 19.4034 0
      vertex -30.3396 21.9109 0
    endloop
  endfacet
  facet normal 0 0 -1
    outer loop
      vertex -34.5775 22.7567 0
      vertex -34.7544 20.1157 0
      vertex -35.6222 20.4357 0
    endloop
  endfacet
  facet normal 0 0 -1
    outer loop
      vertex -34.0087 6.16194 0
      vertex -35.7737 4.21892 0
      vertex -36.159 4.76405 0
    endloop
  endfacet
  facet normal 0 0 -1
    outer loop
      vertex -10.296 38.7045 0
      vertex -10.6943 39.5615 0
      vertex -8.33133 40.5001 0
    endloop
  endfacet
  facet normal 0 -0 -1
    outer loop
      vertex -18.6313 20.3369 0
      vertex -16.828 18.5336 0
      vertex -20.4346 18.5326 0
    endloop
  endfacet
  facet normal 0 0 -1
    outer loop
      vertex -32.9931 19.6437 0
      vertex -33.1567 22.2862 0
      vertex -31.7376 22.004 0
    endloop
  endfacet
  facet normal 0 0 -1
    outer loop
      vertex -35.7737 4.21892 0
      vertex -33.4952 5.39787 0
      vertex -35.4335 3.65298 0
    endloop
  endfacet
  facet normal 0 0 -1
    outer loop
      vertex -35.1403 3.06807 0
      vertex -33.0491 4.60376 0
      vertex -32.6725 3.78398 0
    endloop
  endfacet
  facet normal 0 0 -1
    outer loop
      vertex -25.1611 13.8062 0
      vertex -20.4346 18.5326 0
      vertex -18.6313 16.7293 0
    endloop
  endfacet
  facet normal 0 0 -1
    outer loop
      vertex -40.6504 -13.989 0
      vertex -46.4888 -18.4062 0
      vertex -47.044 -16.9369 0
    endloop
  endfacet
  facet normal 0 -0 -1
    outer loop
      vertex -42.3975 -7.02962 0
      vertex -42.054 -8.87666 0
      vertex -49.1143 -9.36906 0
    endloop
  endfacet
  facet normal 0 0 -1
    outer loop
      vertex -18.6313 16.7293 0
      vertex -23.3578 12.0029 0
      vertex -25.1611 13.8062 0
    endloop
  endfacet
  facet normal 0 0 -1
    outer loop
      vertex -48.7958 -10.9072 0
      vertex -42.054 -8.87666 0
      vertex -48.4292 -12.4345 0
    endloop
  endfacet
  facet normal 0 -0 -1
    outer loop
      vertex -41.4591 -11.3567 0
      vertex -40.6504 -13.989 0
      vertex -47.5528 -15.4508 0
    endloop
  endfacet
  facet normal 0 0 -1
    outer loop
      vertex -48.0147 -13.9496 0
      vertex -48.4292 -12.4345 0
      vertex -41.4591 -11.3567 0
    endloop
  endfacet
  facet normal 0 0 -1
    outer loop
      vertex -18.6313 16.7293 0
      vertex -15.2394 16.9449 0
      vertex -17.0427 15.1408 0
    endloop
  endfacet
  facet normal 0 0 -1
    outer loop
      vertex -13.6509 11.748 0
      vertex -15.2394 13.3367 0
      vertex -11.8476 13.5531 0
    endloop
  endfacet
  facet normal 0 0 -1
    outer loop
      vertex -10.296 38.7045 0
      vertex -7.65936 39.162 0
      vertex -9.84944 37.8817 0
    endloop
  endfacet
  facet normal 0 0 -1
    outer loop
      vertex -18.847 9.72911 0
      vertex -20.6503 11.5324 0
      vertex -15.2394 13.3367 0
    endloop
  endfacet
  facet normal 0 -0 -1
    outer loop
      vertex -33.8548 -20.0226 0
      vertex -33.1559 -22.4776 0
      vertex -34.7294 -20.2881 0
    endloop
  endfacet
  facet normal 0 0 -1
    outer loop
      vertex -32.1371 2.08546 0
      vertex -34.562 1.21626 0
      vertex -34.7026 1.84795 0
    endloop
  endfacet
  facet normal 0 0 -1
    outer loop
      vertex -32.9736 -19.8136 0
      vertex -33.1559 -22.4776 0
      vertex -33.8548 -20.0226 0
    endloop
  endfacet
  facet normal 0 0 -1
    outer loop
      vertex 10.966 -40.563 0
      vertex 8.7823 -42.0737 0
      vertex 8.25563 -40.6147 0
    endloop
  endfacet
  facet normal 0 0 -1
    outer loop
      vertex -36.4484 -34.2273 0
      vertex -37.5055 -33.0656 0
      vertex -31.2758 -29.4938 0
    endloop
  endfacet
  facet normal 0 -0 -1
    outer loop
      vertex -32.9736 -19.8136 0
      vertex -31.7298 -22.1916 0
      vertex -33.1559 -22.4776 0
    endloop
  endfacet
  facet normal 0 0 -1
    outer loop
      vertex -31.7298 -22.1916 0
      vertex -32.0893 -19.6623 0
      vertex -31.2053 -19.5697 0
    endloop
  endfacet
  facet normal 0 0 -1
    outer loop
      vertex -40.5953 -8.34999 0
      vertex -39.2573 -7.67813 0
      vertex -38.7997 -10.3138 0
    endloop
  endfacet
  facet normal 0 0 -1
    outer loop
      vertex -31.7298 -22.1916 0
      vertex -32.9736 -19.8136 0
      vertex -32.0893 -19.6623 0
    endloop
  endfacet
  facet normal 0 0 -1
    outer loop
      vertex -26.7913 -42.2164 0
      vertex -28.1042 -41.354 0
      vertex -23.5095 -35.9997 0
    endloop
  endfacet
  facet normal 0 0 -1
    outer loop
      vertex -32.6325 -3.86877 0
      vertex -35.1042 -3.21074 0
      vertex -34.8666 -2.60127 0
    endloop
  endfacet
  facet normal -0 0 -1
    outer loop
      vertex -30.2958 -19.538 0
      vertex -30.3094 -22.0947 0
      vertex -30.3239 -19.538 0
    endloop
  endfacet
  facet normal 0 -0 -1
    outer loop
      vertex -30.2958 -19.538 0
      vertex -29.6149 -22.1187 0
      vertex -30.3094 -22.0947 0
    endloop
  endfacet
  facet normal -0 0 -1
    outer loop
      vertex -5.43042 36.4365 0
      vertex -7.61798 35.0037 0
      vertex -5.93234 36.9038 0
    endloop
  endfacet
  facet normal 0 0 -1
    outer loop
      vertex -29.3574 -19.5744 0
      vertex -28.4362 -19.6823 0
      vertex -28.9381 -22.1895 0
    endloop
  endfacet
  facet normal 0 0 -1
    outer loop
      vertex -19.7194 -32.9146 0
      vertex -19.9259 -33.8178 0
      vertex -22.3806 -33.1754 0
    endloop
  endfacet
  facet normal -0 0 -1
    outer loop
      vertex -20.8968 -36.4757 0
      vertex -21.3337 -37.3317 0
      vertex -23.5095 -35.9997 0
    endloop
  endfacet
  facet normal 0 0 -1
    outer loop
      vertex -22.8098 -6.43588 0
      vertex -22.8098 -1.33366 0
      vertex -20.259 -6.43588 0
    endloop
  endfacet
  facet normal 0 0 -1
    outer loop
      vertex 1.2392 -3.13434 0
      vertex 3.04169 -1.3302 0
      vertex 6.14206 -4.43057 0
    endloop
  endfacet
  facet normal 0 0 -1
    outer loop
      vertex -12.4345 -48.4292 0
      vertex -11.2706 -41.4944 0
      vertex -10.9072 -48.7958 0
    endloop
  endfacet
  facet normal 0 -0 -1
    outer loop
      vertex -23.5095 -35.9997 0
      vertex -21.3337 -37.3317 0
      vertex -25.4521 -43.0371 0
    endloop
  endfacet
  facet normal 0 0 -1
    outer loop
      vertex -25.4521 -43.0371 0
      vertex -21.3337 -37.3317 0
      vertex -24.0877 -43.8153 0
    endloop
  endfacet
  facet normal 0 0 -1
    outer loop
      vertex -24.0877 -43.8153 0
      vertex -18.942 -38.6025 0
      vertex -22.6995 -44.5503 0
    endloop
  endfacet
  facet normal 0 0 -1
    outer loop
      vertex -16.4635 -39.7238 0
      vertex -19.8574 -45.8877 0
      vertex -21.289 -45.2413 0
    endloop
  endfacet
  facet normal 0 0 -1
    outer loop
      vertex -16.9369 -47.044 0
      vertex -16.4635 -39.7238 0
      vertex -13.9044 -40.6898 0
    endloop
  endfacet
  facet normal 0 0 -1
    outer loop
      vertex 20.3898 -18.4975 0
      vertex 18.5547 -20.4508 0
      vertex 16.7514 -18.6475 0
    endloop
  endfacet
  facet normal 0 -0 -1
    outer loop
      vertex 1.23494 7.4111 0
      vertex 1.23494 3.02293 0
      vertex -1.31488 7.41019 0
    endloop
  endfacet
  facet normal 0 0 -1
    outer loop
      vertex -11.8476 9.9447 0
      vertex -6.23824 7.94376 0
      vertex -8.04156 6.1387 0
    endloop
  endfacet
  facet normal 0 0 -1
    outer loop
      vertex 0 -50 0
      vertex -1.57053 -49.9753 0
      vertex -1.31143 -42.9614 0
    endloop
  endfacet
  facet normal -0 0 -1
    outer loop
      vertex 2.5616 9.73074 0
      vertex 1.23494 7.4111 0
      vertex 1.23586 9.98824 0
    endloop
  endfacet
  facet normal 0 0 -1
    outer loop
      vertex 2.05959 7.22238 0
      vertex 2.5616 9.73074 0
      vertex 3.83298 9.30077 0
    endloop
  endfacet
  facet normal 0 0 -1
    outer loop
      vertex 6.77962 -38.0734 0
      vertex 9.27995 -37.2107 0
      vertex 7.58366 -39.2769 0
    endloop
  endfacet
  facet normal 0 0 -1
    outer loop
      vertex -6.21602 -4.43401 0
      vertex -8.03891 -6.2561 0
      vertex -8.79793 -5.13367 0
    endloop
  endfacet
  facet normal 0 0 -1
    outer loop
      vertex -1.3157 9.98824 0
      vertex 1.23586 9.98824 0
      vertex 1.23494 7.4111 0
    endloop
  endfacet
  facet normal 0 0 -1
    outer loop
      vertex 2.05959 7.22238 0
      vertex 1.23494 7.4111 0
      vertex 2.5616 9.73074 0
    endloop
  endfacet
  facet normal 0 0 -1
    outer loop
      vertex -1.3098 -25.0724 0
      vertex 1.2392 -22.8285 0
      vertex 1.2392 -25.075 0
    endloop
  endfacet
  facet normal 0 0 -1
    outer loop
      vertex -6.29617 -20.2752 0
      vertex -1.3098 -20.2752 0
      vertex -1.3098 -22.8259 0
    endloop
  endfacet
  facet normal 0 0 -1
    outer loop
      vertex 6.34154 -22.8285 0
      vertex 1.2392 -22.8285 0
      vertex 1.2392 -20.2778 0
    endloop
  endfacet
  facet normal -0 0 -1
    outer loop
      vertex 13.9496 -48.0147 0
      vertex 12.4345 -48.4292 0
      vertex 11.2622 -41.4781 0
    endloop
  endfacet
  facet normal 0 -0 -1
    outer loop
      vertex 16.4521 -39.6991 0
      vertex 16.9369 -47.044 0
      vertex 13.8947 -40.6695 0
    endloop
  endfacet
  facet normal 0 0 -1
    outer loop
      vertex 7.24004 2.04437 0
      vertex 6.96031 2.84052 0
      vertex 9.3183 3.81725 0
    endloop
  endfacet
  facet normal 0 0 -1
    outer loop
      vertex -1.3098 -22.8259 0
      vertex 1.2392 -22.8285 0
      vertex -1.3098 -25.0724 0
    endloop
  endfacet
  facet normal 0 0 -1
    outer loop
      vertex 7.58366 -39.2769 0
      vertex 9.77295 -37.9957 0
      vertex 10.2195 -38.8185 0
    endloop
  endfacet
  facet normal 0 0 -1
    outer loop
      vertex 18.9287 -38.574 0
      vertex 22.6995 -44.5503 0
      vertex 21.289 -45.2413 0
    endloop
  endfacet
  facet normal 0 0 -1
    outer loop
      vertex 6.18153 33.9126 0
      vertex 4.78323 36.0629 0
      vertex 6.91121 34.4913 0
    endloop
  endfacet
  facet normal 0 0 -1
    outer loop
      vertex 1.23586 20.163 0
      vertex -1.3157 20.1639 0
      vertex 1.23586 22.7137 0
    endloop
  endfacet
  facet normal 0 0 -1
    outer loop
      vertex -48.7958 10.9072 0
      vertex -41.477 11.1762 0
      vertex -42.0693 8.692 0
    endloop
  endfacet
  facet normal 0 0 -1
    outer loop
      vertex -40.634 8.16949 0
      vertex -39.7151 10.5522 0
      vertex -38.8761 10.1677 0
    endloop
  endfacet
  facet normal 0 0 -1
    outer loop
      vertex -45.8877 19.8574 0
      vertex -45.2413 21.289 0
      vertex -38.5846 18.8468 0
    endloop
  endfacet
  facet normal 0 0 -1
    outer loop
      vertex -34.9037 24.9849 0
      vertex -41.354 28.1042 0
      vertex -40.4508 29.3893 0
    endloop
  endfacet
  facet normal 0 0 -1
    outer loop
      vertex -7.99976 24.961 0
      vertex -7.99976 27.5117 0
      vertex -1.3157 24.961 0
    endloop
  endfacet
  facet normal 0 0 -1
    outer loop
      vertex -36.4484 34.2273 0
      vertex -35.3553 35.3553 0
      vertex -31.2792 29.3781 0
    endloop
  endfacet
  facet normal 0 0 -1
    outer loop
      vertex -22.4625 33.0546 0
      vertex -20.2703 34.6342 0
      vertex -20.0048 33.7595 0
    endloop
  endfacet
  facet normal -0 0 -1
    outer loop
      vertex -20.2703 34.6342 0
      vertex -22.9261 34.4626 0
      vertex -20.5912 35.499 0
    endloop
  endfacet
  facet normal 0 0 -1
    outer loop
      vertex -19.0052 38.46 0
      vertex -21.289 45.2413 0
      vertex -16.5286 39.5852 0
    endloop
  endfacet
  facet normal 0 -0 -1
    outer loop
      vertex -18.4062 46.4888 0
      vertex -16.5286 39.5852 0
      vertex -19.8574 45.8877 0
    endloop
  endfacet
  facet normal 0 0 -1
    outer loop
      vertex -13.9496 48.0147 0
      vertex -12.4345 48.4292 0
      vertex -11.3387 41.3639 0
    endloop
  endfacet
  facet normal 0 0 -1
    outer loop
      vertex -8.858 41.9587 0
      vertex -12.4345 48.4292 0
      vertex -10.9072 48.7958 0
    endloop
  endfacet
  facet normal 0 -0 -1
    outer loop
      vertex -4.70541 49.7781 0
      vertex -3.23721 42.7482 0
      vertex -5.13631 42.5661 0
    endloop
  endfacet
  facet normal 0 0 -1
    outer loop
      vertex -3.13951 49.9013 0
      vertex -1.57053 49.9753 0
      vertex -1.31488 42.8467 0
    endloop
  endfacet
  facet normal 0 0 -1
    outer loop
      vertex -1.31488 42.8467 0
      vertex 0 50 0
      vertex 1.23586 42.8467 0
    endloop
  endfacet
  facet normal 0 0 -1
    outer loop
      vertex 1.23586 42.8467 0
      vertex 3.13951 49.9013 0
      vertex 3.14053 42.7496 0
    endloop
  endfacet
  facet normal -0 0 -1
    outer loop
      vertex -5.93234 36.9038 0
      vertex -8.23891 35.6542 0
      vertex -6.8553 37.9585 0
    endloop
  endfacet
  facet normal 0 0 -1
    outer loop
      vertex 3.14053 42.7496 0
      vertex 4.70541 49.7781 0
      vertex 5.02257 42.5704 0
    endloop
  endfacet
  facet normal -0 -0 -1
    outer loop
      vertex 1.23586 42.8467 0
      vertex 1.23586 34.4659 0
      vertex -1.31488 42.8467 0
    endloop
  endfacet
  facet normal 0 -0 -1
    outer loop
      vertex 7.82172 49.3844 0
      vertex 9.36906 49.1143 0
      vertex 6.88007 42.311 0
    endloop
  endfacet
  facet normal -0 0 -1
    outer loop
      vertex 11.1958 41.3809 0
      vertex 10.9085 40.4871 0
      vertex 8.71149 41.9732 0
    endloop
  endfacet
  facet normal -0 0 -1
    outer loop
      vertex 16.9369 47.044 0
      vertex 13.8297 40.5766 0
      vertex 15.4508 47.5528 0
    endloop
  endfacet
  facet normal 0 0 -1
    outer loop
      vertex 16.3887 39.6107 0
      vertex 16.9369 47.044 0
      vertex 18.4062 46.4888 0
    endloop
  endfacet
  facet normal 0 -0 -1
    outer loop
      vertex 21.289 45.2413 0
      vertex 22.6995 44.5503 0
      vertex 18.8671 38.4893 0
    endloop
  endfacet
  facet normal 0 -0 -1
    outer loop
      vertex 2.48509 34.7999 0
      vertex 2.96297 32.2718 0
      vertex 1.86732 34.6066 0
    endloop
  endfacet
  facet normal 0 0 -1
    outer loop
      vertex 19.851 33.7048 0
      vertex 20.1169 34.6019 0
      vertex 22.3049 33.0614 0
    endloop
  endfacet
  facet normal 0 0 -1
    outer loop
      vertex 19.3942 30.0931 0
      vertex 21.9541 29.5593 0
      vertex 19.4413 29.1691 0
    endloop
  endfacet
  facet normal 0 0 -1
    outer loop
      vertex 20.3144 25.6877 0
      vertex 19.9968 26.5168 0
      vertex 22.528 26.9676 0
    endloop
  endfacet
  facet normal 0 0 -1
    outer loop
      vertex 35.3553 35.3553 0
      vertex 31.2001 29.3806 0
      vertex 29.3968 31.184 0
    endloop
  endfacet
  facet normal 0 0 -1
    outer loop
      vertex 36.3692 20.8714 0
      vertex 35.8652 23.4756 0
      vertex 37.2041 21.2998 0
    endloop
  endfacet
  facet normal 0 0 -1
    outer loop
      vertex 31.1287 19.4572 0
      vertex 30.2679 21.9884 0
      vertex 31.6622 22.0861 0
    endloop
  endfacet
  facet normal 0 0 -1
    outer loop
      vertex 40.4678 10.9472 0
      vertex 41.3825 11.2436 0
      vertex 41.9783 8.76273 0
    endloop
  endfacet
  facet normal 0 -0 -1
    outer loop
      vertex 35.6729 8.14372 0
      vertex 36.9232 5.83748 0
      vertex 35.0223 7.52271 0
    endloop
  endfacet
  facet normal 0 0 -1
    outer loop
      vertex -7.61798 35.0037 0
      vertex -5.43042 36.4365 0
      vertex -6.9308 34.3831 0
    endloop
  endfacet
  facet normal -0 0 -1
    outer loop
      vertex -34.5775 22.7567 0
      vertex -36.4764 20.8104 0
      vertex -35.981 23.4151 0
    endloop
  endfacet
  facet normal 0 0 -1
    outer loop
      vertex 28.1042 41.354 0
      vertex 25.0035 34.8085 0
      vertex 23.4338 35.8857 0
    endloop
  endfacet
  facet normal 0 0 -1
    outer loop
      vertex -39.31 7.5016 0
      vertex -38.8761 10.1677 0
      vertex -38.0693 9.73692 0
    endloop
  endfacet
  facet normal 0 0 -1
    outer loop
      vertex 9.74879 2.54619 0
      vertex 7.42896 1.2196 0
      vertex 7.24004 2.04437 0
    endloop
  endfacet
  facet normal 0 -0 -1
    outer loop
      vertex 1.23586 20.163 0
      vertex 1.23586 17.9165 0
      vertex -1.3157 17.9174 0
    endloop
  endfacet
  facet normal 0 0 -1
    outer loop
      vertex -37.0572 5.78502 0
      vertex -34.5874 6.89163 0
      vertex -36.159 4.76405 0
    endloop
  endfacet
  facet normal 0 -0 -1
    outer loop
      vertex -27.6837 22.2943 0
      vertex -27.4716 19.7239 0
      vertex -28.3242 22.127 0
    endloop
  endfacet
  facet normal 0 0 -1
    outer loop
      vertex 1.23586 17.9165 0
      vertex 4.5237 17.9165 0
      vertex 4.5237 15.3658 0
    endloop
  endfacet
  facet normal 0 0 -1
    outer loop
      vertex 18.553 16.7328 0
      vertex 15.1612 16.9476 0
      vertex 16.7497 18.5361 0
    endloop
  endfacet
  facet normal 0 -0 -1
    outer loop
      vertex 1.86732 34.6066 0
      vertex 2.10555 32.041 0
      vertex 1.23586 34.4659 0
    endloop
  endfacet
  facet normal 0 0 -1
    outer loop
      vertex -4.35376 35.6309 0
      vertex -5.44858 33.3288 0
      vertex -6.20618 33.8241 0
    endloop
  endfacet
  facet normal 0 0 -1
    outer loop
      vertex 1.23586 17.9165 0
      vertex 4.5237 15.3658 0
      vertex 1.23586 15.3658 0
    endloop
  endfacet
  facet normal 0 -0 -1
    outer loop
      vertex -4.35376 35.6309 0
      vertex -3.78244 35.2961 0
      vertex -5.44858 33.3288 0
    endloop
  endfacet
  facet normal 0 0 -1
    outer loop
      vertex 21.2589 37.2186 0
      vertex 24.0877 43.8153 0
      vertex 25.4521 43.0371 0
    endloop
  endfacet
  facet normal 0 0 -1
    outer loop
      vertex 3.80376 32.5766 0
      vertex 2.48509 34.7999 0
      vertex 3.08725 35.0442 0
    endloop
  endfacet
  facet normal 0 0 -1
    outer loop
      vertex 26.5221 33.6643 0
      vertex 30.6453 39.5077 0
      vertex 31.8712 38.5257 0
    endloop
  endfacet
  facet normal 0 0 -1
    outer loop
      vertex 1.23586 20.163 0
      vertex 1.23586 22.7137 0
      vertex 6.22221 20.163 0
    endloop
  endfacet
  facet normal 0 0 -1
    outer loop
      vertex 7.91982 24.9602 0
      vertex 1.23586 24.9602 0
      vertex 1.23586 27.5109 0
    endloop
  endfacet
  facet normal 0 0 -1
    outer loop
      vertex -4.66209 32.8991 0
      vertex -3.19115 35.0089 0
      vertex -3.85124 32.5372 0
    endloop
  endfacet
  facet normal 0 -0 -1
    outer loop
      vertex 4.23808 35.6776 0
      vertex 5.41745 33.3991 0
      vertex 3.67215 35.3374 0
    endloop
  endfacet
  facet normal 0 0 -1
    outer loop
      vertex 5.80431 36.961 0
      vertex 7.60194 35.1332 0
      vertex 6.91121 34.4913 0
    endloop
  endfacet
  facet normal 0 0 -1
    outer loop
      vertex -3.02039 32.2451 0
      vertex -3.85124 32.5372 0
      vertex -2.58179 34.7713 0
    endloop
  endfacet
  facet normal -0 0 -1
    outer loop
      vertex 2.10555 32.041 0
      vertex 1.23586 31.8863 0
      vertex 1.23586 34.4659 0
    endloop
  endfacet
  facet normal 0 0 -1
    outer loop
      vertex 1.23586 31.8863 0
      vertex -1.31488 34.4514 0
      vertex 1.23586 34.4659 0
    endloop
  endfacet
  facet normal -0 0 -1
    outer loop
      vertex 4.62343 32.953 0
      vertex 3.80376 32.5766 0
      vertex 3.08725 35.0442 0
    endloop
  endfacet
  facet normal -0 0 -1
    outer loop
      vertex 5.41745 33.3991 0
      vertex 4.62343 32.953 0
      vertex 3.67215 35.3374 0
    endloop
  endfacet
  facet normal -0 0 -1
    outer loop
      vertex 6.18153 33.9126 0
      vertex 5.41745 33.3991 0
      vertex 4.23808 35.6776 0
    endloop
  endfacet
  facet normal 0 -0 -1
    outer loop
      vertex 4.78323 36.0629 0
      vertex 6.18153 33.9126 0
      vertex 4.23808 35.6776 0
    endloop
  endfacet
  facet normal 0 -0 -1
    outer loop
      vertex 5.80431 36.961 0
      vertex 6.91121 34.4913 0
      vertex 4.78323 36.0629 0
    endloop
  endfacet
  facet normal 0 0 -1
    outer loop
      vertex 21.2589 37.2186 0
      vertex 25.4521 43.0371 0
      vertex 23.4338 35.8857 0
    endloop
  endfacet
  facet normal 0 0 -1
    outer loop
      vertex 19.8574 45.8877 0
      vertex 18.8671 38.4893 0
      vertex 16.3887 39.6107 0
    endloop
  endfacet
  facet normal 0 0 -1
    outer loop
      vertex 5.80431 36.961 0
      vertex 8.20187 35.7788 0
      vertex 7.60194 35.1332 0
    endloop
  endfacet
  facet normal 0 -0 -1
    outer loop
      vertex 18.4062 46.4888 0
      vertex 19.8574 45.8877 0
      vertex 16.3887 39.6107 0
    endloop
  endfacet
  facet normal 0 0 -1
    outer loop
      vertex 6.72148 38.0165 0
      vertex 8.76201 36.4694 0
      vertex 8.20187 35.7788 0
    endloop
  endfacet
  facet normal 0 0 -1
    outer loop
      vertex 8.76201 36.4694 0
      vertex 6.72148 38.0165 0
      vertex 9.28056 37.202 0
    endloop
  endfacet
  facet normal 0 0 -1
    outer loop
      vertex 16.9369 47.044 0
      vertex 16.3887 39.6107 0
      vertex 13.8297 40.5766 0
    endloop
  endfacet
  facet normal 0 0 -1
    outer loop
      vertex 9.7561 37.9732 0
      vertex 7.52109 39.2139 0
      vertex 10.187 38.78 0
    endloop
  endfacet
  facet normal 0 0 -1
    outer loop
      vertex 10.187 38.78 0
      vertex 7.52109 39.2139 0
      vertex 8.18898 40.5379 0
    endloop
  endfacet
  facet normal -0 0 -1
    outer loop
      vertex 10.5717 39.619 0
      vertex 10.187 38.78 0
      vertex 8.18898 40.5379 0
    endloop
  endfacet
  facet normal 0 0 -1
    outer loop
      vertex 13.8297 40.5766 0
      vertex 11.1958 41.3809 0
      vertex 13.9496 48.0147 0
    endloop
  endfacet
  facet normal 0 0 -1
    outer loop
      vertex 10.5717 39.619 0
      vertex 8.18898 40.5379 0
      vertex 10.9085 40.4871 0
    endloop
  endfacet
  facet normal 0 0 -1
    outer loop
      vertex 10.9072 48.7958 0
      vertex 12.4345 48.4292 0
      vertex 11.1958 41.3809 0
    endloop
  endfacet
  facet normal 0 0 -1
    outer loop
      vertex 11.1958 41.3809 0
      vertex 12.4345 48.4292 0
      vertex 13.9496 48.0147 0
    endloop
  endfacet
  facet normal 0 -0 -1
    outer loop
      vertex 19.8574 45.8877 0
      vertex 21.289 45.2413 0
      vertex 18.8671 38.4893 0
    endloop
  endfacet
  facet normal -0 0 -1
    outer loop
      vertex 29.3893 40.4508 0
      vertex 25.0035 34.8085 0
      vertex 28.1042 41.354 0
    endloop
  endfacet
  facet normal 0 0 -1
    outer loop
      vertex 19.6446 32.8015 0
      vertex 19.851 33.7048 0
      vertex 22.3049 33.0614 0
    endloop
  endfacet
  facet normal 0 0 -1
    outer loop
      vertex 25.0035 34.8085 0
      vertex 30.6453 39.5077 0
      vertex 26.5221 33.6643 0
    endloop
  endfacet
  facet normal 0 0 -1
    outer loop
      vertex 19.9968 26.5168 0
      vertex 19.7442 27.3764 0
      vertex 22.313 27.5884 0
    endloop
  endfacet
  facet normal 0 0 -1
    outer loop
      vertex 20.3144 25.6877 0
      vertex 22.528 26.9676 0
      vertex 22.7908 26.3689 0
    endloop
  endfacet
  facet normal 0 0 -1
    outer loop
      vertex 23.1015 25.7947 0
      vertex 21.1389 24.1391 0
      vertex 20.6957 24.8936 0
    endloop
  endfacet
  facet normal 0 0 -1
    outer loop
      vertex 7.47583 14.2417 0
      vertex 9.27914 16.045 0
      vertex 9.96521 11.7524 0
    endloop
  endfacet
  facet normal 0 0 -1
    outer loop
      vertex 29.3968 31.184 0
      vertex 34.2273 36.4484 0
      vertex 35.3553 35.3553 0
    endloop
  endfacet
  facet normal -0 0 -1
    outer loop
      vertex 37.5055 33.0656 0
      vertex 31.2001 29.3806 0
      vertex 36.4484 34.2273 0
    endloop
  endfacet
  facet normal 0 0 -1
    outer loop
      vertex 38.5257 31.8712 0
      vertex 33.6592 26.5329 0
      vertex 32.4602 27.9839 0
    endloop
  endfacet
  facet normal 0 -0 -1
    outer loop
      vertex 39.5077 30.6453 0
      vertex 40.4508 29.3893 0
      vertex 34.795 25.0296 0
    endloop
  endfacet
  facet normal 0 0 -1
    outer loop
      vertex 35.8652 23.4756 0
      vertex 41.354 28.1042 0
      vertex 42.2164 26.7913 0
    endloop
  endfacet
  facet normal 0 0 -1
    outer loop
      vertex 18.6868 9.81525 0
      vertex 15.1612 13.3409 0
      vertex 20.4902 11.6186 0
    endloop
  endfacet
  facet normal 0 0 -1
    outer loop
      vertex 33.0737 22.3672 0
      vertex 32.8971 19.7006 0
      vertex 31.6622 22.0861 0
    endloop
  endfacet
  facet normal -0 0 -1
    outer loop
      vertex 31.1287 19.4572 0
      vertex 30.2482 19.425 0
      vertex 30.2679 21.9884 0
    endloop
  endfacet
  facet normal 0 -0 -1
    outer loop
      vertex 28.9113 22.0753 0
      vertex 29.2817 19.4613 0
      vertex 28.3605 19.5691 0
    endloop
  endfacet
  facet normal 0 0 -1
    outer loop
      vertex 40.5739 13.8759 0
      vertex 48.0147 13.9496 0
      vertex 41.3825 11.2436 0
    endloop
  endfacet
  facet normal 0 0 -1
    outer loop
      vertex 14.0943 7.62416 0
      vertex 13.5726 11.7524 0
      vertex 15.8976 9.42747 0
    endloop
  endfacet
  facet normal 0 0 -1
    outer loop
      vertex 11.5528 20.555 0
      vertex 15.1612 16.9476 0
      vertex 13.357 15.1442 0
    endloop
  endfacet
  facet normal 0 0 -1
    outer loop
      vertex 24.1719 21.1266 0
      vertex 25.8205 23.1072 0
      vertex 24.9385 20.6848 0
    endloop
  endfacet
  facet normal 0 0 -1
    outer loop
      vertex 12.0233 23.2625 0
      vertex 13.8266 25.0658 0
      vertex 18.553 20.3394 0
    endloop
  endfacet
  facet normal -0 0 -1
    outer loop
      vertex 18.553 20.3394 0
      vertex 16.7497 18.5361 0
      vertex 12.0233 23.2625 0
    endloop
  endfacet
  facet normal 0 -0 -1
    outer loop
      vertex 13.5726 11.7524 0
      vertex 14.0943 7.62416 0
      vertex 11.7685 9.94897 0
    endloop
  endfacet
  facet normal 0 -0 -1
    outer loop
      vertex 36.3717 8.72386 0
      vertex 37.9781 6.76024 0
      vertex 35.6729 8.14372 0
    endloop
  endfacet
  facet normal 0 0 -1
    outer loop
      vertex 13.357 15.1442 0
      vertex 9.74962 18.7517 0
      vertex 11.5528 20.555 0
    endloop
  endfacet
  facet normal 0 0 -1
    outer loop
      vertex 34.4018 6.83563 0
      vertex 35.0223 7.52271 0
      vertex 36.4559 5.33557 0
    endloop
  endfacet
  facet normal 0 0 -1
    outer loop
      vertex 35.0285 3.09628 0
      vertex 32.5559 3.75606 0
      vertex 32.9178 4.56693 0
    endloop
  endfacet
  facet normal -0 0 -1
    outer loop
      vertex 11.7685 13.5556 0
      vertex 9.96521 11.7524 0
      vertex 9.27914 16.045 0
    endloop
  endfacet
  facet normal 0 0 -1
    outer loop
      vertex -1.3157 15.3666 0
      vertex 1.23586 15.3658 0
      vertex -1.3157 9.98824 0
    endloop
  endfacet
  facet normal 0 -0 -1
    outer loop
      vertex 1.23586 15.3658 0
      vertex 1.23586 9.98824 0
      vertex -1.3157 9.98824 0
    endloop
  endfacet
  facet normal 0 0 -1
    outer loop
      vertex -1.3157 24.961 0
      vertex 1.23586 27.5109 0
      vertex 1.23586 24.9602 0
    endloop
  endfacet
  facet normal 0 0 -1
    outer loop
      vertex -1.3157 31.8786 0
      vertex 1.23586 27.5109 0
      vertex -1.3157 27.5117 0
    endloop
  endfacet
  facet normal 0 0 -1
    outer loop
      vertex -11.8476 13.5531 0
      vertex -9.52264 15.878 0
      vertex -7.71933 14.0747 0
    endloop
  endfacet
  facet normal 0 0 -1
    outer loop
      vertex -1.3157 20.1639 0
      vertex -6.41803 20.1639 0
      vertex -6.41803 22.7145 0
    endloop
  endfacet
  facet normal 0 0 -1
    outer loop
      vertex -10.0442 11.7497 0
      vertex -11.8476 13.5531 0
      vertex -7.71933 14.0747 0
    endloop
  endfacet
  facet normal 0 0 -1
    outer loop
      vertex -8.81903 36.3531 0
      vertex -9.35645 37.0968 0
      vertex -6.8553 37.9585 0
    endloop
  endfacet
  facet normal 0 0 -1
    outer loop
      vertex -35.981 23.4151 0
      vertex -41.354 28.1042 0
      vertex -34.9037 24.9849 0
    endloop
  endfacet
  facet normal 0 -0 -1
    outer loop
      vertex -22.2835 28.2341 0
      vertex -19.8384 27.4584 0
      vertex -22.443 27.5936 0
    endloop
  endfacet
  facet normal 0 0 -1
    outer loop
      vertex -22.6493 26.9728 0
      vertex -20.0844 26.5814 0
      vertex -20.3978 25.7356 0
    endloop
  endfacet
  facet normal -0 0 -1
    outer loop
      vertex -37.3139 21.2385 0
      vertex -38.5846 18.8468 0
      vertex -44.5503 22.6995 0
    endloop
  endfacet
  facet normal 0 0 -1
    outer loop
      vertex -15.2394 16.9449 0
      vertex -9.91042 18.6673 0
      vertex -13.4361 15.1416 0
    endloop
  endfacet
  facet normal -0 0 -1
    outer loop
      vertex -33.7596 26.5033 0
      vertex -34.9037 24.9849 0
      vertex -40.4508 29.3893 0
    endloop
  endfacet
  facet normal 0 0 -1
    outer loop
      vertex -11.0425 40.4491 0
      vertex -8.858 41.9587 0
      vertex -8.33133 40.5001 0
    endloop
  endfacet
  facet normal -0 0 -1
    outer loop
      vertex -19.5525 31.11 0
      vertex -22.0837 30.2484 0
      vertex -22.1814 31.643 0
    endloop
  endfacet
  facet normal -0 0 -1
    outer loop
      vertex -19.5546 29.287 0
      vertex -22.1705 28.8918 0
      vertex -22.0837 30.2484 0
    endloop
  endfacet
  facet normal 0 0 -1
    outer loop
      vertex -6.9308 34.3831 0
      vertex -5.43042 36.4365 0
      vertex -4.90366 36.0115 0
    endloop
  endfacet
  facet normal 0 0 -1
    outer loop
      vertex -16.828 18.5336 0
      vertex -18.6313 20.3369 0
      vertex -13.9048 25.0633 0
    endloop
  endfacet
  facet normal 0 0 -1
    outer loop
      vertex -22.1814 31.643 0
      vertex -19.7959 32.8784 0
      vertex -19.6447 31.9941 0
    endloop
  endfacet
  facet normal 0 0 -1
    outer loop
      vertex -32.5507 27.9685 0
      vertex -38.5257 31.8712 0
      vertex -37.5055 33.0656 0
    endloop
  endfacet
  facet normal 0 0 -1
    outer loop
      vertex -22.4625 33.0546 0
      vertex -20.0048 33.7595 0
      vertex -19.7959 32.8784 0
    endloop
  endfacet
  facet normal 0 0 -1
    outer loop
      vertex -9.35645 37.0968 0
      vertex -9.84944 37.8817 0
      vertex -7.65936 39.162 0
    endloop
  endfacet
  facet normal 0 -0 -1
    outer loop
      vertex -20.9665 36.3504 0
      vertex -20.5912 35.499 0
      vertex -22.9261 34.4626 0
    endloop
  endfacet
  facet normal 0 0 -1
    outer loop
      vertex -29.4759 31.1814 0
      vertex -33.0656 37.5055 0
      vertex -28.079 32.4418 0
    endloop
  endfacet
  facet normal 0 0 -1
    outer loop
      vertex -22.9261 34.4626 0
      vertex -23.5708 35.8466 0
      vertex -20.9665 36.3504 0
    endloop
  endfacet
  facet normal -0 0 -1
    outer loop
      vertex -20.9665 36.3504 0
      vertex -23.5708 35.8466 0
      vertex -21.3951 37.1854 0
    endloop
  endfacet
  facet normal 0 -0 -1
    outer loop
      vertex -21.289 45.2413 0
      vertex -19.0052 38.46 0
      vertex -22.6995 44.5503 0
    endloop
  endfacet
  facet normal 0 0 -1
    outer loop
      vertex -11.3387 41.3639 0
      vertex -8.858 41.9587 0
      vertex -11.0425 40.4491 0
    endloop
  endfacet
  facet normal 0 0 -1
    outer loop
      vertex -33.0656 37.5055 0
      vertex -31.8712 38.5257 0
      vertex -28.079 32.4418 0
    endloop
  endfacet
  facet normal 0 0 -1
    outer loop
      vertex -28.079 32.4418 0
      vertex -31.8712 38.5257 0
      vertex -26.6279 33.6409 0
    endloop
  endfacet
  facet normal 0 0 -1
    outer loop
      vertex -19.0052 38.46 0
      vertex -24.0877 43.8153 0
      vertex -22.6995 44.5503 0
    endloop
  endfacet
  facet normal 0 -0 -1
    outer loop
      vertex -29.3893 40.4508 0
      vertex -25.1245 34.7764 0
      vertex -30.6453 39.5077 0
    endloop
  endfacet
  facet normal 0 0 -1
    outer loop
      vertex -25.4521 43.0371 0
      vertex -24.0877 43.8153 0
      vertex -21.3951 37.1854 0
    endloop
  endfacet
  facet normal 0 0 -1
    outer loop
      vertex -21.3951 37.1854 0
      vertex -24.0877 43.8153 0
      vertex -19.0052 38.46 0
    endloop
  endfacet
  facet normal 0 0 -1
    outer loop
      vertex -25.1245 34.7764 0
      vertex -28.1042 41.354 0
      vertex -23.5708 35.8466 0
    endloop
  endfacet
  facet normal 0 -0 -1
    outer loop
      vertex -25.4521 43.0371 0
      vertex -21.3951 37.1854 0
      vertex -26.7913 42.2164 0
    endloop
  endfacet
  facet normal 0 0 -1
    outer loop
      vertex -21.289 45.2413 0
      vertex -19.8574 45.8877 0
      vertex -16.5286 39.5852 0
    endloop
  endfacet
  facet normal 0 0 -1
    outer loop
      vertex -16.5286 39.5852 0
      vertex -18.4062 46.4888 0
      vertex -13.9712 40.5551 0
    endloop
  endfacet
  facet normal 0 0 -1
    outer loop
      vertex -13.9712 40.5551 0
      vertex -16.9369 47.044 0
      vertex -15.4508 47.5528 0
    endloop
  endfacet
  facet normal -0 0 -1
    outer loop
      vertex -8.858 41.9587 0
      vertex -11.3387 41.3639 0
      vertex -12.4345 48.4292 0
    endloop
  endfacet
  facet normal 0 0 -1
    outer loop
      vertex -11.3387 41.3639 0
      vertex -15.4508 47.5528 0
      vertex -13.9496 48.0147 0
    endloop
  endfacet
  facet normal 0 0 -1
    outer loop
      vertex -10.6943 39.5615 0
      vertex -11.0425 40.4491 0
      vertex -8.33133 40.5001 0
    endloop
  endfacet
  facet normal 0 0 -1
    outer loop
      vertex -10.296 38.7045 0
      vertex -8.33133 40.5001 0
      vertex -7.65936 39.162 0
    endloop
  endfacet
  facet normal -0 0 -1
    outer loop
      vertex -6.8553 37.9585 0
      vertex -9.35645 37.0968 0
      vertex -7.65936 39.162 0
    endloop
  endfacet
  facet normal 0 0 -1
    outer loop
      vertex -8.23891 35.6542 0
      vertex -8.81903 36.3531 0
      vertex -6.8553 37.9585 0
    endloop
  endfacet
  facet normal 0 0 -1
    outer loop
      vertex -7.61798 35.0037 0
      vertex -8.23891 35.6542 0
      vertex -5.93234 36.9038 0
    endloop
  endfacet
  facet normal 0 0 -1
    outer loop
      vertex -6.20618 33.8241 0
      vertex -4.90366 36.0115 0
      vertex -4.35376 35.6309 0
    endloop
  endfacet
  facet normal 0 -0 -1
    outer loop
      vertex 1.23586 31.8863 0
      vertex 1.23586 27.5109 0
      vertex -1.3157 31.8786 0
    endloop
  endfacet
  facet normal -0 0 -1
    outer loop
      vertex 1.23586 27.5109 0
      vertex -1.3157 24.961 0
      vertex -1.3157 27.5117 0
    endloop
  endfacet
  facet normal 0 0 -1
    outer loop
      vertex -5.44858 33.3288 0
      vertex -3.78244 35.2961 0
      vertex -4.66209 32.8991 0
    endloop
  endfacet
  facet normal 0 -0 -1
    outer loop
      vertex -3.19115 35.0089 0
      vertex -2.58179 34.7713 0
      vertex -3.85124 32.5372 0
    endloop
  endfacet
  facet normal 0 -0 -1
    outer loop
      vertex -2.58179 34.7713 0
      vertex -1.9558 34.5849 0
      vertex -3.02039 32.2451 0
    endloop
  endfacet
  facet normal 0 0 -1
    outer loop
      vertex -3.02039 32.2451 0
      vertex -1.9558 34.5849 0
      vertex -2.17372 32.0248 0
    endloop
  endfacet
  facet normal 0 0 -1
    outer loop
      vertex -2.17372 32.0248 0
      vertex -1.9558 34.5849 0
      vertex -1.31488 34.4514 0
    endloop
  endfacet
  facet normal 0 0 -1
    outer loop
      vertex -1.3157 31.8786 0
      vertex -2.17372 32.0248 0
      vertex -1.31488 34.4514 0
    endloop
  endfacet
  facet normal -0 0 -1
    outer loop
      vertex 1.23586 31.8863 0
      vertex -1.3157 31.8786 0
      vertex -1.31488 34.4514 0
    endloop
  endfacet
  facet normal 0 0 -1
    outer loop
      vertex -1.3157 22.7145 0
      vertex -1.3157 24.961 0
      vertex 1.23586 24.9602 0
    endloop
  endfacet
  facet normal 0 0 -1
    outer loop
      vertex -1.3157 24.961 0
      vertex -7.99976 27.5117 0
      vertex -1.3157 27.5117 0
    endloop
  endfacet
  facet normal 0 0 -1
    outer loop
      vertex -1.3157 20.1639 0
      vertex -1.3157 22.7145 0
      vertex 1.23586 22.7137 0
    endloop
  endfacet
  facet normal 0 0 -1
    outer loop
      vertex -6.41803 22.7145 0
      vertex -1.3157 22.7145 0
      vertex -1.3157 20.1639 0
    endloop
  endfacet
  facet normal 0 0 -1
    outer loop
      vertex -1.3157 20.1639 0
      vertex 1.23586 20.163 0
      vertex -1.3157 17.9174 0
    endloop
  endfacet
  facet normal 0 0 -1
    outer loop
      vertex -4.8363 17.9174 0
      vertex -1.3157 15.3666 0
      vertex -4.8363 15.3666 0
    endloop
  endfacet
  facet normal 0 0 -1
    outer loop
      vertex -1.3157 17.9174 0
      vertex 1.23586 17.9165 0
      vertex -1.3157 15.3666 0
    endloop
  endfacet
  facet normal 0 -0 -1
    outer loop
      vertex 1.23586 17.9165 0
      vertex 1.23586 15.3658 0
      vertex -1.3157 15.3666 0
    endloop
  endfacet
  facet normal 0 0 -1
    outer loop
      vertex -3.91252 9.29964 0
      vertex -2.93599 6.94165 0
      vertex -3.69661 6.57385 0
    endloop
  endfacet
  facet normal -0 -0 -1
    outer loop
      vertex -1.3157 17.9174 0
      vertex -1.3157 15.3666 0
      vertex -4.8363 17.9174 0
    endloop
  endfacet
  facet normal 0 0 -1
    outer loop
      vertex -5.11581 8.70226 0
      vertex -3.91252 9.29964 0
      vertex -3.69661 6.57385 0
    endloop
  endfacet
  facet normal 0 0 -1
    outer loop
      vertex -4.41524 6.12086 0
      vertex -5.11581 8.70226 0
      vertex -3.69661 6.57385 0
    endloop
  endfacet
  facet normal 0 0 -1
    outer loop
      vertex -8.04156 6.1387 0
      vertex -6.23824 7.94376 0
      vertex -4.41524 6.12086 0
    endloop
  endfacet
  facet normal 0 -0 -1
    outer loop
      vertex 31.8712 38.5257 0
      vertex 33.0656 37.5055 0
      vertex 27.9871 32.4554 0
    endloop
  endfacet
  facet normal 0 0 -1
    outer loop
      vertex 23.4601 25.2473 0
      vertex 21.6424 23.4287 0
      vertex 21.1389 24.1391 0
    endloop
  endfacet
  facet normal 0 0 -1
    outer loop
      vertex 19.7442 27.3764 0
      vertex 19.5586 28.2621 0
      vertex 22.1458 28.2289 0
    endloop
  endfacet
  facet normal -0 0 -1
    outer loop
      vertex 22.0262 28.8867 0
      vertex 19.5586 28.2621 0
      vertex 19.4413 29.1691 0
    endloop
  endfacet
  facet normal 0 0 -1
    outer loop
      vertex 22.1458 28.2289 0
      vertex 19.5586 28.2621 0
      vertex 22.0262 28.8867 0
    endloop
  endfacet
  facet normal 0 -0 -1
    outer loop
      vertex 21.9541 29.5593 0
      vertex 22.0262 28.8867 0
      vertex 19.4413 29.1691 0
    endloop
  endfacet
  facet normal 0 -0 -1
    outer loop
      vertex 21.9296 30.2445 0
      vertex 21.9541 29.5593 0
      vertex 19.3942 30.0931 0
    endloop
  endfacet
  facet normal -0 0 -1
    outer loop
      vertex 22.0227 31.6425 0
      vertex 19.415 30.9919 0
      vertex 19.4988 31.896 0
    endloop
  endfacet
  facet normal 0 0 -1
    outer loop
      vertex 21.9296 30.2445 0
      vertex 19.415 30.9919 0
      vertex 22.0227 31.6425 0
    endloop
  endfacet
  facet normal 0 0 -1
    outer loop
      vertex 22.3049 33.0614 0
      vertex 22.0227 31.6425 0
      vertex 19.6446 32.8015 0
    endloop
  endfacet
  facet normal 0 0 -1
    outer loop
      vertex 22.0227 31.6425 0
      vertex 19.4988 31.896 0
      vertex 19.6446 32.8015 0
    endloop
  endfacet
  facet normal 0 -0 -1
    outer loop
      vertex 29.3893 40.4508 0
      vertex 30.6453 39.5077 0
      vertex 25.0035 34.8085 0
    endloop
  endfacet
  facet normal 0 0 -1
    outer loop
      vertex 20.1169 34.6019 0
      vertex 22.7755 34.4824 0
      vertex 22.3049 33.0614 0
    endloop
  endfacet
  facet normal 0 0 -1
    outer loop
      vertex 20.1169 34.6019 0
      vertex 20.441 35.4891 0
      vertex 22.7755 34.4824 0
    endloop
  endfacet
  facet normal 0 0 -1
    outer loop
      vertex 22.7755 34.4824 0
      vertex 20.441 35.4891 0
      vertex 20.8221 36.3626 0
    endloop
  endfacet
  facet normal -0 0 -1
    outer loop
      vertex 23.4338 35.8857 0
      vertex 22.7755 34.4824 0
      vertex 20.8221 36.3626 0
    endloop
  endfacet
  facet normal 0 0 -1
    outer loop
      vertex 27.9871 32.4554 0
      vertex 26.5221 33.6643 0
      vertex 31.8712 38.5257 0
    endloop
  endfacet
  facet normal -0 0 -1
    outer loop
      vertex 28.1042 41.354 0
      vertex 23.4338 35.8857 0
      vertex 26.7913 42.2164 0
    endloop
  endfacet
  facet normal 0 0 -1
    outer loop
      vertex 23.4338 35.8857 0
      vertex 20.8221 36.3626 0
      vertex 21.2589 37.2186 0
    endloop
  endfacet
  facet normal -0 0 -1
    outer loop
      vertex 34.2273 36.4484 0
      vertex 29.3968 31.184 0
      vertex 33.0656 37.5055 0
    endloop
  endfacet
  facet normal -0 0 -1
    outer loop
      vertex 36.4484 34.2273 0
      vertex 31.2001 29.3806 0
      vertex 35.3553 35.3553 0
    endloop
  endfacet
  facet normal 0 0 -1
    outer loop
      vertex 23.4601 25.2473 0
      vertex 29.3968 31.184 0
      vertex 25.2746 23.4543 0
    endloop
  endfacet
  facet normal -0 0 -1
    outer loop
      vertex 38.5257 31.8712 0
      vertex 32.4602 27.9839 0
      vertex 37.5055 33.0656 0
    endloop
  endfacet
  facet normal 0 0 -1
    outer loop
      vertex -21.7257 23.4312 0
      vertex -23.5495 25.2551 0
      vertex -21.2202 24.1559 0
    endloop
  endfacet
  facet normal 0 -0 -1
    outer loop
      vertex -22.9023 26.3744 0
      vertex -20.777 24.9255 0
      vertex -23.2024 25.801 0
    endloop
  endfacet
  facet normal 0 0 -1
    outer loop
      vertex -29.4759 31.1814 0
      vertex -35.3553 35.3553 0
      vertex -34.2273 36.4484 0
    endloop
  endfacet
  facet normal 0 0 -1
    outer loop
      vertex -30.6453 39.5077 0
      vertex -25.1245 34.7764 0
      vertex -26.6279 33.6409 0
    endloop
  endfacet
  facet normal 0 0 -1
    outer loop
      vertex -29.3893 40.4508 0
      vertex -28.1042 41.354 0
      vertex -25.1245 34.7764 0
    endloop
  endfacet
  facet normal 0 0 -1
    outer loop
      vertex -28.1042 41.354 0
      vertex -26.7913 42.2164 0
      vertex -23.5708 35.8466 0
    endloop
  endfacet
  facet normal 0 0 -1
    outer loop
      vertex -23.5708 35.8466 0
      vertex -26.7913 42.2164 0
      vertex -21.3951 37.1854 0
    endloop
  endfacet
  facet normal 0 0 -1
    outer loop
      vertex -22.9261 34.4626 0
      vertex -20.2703 34.6342 0
      vertex -22.4625 33.0546 0
    endloop
  endfacet
  facet normal 0 -0 -1
    outer loop
      vertex -19.6447 31.9941 0
      vertex -19.5525 31.11 0
      vertex -22.1814 31.643 0
    endloop
  endfacet
  facet normal -0 0 -1
    outer loop
      vertex -19.5202 30.2294 0
      vertex -19.5546 29.287 0
      vertex -22.0837 30.2484 0
    endloop
  endfacet
  facet normal 0 0 -1
    outer loop
      vertex -19.5546 29.287 0
      vertex -19.6611 28.3618 0
      vertex -22.1705 28.8918 0
    endloop
  endfacet
  facet normal 0 0 -1
    outer loop
      vertex -19.6611 28.3618 0
      vertex -19.8384 27.4584 0
      vertex -22.2835 28.2341 0
    endloop
  endfacet
  facet normal -0 0 -1
    outer loop
      vertex -19.8384 27.4584 0
      vertex -20.0844 26.5814 0
      vertex -22.443 27.5936 0
    endloop
  endfacet
  facet normal 0 -0 -1
    outer loop
      vertex -22.443 27.5936 0
      vertex -20.0844 26.5814 0
      vertex -22.6493 26.9728 0
    endloop
  endfacet
  facet normal 0 -0 -1
    outer loop
      vertex -22.6493 26.9728 0
      vertex -20.3978 25.7356 0
      vertex -22.9023 26.3744 0
    endloop
  endfacet
  facet normal 0 0 -1
    outer loop
      vertex -22.9023 26.3744 0
      vertex -20.3978 25.7356 0
      vertex -20.777 24.9255 0
    endloop
  endfacet
  facet normal 0 0 -1
    outer loop
      vertex -23.5495 25.2551 0
      vertex -23.2024 25.801 0
      vertex -21.2202 24.1559 0
    endloop
  endfacet
  facet normal 0 0 -1
    outer loop
      vertex -23.2024 25.801 0
      vertex -20.777 24.9255 0
      vertex -21.2202 24.1559 0
    endloop
  endfacet
  facet normal -0 0 -1
    outer loop
      vertex 34.6528 20.175 0
      vertex 33.7782 19.9095 0
      vertex 33.0737 22.3672 0
    endloop
  endfacet
  facet normal 0 0 -1
    outer loop
      vertex 15.1612 13.3409 0
      vertex 15.1612 16.9476 0
      vertex 16.9645 15.1442 0
    endloop
  endfacet
  facet normal 0 0 -1
    outer loop
      vertex 15.1612 16.9476 0
      vertex 18.553 16.7328 0
      vertex 16.9645 15.1442 0
    endloop
  endfacet
  facet normal 0 0 -1
    outer loop
      vertex 24.1719 21.1266 0
      vertex 23.45 21.6306 0
      vertex 25.2746 23.4543 0
    endloop
  endfacet
  facet normal 0 0 -1
    outer loop
      vertex 18.553 20.3394 0
      vertex 21.6424 23.4287 0
      vertex 20.3564 18.5361 0
    endloop
  endfacet
  facet normal 0 0 -1
    outer loop
      vertex 20.3564 18.5361 0
      vertex 21.6424 23.4287 0
      vertex 23.45 21.6306 0
    endloop
  endfacet
  facet normal 0 0 -1
    outer loop
      vertex 23.45 21.6306 0
      vertex 21.6424 23.4287 0
      vertex 23.4601 25.2473 0
    endloop
  endfacet
  facet normal 0 -0 -1
    outer loop
      vertex 29.3968 31.184 0
      vertex 31.2001 29.3806 0
      vertex 25.2746 23.4543 0
    endloop
  endfacet
  facet normal 0 0 -1
    outer loop
      vertex 34.795 25.0296 0
      vertex 33.6592 26.5329 0
      vertex 39.5077 30.6453 0
    endloop
  endfacet
  facet normal -0 0 -1
    outer loop
      vertex 41.354 28.1042 0
      vertex 34.795 25.0296 0
      vertex 40.4508 29.3893 0
    endloop
  endfacet
  facet normal 0 0 -1
    outer loop
      vertex 37.2041 21.2998 0
      vertex 35.8652 23.4756 0
      vertex 42.2164 26.7913 0
    endloop
  endfacet
  facet normal -0 0 -1
    outer loop
      vertex 26.3939 22.8072 0
      vertex 24.9385 20.6848 0
      vertex 25.8205 23.1072 0
    endloop
  endfacet
  facet normal 0 0 -1
    outer loop
      vertex -37.298 9.2614 0
      vertex -38.1125 6.70221 0
      vertex -39.31 7.5016 0
    endloop
  endfacet
  facet normal 0 0 -1
    outer loop
      vertex -31.2792 29.3781 0
      vertex -23.5495 25.2551 0
      vertex -25.3426 23.4415 0
    endloop
  endfacet
  facet normal 0 0 -1
    outer loop
      vertex -40.6721 13.8096 0
      vertex -47.044 16.9369 0
      vertex -39.706 16.3684 0
    endloop
  endfacet
  facet normal 0 -0 -1
    outer loop
      vertex -45.8877 19.8574 0
      vertex -39.706 16.3684 0
      vertex -46.4888 18.4062 0
    endloop
  endfacet
  facet normal 0 0 -1
    outer loop
      vertex -43.8153 24.0877 0
      vertex -43.0371 25.4521 0
      vertex -37.3139 21.2385 0
    endloop
  endfacet
  facet normal 0 0 -1
    outer loop
      vertex -35.981 23.4151 0
      vertex -43.0371 25.4521 0
      vertex -42.2164 26.7913 0
    endloop
  endfacet
  facet normal 0 0 -1
    outer loop
      vertex -40.4508 29.3893 0
      vertex -39.5077 30.6453 0
      vertex -33.7596 26.5033 0
    endloop
  endfacet
  facet normal 0 0 -1
    outer loop
      vertex -33.7596 26.5033 0
      vertex -38.5257 31.8712 0
      vertex -32.5507 27.9685 0
    endloop
  endfacet
  facet normal 0 0 -1
    outer loop
      vertex -32.5507 27.9685 0
      vertex -37.5055 33.0656 0
      vertex -31.2792 29.3781 0
    endloop
  endfacet
  facet normal -0 0 -1
    outer loop
      vertex -29.4759 31.1814 0
      vertex -31.2792 29.3781 0
      vertex -35.3553 35.3553 0
    endloop
  endfacet
  facet normal 0 0 -1
    outer loop
      vertex -31.2792 29.3781 0
      vertex -37.5055 33.0656 0
      vertex -36.4484 34.2273 0
    endloop
  endfacet
  facet normal 0 0 -1
    outer loop
      vertex -25.3426 23.4415 0
      vertex -23.5495 25.2551 0
      vertex -21.7257 23.4312 0
    endloop
  endfacet
  facet normal 0 0 -1
    outer loop
      vertex -26.612 19.9763 0
      vertex -27.0628 22.5093 0
      vertex -25.7828 20.2941 0
    endloop
  endfacet
  facet normal 0 0 -1
    outer loop
      vertex -26.612 19.9763 0
      vertex -27.6837 22.2943 0
      vertex -27.0628 22.5093 0
    endloop
  endfacet
  facet normal 0 0 -1
    outer loop
      vertex -28.9819 22.0075 0
      vertex -29.2644 19.4209 0
      vertex -29.6545 21.9354 0
    endloop
  endfacet
  facet normal 0 -0 -1
    outer loop
      vertex -29.6545 21.9354 0
      vertex -29.2644 19.4209 0
      vertex -30.1884 19.3738 0
    endloop
  endfacet
  facet normal 0 0 -1
    outer loop
      vertex -30.3396 21.9109 0
      vertex -29.6545 21.9354 0
      vertex -30.1884 19.3738 0
    endloop
  endfacet
  facet normal -0 0 -1
    outer loop
      vertex -28.3572 19.5381 0
      vertex -29.2644 19.4209 0
      vertex -28.9819 22.0075 0
    endloop
  endfacet
  facet normal 0 0 -1
    outer loop
      vertex -34.7544 20.1157 0
      vertex -33.1567 22.2862 0
      vertex -33.8769 19.8513 0
    endloop
  endfacet
  facet normal 0 0 -1
    outer loop
      vertex -32.1066 19.4941 0
      vertex -31.7376 22.004 0
      vertex -31.2211 19.4034 0
    endloop
  endfacet
  facet normal 0 0 -1
    outer loop
      vertex 32.9655 -4.53365 0
      vertex 35.3569 -3.76694 0
      vertex 33.4137 -5.32655 0
    endloop
  endfacet
  facet normal 0 0 -1
    outer loop
      vertex 2.85573 6.94296 0
      vertex 2.05959 7.22238 0
      vertex 3.83298 9.30077 0
    endloop
  endfacet
  facet normal -0 0 -1
    outer loop
      vertex 5.03656 8.70389 0
      vertex 3.61656 6.57579 0
      vertex 3.83298 9.30077 0
    endloop
  endfacet
  facet normal 0 0 -1
    outer loop
      vertex 8.72102 5.02054 0
      vertex 6.59253 3.60135 0
      vertex 6.13951 4.32008 0
    endloop
  endfacet
  facet normal 0 0 -1
    outer loop
      vertex 6.1591 7.94548 0
      vertex 6.13951 4.32008 0
      vertex 4.33539 6.12338 0
    endloop
  endfacet
  facet normal 0 0 -1
    outer loop
      vertex -9.39684 3.81288 0
      vertex -6.67015 3.59789 0
      vertex -7.03743 2.83707 0
    endloop
  endfacet
  facet normal 0 0 -1
    outer loop
      vertex 7.96242 6.14297 0
      vertex 6.1591 7.94548 0
      vertex 9.96521 11.7524 0
    endloop
  endfacet
  facet normal 0 0 -1
    outer loop
      vertex 11.7685 9.94897 0
      vertex 9.96521 11.7524 0
      vertex 11.7685 13.5556 0
    endloop
  endfacet
  facet normal 0 0 -1
    outer loop
      vertex 42.5856 5.04105 0
      vertex 49.7781 4.70541 0
      vertex 42.7677 3.14204 0
    endloop
  endfacet
  facet normal 0 0 -1
    outer loop
      vertex 11.7685 13.5556 0
      vertex 13.357 15.1442 0
      vertex 13.5726 11.7524 0
    endloop
  endfacet
  facet normal 0 -0 -1
    outer loop
      vertex 25.2746 23.4543 0
      vertex 25.8205 23.1072 0
      vertex 24.1719 21.1266 0
    endloop
  endfacet
  facet normal 0 0 -1
    outer loop
      vertex 23.2796 12.0063 0
      vertex 20.3564 18.5361 0
      vertex 25.0829 13.8097 0
    endloop
  endfacet
  facet normal 0 0 -1
    outer loop
      vertex 11.7685 13.5556 0
      vertex 13.5726 11.7524 0
      vertex 11.7685 9.94897 0
    endloop
  endfacet
  facet normal 0 0 -1
    outer loop
      vertex 13.357 15.1442 0
      vertex 15.1612 16.9476 0
      vertex 15.1612 13.3409 0
    endloop
  endfacet
  facet normal 0 0 -1
    outer loop
      vertex 41.3825 11.2436 0
      vertex 48.0147 13.9496 0
      vertex 48.4292 12.4345 0
    endloop
  endfacet
  facet normal 0 0 -1
    outer loop
      vertex 25.7453 20.3064 0
      vertex 26.3939 22.8072 0
      vertex 26.9923 22.554 0
    endloop
  endfacet
  facet normal 0 0 -1
    outer loop
      vertex 15.1612 13.3409 0
      vertex 16.9645 15.1442 0
      vertex 20.4902 11.6186 0
    endloop
  endfacet
  facet normal 0 0 -1
    outer loop
      vertex 16.7497 18.5361 0
      vertex 18.553 20.3394 0
      vertex 18.553 16.7328 0
    endloop
  endfacet
  facet normal 0 -0 -1
    outer loop
      vertex 47.5528 15.4508 0
      vertex 48.0147 13.9496 0
      vertex 40.5739 13.8759 0
    endloop
  endfacet
  facet normal 0 0 -1
    outer loop
      vertex 27.461 19.7471 0
      vertex 27.613 22.3479 0
      vertex 28.2535 22.1883 0
    endloop
  endfacet
  facet normal 0 0 -1
    outer loop
      vertex 30.2679 21.9884 0
      vertex 30.2201 19.425 0
      vertex 29.2817 19.4613 0
    endloop
  endfacet
  facet normal 0 0 -1
    outer loop
      vertex 18.553 20.3394 0
      vertex 20.3564 18.5361 0
      vertex 18.553 16.7328 0
    endloop
  endfacet
  facet normal 0 -0 -1
    outer loop
      vertex 20.3564 18.5361 0
      vertex 23.2796 12.0063 0
      vertex 18.553 16.7328 0
    endloop
  endfacet
  facet normal 0 0 -1
    outer loop
      vertex 23.45 21.6306 0
      vertex 23.4601 25.2473 0
      vertex 25.2746 23.4543 0
    endloop
  endfacet
  facet normal 0 0 -1
    outer loop
      vertex 24.9385 20.6848 0
      vertex 26.3939 22.8072 0
      vertex 25.7453 20.3064 0
    endloop
  endfacet
  facet normal 0 0 -1
    outer loop
      vertex 25.7453 20.3064 0
      vertex 26.9923 22.554 0
      vertex 26.5877 19.9934 0
    endloop
  endfacet
  facet normal 0 0 -1
    outer loop
      vertex 26.5877 19.9934 0
      vertex 27.613 22.3479 0
      vertex 27.461 19.7471 0
    endloop
  endfacet
  facet normal 0 0 -1
    outer loop
      vertex 27.461 19.7471 0
      vertex 28.2535 22.1883 0
      vertex 28.3605 19.5691 0
    endloop
  endfacet
  facet normal 0 0 -1
    outer loop
      vertex 28.3605 19.5691 0
      vertex 28.2535 22.1883 0
      vertex 28.9113 22.0753 0
    endloop
  endfacet
  facet normal 0 0 -1
    outer loop
      vertex 29.2817 19.4613 0
      vertex 28.9113 22.0753 0
      vertex 30.2679 21.9884 0
    endloop
  endfacet
  facet normal 0 0 -1
    outer loop
      vertex 46.4888 18.4062 0
      vertex 40.5739 13.8759 0
      vertex 39.604 16.4335 0
    endloop
  endfacet
  facet normal 0 0 -1
    outer loop
      vertex 30.2679 21.9884 0
      vertex 30.2482 19.425 0
      vertex 30.2201 19.425 0
    endloop
  endfacet
  facet normal -0 0 -1
    outer loop
      vertex 46.4888 18.4062 0
      vertex 39.604 16.4335 0
      vertex 45.8877 19.8574 0
    endloop
  endfacet
  facet normal 0 -0 -1
    outer loop
      vertex 31.6622 22.0861 0
      vertex 32.0128 19.5495 0
      vertex 31.1287 19.4572 0
    endloop
  endfacet
  facet normal 0 -0 -1
    outer loop
      vertex 45.2413 21.289 0
      vertex 45.8877 19.8574 0
      vertex 39.604 16.4335 0
    endloop
  endfacet
  facet normal 0 0 -1
    outer loop
      vertex 31.6622 22.0861 0
      vertex 32.8971 19.7006 0
      vertex 32.0128 19.5495 0
    endloop
  endfacet
  facet normal 0 0 -1
    outer loop
      vertex 45.2413 21.289 0
      vertex 39.604 16.4335 0
      vertex 38.4787 18.91 0
    endloop
  endfacet
  facet normal 0 -0 -1
    outer loop
      vertex 34.4816 22.8308 0
      vertex 34.6528 20.175 0
      vertex 33.0737 22.3672 0
    endloop
  endfacet
  facet normal 0 -0 -1
    outer loop
      vertex 44.5503 22.6995 0
      vertex 45.2413 21.289 0
      vertex 38.4787 18.91 0
    endloop
  endfacet
  facet normal 0 0 -1
    outer loop
      vertex 38.4787 18.91 0
      vertex 43.8153 24.0877 0
      vertex 44.5503 22.6995 0
    endloop
  endfacet
  facet normal 0 0 -1
    outer loop
      vertex 34.6528 20.175 0
      vertex 34.4816 22.8308 0
      vertex 35.5176 20.4959 0
    endloop
  endfacet
  facet normal 0 0 -1
    outer loop
      vertex 38.4787 18.91 0
      vertex 37.2041 21.2998 0
      vertex 43.8153 24.0877 0
    endloop
  endfacet
  facet normal 0 0 -1
    outer loop
      vertex 35.5176 20.4959 0
      vertex 34.4816 22.8308 0
      vertex 36.3692 20.8714 0
    endloop
  endfacet
  facet normal 0 0 -1
    outer loop
      vertex 36.3692 20.8714 0
      vertex 34.4816 22.8308 0
      vertex 35.8652 23.4756 0
    endloop
  endfacet
  facet normal -0 0 -1
    outer loop
      vertex 43.8153 24.0877 0
      vertex 37.2041 21.2998 0
      vertex 43.0371 25.4521 0
    endloop
  endfacet
  facet normal 0 0 -1
    outer loop
      vertex 37.2041 21.2998 0
      vertex 42.2164 26.7913 0
      vertex 43.0371 25.4521 0
    endloop
  endfacet
  facet normal 0 -0 -1
    outer loop
      vertex 46.4888 18.4062 0
      vertex 47.044 16.9369 0
      vertex 40.5739 13.8759 0
    endloop
  endfacet
  facet normal 0 -0 -1
    outer loop
      vertex 48.4292 12.4345 0
      vertex 48.7958 10.9072 0
      vertex 41.3825 11.2436 0
    endloop
  endfacet
  facet normal -0 0 -1
    outer loop
      vertex 49.3844 7.82172 0
      vertex 42.3218 6.91518 0
      vertex 49.1143 9.36906 0
    endloop
  endfacet
  facet normal 0 0 -1
    outer loop
      vertex 42.3218 6.91518 0
      vertex 49.6057 6.26665 0
      vertex 42.5856 5.04105 0
    endloop
  endfacet
  facet normal 0 0 -1
    outer loop
      vertex 35.6503 4.2589 0
      vertex 33.8428 6.11101 0
      vertex 36.0311 4.80879 0
    endloop
  endfacet
  facet normal 0 0 -1
    outer loop
      vertex 32.9178 4.56693 0
      vertex 35.3156 3.68759 0
      vertex 35.0285 3.09628 0
    endloop
  endfacet
  facet normal 0 0 -1
    outer loop
      vertex 32.5559 3.75606 0
      vertex 35.0285 3.09628 0
      vertex 34.7909 2.48672 0
    endloop
  endfacet
  facet normal -0 0 -1
    outer loop
      vertex 49.9753 1.57053 0
      vertex 42.8663 1.2196 0
      vertex 49.9013 3.13951 0
    endloop
  endfacet
  facet normal 0 0 -1
    outer loop
      vertex 32.0435 2.07846 0
      vertex 34.6044 1.86073 0
      vertex 34.471 1.2196 0
    endloop
  endfacet
  facet normal -0 0 -1
    outer loop
      vertex 49.9013 3.13951 0
      vertex 42.8663 1.2196 0
      vertex 42.7677 3.14204 0
    endloop
  endfacet
  facet normal 0 0 -1
    outer loop
      vertex 42.8663 -1.3302 0
      vertex 50 0 0
      vertex 49.9753 -1.57053 0
    endloop
  endfacet
  facet normal 0 0 -1
    outer loop
      vertex 49.9013 -3.13951 0
      vertex 42.8663 -1.3302 0
      vertex 49.9753 -1.57053 0
    endloop
  endfacet
  facet normal 0 0 -1
    outer loop
      vertex 36.9806 -5.89897 0
      vertex 35.1538 -7.50627 0
      vertex 34.51 -6.81728 0
    endloop
  endfacet
  facet normal 0 0 -1
    outer loop
      vertex 32.2797 -2.87511 0
      vertex 34.6261 -1.96187 0
      vertex 34.8195 -2.57976 0
    endloop
  endfacet
  facet normal 0 0 -1
    outer loop
      vertex 39.2334 -7.61552 0
      vertex 38.8076 -10.0814 0
      vertex 37.9996 -9.65271 0
    endloop
  endfacet
  facet normal 0 0 -1
    outer loop
      vertex 40.5575 -8.28345 0
      vertex 40.5166 -10.7982 0
      vertex 39.6476 -10.4638 0
    endloop
  endfacet
  facet normal 0 0 -1
    outer loop
      vertex 45.8877 -19.8574 0
      vertex 39.6551 -16.2808 0
      vertex 46.4888 -18.4062 0
    endloop
  endfacet
  facet normal -0 0 -1
    outer loop
      vertex 45.2413 -21.289 0
      vertex 44.5503 -22.6995 0
      vertex 38.5406 -18.7622 0
    endloop
  endfacet
  facet normal 0 0 -1
    outer loop
      vertex 24.9797 7.9045 0
      vertex 27.5305 1.22052 0
      vertex 24.9797 1.22052 0
    endloop
  endfacet
  facet normal 0 0 -1
    outer loop
      vertex 20.1825 1.22052 0
      vertex 22.7332 1.22052 0
      vertex 22.717 -1.17395 0
    endloop
  endfacet
  facet normal -0 -0 -1
    outer loop
      vertex 22.7332 6.32275 0
      vertex 22.7332 1.22052 0
      vertex 20.1825 6.32275 0
    endloop
  endfacet
  facet normal 0 0 -1
    outer loop
      vertex 24.9797 7.9045 0
      vertex 27.5305 7.9045 0
      vertex 27.5305 1.22052 0
    endloop
  endfacet
  facet normal -0 0 -1
    outer loop
      vertex 42.2164 -26.7913 0
      vertex 41.354 -28.1042 0
      vertex 35.9053 -23.529 0
    endloop
  endfacet
  facet normal 0 0 -1
    outer loop
      vertex 20.1825 6.32275 0
      vertex 22.7332 1.22052 0
      vertex 20.1825 1.22052 0
    endloop
  endfacet
  facet normal 0 0 -1
    outer loop
      vertex 15.3853 1.22052 0
      vertex 17.9361 1.22052 0
      vertex 17.9198 -1.18706 0
    endloop
  endfacet
  facet normal -0 0 -1
    outer loop
      vertex 26.9871 -22.6232 0
      vertex 26.3884 -22.886 0
      vertex 25.7429 -20.2444 0
    endloop
  endfacet
  facet normal 0 -0 -1
    outer loop
      vertex 20.0079 -26.6954 0
      vertex 22.3665 -27.7075 0
      vertex 19.7618 -27.5724 0
    endloop
  endfacet
  facet normal 0 0 -1
    outer loop
      vertex 15.3853 4.74103 0
      vertex 17.9361 1.22052 0
      vertex 15.3853 1.22052 0
    endloop
  endfacet
  facet normal 0 0 -1
    outer loop
      vertex -45.8877 -19.8574 0
      vertex -46.4888 -18.4062 0
      vertex -39.6805 -16.5465 0
    endloop
  endfacet
  facet normal 0 -0 -1
    outer loop
      vertex -32.5364 -28.0969 0
      vertex -31.2758 -29.4938 0
      vertex -37.5055 -33.0656 0
    endloop
  endfacet
  facet normal 0 -0 -1
    outer loop
      vertex -32.1371 2.08546 0
      vertex -31.9823 1.21535 0
      vertex -34.562 1.21626 0
    endloop
  endfacet
  facet normal -0 0 -1
    outer loop
      vertex -42.6612 -5.15569 0
      vertex -49.6057 -6.26665 0
      vertex -49.7781 -4.70541 0
    endloop
  endfacet
  facet normal -0 0 -1
    outer loop
      vertex -37.298 9.2614 0
      vertex -39.31 7.5016 0
      vertex -38.0693 9.73692 0
    endloop
  endfacet
  facet normal 0 0 -1
    outer loop
      vertex -49.9753 1.57053 0
      vertex -49.9013 3.13951 0
      vertex -42.9429 1.21626 0
    endloop
  endfacet
  facet normal 0 -0 -1
    outer loop
      vertex -40.5831 10.889 0
      vertex -39.7151 10.5522 0
      vertex -40.634 8.16949 0
    endloop
  endfacet
  facet normal 0 0 -1
    outer loop
      vertex -27.6069 7.89941 0
      vertex -25.0563 1.21535 0
      vertex -27.6069 1.21535 0
    endloop
  endfacet
  facet normal 0 0 -1
    outer loop
      vertex -42.9429 1.21626 0
      vertex -49.9013 3.13951 0
      vertex -42.8457 3.12103 0
    endloop
  endfacet
  facet normal -0 -0 -1
    outer loop
      vertex -25.0563 7.89941 0
      vertex -25.0563 1.21535 0
      vertex -27.6069 7.89941 0
    endloop
  endfacet
  facet normal 0 0 -1
    outer loop
      vertex -40.634 8.16949 0
      vertex -42.0693 8.692 0
      vertex -40.5831 10.889 0
    endloop
  endfacet
  facet normal -0 0 -1
    outer loop
      vertex -40.5831 10.889 0
      vertex -42.0693 8.692 0
      vertex -41.477 11.1762 0
    endloop
  endfacet
  facet normal 0 -0 -1
    outer loop
      vertex -47.044 16.9369 0
      vertex -40.6721 13.8096 0
      vertex -47.5528 15.4508 0
    endloop
  endfacet
  facet normal 0 0 -1
    outer loop
      vertex -37.3139 21.2385 0
      vertex -35.981 23.4151 0
      vertex -36.4764 20.8104 0
    endloop
  endfacet
  facet normal 0 0 -1
    outer loop
      vertex -49.9013 3.13951 0
      vertex -49.7781 4.70541 0
      vertex -42.8457 3.12103 0
    endloop
  endfacet
  facet normal 0 0 -1
    outer loop
      vertex -32.1066 19.4941 0
      vertex -32.9931 19.6437 0
      vertex -31.7376 22.004 0
    endloop
  endfacet
  facet normal 0 0 -1
    outer loop
      vertex -32.9931 19.6437 0
      vertex -33.8769 19.8513 0
      vertex -33.1567 22.2862 0
    endloop
  endfacet
  facet normal 0 0 -1
    outer loop
      vertex -42.8457 3.12103 0
      vertex -49.7781 4.70541 0
      vertex -42.6665 5.00299 0
    endloop
  endfacet
  facet normal 0 0 -1
    outer loop
      vertex -40.6721 13.8096 0
      vertex -48.0147 13.9496 0
      vertex -47.5528 15.4508 0
    endloop
  endfacet
  facet normal 0 -0 -1
    outer loop
      vertex -49.3844 7.82172 0
      vertex -42.4072 6.86058 0
      vertex -49.6057 6.26665 0
    endloop
  endfacet
  facet normal 0 0 -1
    outer loop
      vertex -48.4292 12.4345 0
      vertex -48.0147 13.9496 0
      vertex -41.477 11.1762 0
    endloop
  endfacet
  facet normal 0 0 -1
    outer loop
      vertex -41.477 11.1762 0
      vertex -48.0147 13.9496 0
      vertex -40.6721 13.8096 0
    endloop
  endfacet
  facet normal 0 0 -1
    outer loop
      vertex -42.4072 6.86058 0
      vertex -49.1143 9.36906 0
      vertex -42.0693 8.692 0
    endloop
  endfacet
  facet normal 0 -0 -1
    outer loop
      vertex -48.4292 12.4345 0
      vertex -41.477 11.1762 0
      vertex -48.7958 10.9072 0
    endloop
  endfacet
  facet normal 0 0 -1
    outer loop
      vertex -47.044 16.9369 0
      vertex -46.4888 18.4062 0
      vertex -39.706 16.3684 0
    endloop
  endfacet
  facet normal 0 0 -1
    outer loop
      vertex -39.706 16.3684 0
      vertex -45.8877 19.8574 0
      vertex -38.5846 18.8468 0
    endloop
  endfacet
  facet normal 0 0 -1
    outer loop
      vertex -38.5846 18.8468 0
      vertex -45.2413 21.289 0
      vertex -44.5503 22.6995 0
    endloop
  endfacet
  facet normal -0 0 -1
    outer loop
      vertex -35.981 23.4151 0
      vertex -37.3139 21.2385 0
      vertex -43.0371 25.4521 0
    endloop
  endfacet
  facet normal 0 0 -1
    outer loop
      vertex -37.3139 21.2385 0
      vertex -44.5503 22.6995 0
      vertex -43.8153 24.0877 0
    endloop
  endfacet
  facet normal 0 0 -1
    outer loop
      vertex -35.6222 20.4357 0
      vertex -36.4764 20.8104 0
      vertex -34.5775 22.7567 0
    endloop
  endfacet
  facet normal 0 0 -1
    outer loop
      vertex -34.7544 20.1157 0
      vertex -34.5775 22.7567 0
      vertex -33.1567 22.2862 0
    endloop
  endfacet
  facet normal -0 0 -1
    outer loop
      vertex -30.3396 21.9109 0
      vertex -31.2211 19.4034 0
      vertex -31.7376 22.004 0
    endloop
  endfacet
  facet normal -0 0 -1
    outer loop
      vertex -30.1884 19.3738 0
      vertex -30.34 19.3729 0
      vertex -30.3396 21.9109 0
    endloop
  endfacet
  facet normal 0 0 -1
    outer loop
      vertex -28.9819 22.0075 0
      vertex -28.3242 22.127 0
      vertex -28.3572 19.5381 0
    endloop
  endfacet
  facet normal 0 0 -1
    outer loop
      vertex -28.3572 19.5381 0
      vertex -28.3242 22.127 0
      vertex -27.4716 19.7239 0
    endloop
  endfacet
  facet normal 0 -0 -1
    outer loop
      vertex -21.7257 23.4312 0
      vertex -18.6313 20.3369 0
      vertex -23.524 21.6219 0
    endloop
  endfacet
  facet normal 0 0 -1
    outer loop
      vertex -23.524 21.6219 0
      vertex -18.6313 20.3369 0
      vertex -20.4346 18.5326 0
    endloop
  endfacet
  facet normal 0 0 -1
    outer loop
      vertex -27.4716 19.7239 0
      vertex -27.6837 22.2943 0
      vertex -26.612 19.9763 0
    endloop
  endfacet
  facet normal 0 0 -1
    outer loop
      vertex -27.0628 22.5093 0
      vertex -26.4641 22.7721 0
      vertex -25.7828 20.2941 0
    endloop
  endfacet
  facet normal 0 0 -1
    outer loop
      vertex -26.4641 22.7721 0
      vertex -25.8899 23.0828 0
      vertex -24.9888 20.6753 0
    endloop
  endfacet
  facet normal 0 0 -1
    outer loop
      vertex -35.7494 -8.25674 0
      vertex -36.9989 -5.95152 0
      vertex -35.0989 -7.63583 0
    endloop
  endfacet
  facet normal 0 0 -1
    outer loop
      vertex -24.9888 20.6753 0
      vertex -25.8899 23.0828 0
      vertex -24.2343 21.1185 0
    endloop
  endfacet
  facet normal 0 0 -1
    outer loop
      vertex -24.2343 21.1185 0
      vertex -25.8899 23.0828 0
      vertex -25.3426 23.4415 0
    endloop
  endfacet
  facet normal -0 0 -1
    outer loop
      vertex -23.524 21.6219 0
      vertex -24.2343 21.1185 0
      vertex -25.3426 23.4415 0
    endloop
  endfacet
  facet normal -0 0 -1
    outer loop
      vertex -21.7257 23.4312 0
      vertex -23.524 21.6219 0
      vertex -25.3426 23.4415 0
    endloop
  endfacet
  facet normal 0 0 -1
    outer loop
      vertex -20.4346 18.5326 0
      vertex -16.828 18.5336 0
      vertex -18.6313 16.7293 0
    endloop
  endfacet
  facet normal 0 0 -1
    outer loop
      vertex -15.2394 13.3367 0
      vertex -17.0427 15.1408 0
      vertex -13.4361 15.1416 0
    endloop
  endfacet
  facet normal 0 0 -1
    outer loop
      vertex -18.6313 16.7293 0
      vertex -16.828 18.5336 0
      vertex -15.2394 16.9449 0
    endloop
  endfacet
  facet normal 0 0 -1
    outer loop
      vertex -17.0427 15.1408 0
      vertex -15.2394 16.9449 0
      vertex -13.4361 15.1416 0
    endloop
  endfacet
  facet normal 0 0 -1
    outer loop
      vertex -20.6503 11.5324 0
      vertex -17.0427 15.1408 0
      vertex -15.2394 13.3367 0
    endloop
  endfacet
  facet normal 0 0 -1
    outer loop
      vertex -20.259 1.21535 0
      vertex -22.8098 6.20181 0
      vertex -20.259 6.20181 0
    endloop
  endfacet
  facet normal 0 0 -1
    outer loop
      vertex -16.1403 9.25874 0
      vertex -13.6509 11.748 0
      vertex -14.3369 7.45544 0
    endloop
  endfacet
  facet normal 0 0 -1
    outer loop
      vertex -15.2394 13.3367 0
      vertex -13.4361 15.1416 0
      vertex -11.8476 13.5531 0
    endloop
  endfacet
  facet normal 0 0 -1
    outer loop
      vertex -13.6509 11.748 0
      vertex -11.8476 13.5531 0
      vertex -10.0442 11.7497 0
    endloop
  endfacet
  facet normal 0 0 -1
    outer loop
      vertex -14.3369 7.45544 0
      vertex -13.6509 11.748 0
      vertex -11.8476 9.9447 0
    endloop
  endfacet
  facet normal 0 0 -1
    outer loop
      vertex -15.4619 1.21535 0
      vertex -18.0126 4.50331 0
      vertex -15.4619 4.50331 0
    endloop
  endfacet
  facet normal 0 0 -1
    outer loop
      vertex -6.23824 7.94376 0
      vertex -11.8476 9.9447 0
      vertex -10.0442 11.7497 0
    endloop
  endfacet
  facet normal 0 0 -1
    outer loop
      vertex -11.8476 9.9447 0
      vertex -13.6509 11.748 0
      vertex -10.0442 11.7497 0
    endloop
  endfacet
  facet normal 0 0 -1
    outer loop
      vertex -18.6287 -16.8459 0
      vertex -17.0402 -15.2573 0
      vertex -16.8246 -18.6492 0
    endloop
  endfacet
  facet normal 0 0 -1
    outer loop
      vertex -16.9369 -47.044 0
      vertex -18.4062 -46.4888 0
      vertex -16.4635 -39.7238 0
    endloop
  endfacet
  facet normal -0 0 -1
    outer loop
      vertex -16.4635 -39.7238 0
      vertex -21.289 -45.2413 0
      vertex -18.942 -38.6025 0
    endloop
  endfacet
  facet normal 0 0 -1
    outer loop
      vertex -22.8098 1.21535 0
      vertex -20.259 1.21535 0
      vertex -20.259 -1.33366 0
    endloop
  endfacet
  facet normal 0 0 -1
    outer loop
      vertex -16.4635 -39.7238 0
      vertex -18.4062 -46.4888 0
      vertex -19.8574 -45.8877 0
    endloop
  endfacet
  facet normal 0 0 -1
    outer loop
      vertex -16.9369 -47.044 0
      vertex -13.9044 -40.6898 0
      vertex -15.4508 -47.5528 0
    endloop
  endfacet
  facet normal -0 0 -1
    outer loop
      vertex -23.5095 -35.9997 0
      vertex -28.1042 -41.354 0
      vertex -25.0792 -34.9224 0
    endloop
  endfacet
  facet normal 0 0 -1
    outer loop
      vertex -27.6448 -22.4697 0
      vertex -27.5367 -19.8602 0
      vertex -26.6634 -20.1065 0
    endloop
  endfacet
  facet normal 0 0 -1
    outer loop
      vertex -18.0126 1.21535 0
      vertex -18.0126 4.50331 0
      vertex -15.4619 1.21535 0
    endloop
  endfacet
  facet normal 0 0 -1
    outer loop
      vertex -28.2807 -22.3067 0
      vertex -27.5367 -19.8602 0
      vertex -27.6448 -22.4697 0
    endloop
  endfacet
  facet normal 0 -0 -1
    outer loop
      vertex -29.3574 -19.5744 0
      vertex -28.9381 -22.1895 0
      vertex -29.6149 -22.1187 0
    endloop
  endfacet
  facet normal 0 0 -1
    outer loop
      vertex -22.8098 1.21535 0
      vertex -22.8098 6.20181 0
      vertex -20.259 1.21535 0
    endloop
  endfacet
  facet normal 0 0 -1
    outer loop
      vertex -31.2758 -29.4938 0
      vertex -35.3553 -35.3553 0
      vertex -36.4484 -34.2273 0
    endloop
  endfacet
  facet normal 0 0 -1
    outer loop
      vertex 50 0 0
      vertex 42.8663 1.2196 0
      vertex 49.9753 1.57053 0
    endloop
  endfacet
  facet normal 0 0 -1
    outer loop
      vertex 32.0435 2.07846 0
      vertex 32.2638 2.92513 0
      vertex 34.6044 1.86073 0
    endloop
  endfacet
  facet normal -0 0 -1
    outer loop
      vertex 31.8895 -1.149 0
      vertex 27.5141 -1.16087 0
      vertex 27.5305 1.22052 0
    endloop
  endfacet
  facet normal 0 0 -1
    outer loop
      vertex 35.0637 -3.18202 0
      vertex 32.9655 -4.53365 0
      vertex 32.5868 -3.71509 0
    endloop
  endfacet
  facet normal 0 -0 -1
    outer loop
      vertex 33.3475 5.35333 0
      vertex 35.3156 3.68759 0
      vertex 32.9178 4.56693 0
    endloop
  endfacet
  facet normal 0 -0 -1
    outer loop
      vertex 33.8428 6.11101 0
      vertex 35.6503 4.2589 0
      vertex 33.3475 5.35333 0
    endloop
  endfacet
  facet normal 0 -0 -1
    outer loop
      vertex 34.4018 6.83563 0
      vertex 36.0311 4.80879 0
      vertex 33.8428 6.11101 0
    endloop
  endfacet
  facet normal 0 0 -1
    outer loop
      vertex 34.4018 6.83563 0
      vertex 36.4559 5.33557 0
      vertex 36.0311 4.80879 0
    endloop
  endfacet
  facet normal 0 0 -1
    outer loop
      vertex 35.0223 7.52271 0
      vertex 36.9232 5.83748 0
      vertex 36.4559 5.33557 0
    endloop
  endfacet
  facet normal 0 0 -1
    outer loop
      vertex 35.6729 8.14372 0
      vertex 37.9781 6.76024 0
      vertex 36.9232 5.83748 0
    endloop
  endfacet
  facet normal 0 0 -1
    outer loop
      vertex 36.3717 8.72386 0
      vertex 37.1154 9.26129 0
      vertex 37.9781 6.76024 0
    endloop
  endfacet
  facet normal 0 0 -1
    outer loop
      vertex 37.1154 9.26129 0
      vertex 37.9005 9.75418 0
      vertex 39.1816 7.56419 0
    endloop
  endfacet
  facet normal 0 0 -1
    outer loop
      vertex 39.1816 7.56419 0
      vertex 38.7232 10.2007 0
      vertex 40.5196 8.23605 0
    endloop
  endfacet
  facet normal 0 0 -1
    outer loop
      vertex 40.5196 8.23605 0
      vertex 39.5801 10.599 0
      vertex 40.4678 10.9472 0
    endloop
  endfacet
  facet normal -0 0 -1
    outer loop
      vertex 41.9783 8.76273 0
      vertex 40.5196 8.23605 0
      vertex 40.4678 10.9472 0
    endloop
  endfacet
  facet normal 0 0 -1
    outer loop
      vertex 41.9783 8.76273 0
      vertex 48.7958 10.9072 0
      vertex 49.1143 9.36906 0
    endloop
  endfacet
  facet normal 0 0 -1
    outer loop
      vertex 49.6057 6.26665 0
      vertex 42.3218 6.91518 0
      vertex 49.3844 7.82172 0
    endloop
  endfacet
  facet normal 0 0 -1
    outer loop
      vertex 49.7781 4.70541 0
      vertex 42.5856 5.04105 0
      vertex 49.6057 6.26665 0
    endloop
  endfacet
  facet normal 0 0 -1
    outer loop
      vertex 49.9013 3.13951 0
      vertex 42.7677 3.14204 0
      vertex 49.7781 4.70541 0
    endloop
  endfacet
  facet normal 0 0 -1
    outer loop
      vertex -34.7026 1.84795 0
      vertex -34.896 2.46582 0
      vertex -32.3679 2.94308 0
    endloop
  endfacet
  facet normal 0 0 -1
    outer loop
      vertex -49.9013 -3.13951 0
      vertex -42.8433 -3.25679 0
      vertex -49.7781 -4.70541 0
    endloop
  endfacet
  facet normal 0 -0 -1
    outer loop
      vertex -49.9753 1.57053 0
      vertex -42.9429 1.21626 0
      vertex -50 0 0
    endloop
  endfacet
  facet normal -0 0 -1
    outer loop
      vertex -42.942 -1.33446 0
      vertex -49.9753 -1.57053 0
      vertex -50 0 0
    endloop
  endfacet
  facet normal -0 0 -1
    outer loop
      vertex -42.6665 5.00299 0
      vertex -49.7781 4.70541 0
      vertex -49.6057 6.26665 0
    endloop
  endfacet
  facet normal 0 0 -1
    outer loop
      vertex -42.4072 6.86058 0
      vertex -42.6665 5.00299 0
      vertex -49.6057 6.26665 0
    endloop
  endfacet
  facet normal 0 -0 -1
    outer loop
      vertex -49.1143 9.36906 0
      vertex -42.4072 6.86058 0
      vertex -49.3844 7.82172 0
    endloop
  endfacet
  facet normal -0 0 -1
    outer loop
      vertex -35.8749 8.18259 0
      vertex -38.1125 6.70221 0
      vertex -36.5655 8.74274 0
    endloop
  endfacet
  facet normal 0 -0 -1
    outer loop
      vertex -48.7958 10.9072 0
      vertex -42.0693 8.692 0
      vertex -49.1143 9.36906 0
    endloop
  endfacet
  facet normal 0 0 -1
    outer loop
      vertex -38.8761 10.1677 0
      vertex -39.31 7.5016 0
      vertex -40.634 8.16949 0
    endloop
  endfacet
  facet normal 0 0 -1
    outer loop
      vertex -37.0572 5.78502 0
      vertex -35.2293 7.58235 0
      vertex -34.5874 6.89163 0
    endloop
  endfacet
  facet normal 0 0 -1
    outer loop
      vertex -36.159 4.76405 0
      vertex -34.5874 6.89163 0
      vertex -34.0087 6.16194 0
    endloop
  endfacet
  facet normal 0 0 -1
    outer loop
      vertex -35.7737 4.21892 0
      vertex -34.0087 6.16194 0
      vertex -33.4952 5.39787 0
    endloop
  endfacet
  facet normal 0 0 -1
    outer loop
      vertex -35.4335 3.65298 0
      vertex -33.4952 5.39787 0
      vertex -33.0491 4.60376 0
    endloop
  endfacet
  facet normal 0 0 -1
    outer loop
      vertex -35.1403 3.06807 0
      vertex -35.4335 3.65298 0
      vertex -33.0491 4.60376 0
    endloop
  endfacet
  facet normal 0 0 -1
    outer loop
      vertex -34.896 2.46582 0
      vertex -35.1403 3.06807 0
      vertex -32.6725 3.78398 0
    endloop
  endfacet
  facet normal -0 0 -1
    outer loop
      vertex -32.3679 2.94308 0
      vertex -34.896 2.46582 0
      vertex -32.6725 3.78398 0
    endloop
  endfacet
  facet normal -0 0 -1
    outer loop
      vertex -32.1371 2.08546 0
      vertex -34.7026 1.84795 0
      vertex -32.3679 2.94308 0
    endloop
  endfacet
  facet normal 0 0 -1
    outer loop
      vertex -9.82681 2.54161 0
      vertex -9.39684 3.81288 0
      vertex -7.31674 2.04092 0
    endloop
  endfacet
  facet normal 0 0 -1
    outer loop
      vertex -5.49243 -33.5113 0
      vertex -4.69841 -33.0652 0
      vertex -3.74826 -35.4522 0
    endloop
  endfacet
  facet normal 0 0 -1
    outer loop
      vertex -2.93599 6.94165 0
      vertex -3.91252 9.29964 0
      vertex -2.13994 7.22137 0
    endloop
  endfacet
  facet normal 0 0 -1
    outer loop
      vertex 3.61656 6.57579 0
      vertex 2.85573 6.94296 0
      vertex 3.83298 9.30077 0
    endloop
  endfacet
  facet normal 0 0 -1
    outer loop
      vertex 4.33539 6.12338 0
      vertex 3.61656 6.57579 0
      vertex 5.03656 8.70389 0
    endloop
  endfacet
  facet normal -0 0 -1
    outer loop
      vertex 6.1591 7.94548 0
      vertex 4.33539 6.12338 0
      vertex 5.03656 8.70389 0
    endloop
  endfacet
  facet normal -0 0 -1
    outer loop
      vertex 7.96242 6.14297 0
      vertex 6.13951 4.32008 0
      vertex 6.1591 7.94548 0
    endloop
  endfacet
  facet normal 0 0 -1
    outer loop
      vertex 4.33539 6.12338 0
      vertex 3.03998 1.2196 0
      vertex 1.23494 3.02293 0
    endloop
  endfacet
  facet normal -0 0 -1
    outer loop
      vertex -7.31674 2.04092 0
      vertex -7.50546 1.21626 0
      vertex -9.82681 2.54161 0
    endloop
  endfacet
  facet normal 0 0 -1
    outer loop
      vertex -13.9496 -48.0147 0
      vertex -13.9044 -40.6898 0
      vertex -11.2706 -41.4944 0
    endloop
  endfacet
  facet normal 0 0 -1
    outer loop
      vertex -1.31488 3.02039 0
      vertex -1.31488 7.41019 0
      vertex 1.23494 3.02293 0
    endloop
  endfacet
  facet normal 0 0 -1
    outer loop
      vertex -4.41524 6.12086 0
      vertex -6.23824 7.94376 0
      vertex -5.11581 8.70226 0
    endloop
  endfacet
  facet normal 0 -0 -1
    outer loop
      vertex -2.64143 9.73012 0
      vertex -2.13994 7.22137 0
      vertex -3.91252 9.29964 0
    endloop
  endfacet
  facet normal 0 0 -1
    outer loop
      vertex -2.64143 9.73012 0
      vertex -1.31488 7.41019 0
      vertex -2.13994 7.22137 0
    endloop
  endfacet
  facet normal 0 0 -1
    outer loop
      vertex -2.64143 9.73012 0
      vertex -1.3157 9.98824 0
      vertex -1.31488 7.41019 0
    endloop
  endfacet
  facet normal 0 0 -1
    outer loop
      vertex -1.31488 7.41019 0
      vertex -1.3157 9.98824 0
      vertex 1.23494 7.4111 0
    endloop
  endfacet
  facet normal -0 0 -1
    outer loop
      vertex 10.0069 1.22052 0
      vertex 7.42896 1.2196 0
      vertex 9.74879 2.54619 0
    endloop
  endfacet
  facet normal 0 0 -1
    outer loop
      vertex 3.03998 1.2196 0
      vertex -1.31488 3.02039 0
      vertex 1.23494 3.02293 0
    endloop
  endfacet
  facet normal 0 0 -1
    outer loop
      vertex -6.21774 4.31662 0
      vertex -4.41524 6.12086 0
      vertex -1.31488 3.02039 0
    endloop
  endfacet
  facet normal -0 0 -1
    outer loop
      vertex 8.72102 5.02054 0
      vertex 6.13951 4.32008 0
      vertex 7.96242 6.14297 0
    endloop
  endfacet
  facet normal -0 0 -1
    outer loop
      vertex 6.13951 4.32008 0
      vertex 3.03998 1.2196 0
      vertex 4.33539 6.12338 0
    endloop
  endfacet
  facet normal -0 0 -1
    outer loop
      vertex 9.3183 3.81725 0
      vertex 6.59253 3.60135 0
      vertex 8.72102 5.02054 0
    endloop
  endfacet
  facet normal 0 0 -1
    outer loop
      vertex 9.3183 3.81725 0
      vertex 6.96031 2.84052 0
      vertex 6.59253 3.60135 0
    endloop
  endfacet
  facet normal -0 0 -1
    outer loop
      vertex 9.74879 2.54619 0
      vertex 7.24004 2.04437 0
      vertex 9.3183 3.81725 0
    endloop
  endfacet
  facet normal 0 0 -1
    outer loop
      vertex -16.8246 -18.6492 0
      vertex -17.0402 -15.2573 0
      vertex -15.2361 -17.0606 0
    endloop
  endfacet
  facet normal 0 0 -1
    outer loop
      vertex -3.11739 1.21626 0
      vertex -1.31488 3.02039 0
      vertex -3.11566 -1.33356 0
    endloop
  endfacet
  facet normal 0 0 -1
    outer loop
      vertex -3.11739 1.21626 0
      vertex -6.21774 4.31662 0
      vertex -1.31488 3.02039 0
    endloop
  endfacet
  facet normal -0 0 -1
    outer loop
      vertex -7.50546 1.21626 0
      vertex -10.0843 1.21535 0
      vertex -9.82681 2.54161 0
    endloop
  endfacet
  facet normal 0 0 -1
    outer loop
      vertex -7.31674 2.04092 0
      vertex -9.39684 3.81288 0
      vertex -7.03743 2.83707 0
    endloop
  endfacet
  facet normal 0 0 -1
    outer loop
      vertex -9.39684 3.81288 0
      vertex -8.79996 5.01628 0
      vertex -6.67015 3.59789 0
    endloop
  endfacet
  facet normal 0 0 -1
    outer loop
      vertex -6.67015 3.59789 0
      vertex -8.79996 5.01628 0
      vertex -6.21774 4.31662 0
    endloop
  endfacet
  facet normal -0 0 -1
    outer loop
      vertex -4.41524 6.12086 0
      vertex -6.21774 4.31662 0
      vertex -8.04156 6.1387 0
    endloop
  endfacet
  facet normal 0 0 -1
    outer loop
      vertex -6.21774 4.31662 0
      vertex -8.79996 5.01628 0
      vertex -8.04156 6.1387 0
    endloop
  endfacet
  facet normal 0 0 -1
    outer loop
      vertex 19.4436 -30.3434 0
      vertex 19.478 -29.401 0
      vertex 22.0072 -30.3624 0
    endloop
  endfacet
  facet normal 0 0 -1
    outer loop
      vertex 25.1034 -13.7583 0
      vertex 20.3898 -18.4975 0
      vertex 18.5816 -16.6992 0
    endloop
  endfacet
  facet normal 0 0 -1
    outer loop
      vertex 1.2392 -10.1022 0
      vertex -1.3098 -10.1004 0
      vertex 1.2392 -7.52422 0
    endloop
  endfacet
  facet normal 0 0 -1
    outer loop
      vertex 27.5324 -7.84482 0
      vertex 24.9635 -1.16788 0
      vertex 27.5141 -1.16087 0
    endloop
  endfacet
  facet normal 0 0 -1
    outer loop
      vertex 24.9499 -20.6279 0
      vertex 26.3884 -22.886 0
      vertex 25.8143 -23.1968 0
    endloop
  endfacet
  facet normal 0 0 -1
    outer loop
      vertex 9.31122 -3.80762 0
      vertex 6.96175 -2.951 0
      vertex 7.24106 -2.15485 0
    endloop
  endfacet
  facet normal 0 -0 -1
    outer loop
      vertex 23.2952 -11.9599 0
      vertex 25.1034 -13.7583 0
      vertex 18.5816 -16.6992 0
    endloop
  endfacet
  facet normal -0 0 -1
    outer loop
      vertex -12.0982 -23.3756 0
      vertex -13.9014 -25.179 0
      vertex -18.6279 -20.4525 0
    endloop
  endfacet
  facet normal 0 0 -1
    outer loop
      vertex 20.5864 -11.4968 0
      vertex 16.9888 -15.115 0
      vertex 15.1806 -13.3158 0
    endloop
  endfacet
  facet normal -0 0 -1
    outer loop
      vertex -1.31143 -42.9614 0
      vertex -3.13951 -49.9013 0
      vertex -3.21622 -42.864 0
    endloop
  endfacet
  facet normal 0 0 -1
    outer loop
      vertex 20.1798 -6.16722 0
      vertex 22.717 -1.17395 0
      vertex 22.7306 -6.16032 0
    endloop
  endfacet
  facet normal 0 0 -1
    outer loop
      vertex 10.0069 1.22052 0
      vertex 15.3853 1.22052 0
      vertex 15.3692 -1.19394 0
    endloop
  endfacet
  facet normal 0 0 -1
    outer loop
      vertex 7.24106 -2.15485 0
      vertex 7.42978 -1.3302 0
      vertex 9.73763 -2.53511 0
    endloop
  endfacet
  facet normal -0 0 -1
    outer loop
      vertex -6.95575 -42.4257 0
      vertex -9.36906 -49.1143 0
      vertex -8.78717 -42.0879 0
    endloop
  endfacet
  facet normal 0 0 -1
    outer loop
      vertex 16.0701 -9.23541 0
      vertex 13.5876 -11.7316 0
      vertex 11.7795 -9.93314 0
    endloop
  endfacet
  facet normal 0 0 -1
    outer loop
      vertex -10.0408 -11.8663 0
      vertex -11.845 -10.0621 0
      vertex -10.0392 -11.8638 0
    endloop
  endfacet
  facet normal 0 -0 -1
    outer loop
      vertex 17.9198 -1.18706 0
      vertex 17.9288 -4.4749 0
      vertex 15.3781 -4.4818 0
    endloop
  endfacet
  facet normal 0 0 -1
    outer loop
      vertex 11.7795 -9.93314 0
      vertex 14.262 -7.43697 0
      vertex 16.0701 -9.23541 0
    endloop
  endfacet
  facet normal -0 0 -1
    outer loop
      vertex 8.71756 -5.01283 0
      vertex 7.96222 -6.13748 0
      vertex 6.14206 -4.43057 0
    endloop
  endfacet
  facet normal 0 0 -1
    outer loop
      vertex -10.0843 1.21535 0
      vertex -7.50546 1.21626 0
      vertex -10.0834 -1.33366 0
    endloop
  endfacet
  facet normal 0 0 -1
    outer loop
      vertex 8.71756 -5.01283 0
      vertex 6.14206 -4.43057 0
      vertex 6.59447 -3.71184 0
    endloop
  endfacet
  facet normal -0 0 -1
    outer loop
      vertex 9.99158 -1.20856 0
      vertex 7.42978 -1.3302 0
      vertex 7.42896 1.2196 0
    endloop
  endfacet
  facet normal 0 0 -1
    outer loop
      vertex 10.0069 1.22052 0
      vertex 9.99158 -1.20856 0
      vertex 7.42896 1.2196 0
    endloop
  endfacet
  facet normal 0 0 -1
    outer loop
      vertex 15.3692 -1.19394 0
      vertex 15.3853 1.22052 0
      vertex 17.9198 -1.18706 0
    endloop
  endfacet
  facet normal 0 -0 -1
    outer loop
      vertex 17.9361 1.22052 0
      vertex 20.1662 -1.18086 0
      vertex 17.9198 -1.18706 0
    endloop
  endfacet
  facet normal 0 0 -1
    outer loop
      vertex 15.3692 -1.19394 0
      vertex 17.9198 -1.18706 0
      vertex 15.3781 -4.4818 0
    endloop
  endfacet
  facet normal 0 -0 -1
    outer loop
      vertex 20.1825 1.22052 0
      vertex 22.717 -1.17395 0
      vertex 20.1662 -1.18086 0
    endloop
  endfacet
  facet normal 0 0 -1
    outer loop
      vertex 24.9635 -1.16788 0
      vertex 22.7332 1.22052 0
      vertex 24.9797 1.22052 0
    endloop
  endfacet
  facet normal 0 0 -1
    outer loop
      vertex 20.1662 -1.18086 0
      vertex 22.717 -1.17395 0
      vertex 20.1798 -6.16722 0
    endloop
  endfacet
  facet normal 0 -0 -1
    outer loop
      vertex 24.9797 1.22052 0
      vertex 27.5141 -1.16087 0
      vertex 24.9635 -1.16788 0
    endloop
  endfacet
  facet normal -0 0 -1
    outer loop
      vertex 27.5324 -7.84482 0
      vertex 24.9817 -7.85184 0
      vertex 24.9635 -1.16788 0
    endloop
  endfacet
  facet normal 0 0 -1
    outer loop
      vertex 27.5305 1.22052 0
      vertex 31.8972 1.22052 0
      vertex 31.8895 -1.149 0
    endloop
  endfacet
  facet normal 0 0 -1
    outer loop
      vertex 27.5141 -1.16087 0
      vertex 24.9797 1.22052 0
      vertex 27.5305 1.22052 0
    endloop
  endfacet
  facet normal 0 0 -1
    outer loop
      vertex 31.8895 -1.149 0
      vertex 31.8972 1.22052 0
      vertex 34.471 1.2196 0
    endloop
  endfacet
  facet normal 0 0 -1
    outer loop
      vertex 34.51 -6.81728 0
      vertex 33.9293 -6.0892 0
      vertex 36.0825 -4.87799 0
    endloop
  endfacet
  facet normal 0 -0 -1
    outer loop
      vertex 36.9806 -5.89897 0
      vertex 38.036 -6.81615 0
      vertex 35.801 -8.10446 0
    endloop
  endfacet
  facet normal 0 0 -1
    outer loop
      vertex 38.036 -6.81615 0
      vertex 37.2271 -9.17931 0
      vertex 36.4932 -8.66269 0
    endloop
  endfacet
  facet normal 0 0 -1
    outer loop
      vertex 38.8076 -10.0814 0
      vertex 39.2334 -7.61552 0
      vertex 40.5575 -8.28345 0
    endloop
  endfacet
  facet normal 0 0 -1
    outer loop
      vertex 40.5166 -10.7982 0
      vertex 40.5575 -8.28345 0
      vertex 41.9927 -8.80595 0
    endloop
  endfacet
  facet normal 0 0 -1
    outer loop
      vertex 41.4112 -11.0831 0
      vertex 40.5166 -10.7982 0
      vertex 41.9927 -8.80595 0
    endloop
  endfacet
  facet normal -0 0 -1
    outer loop
      vertex 47.044 -16.9369 0
      vertex 46.4888 -18.4062 0
      vertex 39.6551 -16.2808 0
    endloop
  endfacet
  facet normal 0 0 -1
    outer loop
      vertex 47.044 -16.9369 0
      vertex 40.6141 -13.7191 0
      vertex 47.5528 -15.4508 0
    endloop
  endfacet
  facet normal 0 0 -1
    outer loop
      vertex 47.044 -16.9369 0
      vertex 39.6551 -16.2808 0
      vertex 40.6141 -13.7191 0
    endloop
  endfacet
  facet normal 0 0 -1
    outer loop
      vertex 34.471 1.2196 0
      vertex 42.8663 1.2196 0
      vertex 34.4855 -1.3302 0
    endloop
  endfacet
  facet normal 0 0 -1
    outer loop
      vertex 42.3306 -6.97453 0
      vertex 42.59 -5.11693 0
      vertex 49.6057 -6.26665 0
    endloop
  endfacet
  facet normal 0 0 -1
    outer loop
      vertex 40.6141 -13.7191 0
      vertex 48.0147 -13.9496 0
      vertex 47.5528 -15.4508 0
    endloop
  endfacet
  facet normal -0 0 -1
    outer loop
      vertex 49.3844 -7.82172 0
      vertex 49.1143 -9.36906 0
      vertex 42.3306 -6.97453 0
    endloop
  endfacet
  facet normal -0 0 -1
    outer loop
      vertex 48.4292 -12.4345 0
      vertex 48.0147 -13.9496 0
      vertex 41.4112 -11.0831 0
    endloop
  endfacet
  facet normal 0 -0 -1
    outer loop
      vertex 41.4112 -11.0831 0
      vertex 48.0147 -13.9496 0
      vertex 40.6141 -13.7191 0
    endloop
  endfacet
  facet normal 0 0 -1
    outer loop
      vertex 41.9927 -8.80595 0
      vertex 49.1143 -9.36906 0
      vertex 48.7958 -10.9072 0
    endloop
  endfacet
  facet normal 0 0 -1
    outer loop
      vertex 48.4292 -12.4345 0
      vertex 41.4112 -11.0831 0
      vertex 48.7958 -10.9072 0
    endloop
  endfacet
  facet normal 0 0 -1
    outer loop
      vertex 45.2413 -21.289 0
      vertex 38.5406 -18.7622 0
      vertex 45.8877 -19.8574 0
    endloop
  endfacet
  facet normal -0 0 -1
    outer loop
      vertex 44.5503 -22.6995 0
      vertex 43.8153 -24.0877 0
      vertex 37.2763 -21.1575 0
    endloop
  endfacet
  facet normal -0 0 -1
    outer loop
      vertex 43.0371 -25.4521 0
      vertex 42.2164 -26.7913 0
      vertex 35.9053 -23.529 0
    endloop
  endfacet
  facet normal 0 0 -1
    outer loop
      vertex 36.4191 -20.7229 0
      vertex 35.9053 -23.529 0
      vertex 34.5018 -22.8707 0
    endloop
  endfacet
  facet normal 0 -0 -1
    outer loop
      vertex 32.8549 -19.5552 0
      vertex 33.081 -22.4001 0
      vertex 31.6619 -22.118 0
    endloop
  endfacet
  facet normal -0 0 -1
    outer loop
      vertex 31.949 -19.4119 0
      vertex 31.6619 -22.118 0
      vertex 31.0447 -19.3306 0
    endloop
  endfacet
  facet normal -0 0 -1
    outer loop
      vertex 31.0447 -19.3306 0
      vertex 30.2639 -22.0248 0
      vertex 30.1457 -19.3123 0
    endloop
  endfacet
  facet normal -0 0 -1
    outer loop
      vertex 29.5789 -22.0494 0
      vertex 28.9062 -22.1214 0
      vertex 29.222 -19.3618 0
    endloop
  endfacet
  facet normal -0 0 -1
    outer loop
      vertex 28.9062 -22.1214 0
      vertex 28.2485 -22.241 0
      vertex 28.3152 -19.4816 0
    endloop
  endfacet
  facet normal 0 0 -1
    outer loop
      vertex 38.5257 -31.8712 0
      vertex 32.4741 -28.0824 0
      vertex 33.6831 -26.6173 0
    endloop
  endfacet
  facet normal 0 0 -1
    outer loop
      vertex 27.4301 -19.6697 0
      vertex 28.2485 -22.241 0
      vertex 27.608 -22.4082 0
    endloop
  endfacet
  facet normal 0 0 -1
    outer loop
      vertex 26.5712 -19.9245 0
      vertex 27.608 -22.4082 0
      vertex 26.9871 -22.6232 0
    endloop
  endfacet
  facet normal 0 0 -1
    outer loop
      vertex 25.7429 -20.2444 0
      vertex 26.5712 -19.9245 0
      vertex 26.9871 -22.6232 0
    endloop
  endfacet
  facet normal 0 0 -1
    outer loop
      vertex 24.9499 -20.6279 0
      vertex 25.7429 -20.2444 0
      vertex 26.3884 -22.886 0
    endloop
  endfacet
  facet normal -0 0 -1
    outer loop
      vertex 37.5055 -33.0656 0
      vertex 36.4484 -34.2273 0
      vertex 31.2027 -29.4921 0
    endloop
  endfacet
  facet normal 0 0 -1
    outer loop
      vertex 24.1965 -21.073 0
      vertex 24.9499 -20.6279 0
      vertex 25.8143 -23.1968 0
    endloop
  endfacet
  facet normal 0 0 -1
    outer loop
      vertex 23.4875 -21.5785 0
      vertex 24.1965 -21.073 0
      vertex 25.2669 -23.5554 0
    endloop
  endfacet
  facet normal 0 0 -1
    outer loop
      vertex 21.6492 -23.5452 0
      vertex 23.4875 -21.5785 0
      vertex 25.2669 -23.5554 0
    endloop
  endfacet
  facet normal 0 0 -1
    outer loop
      vertex -7.50464 -1.33356 0
      vertex -7.50546 1.21626 0
      vertex -3.11739 1.21626 0
    endloop
  endfacet
  facet normal 0 0 -1
    outer loop
      vertex 1.2392 -3.13434 0
      vertex -3.11566 -1.33356 0
      vertex -1.31488 3.02039 0
    endloop
  endfacet
  facet normal 0 0 -1
    outer loop
      vertex -4.4119 -6.23732 0
      vertex -6.21602 -4.43401 0
      vertex -3.11566 -1.33356 0
    endloop
  endfacet
  facet normal 0 0 -1
    outer loop
      vertex 9.73763 -2.53511 0
      vertex 7.42978 -1.3302 0
      vertex 9.99158 -1.20856 0
    endloop
  endfacet
  facet normal 0 0 -1
    outer loop
      vertex 7.42978 -1.3302 0
      vertex 3.04169 -1.3302 0
      vertex 7.42896 1.2196 0
    endloop
  endfacet
  facet normal 0 0 -1
    outer loop
      vertex 9.31122 -3.80762 0
      vertex 7.24106 -2.15485 0
      vertex 9.73763 -2.53511 0
    endloop
  endfacet
  facet normal 0 0 -1
    outer loop
      vertex 8.71756 -5.01283 0
      vertex 6.96175 -2.951 0
      vertex 9.31122 -3.80762 0
    endloop
  endfacet
  facet normal 0 0 -1
    outer loop
      vertex 8.71756 -5.01283 0
      vertex 6.59447 -3.71184 0
      vertex 6.96175 -2.951 0
    endloop
  endfacet
  facet normal 0 0 -1
    outer loop
      vertex 41.4112 -11.0831 0
      vertex 41.9927 -8.80595 0
      vertex 48.7958 -10.9072 0
    endloop
  endfacet
  facet normal 0 0 -1
    outer loop
      vertex 49.9013 -3.13951 0
      vertex 49.7781 -4.70541 0
      vertex 42.7691 -3.23497 0
    endloop
  endfacet
  facet normal -0 0 -1
    outer loop
      vertex 39.2334 -7.61552 0
      vertex 37.2271 -9.17931 0
      vertex 38.036 -6.81615 0
    endloop
  endfacet
  facet normal 0 0 -1
    outer loop
      vertex 35.801 -8.10446 0
      vertex 35.1538 -7.50627 0
      vertex 36.9806 -5.89897 0
    endloop
  endfacet
  facet normal 0 0 -1
    outer loop
      vertex 34.51 -6.81728 0
      vertex 36.0825 -4.87799 0
      vertex 36.9806 -5.89897 0
    endloop
  endfacet
  facet normal 0 0 -1
    outer loop
      vertex 33.9293 -6.0892 0
      vertex 35.6971 -4.33287 0
      vertex 36.0825 -4.87799 0
    endloop
  endfacet
  facet normal 0 0 -1
    outer loop
      vertex 33.4137 -5.32655 0
      vertex 35.3569 -3.76694 0
      vertex 35.6971 -4.33287 0
    endloop
  endfacet
  facet normal 0 0 -1
    outer loop
      vertex 32.9655 -4.53365 0
      vertex 35.0637 -3.18202 0
      vertex 35.3569 -3.76694 0
    endloop
  endfacet
  facet normal 0 0 -1
    outer loop
      vertex 32.5868 -3.71509 0
      vertex 34.8195 -2.57976 0
      vertex 35.0637 -3.18202 0
    endloop
  endfacet
  facet normal 0 0 -1
    outer loop
      vertex 32.5868 -3.71509 0
      vertex 32.2797 -2.87511 0
      vertex 34.8195 -2.57976 0
    endloop
  endfacet
  facet normal 0 0 -1
    outer loop
      vertex 32.2797 -2.87511 0
      vertex 32.0466 -2.0183 0
      vertex 34.6261 -1.96187 0
    endloop
  endfacet
  facet normal -0 0 -1
    outer loop
      vertex 34.6261 -1.96187 0
      vertex 32.0466 -2.0183 0
      vertex 34.4855 -1.3302 0
    endloop
  endfacet
  facet normal 0 -0 -1
    outer loop
      vertex 34.471 1.2196 0
      vertex 34.4855 -1.3302 0
      vertex 31.8895 -1.149 0
    endloop
  endfacet
  facet normal -0 0 -1
    outer loop
      vertex 34.4855 -1.3302 0
      vertex 32.0466 -2.0183 0
      vertex 31.8895 -1.149 0
    endloop
  endfacet
  facet normal 0 -0 -1
    outer loop
      vertex 42.8663 -1.3302 0
      vertex 49.9013 -3.13951 0
      vertex 42.7691 -3.23497 0
    endloop
  endfacet
  facet normal 0 -0 -1
    outer loop
      vertex 42.7691 -3.23497 0
      vertex 49.7781 -4.70541 0
      vertex 42.59 -5.11693 0
    endloop
  endfacet
  facet normal 0 0 -1
    outer loop
      vertex 42.59 -5.11693 0
      vertex 49.7781 -4.70541 0
      vertex 49.6057 -6.26665 0
    endloop
  endfacet
  facet normal 0 0 -1
    outer loop
      vertex 41.9927 -8.80595 0
      vertex 42.3306 -6.97453 0
      vertex 49.1143 -9.36906 0
    endloop
  endfacet
  facet normal 0 0 -1
    outer loop
      vertex 42.3306 -6.97453 0
      vertex 49.6057 -6.26665 0
      vertex 49.3844 -7.82172 0
    endloop
  endfacet
  facet normal 0 0 -1
    outer loop
      vertex -13.9496 -48.0147 0
      vertex -11.2706 -41.4944 0
      vertex -12.4345 -48.4292 0
    endloop
  endfacet
  facet normal 0 0 -1
    outer loop
      vertex -15.4508 -47.5528 0
      vertex -13.9044 -40.6898 0
      vertex -13.9496 -48.0147 0
    endloop
  endfacet
  facet normal 0 0 -1
    outer loop
      vertex -15.4619 1.21535 0
      vertex -10.0843 1.21535 0
      vertex -15.4619 -1.33366 0
    endloop
  endfacet
  facet normal 0 0 -1
    outer loop
      vertex -18.0126 -4.85416 0
      vertex -18.0126 -1.33366 0
      vertex -15.4619 -4.85416 0
    endloop
  endfacet
  facet normal 0 0 -1
    outer loop
      vertex -15.4619 -4.85416 0
      vertex -18.0126 -1.33366 0
      vertex -15.4619 -1.33366 0
    endloop
  endfacet
  facet normal 0 -0 -1
    outer loop
      vertex -7.50546 1.21626 0
      vertex -7.50464 -1.33356 0
      vertex -10.0834 -1.33366 0
    endloop
  endfacet
  facet normal 0 0 -1
    outer loop
      vertex 1.2392 -3.13434 0
      vertex -1.31488 3.02039 0
      vertex 3.03998 1.2196 0
    endloop
  endfacet
  facet normal 0 0 -1
    outer loop
      vertex -3.11566 -1.33356 0
      vertex -7.50464 -1.33356 0
      vertex -3.11739 1.21626 0
    endloop
  endfacet
  facet normal 0 0 -1
    outer loop
      vertex -27.6069 -8.01761 0
      vertex -27.6069 -1.33366 0
      vertex -25.0563 -8.01761 0
    endloop
  endfacet
  facet normal 0 0 -1
    outer loop
      vertex -22.6037 -27.0816 0
      vertex -20.3893 -25.8007 0
      vertex -20.0716 -26.6298 0
    endloop
  endfacet
  facet normal 0 0 -1
    outer loop
      vertex -34.5669 -22.9453 0
      vertex -35.5941 -20.6091 0
      vertex -34.7294 -20.2881 0
    endloop
  endfacet
  facet normal 0 0 -1
    outer loop
      vertex -25.0563 -8.01761 0
      vertex -27.6069 -1.33366 0
      vertex -25.0563 -1.33366 0
    endloop
  endfacet
  facet normal 0 0 -1
    outer loop
      vertex -31.2053 -19.5697 0
      vertex -30.3247 -19.5372 0
      vertex -30.3239 -19.538 0
    endloop
  endfacet
  facet normal 0 -0 -1
    outer loop
      vertex -18.7625 -9.92828 0
      vertex -17.0402 -15.2573 0
      vertex -20.5659 -11.7316 0
    endloop
  endfacet
  facet normal 0 0 -1
    outer loop
      vertex -34.5669 -22.9453 0
      vertex -36.4457 -20.9844 0
      vertex -35.5941 -20.6091 0
    endloop
  endfacet
  facet normal -0 0 -1
    outer loop
      vertex -34.5669 -22.9453 0
      vertex -35.9417 -23.5878 0
      vertex -36.4457 -20.9844 0
    endloop
  endfacet
  facet normal -0 0 -1
    outer loop
      vertex -38.5553 -19.0231 0
      vertex -45.2413 -21.289 0
      vertex -39.6805 -16.5465 0
    endloop
  endfacet
  facet normal 0 0 -1
    outer loop
      vertex -39.6805 -16.5465 0
      vertex -45.2413 -21.289 0
      vertex -45.8877 -19.8574 0
    endloop
  endfacet
  facet normal 0 0 -1
    outer loop
      vertex -35.3913 -3.80182 0
      vertex -32.9944 -4.67964 0
      vertex -33.424 -5.46614 0
    endloop
  endfacet
  facet normal 0 -0 -1
    outer loop
      vertex -36.4457 -20.9844 0
      vertex -35.9417 -23.5878 0
      vertex -37.2806 -21.4129 0
    endloop
  endfacet
  facet normal 0 0 -1
    outer loop
      vertex -32.5364 -28.0969 0
      vertex -37.5055 -33.0656 0
      vertex -38.5257 -31.8712 0
    endloop
  endfacet
  facet normal 0 0 -1
    outer loop
      vertex -29.4725 -31.2979 0
      vertex -31.2758 -29.4938 0
      vertex -25.3502 -23.5682 0
    endloop
  endfacet
  facet normal 0 0 -1
    outer loop
      vertex -47.5528 -15.4508 0
      vertex -40.6504 -13.989 0
      vertex -47.044 -16.9369 0
    endloop
  endfacet
  facet normal 0 0 -1
    outer loop
      vertex -44.5503 -22.6995 0
      vertex -38.5553 -19.0231 0
      vertex -43.8153 -24.0877 0
    endloop
  endfacet
  facet normal 0 0 -1
    outer loop
      vertex -44.5503 -22.6995 0
      vertex -45.2413 -21.289 0
      vertex -38.5553 -19.0231 0
    endloop
  endfacet
  facet normal 0 -0 -1
    outer loop
      vertex -33.7356 -26.6456 0
      vertex -32.5364 -28.0969 0
      vertex -38.5257 -31.8712 0
    endloop
  endfacet
  facet normal 0 0 -1
    outer loop
      vertex -39.5077 -30.6453 0
      vertex -40.4508 -29.3893 0
      vertex -34.8715 -25.1419 0
    endloop
  endfacet
  facet normal 0 -0 -1
    outer loop
      vertex -38.5553 -19.0231 0
      vertex -37.2806 -21.4129 0
      vertex -43.8153 -24.0877 0
    endloop
  endfacet
  facet normal 0 -0 -1
    outer loop
      vertex -35.9417 -23.5878 0
      vertex -34.8715 -25.1419 0
      vertex -41.354 -28.1042 0
    endloop
  endfacet
  facet normal 0 0 -1
    outer loop
      vertex -42.2164 -26.7913 0
      vertex -43.0371 -25.4521 0
      vertex -37.2806 -21.4129 0
    endloop
  endfacet
  facet normal 0 0 -1
    outer loop
      vertex -37.2806 -21.4129 0
      vertex -43.0371 -25.4521 0
      vertex -43.8153 -24.0877 0
    endloop
  endfacet
  facet normal -0 0 -1
    outer loop
      vertex -39.6805 -16.5465 0
      vertex -46.4888 -18.4062 0
      vertex -40.6504 -13.989 0
    endloop
  endfacet
  facet normal 0 0 -1
    outer loop
      vertex -40.5444 -11.0603 0
      vertex -40.5953 -8.34999 0
      vertex -39.6567 -10.7121 0
    endloop
  endfacet
  facet normal 0 0 -1
    outer loop
      vertex -48.0147 -13.9496 0
      vertex -41.4591 -11.3567 0
      vertex -47.5528 -15.4508 0
    endloop
  endfacet
  facet normal 0 0 -1
    outer loop
      vertex -48.4292 -12.4345 0
      vertex -42.054 -8.87666 0
      vertex -41.4591 -11.3567 0
    endloop
  endfacet
  facet normal -0 0 -1
    outer loop
      vertex -40.5444 -11.0603 0
      vertex -41.4591 -11.3567 0
      vertex -42.054 -8.87666 0
    endloop
  endfacet
  facet normal 0 0 -1
    outer loop
      vertex -48.7958 -10.9072 0
      vertex -49.1143 -9.36906 0
      vertex -42.054 -8.87666 0
    endloop
  endfacet
  facet normal 0 0 -1
    outer loop
      vertex -37.977 -9.86729 0
      vertex -39.2573 -7.67813 0
      vertex -37.192 -9.3744 0
    endloop
  endfacet
  facet normal 0 0 -1
    outer loop
      vertex -38.0538 -6.87428 0
      vertex -35.7494 -8.25674 0
      vertex -36.4483 -8.8369 0
    endloop
  endfacet
  facet normal 0 -0 -1
    outer loop
      vertex -36.1068 -4.92293 0
      vertex -34.4783 -6.94864 0
      vertex -36.5316 -5.4496 0
    endloop
  endfacet
  facet normal -0 0 -1
    outer loop
      vertex -33.424 -5.46614 0
      vertex -33.9194 -6.22394 0
      vertex -35.726 -4.37314 0
    endloop
  endfacet
  facet normal 0 0 -1
    outer loop
      vertex -35.1042 -3.21074 0
      vertex -32.6325 -3.86877 0
      vertex -32.9944 -4.67964 0
    endloop
  endfacet
  facet normal 0 0 -1
    outer loop
      vertex -42.942 -1.33446 0
      vertex -42.9429 1.21626 0
      vertex -34.562 1.21626 0
    endloop
  endfacet
  facet normal 0 0 -1
    outer loop
      vertex -31.9823 1.21535 0
      vertex -27.6069 1.21535 0
      vertex -31.9738 -1.33366 0
    endloop
  endfacet
  facet normal 0 0 -1
    outer loop
      vertex -31.9738 -1.33366 0
      vertex -27.6069 1.21535 0
      vertex -27.6069 -1.33366 0
    endloop
  endfacet
  facet normal 0 -0 -1
    outer loop
      vertex -34.6801 -1.97537 0
      vertex -32.3403 -3.03784 0
      vertex -34.8666 -2.60127 0
    endloop
  endfacet
  facet normal 0 0 -1
    outer loop
      vertex -34.6801 -1.97537 0
      vertex -32.1201 -2.19139 0
      vertex -32.3403 -3.03784 0
    endloop
  endfacet
  facet normal 0 0 -1
    outer loop
      vertex -34.6801 -1.97537 0
      vertex -34.5467 -1.33446 0
      vertex -32.1201 -2.19139 0
    endloop
  endfacet
  facet normal 0 0 -1
    outer loop
      vertex -32.1201 -2.19139 0
      vertex -34.5467 -1.33446 0
      vertex -31.9738 -1.33366 0
    endloop
  endfacet
  facet normal -0 0 -1
    outer loop
      vertex -31.9738 -1.33366 0
      vertex -34.5467 -1.33446 0
      vertex -31.9823 1.21535 0
    endloop
  endfacet
  facet normal -0 0 -1
    outer loop
      vertex -31.9823 1.21535 0
      vertex -34.5467 -1.33446 0
      vertex -34.562 1.21626 0
    endloop
  endfacet
  facet normal 0 0 -1
    outer loop
      vertex -25.0563 -1.33366 0
      vertex -27.6069 1.21535 0
      vertex -25.0563 1.21535 0
    endloop
  endfacet
  facet normal 0 0 -1
    outer loop
      vertex -27.6069 -1.33366 0
      vertex -27.6069 1.21535 0
      vertex -25.0563 -1.33366 0
    endloop
  endfacet
  facet normal 0 0 -1
    outer loop
      vertex -25.0563 -1.33366 0
      vertex -25.0563 1.21535 0
      vertex -22.8098 -1.33366 0
    endloop
  endfacet
  facet normal 0 0 -1
    outer loop
      vertex -22.8098 -1.33366 0
      vertex -22.8098 1.21535 0
      vertex -20.259 -1.33366 0
    endloop
  endfacet
  facet normal 0 0 -1
    outer loop
      vertex -20.259 1.21535 0
      vertex -18.0126 1.21535 0
      vertex -18.0126 -1.33366 0
    endloop
  endfacet
  facet normal 0 0 -1
    outer loop
      vertex -20.259 1.21535 0
      vertex -18.0126 -1.33366 0
      vertex -20.259 -1.33366 0
    endloop
  endfacet
  facet normal 0 0 -1
    outer loop
      vertex -7.31572 -2.15862 0
      vertex -9.39522 -3.93036 0
      vertex -9.8255 -2.6593 0
    endloop
  endfacet
  facet normal 0 0 -1
    outer loop
      vertex -22.8098 -1.33366 0
      vertex -20.259 -1.33366 0
      vertex -20.259 -6.43588 0
    endloop
  endfacet
  facet normal 0 0 -1
    outer loop
      vertex -18.0126 1.21535 0
      vertex -15.4619 -1.33366 0
      vertex -18.0126 -1.33366 0
    endloop
  endfacet
  facet normal 0 0 -1
    outer loop
      vertex -9.8255 -2.6593 0
      vertex -7.50464 -1.33356 0
      vertex -7.31572 -2.15862 0
    endloop
  endfacet
  facet normal -0 0 -1
    outer loop
      vertex -6.66864 -3.71538 0
      vertex -9.39522 -3.93036 0
      vertex -7.03612 -2.95476 0
    endloop
  endfacet
  facet normal 0 0 -1
    outer loop
      vertex -13.6483 -11.8654 0
      vertex -15.9733 -9.54051 0
      vertex -14.1699 -7.73729 0
    endloop
  endfacet
  facet normal 0 0 -1
    outer loop
      vertex -15.4619 -1.33366 0
      vertex -18.0126 1.21535 0
      vertex -15.4619 1.21535 0
    endloop
  endfacet
  facet normal 0 0 -1
    outer loop
      vertex -9.8255 -2.6593 0
      vertex -10.0834 -1.33366 0
      vertex -7.50464 -1.33356 0
    endloop
  endfacet
  facet normal 0 0 -1
    outer loop
      vertex -10.0834 -1.33366 0
      vertex -15.4619 -1.33366 0
      vertex -10.0843 1.21535 0
    endloop
  endfacet
  facet normal 0 -0 -1
    outer loop
      vertex -7.31572 -2.15862 0
      vertex -7.03612 -2.95476 0
      vertex -9.39522 -3.93036 0
    endloop
  endfacet
  facet normal 0 0 -1
    outer loop
      vertex -9.39522 -3.93036 0
      vertex -6.66864 -3.71538 0
      vertex -8.79793 -5.13367 0
    endloop
  endfacet
  facet normal -0 0 -1
    outer loop
      vertex -6.21602 -4.43401 0
      vertex -8.79793 -5.13367 0
      vertex -6.66864 -3.71538 0
    endloop
  endfacet
  facet normal 0 0 -1
    outer loop
      vertex -11.8442 -13.6696 0
      vertex -15.2369 -13.4539 0
      vertex -13.6483 -11.8654 0
    endloop
  endfacet
  facet normal 0 -0 -1
    outer loop
      vertex -5.49243 -33.5113 0
      vertex -4.31419 -35.7924 0
      vertex -6.2565 -34.0248 0
    endloop
  endfacet
  facet normal -0 0 -1
    outer loop
      vertex -19.819 -27.4895 0
      vertex -22.3887 -27.7023 0
      vertex -20.0716 -26.6298 0
    endloop
  endfacet
  facet normal -0 0 -1
    outer loop
      vertex -11.845 -10.0621 0
      vertex -13.6483 -11.8654 0
      vertex -14.1699 -7.73729 0
    endloop
  endfacet
  facet normal 0 0 -1
    outer loop
      vertex -5.09827 -42.6855 0
      vertex -3.21622 -42.864 0
      vertex -4.70541 -49.7781 0
    endloop
  endfacet
  facet normal 0 -0 -1
    outer loop
      vertex -23.3553 -12.1194 0
      vertex -20.432 -18.6491 0
      vertex -25.1586 -13.9227 0
    endloop
  endfacet
  facet normal 0 0 -1
    outer loop
      vertex -19.4898 -31.105 0
      vertex -19.5737 -32.009 0
      vertex -22.0984 -31.7564 0
    endloop
  endfacet
  facet normal 0 0 -1
    outer loop
      vertex -17.0402 -15.2573 0
      vertex -18.7625 -9.92828 0
      vertex -15.2369 -13.4539 0
    endloop
  endfacet
  facet normal 0 0 -1
    outer loop
      vertex -22.8511 -34.5963 0
      vertex -22.3806 -33.1754 0
      vertex -20.1917 -34.715 0
    endloop
  endfacet
  facet normal -0 0 -1
    outer loop
      vertex -18.6287 -16.8459 0
      vertex -20.432 -18.6491 0
      vertex -23.3553 -12.1194 0
    endloop
  endfacet
  facet normal 0 0 -1
    outer loop
      vertex -40.5444 -11.0603 0
      vertex -42.054 -8.87666 0
      vertex -40.5953 -8.34999 0
    endloop
  endfacet
  facet normal 0 0 -1
    outer loop
      vertex -49.1143 -9.36906 0
      vertex -49.3844 -7.82172 0
      vertex -42.3975 -7.02962 0
    endloop
  endfacet
  facet normal 0 0 -1
    outer loop
      vertex -49.3844 -7.82172 0
      vertex -49.6057 -6.26665 0
      vertex -42.6612 -5.15569 0
    endloop
  endfacet
  facet normal 0 0 -1
    outer loop
      vertex -42.6612 -5.15569 0
      vertex -49.7781 -4.70541 0
      vertex -42.8433 -3.25679 0
    endloop
  endfacet
  facet normal 0 0 -1
    outer loop
      vertex -42.8433 -3.25679 0
      vertex -49.9013 -3.13951 0
      vertex -42.942 -1.33446 0
    endloop
  endfacet
  facet normal 0 -0 -1
    outer loop
      vertex -42.9429 1.21626 0
      vertex -42.942 -1.33446 0
      vertex -50 0 0
    endloop
  endfacet
  facet normal 0 0 -1
    outer loop
      vertex -42.942 -1.33446 0
      vertex -49.9013 -3.13951 0
      vertex -49.9753 -1.57053 0
    endloop
  endfacet
  facet normal -0 0 -1
    outer loop
      vertex -32.3403 -3.03784 0
      vertex -32.6325 -3.86877 0
      vertex -34.8666 -2.60127 0
    endloop
  endfacet
  facet normal 0 0 -1
    outer loop
      vertex -34.5467 -1.33446 0
      vertex -42.942 -1.33446 0
      vertex -34.562 1.21626 0
    endloop
  endfacet
  facet normal 0 0 -1
    outer loop
      vertex -32.9944 -4.67964 0
      vertex -35.3913 -3.80182 0
      vertex -35.1042 -3.21074 0
    endloop
  endfacet
  facet normal 0 0 -1
    outer loop
      vertex -33.424 -5.46614 0
      vertex -35.726 -4.37314 0
      vertex -35.3913 -3.80182 0
    endloop
  endfacet
  facet normal 0 0 -1
    outer loop
      vertex -33.9194 -6.22394 0
      vertex -36.1068 -4.92293 0
      vertex -35.726 -4.37314 0
    endloop
  endfacet
  facet normal -0 0 -1
    outer loop
      vertex -33.9194 -6.22394 0
      vertex -34.4783 -6.94864 0
      vertex -36.1068 -4.92293 0
    endloop
  endfacet
  facet normal -0 0 -1
    outer loop
      vertex -34.4783 -6.94864 0
      vertex -35.0989 -7.63583 0
      vertex -36.5316 -5.4496 0
    endloop
  endfacet
  facet normal 0 -0 -1
    outer loop
      vertex -36.5316 -5.4496 0
      vertex -35.0989 -7.63583 0
      vertex -36.9989 -5.95152 0
    endloop
  endfacet
  facet normal 0 -0 -1
    outer loop
      vertex -36.9989 -5.95152 0
      vertex -35.7494 -8.25674 0
      vertex -38.0538 -6.87428 0
    endloop
  endfacet
  facet normal 0 0 -1
    outer loop
      vertex -38.0538 -6.87428 0
      vertex -36.4483 -8.8369 0
      vertex -37.192 -9.3744 0
    endloop
  endfacet
  facet normal 0 0 -1
    outer loop
      vertex -39.2573 -7.67813 0
      vertex -38.0538 -6.87428 0
      vertex -37.192 -9.3744 0
    endloop
  endfacet
  facet normal 0 0 -1
    outer loop
      vertex -38.7997 -10.3138 0
      vertex -39.2573 -7.67813 0
      vertex -37.977 -9.86729 0
    endloop
  endfacet
  facet normal 0 0 -1
    outer loop
      vertex -39.6567 -10.7121 0
      vertex -40.5953 -8.34999 0
      vertex -38.7997 -10.3138 0
    endloop
  endfacet
  facet normal 0 -0 -1
    outer loop
      vertex 3.62082 -6.68781 0
      vertex 3.83592 -9.41357 0
      vertex 2.85999 -7.05559 0
    endloop
  endfacet
  facet normal 0 0 -1
    outer loop
      vertex 1.2392 -3.13434 0
      vertex 6.14206 -4.43057 0
      vertex 4.33966 -6.23479 0
    endloop
  endfacet
  facet normal -0 0 -1
    outer loop
      vertex 3.04169 -1.3302 0
      vertex 1.2392 -3.13434 0
      vertex 3.03998 1.2196 0
    endloop
  endfacet
  facet normal 0 0 -1
    outer loop
      vertex 4.33966 -6.23479 0
      vertex 6.14206 -4.43057 0
      vertex 7.96222 -6.13748 0
    endloop
  endfacet
  facet normal -0 0 -1
    outer loop
      vertex 5.03922 -8.81619 0
      vertex 3.83592 -9.41357 0
      vertex 3.62082 -6.68781 0
    endloop
  endfacet
  facet normal 0 0 -1
    outer loop
      vertex 2.56494 -9.84407 0
      vertex 1.2392 -7.52422 0
      vertex 2.06384 -7.33531 0
    endloop
  endfacet
  facet normal 0 0 -1
    outer loop
      vertex 1.2392 -7.52422 0
      vertex -1.3098 -10.1004 0
      vertex -1.31143 -7.52502 0
    endloop
  endfacet
  facet normal 0 0 -1
    outer loop
      vertex -1.3098 -18.0288 0
      vertex -1.3098 -15.478 0
      vertex 1.2392 -15.4806 0
    endloop
  endfacet
  facet normal 0 0 -1
    outer loop
      vertex -15.2361 -17.0606 0
      vertex -15.2369 -13.4539 0
      vertex -13.4327 -15.2582 0
    endloop
  endfacet
  facet normal 0 0 -1
    outer loop
      vertex -1.31143 -3.13687 0
      vertex 1.2392 -3.13434 0
      vertex 1.2392 -7.52422 0
    endloop
  endfacet
  facet normal 0 0 -1
    outer loop
      vertex -1.31143 -7.52502 0
      vertex -1.31143 -3.13687 0
      vertex 1.2392 -7.52422 0
    endloop
  endfacet
  facet normal -0 0 -1
    outer loop
      vertex -7.55151 -14.3556 0
      vertex -9.35484 -16.1589 0
      vertex -10.0408 -11.8663 0
    endloop
  endfacet
  facet normal 0 0 -1
    outer loop
      vertex -6.23306 -8.05769 0
      vertex -6.21602 -4.43401 0
      vertex -4.4119 -6.23732 0
    endloop
  endfacet
  facet normal 0 0 -1
    outer loop
      vertex -6.23306 -8.05769 0
      vertex -8.03891 -6.2561 0
      vertex -6.21602 -4.43401 0
    endloop
  endfacet
  facet normal -0 0 -1
    outer loop
      vertex 1.2392 -3.13434 0
      vertex -1.31143 -3.13687 0
      vertex -3.11566 -1.33356 0
    endloop
  endfacet
  facet normal -0 0 -1
    outer loop
      vertex -1.31143 -3.13687 0
      vertex -4.4119 -6.23732 0
      vertex -3.11566 -1.33356 0
    endloop
  endfacet
  facet normal -0 0 -1
    outer loop
      vertex -19.5162 -29.2822 0
      vertex -22.0298 -29.6732 0
      vertex -22.1018 -29.0006 0
    endloop
  endfacet
  facet normal 0 0 -1
    outer loop
      vertex -6.26665 -49.6057 0
      vertex -7.82172 -49.3844 0
      vertex -6.95575 -42.4257 0
    endloop
  endfacet
  facet normal 0 0 -1
    outer loop
      vertex -21.289 -45.2413 0
      vertex -22.6995 -44.5503 0
      vertex -18.942 -38.6025 0
    endloop
  endfacet
  facet normal 0 0 -1
    outer loop
      vertex -26.5978 -33.7782 0
      vertex -30.6453 -39.5077 0
      vertex -31.8712 -38.5257 0
    endloop
  endfacet
  facet normal -0 0 -1
    outer loop
      vertex -18.942 -38.6025 0
      vertex -24.0877 -43.8153 0
      vertex -21.3337 -37.3317 0
    endloop
  endfacet
  facet normal 0 -0 -1
    outer loop
      vertex -19.819 -27.4895 0
      vertex -19.6334 -28.3751 0
      vertex -22.2215 -28.3428 0
    endloop
  endfacet
  facet normal 0 0 -1
    outer loop
      vertex -25.4521 -43.0371 0
      vertex -26.7913 -42.2164 0
      vertex -23.5095 -35.9997 0
    endloop
  endfacet
  facet normal 0 0 -1
    outer loop
      vertex -19.4898 -31.105 0
      vertex -22.0052 -30.3584 0
      vertex -19.469 -30.2062 0
    endloop
  endfacet
  facet normal 0 0 -1
    outer loop
      vertex -20.8968 -36.4757 0
      vertex -22.8511 -34.5963 0
      vertex -20.5157 -35.6023 0
    endloop
  endfacet
  facet normal 0 0 -1
    outer loop
      vertex -30.6453 -39.5077 0
      vertex -25.0792 -34.9224 0
      vertex -29.3893 -40.4508 0
    endloop
  endfacet
  facet normal 0 0 -1
    outer loop
      vertex -8.27673 -35.8913 0
      vertex -7.67671 -35.2454 0
      vertex -5.88029 -37.0759 0
    endloop
  endfacet
  facet normal 0 0 -1
    outer loop
      vertex -20.3893 -25.8007 0
      vertex -22.6037 -27.0816 0
      vertex -22.8665 -26.4828 0
    endloop
  endfacet
  facet normal 0 0 -1
    outer loop
      vertex -18.6287 -16.8459 0
      vertex -16.8246 -18.6492 0
      vertex -18.6279 -20.4525 0
    endloop
  endfacet
  facet normal 0 0 -1
    outer loop
      vertex -11.6277 -20.6689 0
      vertex -13.4327 -15.2582 0
      vertex -9.82439 -18.8656 0
    endloop
  endfacet
  facet normal -0 0 -1
    outer loop
      vertex -18.6279 -20.4525 0
      vertex -21.7172 -23.5418 0
      vertex -20.432 -18.6491 0
    endloop
  endfacet
  facet normal 0 0 -1
    outer loop
      vertex -23.1772 -25.9086 0
      vertex -20.7705 -25.0067 0
      vertex -22.8665 -26.4828 0
    endloop
  endfacet
  facet normal 0 0 -1
    outer loop
      vertex -31.8712 -38.5257 0
      vertex -33.0656 -37.5055 0
      vertex -28.0628 -32.5694 0
    endloop
  endfacet
  facet normal 0 0 -1
    outer loop
      vertex -23.5358 -25.3613 0
      vertex -21.7172 -23.5418 0
      vertex -21.2138 -24.2521 0
    endloop
  endfacet
  facet normal 0 0 -1
    outer loop
      vertex -25.3502 -23.5682 0
      vertex -23.5256 -21.7436 0
      vertex -23.5358 -25.3613 0
    endloop
  endfacet
  facet normal 0 0 -1
    outer loop
      vertex -25.8829 -23.2277 0
      vertex -24.2476 -21.2397 0
      vertex -25.3502 -23.5682 0
    endloop
  endfacet
  facet normal 0 0 -1
    outer loop
      vertex -26.444 -22.9308 0
      vertex -25.0142 -20.7978 0
      vertex -25.8829 -23.2277 0
    endloop
  endfacet
  facet normal 0 -0 -1
    outer loop
      vertex -26.6634 -20.1065 0
      vertex -25.821 -20.4196 0
      vertex -27.0319 -22.6779 0
    endloop
  endfacet
  facet normal 0 0 -1
    outer loop
      vertex -21.7172 -23.5418 0
      vertex -23.5256 -21.7436 0
      vertex -20.432 -18.6491 0
    endloop
  endfacet
  facet normal 0 -0 -1
    outer loop
      vertex -18.6287 -16.8459 0
      vertex -18.6279 -20.4525 0
      vertex -20.432 -18.6491 0
    endloop
  endfacet
  facet normal 0 0 -1
    outer loop
      vertex 13.8947 -40.6695 0
      vertex 15.4508 -47.5528 0
      vertex 13.9496 -48.0147 0
    endloop
  endfacet
  facet normal 0 0 -1
    outer loop
      vertex -5.11063 -8.81609 0
      vertex -3.69316 -6.68973 0
      vertex -3.90724 -9.41307 0
    endloop
  endfacet
  facet normal 0 0 -1
    outer loop
      vertex -18.6279 -20.4525 0
      vertex -16.8246 -18.6492 0
      vertex -12.0982 -23.3756 0
    endloop
  endfacet
  facet normal 0 0 -1
    outer loop
      vertex -17.0402 -15.2573 0
      vertex -15.2369 -13.4539 0
      vertex -15.2361 -17.0606 0
    endloop
  endfacet
  facet normal 0 0 -1
    outer loop
      vertex -11.6277 -20.6689 0
      vertex -15.2361 -17.0606 0
      vertex -13.4327 -15.2582 0
    endloop
  endfacet
  facet normal 0 -0 -1
    outer loop
      vertex 10.966 -40.563 0
      vertex 11.2622 -41.4781 0
      vertex 8.7823 -42.0737 0
    endloop
  endfacet
  facet normal 0 0 -1
    outer loop
      vertex 4.7598 -18.0313 0
      vertex 1.2392 -15.4806 0
      vertex 4.7598 -15.4806 0
    endloop
  endfacet
  facet normal -0 0 -1
    outer loop
      vertex -2.1362 -7.33633 0
      vertex -3.90724 -9.41307 0
      vertex -2.93233 -7.0569 0
    endloop
  endfacet
  facet normal 0 0 -1
    outer loop
      vertex -13.4327 -15.2582 0
      vertex -15.2369 -13.4539 0
      vertex -11.8442 -13.6696 0
    endloop
  endfacet
  facet normal 0 0 -1
    outer loop
      vertex -11.8442 -13.6696 0
      vertex -13.6483 -11.8654 0
      vertex -11.845 -10.0621 0
    endloop
  endfacet
  facet normal -0 0 -1
    outer loop
      vertex -3.69316 -6.68973 0
      vertex -5.11063 -8.81609 0
      vertex -4.4119 -6.23732 0
    endloop
  endfacet
  facet normal 0 -0 -1
    outer loop
      vertex -2.1362 -7.33633 0
      vertex -1.31143 -7.52502 0
      vertex -2.63597 -9.84306 0
    endloop
  endfacet
  facet normal 0 0 -1
    outer loop
      vertex -11.845 -10.0621 0
      vertex -10.0408 -11.8663 0
      vertex -11.8442 -13.6696 0
    endloop
  endfacet
  facet normal 0 -0 -1
    outer loop
      vertex -10.0408 -11.8663 0
      vertex -9.35484 -16.1589 0
      vertex -11.8442 -13.6696 0
    endloop
  endfacet
  facet normal 0 0 -1
    outer loop
      vertex -10.0392 -11.8638 0
      vertex -11.845 -10.0621 0
      vertex -8.03891 -6.2561 0
    endloop
  endfacet
  facet normal 0 0 -1
    outer loop
      vertex -5.11063 -8.81609 0
      vertex -6.23306 -8.05769 0
      vertex -4.4119 -6.23732 0
    endloop
  endfacet
  facet normal -0 0 -1
    outer loop
      vertex -6.23306 -8.05769 0
      vertex -10.0392 -11.8638 0
      vertex -8.03891 -6.2561 0
    endloop
  endfacet
  facet normal 0 0 -1
    outer loop
      vertex -3.90724 -9.41307 0
      vertex -3.69316 -6.68973 0
      vertex -2.93233 -7.0569 0
    endloop
  endfacet
  facet normal 0 0 -1
    outer loop
      vertex -2.63597 -9.84306 0
      vertex -3.90724 -9.41307 0
      vertex -2.1362 -7.33633 0
    endloop
  endfacet
  facet normal 0 0 -1
    outer loop
      vertex -1.3098 -10.1004 0
      vertex -2.63597 -9.84306 0
      vertex -1.31143 -7.52502 0
    endloop
  endfacet
  facet normal 0 0 -1
    outer loop
      vertex 1.2392 -15.4806 0
      vertex -1.3098 -15.478 0
      vertex 1.2392 -10.1022 0
    endloop
  endfacet
  facet normal 0 0 -1
    outer loop
      vertex 6.34154 -22.8285 0
      vertex 1.2392 -20.2778 0
      vertex 6.34154 -20.2778 0
    endloop
  endfacet
  facet normal 0 0 -1
    outer loop
      vertex -1.3098 -18.0288 0
      vertex -4.59766 -18.0288 0
      vertex -4.59766 -15.478 0
    endloop
  endfacet
  facet normal 0 0 -1
    outer loop
      vertex -4.85922 -36.1776 0
      vertex -6.98599 -34.6036 0
      vertex -6.2565 -34.0248 0
    endloop
  endfacet
  facet normal 0 0 -1
    outer loop
      vertex 1.2392 -25.075 0
      vertex 7.92325 -25.075 0
      vertex 7.92325 -27.6257 0
    endloop
  endfacet
  facet normal 0 -0 -1
    outer loop
      vertex 11.2622 -41.4781 0
      vertex 12.4345 -48.4292 0
      vertex 10.9072 -48.7958 0
    endloop
  endfacet
  facet normal 0 0 -1
    outer loop
      vertex -1.3098 -22.8259 0
      vertex -6.29617 -22.8259 0
      vertex -6.29617 -20.2752 0
    endloop
  endfacet
  facet normal 0 0 -1
    outer loop
      vertex 11.2622 -41.4781 0
      vertex 10.9072 -48.7958 0
      vertex 8.7823 -42.0737 0
    endloop
  endfacet
  facet normal -0 0 -1
    outer loop
      vertex 10.6177 -39.6754 0
      vertex 8.25563 -40.6147 0
      vertex 10.2195 -38.8185 0
    endloop
  endfacet
  facet normal 0 0 -1
    outer loop
      vertex -7.99377 -27.6232 0
      vertex -7.99377 -25.0724 0
      vertex -1.3098 -27.6232 0
    endloop
  endfacet
  facet normal 0 0 -1
    outer loop
      vertex 6.93465 -42.4166 0
      vertex 9.36906 -49.1143 0
      vertex 7.82172 -49.3844 0
    endloop
  endfacet
  facet normal 0 0 -1
    outer loop
      vertex -1.3098 -27.6232 0
      vertex -7.99377 -25.0724 0
      vertex -1.3098 -25.0724 0
    endloop
  endfacet
  facet normal 0 0 -1
    outer loop
      vertex 5.37178 -33.4427 0
      vertex 4.27808 -35.7456 0
      vertex 3.70676 -35.4109 0
    endloop
  endfacet
  facet normal 0 0 -1
    outer loop
      vertex -7.67671 -35.2454 0
      vertex -6.98599 -34.6036 0
      vertex -5.88029 -37.0759 0
    endloop
  endfacet
  facet normal 0 0 -1
    outer loop
      vertex 0 -50 0
      vertex -1.31143 -42.9614 0
      vertex 1.2392 -42.9614 0
    endloop
  endfacet
  facet normal -0 0 -1
    outer loop
      vertex -4.31419 -35.7924 0
      vertex -4.85922 -36.1776 0
      vertex -6.2565 -34.0248 0
    endloop
  endfacet
  facet normal -0 0 -1
    outer loop
      vertex -5.88029 -37.0759 0
      vertex -6.79738 -38.1313 0
      vertex -8.27673 -35.8913 0
    endloop
  endfacet
  facet normal 0 0 -1
    outer loop
      vertex -6.79738 -38.1313 0
      vertex -9.35544 -37.3149 0
      vertex -8.83679 -36.5822 0
    endloop
  endfacet
  facet normal 0 0 -1
    outer loop
      vertex -7.59686 -39.3287 0
      vertex -9.35544 -37.3149 0
      vertex -6.79738 -38.1313 0
    endloop
  endfacet
  facet normal 0 0 -1
    outer loop
      vertex -9.83098 -38.0863 0
      vertex -9.35544 -37.3149 0
      vertex -7.59686 -39.3287 0
    endloop
  endfacet
  facet normal 0 0 -1
    outer loop
      vertex -10.2619 -38.8931 0
      vertex -9.83098 -38.0863 0
      vertex -7.59686 -39.3287 0
    endloop
  endfacet
  facet normal 0 0 -1
    outer loop
      vertex -10.6465 -39.7321 0
      vertex -10.2619 -38.8931 0
      vertex -8.26477 -40.6522 0
    endloop
  endfacet
  facet normal 0 0 -1
    outer loop
      vertex -10.9832 -40.6005 0
      vertex -10.6465 -39.7321 0
      vertex -8.26477 -40.6522 0
    endloop
  endfacet
  facet normal 0 0 -1
    outer loop
      vertex -1.57053 -49.9753 0
      vertex -3.13951 -49.9013 0
      vertex -1.31143 -42.9614 0
    endloop
  endfacet
  facet normal -0 0 -1
    outer loop
      vertex -8.26477 -40.6522 0
      vertex -8.78717 -42.0879 0
      vertex -10.9832 -40.6005 0
    endloop
  endfacet
  facet normal 0 -0 -1
    outer loop
      vertex -10.9832 -40.6005 0
      vertex -8.78717 -42.0879 0
      vertex -11.2706 -41.4944 0
    endloop
  endfacet
  facet normal 0 -0 -1
    outer loop
      vertex 1.2392 -34.5663 0
      vertex 1.2392 -42.9614 0
      vertex -1.31143 -34.5807 0
    endloop
  endfacet
  facet normal 0 0 -1
    outer loop
      vertex 16.4521 -39.6991 0
      vertex 19.8574 -45.8877 0
      vertex 18.4062 -46.4888 0
    endloop
  endfacet
  facet normal 0 0 -1
    outer loop
      vertex 21.289 -45.2413 0
      vertex 16.4521 -39.6991 0
      vertex 18.9287 -38.574 0
    endloop
  endfacet
  facet normal 0 0 -1
    outer loop
      vertex 6.77962 -38.0734 0
      vertex 8.1624 -35.7681 0
      vertex 8.74254 -36.467 0
    endloop
  endfacet
  facet normal 0 0 -1
    outer loop
      vertex 19.8574 -45.8877 0
      vertex 16.4521 -39.6991 0
      vertex 21.289 -45.2413 0
    endloop
  endfacet
  facet normal 0 0 -1
    outer loop
      vertex 5.85666 -37.0185 0
      vertex 7.54147 -35.1176 0
      vertex 8.1624 -35.7681 0
    endloop
  endfacet
  facet normal 0 0 -1
    outer loop
      vertex 21.3186 -37.2993 0
      vertex 20.89 -36.4645 0
      vertex 23.4942 -35.9605 0
    endloop
  endfacet
  facet normal 0 0 -1
    outer loop
      vertex 5.35474 -36.5512 0
      vertex 6.85431 -34.4971 0
      vertex 7.54147 -35.1176 0
    endloop
  endfacet
  facet normal 0 -0 -1
    outer loop
      vertex 22.386 -33.1685 0
      vertex 22.8495 -34.5765 0
      vertex 20.1937 -34.7481 0
    endloop
  endfacet
  facet normal 0 0 -1
    outer loop
      vertex 3.16151 -42.863 0
      vertex 5.06062 -42.6804 0
      vertex 4.70541 -49.7781 0
    endloop
  endfacet
  facet normal 0 0 -1
    outer loop
      vertex 29.3994 -31.2954 0
      vertex 35.3553 -35.3553 0
      vertex 34.2273 -36.4484 0
    endloop
  endfacet
  facet normal 0 0 -1
    outer loop
      vertex 4.58528 -33.013 0
      vertex 3.70676 -35.4109 0
      vertex 3.11555 -35.1238 0
    endloop
  endfacet
  facet normal 0 -0 -1
    outer loop
      vertex 20.3898 -18.4975 0
      vertex 23.4875 -21.5785 0
      vertex 18.5547 -20.4508 0
    endloop
  endfacet
  facet normal 0 -0 -1
    outer loop
      vertex 3.77434 -32.6511 0
      vertex 4.58528 -33.013 0
      vertex 3.11555 -35.1238 0
    endloop
  endfacet
  facet normal 0 0 -1
    outer loop
      vertex 2.5061 -34.8862 0
      vertex 3.77434 -32.6511 0
      vertex 3.11555 -35.1238 0
    endloop
  endfacet
  facet normal -0 -0 -1
    outer loop
      vertex 1.2392 -27.6257 0
      vertex 1.2392 -31.9925 0
      vertex -1.3098 -27.6232 0
    endloop
  endfacet
  facet normal 0 0 -1
    outer loop
      vertex 2.5061 -34.8862 0
      vertex 2.9435 -32.3591 0
      vertex 3.77434 -32.6511 0
    endloop
  endfacet
  facet normal 0 0 -1
    outer loop
      vertex 1.2392 -42.9614 0
      vertex 3.13951 -49.9013 0
      vertex 1.57053 -49.9753 0
    endloop
  endfacet
  facet normal 0 0 -1
    outer loop
      vertex 2.9435 -32.3591 0
      vertex 2.5061 -34.8862 0
      vertex 1.8801 -34.6997 0
    endloop
  endfacet
  facet normal 0 0 -1
    outer loop
      vertex 2.09703 -32.1388 0
      vertex 1.8801 -34.6997 0
      vertex 1.2392 -34.5663 0
    endloop
  endfacet
  facet normal 0 0 -1
    outer loop
      vertex 1.2392 -31.9925 0
      vertex 2.09703 -32.1388 0
      vertex 1.2392 -34.5663 0
    endloop
  endfacet
  facet normal 0 0 -1
    outer loop
      vertex -1.3098 -31.9985 0
      vertex 1.2392 -31.9925 0
      vertex 1.2392 -34.5663 0
    endloop
  endfacet
  facet normal 0 0 -1
    outer loop
      vertex -4.69841 -33.0652 0
      vertex -3.87874 -32.6888 0
      vertex -3.16325 -35.159 0
    endloop
  endfacet
  facet normal -0 0 -1
    outer loop
      vertex 1.2392 -31.9925 0
      vertex -1.3098 -31.9985 0
      vertex -1.3098 -27.6232 0
    endloop
  endfacet
  facet normal 0 -0 -1
    outer loop
      vertex 1.2392 -25.075 0
      vertex 1.2392 -27.6257 0
      vertex -1.3098 -27.6232 0
    endloop
  endfacet
  facet normal 0 0 -1
    outer loop
      vertex 13.3596 -15.2556 0
      vertex 16.9888 -15.115 0
      vertex 15.1629 -17.059 0
    endloop
  endfacet
  facet normal -0 0 -1
    outer loop
      vertex 1.2392 -20.2778 0
      vertex -1.3098 -22.8259 0
      vertex -1.3098 -20.2752 0
    endloop
  endfacet
  facet normal 0 0 -1
    outer loop
      vertex 18.5547 -20.4508 0
      vertex 13.8283 -25.1772 0
      vertex 12.025 -23.3739 0
    endloop
  endfacet
  facet normal 0 0 -1
    outer loop
      vertex 1.2392 -27.6257 0
      vertex 1.2392 -25.075 0
      vertex 7.92325 -27.6257 0
    endloop
  endfacet
  facet normal 0 0 -1
    outer loop
      vertex -1.3098 -22.8259 0
      vertex 1.2392 -20.2778 0
      vertex 1.2392 -22.8285 0
    endloop
  endfacet
  facet normal 0 -0 -1
    outer loop
      vertex 11.7795 -9.93314 0
      vertex 13.5876 -11.7316 0
      vertex 9.96774 -11.8637 0
    endloop
  endfacet
  facet normal 0 0 -1
    outer loop
      vertex 13.3596 -15.2556 0
      vertex 11.6372 -20.5845 0
      vertex 9.83392 -18.7813 0
    endloop
  endfacet
  facet normal 0 0 -1
    outer loop
      vertex 1.2392 -7.52422 0
      vertex 2.56494 -9.84407 0
      vertex 1.2392 -10.1022 0
    endloop
  endfacet
  facet normal 0 0 -1
    outer loop
      vertex -1.3098 -20.2752 0
      vertex -1.3098 -18.0288 0
      vertex 1.2392 -18.0313 0
    endloop
  endfacet
  facet normal 0 0 -1
    outer loop
      vertex 1.2392 -20.2778 0
      vertex -1.3098 -20.2752 0
      vertex 1.2392 -18.0313 0
    endloop
  endfacet
  facet normal 0 0 -1
    outer loop
      vertex 1.2392 -18.0313 0
      vertex -1.3098 -18.0288 0
      vertex 1.2392 -15.4806 0
    endloop
  endfacet
  facet normal 0 0 -1
    outer loop
      vertex 7.64282 -14.1886 0
      vertex 9.96774 -11.8637 0
      vertex 9.44615 -15.9919 0
    endloop
  endfacet
  facet normal -0 0 -1
    outer loop
      vertex 3.83592 -9.41357 0
      vertex 2.56494 -9.84407 0
      vertex 2.06384 -7.33531 0
    endloop
  endfacet
  facet normal 0 -0 -1
    outer loop
      vertex 4.33966 -6.23479 0
      vertex 5.03922 -8.81619 0
      vertex 3.62082 -6.68781 0
    endloop
  endfacet
  facet normal 0 0 -1
    outer loop
      vertex 1.2392 -18.0313 0
      vertex 1.2392 -15.4806 0
      vertex 4.7598 -18.0313 0
    endloop
  endfacet
  facet normal 0 -0 -1
    outer loop
      vertex 2.85999 -7.05559 0
      vertex 3.83592 -9.41357 0
      vertex 2.06384 -7.33531 0
    endloop
  endfacet
  facet normal 0 0 -1
    outer loop
      vertex -1.3098 -10.1004 0
      vertex 1.2392 -10.1022 0
      vertex -1.3098 -15.478 0
    endloop
  endfacet
  facet normal 0 0 -1
    outer loop
      vertex 4.33966 -6.23479 0
      vertex 6.16164 -8.05769 0
      vertex 5.03922 -8.81619 0
    endloop
  endfacet
  facet normal 0 0 -1
    outer loop
      vertex 4.33966 -6.23479 0
      vertex 7.96222 -6.13748 0
      vertex 6.16164 -8.05769 0
    endloop
  endfacet
  facet normal 0 0 -1
    outer loop
      vertex 6.16164 -8.05769 0
      vertex 7.96222 -6.13748 0
      vertex 11.7795 -9.93314 0
    endloop
  endfacet
  facet normal -0 0 -1
    outer loop
      vertex 11.7795 -9.93314 0
      vertex 9.96774 -11.8637 0
      vertex 6.16164 -8.05769 0
    endloop
  endfacet
  facet normal -0 0 -1
    outer loop
      vertex 15.1806 -13.3158 0
      vertex 11.7711 -13.667 0
      vertex 13.5876 -11.7316 0
    endloop
  endfacet
  facet normal 0 0 -1
    outer loop
      vertex 11.7711 -13.667 0
      vertex 9.96774 -11.8637 0
      vertex 13.5876 -11.7316 0
    endloop
  endfacet
  facet normal -0 0 -1
    outer loop
      vertex 16.9888 -15.115 0
      vertex 13.3596 -15.2556 0
      vertex 15.1806 -13.3158 0
    endloop
  endfacet
  facet normal 0 0 -1
    outer loop
      vertex 15.1629 -17.059 0
      vertex 18.5816 -16.6992 0
      vertex 16.7514 -18.6475 0
    endloop
  endfacet
  facet normal -0 0 -1
    outer loop
      vertex 18.5816 -16.6992 0
      vertex 15.1629 -17.059 0
      vertex 16.9888 -15.115 0
    endloop
  endfacet
  facet normal -0 0 -1
    outer loop
      vertex 15.1629 -17.059 0
      vertex 11.6372 -20.5845 0
      vertex 13.3596 -15.2556 0
    endloop
  endfacet
  facet normal -0 0 -1
    outer loop
      vertex 20.3898 -18.4975 0
      vertex 16.7514 -18.6475 0
      vertex 18.5816 -16.6992 0
    endloop
  endfacet
  facet normal 0 -0 -1
    outer loop
      vertex 16.7514 -18.6475 0
      vertex 18.5547 -20.4508 0
      vertex 12.025 -23.3739 0
    endloop
  endfacet
  facet normal -0 0 -1
    outer loop
      vertex 23.4875 -21.5785 0
      vertex 21.6492 -23.5452 0
      vertex 18.5547 -20.4508 0
    endloop
  endfacet
  facet normal 0 0 -1
    outer loop
      vertex 22.386 -33.1685 0
      vertex 19.7194 -32.9924 0
      vertex 22.1049 -31.7569 0
    endloop
  endfacet
  facet normal 0 0 -1
    outer loop
      vertex 22.386 -33.1685 0
      vertex 20.1937 -34.7481 0
      vertex 19.9283 -33.8734 0
    endloop
  endfacet
  facet normal 0 0 -1
    outer loop
      vertex 20.1937 -34.7481 0
      vertex 22.8495 -34.5765 0
      vertex 20.5147 -35.6129 0
    endloop
  endfacet
  facet normal 0 0 -1
    outer loop
      vertex 29.3994 -31.2954 0
      vertex 34.2273 -36.4484 0
      vertex 33.0656 -37.5055 0
    endloop
  endfacet
  facet normal 0 0 -1
    outer loop
      vertex 20.89 -36.4645 0
      vertex 22.8495 -34.5765 0
      vertex 23.4942 -35.9605 0
    endloop
  endfacet
  facet normal 0 0 -1
    outer loop
      vertex 25.4521 -43.0371 0
      vertex 21.3186 -37.2993 0
      vertex 23.4942 -35.9605 0
    endloop
  endfacet
  facet normal 0 0 -1
    outer loop
      vertex 22.6995 -44.5503 0
      vertex 18.9287 -38.574 0
      vertex 24.0877 -43.8153 0
    endloop
  endfacet
  facet normal 0 0 -1
    outer loop
      vertex 30.6453 -39.5077 0
      vertex 25.048 -34.8902 0
      vertex 26.5514 -33.7545 0
    endloop
  endfacet
  facet normal 0 0 -1
    outer loop
      vertex 25.048 -34.8902 0
      vertex 29.3893 -40.4508 0
      vertex 28.1042 -41.354 0
    endloop
  endfacet
  facet normal 0 0 -1
    outer loop
      vertex 18.9287 -38.574 0
      vertex 21.3186 -37.2993 0
      vertex 24.0877 -43.8153 0
    endloop
  endfacet
  facet normal 0 0 -1
    outer loop
      vertex 26.7913 -42.2164 0
      vertex 23.4942 -35.9605 0
      vertex 28.1042 -41.354 0
    endloop
  endfacet
  facet normal -0 0 -1
    outer loop
      vertex 26.7913 -42.2164 0
      vertex 25.4521 -43.0371 0
      vertex 23.4942 -35.9605 0
    endloop
  endfacet
  facet normal 0 0 -1
    outer loop
      vertex 21.3186 -37.2993 0
      vertex 25.4521 -43.0371 0
      vertex 24.0877 -43.8153 0
    endloop
  endfacet
  facet normal -0 0 -1
    outer loop
      vertex 18.4062 -46.4888 0
      vertex 16.9369 -47.044 0
      vertex 16.4521 -39.6991 0
    endloop
  endfacet
  facet normal -0 0 -1
    outer loop
      vertex 16.9369 -47.044 0
      vertex 15.4508 -47.5528 0
      vertex 13.8947 -40.6695 0
    endloop
  endfacet
  facet normal 0 -0 -1
    outer loop
      vertex 13.8947 -40.6695 0
      vertex 13.9496 -48.0147 0
      vertex 11.2622 -41.4781 0
    endloop
  endfacet
  facet normal 0 0 -1
    outer loop
      vertex 35.3553 -35.3553 0
      vertex 31.2027 -29.4921 0
      vertex 36.4484 -34.2273 0
    endloop
  endfacet
  facet normal 0 0 -1
    outer loop
      vertex 25.2669 -23.5554 0
      vertex 24.1965 -21.073 0
      vertex 25.8143 -23.1968 0
    endloop
  endfacet
  facet normal 0 0 -1
    outer loop
      vertex 22.8258 -26.4884 0
      vertex 20.7005 -25.0395 0
      vertex 23.1258 -25.9149 0
    endloop
  endfacet
  facet normal 0 0 -1
    outer loop
      vertex 26.5712 -19.9245 0
      vertex 27.4301 -19.6697 0
      vertex 27.608 -22.4082 0
    endloop
  endfacet
  facet normal 0 0 -1
    outer loop
      vertex 27.4301 -19.6697 0
      vertex 28.3152 -19.4816 0
      vertex 28.2485 -22.241 0
    endloop
  endfacet
  facet normal 0 0 -1
    outer loop
      vertex 28.3152 -19.4816 0
      vertex 29.222 -19.3618 0
      vertex 28.9062 -22.1214 0
    endloop
  endfacet
  facet normal 0 0 -1
    outer loop
      vertex 29.222 -19.3618 0
      vertex 30.1457 -19.3123 0
      vertex 29.5789 -22.0494 0
    endloop
  endfacet
  facet normal 0 0 -1
    outer loop
      vertex 29.5789 -22.0494 0
      vertex 30.1457 -19.3123 0
      vertex 30.2639 -22.0248 0
    endloop
  endfacet
  facet normal 0 0 -1
    outer loop
      vertex 30.2639 -22.0248 0
      vertex 31.0447 -19.3306 0
      vertex 31.6619 -22.118 0
    endloop
  endfacet
  facet normal 0 0 -1
    outer loop
      vertex 31.6619 -22.118 0
      vertex 31.949 -19.4119 0
      vertex 32.8549 -19.5552 0
    endloop
  endfacet
  facet normal 0 0 -1
    outer loop
      vertex 33.081 -22.4001 0
      vertex 32.8549 -19.5552 0
      vertex 33.7588 -19.7592 0
    endloop
  endfacet
  facet normal 0 0 -1
    outer loop
      vertex 34.5018 -22.8707 0
      vertex 33.081 -22.4001 0
      vertex 34.6566 -20.0227 0
    endloop
  endfacet
  facet normal -0 0 -1
    outer loop
      vertex 36.4191 -20.7229 0
      vertex 34.5018 -22.8707 0
      vertex 35.5446 -20.3443 0
    endloop
  endfacet
  facet normal -0 0 -1
    outer loop
      vertex 40.4508 -29.3893 0
      vertex 39.5077 -30.6453 0
      vertex 34.8275 -25.0988 0
    endloop
  endfacet
  facet normal 0 -0 -1
    outer loop
      vertex 35.9053 -23.529 0
      vertex 41.354 -28.1042 0
      vertex 34.8275 -25.0988 0
    endloop
  endfacet
  facet normal -0 0 -1
    outer loop
      vertex 37.2763 -21.1575 0
      vertex 35.9053 -23.529 0
      vertex 36.4191 -20.7229 0
    endloop
  endfacet
  facet normal -0 0 -1
    outer loop
      vertex 39.5077 -30.6453 0
      vertex 38.5257 -31.8712 0
      vertex 33.6831 -26.6173 0
    endloop
  endfacet
  facet normal -0 0 -1
    outer loop
      vertex 38.5257 -31.8712 0
      vertex 37.5055 -33.0656 0
      vertex 32.4741 -28.0824 0
    endloop
  endfacet
  facet normal 0 -0 -1
    outer loop
      vertex 32.4741 -28.0824 0
      vertex 37.5055 -33.0656 0
      vertex 31.2027 -29.4921 0
    endloop
  endfacet
  facet normal 0 0 -1
    outer loop
      vertex -35.3553 -35.3553 0
      vertex -29.4725 -31.2979 0
      vertex -34.2273 -36.4484 0
    endloop
  endfacet
  facet normal 0 0 -1
    outer loop
      vertex -28.9381 -22.1895 0
      vertex -28.4362 -19.6823 0
      vertex -28.2807 -22.3067 0
    endloop
  endfacet
  facet normal 0 0 -1
    outer loop
      vertex -38.5257 -31.8712 0
      vertex -39.5077 -30.6453 0
      vertex -33.7356 -26.6456 0
    endloop
  endfacet
  facet normal -0 0 -1
    outer loop
      vertex -33.7356 -26.6456 0
      vertex -39.5077 -30.6453 0
      vertex -34.8715 -25.1419 0
    endloop
  endfacet
  facet normal 0 0 -1
    outer loop
      vertex -34.8715 -25.1419 0
      vertex -40.4508 -29.3893 0
      vertex -41.354 -28.1042 0
    endloop
  endfacet
  facet normal 0 -0 -1
    outer loop
      vertex -37.2806 -21.4129 0
      vertex -35.9417 -23.5878 0
      vertex -42.2164 -26.7913 0
    endloop
  endfacet
  facet normal 0 0 -1
    outer loop
      vertex -35.9417 -23.5878 0
      vertex -41.354 -28.1042 0
      vertex -42.2164 -26.7913 0
    endloop
  endfacet
  facet normal -0 0 -1
    outer loop
      vertex -33.1559 -22.4776 0
      vertex -34.5669 -22.9453 0
      vertex -34.7294 -20.2881 0
    endloop
  endfacet
  facet normal 0 0 -1
    outer loop
      vertex -31.7298 -22.1916 0
      vertex -31.2053 -19.5697 0
      vertex -30.3094 -22.0947 0
    endloop
  endfacet
  facet normal 0 0 -1
    outer loop
      vertex -30.2958 -19.538 0
      vertex -29.3574 -19.5744 0
      vertex -29.6149 -22.1187 0
    endloop
  endfacet
  facet normal -0 0 -1
    outer loop
      vertex -27.5367 -19.8602 0
      vertex -28.2807 -22.3067 0
      vertex -28.4362 -19.6823 0
    endloop
  endfacet
  facet normal 0 0 -1
    outer loop
      vertex -27.0319 -22.6779 0
      vertex -27.6448 -22.4697 0
      vertex -26.6634 -20.1065 0
    endloop
  endfacet
  facet normal 0 0 -1
    outer loop
      vertex -27.0319 -22.6779 0
      vertex -25.821 -20.4196 0
      vertex -26.444 -22.9308 0
    endloop
  endfacet
  facet normal 0 0 -1
    outer loop
      vertex -26.444 -22.9308 0
      vertex -25.821 -20.4196 0
      vertex -25.0142 -20.7978 0
    endloop
  endfacet
  facet normal 0 0 -1
    outer loop
      vertex -25.8829 -23.2277 0
      vertex -25.0142 -20.7978 0
      vertex -24.2476 -21.2397 0
    endloop
  endfacet
  facet normal 0 0 -1
    outer loop
      vertex -25.3502 -23.5682 0
      vertex -24.2476 -21.2397 0
      vertex -23.5256 -21.7436 0
    endloop
  endfacet
  facet normal 0 0 -1
    outer loop
      vertex -23.5358 -25.3613 0
      vertex -23.5256 -21.7436 0
      vertex -21.7172 -23.5418 0
    endloop
  endfacet
  facet normal 0 0 -1
    outer loop
      vertex -23.1772 -25.9086 0
      vertex -23.5358 -25.3613 0
      vertex -21.2138 -24.2521 0
    endloop
  endfacet
  facet normal 0 -0 -1
    outer loop
      vertex -21.2138 -24.2521 0
      vertex -20.7705 -25.0067 0
      vertex -23.1772 -25.9086 0
    endloop
  endfacet
  facet normal 0 0 -1
    outer loop
      vertex -20.8968 -36.4757 0
      vertex -23.5095 -35.9997 0
      vertex -22.8511 -34.5963 0
    endloop
  endfacet
  facet normal 0 0 -1
    outer loop
      vertex -28.1042 -41.354 0
      vertex -29.3893 -40.4508 0
      vertex -25.0792 -34.9224 0
    endloop
  endfacet
  facet normal -0 0 -1
    outer loop
      vertex -25.0792 -34.9224 0
      vertex -30.6453 -39.5077 0
      vertex -26.5978 -33.7782 0
    endloop
  endfacet
  facet normal -0 0 -1
    outer loop
      vertex -26.5978 -33.7782 0
      vertex -31.8712 -38.5257 0
      vertex -28.0628 -32.5694 0
    endloop
  endfacet
  facet normal -0 0 -1
    outer loop
      vertex -28.0628 -32.5694 0
      vertex -33.0656 -37.5055 0
      vertex -29.4725 -31.2979 0
    endloop
  endfacet
  facet normal 0 -0 -1
    outer loop
      vertex -31.2758 -29.4938 0
      vertex -29.4725 -31.2979 0
      vertex -35.3553 -35.3553 0
    endloop
  endfacet
  facet normal 0 0 -1
    outer loop
      vertex -29.4725 -31.2979 0
      vertex -33.0656 -37.5055 0
      vertex -34.2273 -36.4484 0
    endloop
  endfacet
  facet normal 0 -0 -1
    outer loop
      vertex -20.7705 -25.0067 0
      vertex -20.3893 -25.8007 0
      vertex -22.8665 -26.4828 0
    endloop
  endfacet
  facet normal -0 0 -1
    outer loop
      vertex -23.5358 -25.3613 0
      vertex -29.4725 -31.2979 0
      vertex -25.3502 -23.5682 0
    endloop
  endfacet
  facet normal 0 0 -1
    outer loop
      vertex -20.0716 -26.6298 0
      vertex -22.3887 -27.7023 0
      vertex -22.6037 -27.0816 0
    endloop
  endfacet
  facet normal 0 0 -1
    outer loop
      vertex -19.819 -27.4895 0
      vertex -22.2215 -28.3428 0
      vertex -22.3887 -27.7023 0
    endloop
  endfacet
  facet normal -0 0 -1
    outer loop
      vertex -19.6334 -28.3751 0
      vertex -22.1018 -29.0006 0
      vertex -22.2215 -28.3428 0
    endloop
  endfacet
  facet normal 0 -0 -1
    outer loop
      vertex -19.6334 -28.3751 0
      vertex -19.5162 -29.2822 0
      vertex -22.1018 -29.0006 0
    endloop
  endfacet
  facet normal 0 -0 -1
    outer loop
      vertex -19.5162 -29.2822 0
      vertex -19.469 -30.2062 0
      vertex -22.0298 -29.6732 0
    endloop
  endfacet
  facet normal 0 0 -1
    outer loop
      vertex -22.0298 -29.6732 0
      vertex -19.469 -30.2062 0
      vertex -22.0052 -30.3584 0
    endloop
  endfacet
  facet normal 0 -0 -1
    outer loop
      vertex -22.0052 -30.3584 0
      vertex -19.4898 -31.105 0
      vertex -22.0984 -31.7564 0
    endloop
  endfacet
  facet normal 0 0 -1
    outer loop
      vertex -22.0984 -31.7564 0
      vertex -19.5737 -32.009 0
      vertex -19.7194 -32.9146 0
    endloop
  endfacet
  facet normal 0 0 -1
    outer loop
      vertex -22.3806 -33.1754 0
      vertex -22.0984 -31.7564 0
      vertex -19.7194 -32.9146 0
    endloop
  endfacet
  facet normal 0 0 -1
    outer loop
      vertex -20.1917 -34.715 0
      vertex -22.3806 -33.1754 0
      vertex -19.9259 -33.8178 0
    endloop
  endfacet
  facet normal 0 0 -1
    outer loop
      vertex -20.5157 -35.6023 0
      vertex -22.8511 -34.5963 0
      vertex -20.1917 -34.715 0
    endloop
  endfacet
  facet normal 0 0 -1
    outer loop
      vertex 28.0024 -32.5555 0
      vertex 33.0656 -37.5055 0
      vertex 31.8712 -38.5257 0
    endloop
  endfacet
  facet normal 0 0 -1
    outer loop
      vertex 22.1049 -31.7569 0
      vertex 19.7194 -32.9924 0
      vertex 19.5682 -32.108 0
    endloop
  endfacet
  facet normal 0 0 -1
    outer loop
      vertex 23.4729 -25.369 0
      vertex 25.2669 -23.5554 0
      vertex 31.2027 -29.4921 0
    endloop
  endfacet
  facet normal 0 0 -1
    outer loop
      vertex 19.4436 -30.3434 0
      vertex 22.0072 -30.3624 0
      vertex 19.4759 -31.2239 0
    endloop
  endfacet
  facet normal 0 0 -1
    outer loop
      vertex 19.478 -29.401 0
      vertex 22.094 -29.0058 0
      vertex 22.0072 -30.3624 0
    endloop
  endfacet
  facet normal 0 0 -1
    outer loop
      vertex 19.5847 -28.4758 0
      vertex 22.207 -28.348 0
      vertex 22.094 -29.0058 0
    endloop
  endfacet
  facet normal 0 0 -1
    outer loop
      vertex 19.7618 -27.5724 0
      vertex 22.3665 -27.7075 0
      vertex 22.207 -28.348 0
    endloop
  endfacet
  facet normal 0 0 -1
    outer loop
      vertex 20.0079 -26.6954 0
      vertex 22.5728 -27.0868 0
      vertex 22.3665 -27.7075 0
    endloop
  endfacet
  facet normal 0 0 -1
    outer loop
      vertex 20.3214 -25.8495 0
      vertex 22.8258 -26.4884 0
      vertex 22.5728 -27.0868 0
    endloop
  endfacet
  facet normal 0 0 -1
    outer loop
      vertex 20.3214 -25.8495 0
      vertex 20.7005 -25.0395 0
      vertex 22.8258 -26.4884 0
    endloop
  endfacet
  facet normal 0 0 -1
    outer loop
      vertex 20.7005 -25.0395 0
      vertex 21.1437 -24.2698 0
      vertex 23.1258 -25.9149 0
    endloop
  endfacet
  facet normal 0 0 -1
    outer loop
      vertex 23.1258 -25.9149 0
      vertex 21.1437 -24.2698 0
      vertex 23.4729 -25.369 0
    endloop
  endfacet
  facet normal -0 0 -1
    outer loop
      vertex 25.2669 -23.5554 0
      vertex 23.4729 -25.369 0
      vertex 21.6492 -23.5452 0
    endloop
  endfacet
  facet normal 0 0 -1
    outer loop
      vertex 23.4729 -25.369 0
      vertex 21.1437 -24.2698 0
      vertex 21.6492 -23.5452 0
    endloop
  endfacet
  facet normal 0 0 -1
    outer loop
      vertex 28.0024 -32.5555 0
      vertex 29.3994 -31.2954 0
      vertex 33.0656 -37.5055 0
    endloop
  endfacet
  facet normal 0 0 -1
    outer loop
      vertex 29.3994 -31.2954 0
      vertex 23.4729 -25.369 0
      vertex 31.2027 -29.4921 0
    endloop
  endfacet
  facet normal 0 0 -1
    outer loop
      vertex 26.5514 -33.7545 0
      vertex 28.0024 -32.5555 0
      vertex 31.8712 -38.5257 0
    endloop
  endfacet
  facet normal 0 0 -1
    outer loop
      vertex 30.6453 -39.5077 0
      vertex 26.5514 -33.7545 0
      vertex 31.8712 -38.5257 0
    endloop
  endfacet
  facet normal 0 0 -1
    outer loop
      vertex 29.3893 -40.4508 0
      vertex 25.048 -34.8902 0
      vertex 30.6453 -39.5077 0
    endloop
  endfacet
  facet normal 0 0 -1
    outer loop
      vertex 0 -50 0
      vertex 1.2392 -42.9614 0
      vertex 1.57053 -49.9753 0
    endloop
  endfacet
  facet normal 0 -0 -1
    outer loop
      vertex 2.09703 -32.1388 0
      vertex 2.9435 -32.3591 0
      vertex 1.8801 -34.6997 0
    endloop
  endfacet
  facet normal 0 0 -1
    outer loop
      vertex -2.56099 -34.9148 0
      vertex -3.03784 -32.384 0
      vertex -1.94322 -34.7214 0
    endloop
  endfacet
  facet normal 0 -0 -1
    outer loop
      vertex 4.58528 -33.013 0
      vertex 5.37178 -33.4427 0
      vertex 3.70676 -35.4109 0
    endloop
  endfacet
  facet normal 0 -0 -1
    outer loop
      vertex 5.37178 -33.4427 0
      vertex 6.12958 -33.938 0
      vertex 4.27808 -35.7456 0
    endloop
  endfacet
  facet normal 0 -0 -1
    outer loop
      vertex 6.12958 -33.938 0
      vertex 6.85431 -34.4971 0
      vertex 4.82797 -36.1263 0
    endloop
  endfacet
  facet normal 0 0 -1
    outer loop
      vertex 4.82797 -36.1263 0
      vertex 6.85431 -34.4971 0
      vertex 5.35474 -36.5512 0
    endloop
  endfacet
  facet normal 0 0 -1
    outer loop
      vertex 5.35474 -36.5512 0
      vertex 7.54147 -35.1176 0
      vertex 5.85666 -37.0185 0
    endloop
  endfacet
  facet normal 0 0 -1
    outer loop
      vertex 5.85666 -37.0185 0
      vertex 8.1624 -35.7681 0
      vertex 6.77962 -38.0734 0
    endloop
  endfacet
  facet normal 0 0 -1
    outer loop
      vertex 6.77962 -38.0734 0
      vertex 8.74254 -36.467 0
      vertex 9.27995 -37.2107 0
    endloop
  endfacet
  facet normal 0 0 -1
    outer loop
      vertex 7.58366 -39.2769 0
      vertex 9.27995 -37.2107 0
      vertex 9.77295 -37.9957 0
    endloop
  endfacet
  facet normal 0 0 -1
    outer loop
      vertex 8.25563 -40.6147 0
      vertex 7.58366 -39.2769 0
      vertex 10.2195 -38.8185 0
    endloop
  endfacet
  facet normal -0 0 -1
    outer loop
      vertex 10.966 -40.563 0
      vertex 8.25563 -40.6147 0
      vertex 10.6177 -39.6754 0
    endloop
  endfacet
  facet normal -0 0 -1
    outer loop
      vertex 7.82172 -49.3844 0
      vertex 6.26665 -49.6057 0
      vertex 6.93465 -42.4166 0
    endloop
  endfacet
  facet normal 0 -0 -1
    outer loop
      vertex 8.7823 -42.0737 0
      vertex 9.36906 -49.1143 0
      vertex 6.93465 -42.4166 0
    endloop
  endfacet
  facet normal 0 0 -1
    outer loop
      vertex 8.7823 -42.0737 0
      vertex 10.9072 -48.7958 0
      vertex 9.36906 -49.1143 0
    endloop
  endfacet
  facet normal -0 0 -1
    outer loop
      vertex 6.26665 -49.6057 0
      vertex 4.70541 -49.7781 0
      vertex 5.06062 -42.6804 0
    endloop
  endfacet
  facet normal -0 0 -1
    outer loop
      vertex 4.70541 -49.7781 0
      vertex 3.13951 -49.9013 0
      vertex 3.16151 -42.863 0
    endloop
  endfacet
  facet normal 0 0 -1
    outer loop
      vertex 3.16151 -42.863 0
      vertex 3.13951 -49.9013 0
      vertex 1.2392 -42.9614 0
    endloop
  endfacet
  facet normal 0 0 -1
    outer loop
      vertex 1.2392 -42.9614 0
      vertex -1.31143 -42.9614 0
      vertex -1.31143 -34.5807 0
    endloop
  endfacet
  facet normal 0 0 -1
    outer loop
      vertex -3.13951 -49.9013 0
      vertex -4.70541 -49.7781 0
      vertex -3.21622 -42.864 0
    endloop
  endfacet
  facet normal 0 0 -1
    outer loop
      vertex -4.70541 -49.7781 0
      vertex -6.26665 -49.6057 0
      vertex -5.09827 -42.6855 0
    endloop
  endfacet
  facet normal -0 0 -1
    outer loop
      vertex -5.09827 -42.6855 0
      vertex -6.26665 -49.6057 0
      vertex -6.95575 -42.4257 0
    endloop
  endfacet
  facet normal 0 0 -1
    outer loop
      vertex -6.95575 -42.4257 0
      vertex -7.82172 -49.3844 0
      vertex -9.36906 -49.1143 0
    endloop
  endfacet
  facet normal 0 0 -1
    outer loop
      vertex -11.2706 -41.4944 0
      vertex -8.78717 -42.0879 0
      vertex -10.9072 -48.7958 0
    endloop
  endfacet
  facet normal 0 0 -1
    outer loop
      vertex -8.78717 -42.0879 0
      vertex -9.36906 -49.1143 0
      vertex -10.9072 -48.7958 0
    endloop
  endfacet
  facet normal -0 0 -1
    outer loop
      vertex -7.59686 -39.3287 0
      vertex -8.26477 -40.6522 0
      vertex -10.2619 -38.8931 0
    endloop
  endfacet
  facet normal 0 0 -1
    outer loop
      vertex -6.79738 -38.1313 0
      vertex -8.83679 -36.5822 0
      vertex -8.27673 -35.8913 0
    endloop
  endfacet
  facet normal 0 0 -1
    outer loop
      vertex -5.88029 -37.0759 0
      vertex -6.98599 -34.6036 0
      vertex -4.85922 -36.1776 0
    endloop
  endfacet
  facet normal -0 0 -1
    outer loop
      vertex -3.74826 -35.4522 0
      vertex -4.31419 -35.7924 0
      vertex -5.49243 -33.5113 0
    endloop
  endfacet
  facet normal -0 0 -1
    outer loop
      vertex -3.16325 -35.159 0
      vertex -3.74826 -35.4522 0
      vertex -4.69841 -33.0652 0
    endloop
  endfacet
  facet normal -0 0 -1
    outer loop
      vertex -2.56099 -34.9148 0
      vertex -3.16325 -35.159 0
      vertex -3.87874 -32.6888 0
    endloop
  endfacet
  facet normal 0 -0 -1
    outer loop
      vertex -3.03784 -32.384 0
      vertex -2.56099 -34.9148 0
      vertex -3.87874 -32.6888 0
    endloop
  endfacet
  facet normal 0 -0 -1
    outer loop
      vertex -2.18002 -32.1532 0
      vertex -1.94322 -34.7214 0
      vertex -3.03784 -32.384 0
    endloop
  endfacet
  facet normal 0 0 -1
    outer loop
      vertex -2.18002 -32.1532 0
      vertex -1.31143 -34.5807 0
      vertex -1.94322 -34.7214 0
    endloop
  endfacet
  facet normal 0 0 -1
    outer loop
      vertex -2.18002 -32.1532 0
      vertex -1.3098 -31.9985 0
      vertex -1.31143 -34.5807 0
    endloop
  endfacet
  facet normal 0 0 -1
    outer loop
      vertex -1.31143 -34.5807 0
      vertex -1.3098 -31.9985 0
      vertex 1.2392 -34.5663 0
    endloop
  endfacet
  facet normal -0 0 1
    outer loop
      vertex 5.06062 -42.6804 3
      vertex 6.26665 -49.6057 3
      vertex 6.93465 -42.4166 3
    endloop
  endfacet
  facet normal 0 0 1
    outer loop
      vertex 9.44615 -15.9919 3
      vertex 11.7711 -13.667 3
      vertex 9.96774 -11.8637 3
    endloop
  endfacet
  facet normal 0 -0 1
    outer loop
      vertex -1.3098 -18.0288 3
      vertex -1.3098 -15.478 3
      vertex -4.59766 -15.478 3
    endloop
  endfacet
  facet normal 0 0 1
    outer loop
      vertex 34.6566 -20.0227 3
      vertex 33.7588 -19.7592 3
      vertex 33.081 -22.4001 3
    endloop
  endfacet
  facet normal -0 0 1
    outer loop
      vertex 3.03998 1.2196 3
      vertex 3.04169 -1.3302 3
      vertex 7.42896 1.2196 3
    endloop
  endfacet
  facet normal 0 0 1
    outer loop
      vertex -1.3098 -27.6232 3
      vertex 1.2392 -25.075 3
      vertex -1.3098 -25.0724 3
    endloop
  endfacet
  facet normal 0 0 1
    outer loop
      vertex 6.12958 -33.938 3
      vertex 4.27808 -35.7456 3
      vertex 4.82797 -36.1263 3
    endloop
  endfacet
  facet normal 0 0 1
    outer loop
      vertex 15.1806 -13.3158 3
      vertex 11.7711 -13.667 3
      vertex 13.3596 -15.2556 3
    endloop
  endfacet
  facet normal 0 0 1
    outer loop
      vertex 9.99158 -1.20856 3
      vertex 15.3692 -1.19394 3
      vertex 10.0069 1.22052 3
    endloop
  endfacet
  facet normal 0 0 1
    outer loop
      vertex 25.048 -34.8902 3
      vertex 23.4942 -35.9605 3
      vertex 28.1042 -41.354 3
    endloop
  endfacet
  facet normal 0 0 1
    outer loop
      vertex 22.386 -33.1685 3
      vertex 19.7194 -32.9924 3
      vertex 19.9283 -33.8734 3
    endloop
  endfacet
  facet normal -0 0 1
    outer loop
      vertex 20.5147 -35.6129 3
      vertex 20.89 -36.4645 3
      vertex 22.8495 -34.5765 3
    endloop
  endfacet
  facet normal 0 -0 1
    outer loop
      vertex 19.5682 -32.108 3
      vertex 22.1049 -31.7569 3
      vertex 19.4759 -31.2239 3
    endloop
  endfacet
  facet normal 0 0 1
    outer loop
      vertex 22.094 -29.0058 3
      vertex 19.5847 -28.4758 3
      vertex 19.478 -29.401 3
    endloop
  endfacet
  facet normal 0 0 1
    outer loop
      vertex 31.2027 -29.4921 3
      vertex 29.3994 -31.2954 3
      vertex 35.3553 -35.3553 3
    endloop
  endfacet
  facet normal 0 0 1
    outer loop
      vertex 22.1049 -31.7569 3
      vertex 22.0072 -30.3624 3
      vertex 19.4759 -31.2239 3
    endloop
  endfacet
  facet normal 0 0 1
    outer loop
      vertex 19.5847 -28.4758 3
      vertex 22.207 -28.348 3
      vertex 19.7618 -27.5724 3
    endloop
  endfacet
  facet normal 0 0 1
    outer loop
      vertex 43.8153 -24.0877 3
      vertex 37.2763 -21.1575 3
      vertex 43.0371 -25.4521 3
    endloop
  endfacet
  facet normal 0 0 1
    outer loop
      vertex 18.7782 -9.69847 3
      vertex 15.1806 -13.3158 3
      vertex 20.5864 -11.4968 3
    endloop
  endfacet
  facet normal -0 0 1
    outer loop
      vertex 33.6831 -26.6173 3
      vertex 39.5077 -30.6453 3
      vertex 34.8275 -25.0988 3
    endloop
  endfacet
  facet normal 0 0 1
    outer loop
      vertex 35.5446 -20.3443 3
      vertex 34.6566 -20.0227 3
      vertex 34.5018 -22.8707 3
    endloop
  endfacet
  facet normal 0 0 1
    outer loop
      vertex 34.8275 -25.0988 3
      vertex 40.4508 -29.3893 3
      vertex 41.354 -28.1042 3
    endloop
  endfacet
  facet normal 0 -0 1
    outer loop
      vertex 20.1662 -1.18086 3
      vertex 20.1825 1.22052 3
      vertex 17.9361 1.22052 3
    endloop
  endfacet
  facet normal 0 0 1
    outer loop
      vertex 37.2763 -21.1575 3
      vertex 35.9053 -23.529 3
      vertex 43.0371 -25.4521 3
    endloop
  endfacet
  facet normal 0 0 1
    outer loop
      vertex 34.7909 2.48672 3
      vertex 32.2638 2.92513 3
      vertex 34.6044 1.86073 3
    endloop
  endfacet
  facet normal 0 -0 1
    outer loop
      vertex 6.22221 20.163 3
      vertex 6.22221 22.7137 3
      vertex 1.23586 22.7137 3
    endloop
  endfacet
  facet normal -0 0 1
    outer loop
      vertex 38.8076 -10.0814 3
      vertex 39.6476 -10.4638 3
      vertex 40.5575 -8.28345 3
    endloop
  endfacet
  facet normal 0 0 1
    outer loop
      vertex 22.7332 1.22052 3
      vertex 22.717 -1.17395 3
      vertex 24.9635 -1.16788 3
    endloop
  endfacet
  facet normal 0 -0 1
    outer loop
      vertex 36.4932 -8.66269 3
      vertex 38.036 -6.81615 3
      vertex 35.801 -8.10446 3
    endloop
  endfacet
  facet normal 0 0 1
    outer loop
      vertex 42.8663 1.2196 3
      vertex 42.8663 -1.3302 3
      vertex 50 0 3
    endloop
  endfacet
  facet normal 0 -0 1
    outer loop
      vertex 42.8663 -1.3302 3
      vertex 42.8663 1.2196 3
      vertex 34.4855 -1.3302 3
    endloop
  endfacet
  facet normal 0 -0 1
    outer loop
      vertex 33.9293 -6.0892 3
      vertex 35.6971 -4.33287 3
      vertex 33.4137 -5.32655 3
    endloop
  endfacet
  facet normal -0 0 1
    outer loop
      vertex 37.2271 -9.17931 3
      vertex 37.9996 -9.65271 3
      vertex 39.2334 -7.61552 3
    endloop
  endfacet
  facet normal 0 0 1
    outer loop
      vertex 39.6551 -16.2808 3
      vertex 38.5406 -18.7622 3
      vertex 45.8877 -19.8574 3
    endloop
  endfacet
  facet normal -0 0 1
    outer loop
      vertex 31.8972 1.22052 3
      vertex 34.471 1.2196 3
      vertex 32.0435 2.07846 3
    endloop
  endfacet
  facet normal 0 -0 1
    outer loop
      vertex -6.20618 33.8241 3
      vertex -4.90366 36.0115 3
      vertex -6.9308 34.3831 3
    endloop
  endfacet
  facet normal 0 0 1
    outer loop
      vertex 11.7685 9.94897 3
      vertex 9.96521 11.7524 3
      vertex 7.96242 6.14297 3
    endloop
  endfacet
  facet normal 0 0 1
    outer loop
      vertex 34.7909 2.48672 3
      vertex 32.5559 3.75606 3
      vertex 32.2638 2.92513 3
    endloop
  endfacet
  facet normal 0 0 1
    outer loop
      vertex 33.3475 5.35333 3
      vertex 35.3156 3.68759 3
      vertex 35.6503 4.2589 3
    endloop
  endfacet
  facet normal 0 -0 1
    outer loop
      vertex 37.9781 6.76024 3
      vertex 39.1816 7.56419 3
      vertex 37.1154 9.26129 3
    endloop
  endfacet
  facet normal -0 0 1
    outer loop
      vertex 41.9783 8.76273 3
      vertex 42.3218 6.91518 3
      vertex 49.1143 9.36906 3
    endloop
  endfacet
  facet normal -0 0 1
    outer loop
      vertex 37.9005 9.75418 3
      vertex 39.1816 7.56419 3
      vertex 38.7232 10.2007 3
    endloop
  endfacet
  facet normal -0 0 1
    outer loop
      vertex 38.7232 10.2007 3
      vertex 40.5196 8.23605 3
      vertex 39.5801 10.599 3
    endloop
  endfacet
  facet normal 0 0 1
    outer loop
      vertex 40.5739 13.8759 3
      vertex 47.5528 15.4508 3
      vertex 47.044 16.9369 3
    endloop
  endfacet
  facet normal 0 0 1
    outer loop
      vertex 26.9923 22.554 3
      vertex 26.5877 19.9934 3
      vertex 27.613 22.3479 3
    endloop
  endfacet
  facet normal 0 0 1
    outer loop
      vertex 41.3825 11.2436 3
      vertex 41.9783 8.76273 3
      vertex 48.7958 10.9072 3
    endloop
  endfacet
  facet normal 0 -0 1
    outer loop
      vertex 17.9361 1.22052 3
      vertex 17.9361 4.74103 3
      vertex 15.3853 4.74103 3
    endloop
  endfacet
  facet normal 0 0 1
    outer loop
      vertex 33.0737 22.3672 3
      vertex 32.8971 19.7006 3
      vertex 33.7782 19.9095 3
    endloop
  endfacet
  facet normal 0 0 1
    outer loop
      vertex 13.357 15.1442 3
      vertex 13.5726 11.7524 3
      vertex 15.1612 13.3409 3
    endloop
  endfacet
  facet normal 0 0 1
    outer loop
      vertex -3.78244 35.2961 3
      vertex -4.66209 32.8991 3
      vertex -3.19115 35.0089 3
    endloop
  endfacet
  facet normal 0 -0 1
    outer loop
      vertex 32.4602 27.9839 3
      vertex 37.5055 33.0656 3
      vertex 31.2001 29.3806 3
    endloop
  endfacet
  facet normal 0 0 1
    outer loop
      vertex 41.354 28.1042 3
      vertex 34.795 25.0296 3
      vertex 35.8652 23.4756 3
    endloop
  endfacet
  facet normal 0 0 1
    outer loop
      vertex 38.5257 31.8712 3
      vertex 33.6592 26.5329 3
      vertex 39.5077 30.6453 3
    endloop
  endfacet
  facet normal 0 0 1
    outer loop
      vertex 19.3942 30.0931 3
      vertex 21.9296 30.2445 3
      vertex 19.415 30.9919 3
    endloop
  endfacet
  facet normal 0 -0 1
    outer loop
      vertex 20.6957 24.8936 3
      vertex 22.7908 26.3689 3
      vertex 20.3144 25.6877 3
    endloop
  endfacet
  facet normal 0 -0 1
    outer loop
      vertex 29.3968 31.184 3
      vertex 33.0656 37.5055 3
      vertex 27.9871 32.4554 3
    endloop
  endfacet
  facet normal 0 0 1
    outer loop
      vertex 22.7908 26.3689 3
      vertex 20.6957 24.8936 3
      vertex 23.1015 25.7947 3
    endloop
  endfacet
  facet normal 0 0 1
    outer loop
      vertex 23.1015 25.7947 3
      vertex 21.1389 24.1391 3
      vertex 23.4601 25.2473 3
    endloop
  endfacet
  facet normal 0 0 1
    outer loop
      vertex 22.313 27.5884 3
      vertex 22.1458 28.2289 3
      vertex 19.7442 27.3764 3
    endloop
  endfacet
  facet normal 0 0 1
    outer loop
      vertex 2.48509 34.7999 3
      vertex 2.96297 32.2718 3
      vertex 3.80376 32.5766 3
    endloop
  endfacet
  facet normal 0 0 1
    outer loop
      vertex 22.313 27.5884 3
      vertex 19.9968 26.5168 3
      vertex 22.528 26.9676 3
    endloop
  endfacet
  facet normal 0 0 1
    outer loop
      vertex 38.5406 -18.7622 3
      vertex 37.2763 -21.1575 3
      vertex 44.5503 -22.6995 3
    endloop
  endfacet
  facet normal 0 0 1
    outer loop
      vertex 24.0877 43.8153 3
      vertex 22.6995 44.5503 3
      vertex 18.8671 38.4893 3
    endloop
  endfacet
  facet normal 0 0 1
    outer loop
      vertex 24.0877 43.8153 3
      vertex 18.8671 38.4893 3
      vertex 21.2589 37.2186 3
    endloop
  endfacet
  facet normal 0 0 1
    outer loop
      vertex 26.7913 42.2164 3
      vertex 25.4521 43.0371 3
      vertex 23.4338 35.8857 3
    endloop
  endfacet
  facet normal -0 0 1
    outer loop
      vertex 3.08725 35.0442 3
      vertex 4.62343 32.953 3
      vertex 3.67215 35.3374 3
    endloop
  endfacet
  facet normal 0 -0 1
    outer loop
      vertex 2.10555 32.041 3
      vertex 2.96297 32.2718 3
      vertex 1.86732 34.6066 3
    endloop
  endfacet
  facet normal 0 -0 1
    outer loop
      vertex 7.91982 24.9602 3
      vertex 7.91982 27.5109 3
      vertex 1.23586 27.5109 3
    endloop
  endfacet
  facet normal -0 0 1
    outer loop
      vertex -31.8712 38.5257 3
      vertex -26.6279 33.6409 3
      vertex -30.6453 39.5077 3
    endloop
  endfacet
  facet normal 0 -0 1
    outer loop
      vertex 8.71149 41.9732 3
      vertex 9.36906 49.1143 3
      vertex 6.88007 42.311 3
    endloop
  endfacet
  facet normal -0 0 1
    outer loop
      vertex 6.72148 38.0165 3
      vertex 9.28056 37.202 3
      vertex 7.52109 39.2139 3
    endloop
  endfacet
  facet normal 0 0 1
    outer loop
      vertex 8.20187 35.7788 3
      vertex 6.72148 38.0165 3
      vertex 5.80431 36.961 3
    endloop
  endfacet
  facet normal 0 -0 1
    outer loop
      vertex 9.28056 37.202 3
      vertex 9.7561 37.9732 3
      vertex 7.52109 39.2139 3
    endloop
  endfacet
  facet normal 0 0 1
    outer loop
      vertex 11.1958 41.3809 3
      vertex 10.9072 48.7958 3
      vertex 8.71149 41.9732 3
    endloop
  endfacet
  facet normal 0 0 1
    outer loop
      vertex 10.9085 40.4871 3
      vertex 8.71149 41.9732 3
      vertex 8.18898 40.5379 3
    endloop
  endfacet
  facet normal 0 0 1
    outer loop
      vertex 13.9496 48.0147 3
      vertex 13.8297 40.5766 3
      vertex 15.4508 47.5528 3
    endloop
  endfacet
  facet normal 0 0 1
    outer loop
      vertex 9.36906 49.1143 3
      vertex 8.71149 41.9732 3
      vertex 10.9072 48.7958 3
    endloop
  endfacet
  facet normal -0 0 1
    outer loop
      vertex -7.82172 49.3844 3
      vertex -5.13631 42.5661 3
      vertex -6.26665 49.6057 3
    endloop
  endfacet
  facet normal 0 0 1
    outer loop
      vertex 4.70541 49.7781 3
      vertex 5.02257 42.5704 3
      vertex 6.26665 49.6057 3
    endloop
  endfacet
  facet normal 0 -0 1
    outer loop
      vertex 6.88007 42.311 3
      vertex 7.82172 49.3844 3
      vertex 6.26665 49.6057 3
    endloop
  endfacet
  facet normal -0 0 1
    outer loop
      vertex 5.02257 42.5704 3
      vertex 6.88007 42.311 3
      vertex 6.26665 49.6057 3
    endloop
  endfacet
  facet normal 0 -0 1
    outer loop
      vertex 1.23586 42.8467 3
      vertex 1.57053 49.9753 3
      vertex 0 50 3
    endloop
  endfacet
  facet normal 0 0 1
    outer loop
      vertex 3.13951 49.9013 3
      vertex 3.14053 42.7496 3
      vertex 4.70541 49.7781 3
    endloop
  endfacet
  facet normal 0 0 1
    outer loop
      vertex 3.13951 49.9013 3
      vertex 1.57053 49.9753 3
      vertex 1.23586 42.8467 3
    endloop
  endfacet
  facet normal 0 -0 1
    outer loop
      vertex -1.31488 42.8467 3
      vertex 0 50 3
      vertex -1.57053 49.9753 3
    endloop
  endfacet
  facet normal 0 -0 1
    outer loop
      vertex -5.13631 42.5661 3
      vertex -4.70541 49.7781 3
      vertex -6.26665 49.6057 3
    endloop
  endfacet
  facet normal 0 0 1
    outer loop
      vertex -3.13951 49.9013 3
      vertex -3.23721 42.7482 3
      vertex -1.31488 42.8467 3
    endloop
  endfacet
  facet normal 0 0 1
    outer loop
      vertex -3.13951 49.9013 3
      vertex -4.70541 49.7781 3
      vertex -3.23721 42.7482 3
    endloop
  endfacet
  facet normal 0 0 1
    outer loop
      vertex 22.5728 -27.0868 3
      vertex 20.3214 -25.8495 3
      vertex 20.0079 -26.6954 3
    endloop
  endfacet
  facet normal -0 0 1
    outer loop
      vertex -9.36906 49.1143 3
      vertex -7.01033 42.3023 3
      vertex -7.82172 49.3844 3
    endloop
  endfacet
  facet normal 0 -0 1
    outer loop
      vertex -7.01033 42.3023 3
      vertex -5.13631 42.5661 3
      vertex -7.82172 49.3844 3
    endloop
  endfacet
  facet normal 0 -0 1
    outer loop
      vertex -8.858 41.9587 3
      vertex -7.01033 42.3023 3
      vertex -9.36906 49.1143 3
    endloop
  endfacet
  facet normal 0 0 1
    outer loop
      vertex -8.858 41.9587 3
      vertex -9.36906 49.1143 3
      vertex -10.9072 48.7958 3
    endloop
  endfacet
  facet normal 0 0 1
    outer loop
      vertex -15.4508 47.5528 3
      vertex -13.9712 40.5551 3
      vertex -11.3387 41.3639 3
    endloop
  endfacet
  facet normal 0 0 1
    outer loop
      vertex -13.9712 40.5551 3
      vertex -16.9369 47.044 3
      vertex -18.4062 46.4888 3
    endloop
  endfacet
  facet normal 0 0 1
    outer loop
      vertex -1.31488 42.8467 3
      vertex -1.31488 34.4514 3
      vertex 1.23586 34.4659 3
    endloop
  endfacet
  facet normal 0 0 1
    outer loop
      vertex -13.9048 25.0633 3
      vertex -16.828 18.5336 3
      vertex -12.1015 23.26 3
    endloop
  endfacet
  facet normal 0 0 1
    outer loop
      vertex -33.0656 37.5055 3
      vertex -34.2273 36.4484 3
      vertex -29.4759 31.1814 3
    endloop
  endfacet
  facet normal -0 0 1
    outer loop
      vertex -22.0837 30.2484 3
      vertex -19.5202 30.2294 3
      vertex -19.5525 31.11 3
    endloop
  endfacet
  facet normal 0 0 1
    outer loop
      vertex -22.4625 33.0546 3
      vertex -22.1814 31.643 3
      vertex -19.7959 32.8784 3
    endloop
  endfacet
  facet normal 0 0 1
    outer loop
      vertex -15.2394 16.9449 3
      vertex -9.91042 18.6673 3
      vertex -11.7137 20.4706 3
    endloop
  endfacet
  facet normal 0 0 1
    outer loop
      vertex -35.981 23.4151 3
      vertex -41.354 28.1042 3
      vertex -42.2164 26.7913 3
    endloop
  endfacet
  facet normal 0 0 1
    outer loop
      vertex -19.6611 28.3618 3
      vertex -22.1705 28.8918 3
      vertex -22.2835 28.2341 3
    endloop
  endfacet
  facet normal 0 0 1
    outer loop
      vertex -33.7596 26.5033 3
      vertex -38.5257 31.8712 3
      vertex -39.5077 30.6453 3
    endloop
  endfacet
  facet normal 0 -0 1
    outer loop
      vertex -22.8098 -1.33366 3
      vertex -22.8098 1.21535 3
      vertex -25.0563 1.21535 3
    endloop
  endfacet
  facet normal 0 0 1
    outer loop
      vertex -23.5495 25.2551 3
      vertex -29.4759 31.1814 3
      vertex -31.2792 29.3781 3
    endloop
  endfacet
  facet normal 0 0 1
    outer loop
      vertex -37.0572 5.78502 3
      vertex -35.2293 7.58235 3
      vertex -35.8749 8.18259 3
    endloop
  endfacet
  facet normal 0 0 1
    outer loop
      vertex -24.9888 20.6753 3
      vertex -26.4641 22.7721 3
      vertex -25.7828 20.2941 3
    endloop
  endfacet
  facet normal -0 0 1
    outer loop
      vertex -38.1125 6.70221 3
      vertex -37.0572 5.78502 3
      vertex -35.8749 8.18259 3
    endloop
  endfacet
  facet normal 0 0 1
    outer loop
      vertex -36.5655 8.74274 3
      vertex -37.298 9.2614 3
      vertex -38.1125 6.70221 3
    endloop
  endfacet
  facet normal -0 0 1
    outer loop
      vertex -1.3157 22.7145 3
      vertex 1.23586 22.7137 3
      vertex 1.23586 24.9602 3
    endloop
  endfacet
  facet normal 0 0 1
    outer loop
      vertex -49.3844 -7.82172 3
      vertex -42.3975 -7.02962 3
      vertex -42.6612 -5.15569 3
    endloop
  endfacet
  facet normal 0 0 1
    outer loop
      vertex -30.3239 -19.538 3
      vertex -31.2053 -19.5697 3
      vertex -30.3094 -22.0947 3
    endloop
  endfacet
  facet normal 0 0 1
    outer loop
      vertex -30.3396 21.9109 3
      vertex -31.2211 19.4034 3
      vertex -30.34 19.3729 3
    endloop
  endfacet
  facet normal -0 0 1
    outer loop
      vertex -35.6222 20.4357 3
      vertex -34.7544 20.1157 3
      vertex -34.5775 22.7567 3
    endloop
  endfacet
  facet normal -0 0 1
    outer loop
      vertex -36.159 4.76405 3
      vertex -35.7737 4.21892 3
      vertex -34.0087 6.16194 3
    endloop
  endfacet
  facet normal 0 0 1
    outer loop
      vertex -8.33133 40.5001 3
      vertex -10.6943 39.5615 3
      vertex -10.296 38.7045 3
    endloop
  endfacet
  facet normal 0 0 1
    outer loop
      vertex -20.4346 18.5326 3
      vertex -16.828 18.5336 3
      vertex -18.6313 20.3369 3
    endloop
  endfacet
  facet normal 0 0 1
    outer loop
      vertex -31.7376 22.004 3
      vertex -33.1567 22.2862 3
      vertex -32.9931 19.6437 3
    endloop
  endfacet
  facet normal 0 -0 1
    outer loop
      vertex -35.4335 3.65298 3
      vertex -33.4952 5.39787 3
      vertex -35.7737 4.21892 3
    endloop
  endfacet
  facet normal 0 0 1
    outer loop
      vertex -32.6725 3.78398 3
      vertex -33.0491 4.60376 3
      vertex -35.1403 3.06807 3
    endloop
  endfacet
  facet normal 0 0 1
    outer loop
      vertex -18.6313 16.7293 3
      vertex -20.4346 18.5326 3
      vertex -25.1611 13.8062 3
    endloop
  endfacet
  facet normal -0 0 1
    outer loop
      vertex -47.044 -16.9369 3
      vertex -46.4888 -18.4062 3
      vertex -40.6504 -13.989 3
    endloop
  endfacet
  facet normal 0 0 1
    outer loop
      vertex -49.1143 -9.36906 3
      vertex -42.054 -8.87666 3
      vertex -42.3975 -7.02962 3
    endloop
  endfacet
  facet normal -0 0 1
    outer loop
      vertex -25.1611 13.8062 3
      vertex -23.3578 12.0029 3
      vertex -18.6313 16.7293 3
    endloop
  endfacet
  facet normal 0 -0 1
    outer loop
      vertex -48.4292 -12.4345 3
      vertex -42.054 -8.87666 3
      vertex -48.7958 -10.9072 3
    endloop
  endfacet
  facet normal 0 0 1
    outer loop
      vertex -47.5528 -15.4508 3
      vertex -40.6504 -13.989 3
      vertex -41.4591 -11.3567 3
    endloop
  endfacet
  facet normal 0 0 1
    outer loop
      vertex -41.4591 -11.3567 3
      vertex -48.4292 -12.4345 3
      vertex -48.0147 -13.9496 3
    endloop
  endfacet
  facet normal 0 -0 1
    outer loop
      vertex -17.0427 15.1408 3
      vertex -15.2394 16.9449 3
      vertex -18.6313 16.7293 3
    endloop
  endfacet
  facet normal 0 0 1
    outer loop
      vertex -11.8476 13.5531 3
      vertex -15.2394 13.3367 3
      vertex -13.6509 11.748 3
    endloop
  endfacet
  facet normal 0 -0 1
    outer loop
      vertex -9.84944 37.8817 3
      vertex -7.65936 39.162 3
      vertex -10.296 38.7045 3
    endloop
  endfacet
  facet normal 0 0 1
    outer loop
      vertex -15.2394 13.3367 3
      vertex -20.6503 11.5324 3
      vertex -18.847 9.72911 3
    endloop
  endfacet
  facet normal -0 0 1
    outer loop
      vertex -34.7294 -20.2881 3
      vertex -33.1559 -22.4776 3
      vertex -33.8548 -20.0226 3
    endloop
  endfacet
  facet normal -0 0 1
    outer loop
      vertex -34.7026 1.84795 3
      vertex -34.562 1.21626 3
      vertex -32.1371 2.08546 3
    endloop
  endfacet
  facet normal -0 0 1
    outer loop
      vertex -33.8548 -20.0226 3
      vertex -33.1559 -22.4776 3
      vertex -32.9736 -19.8136 3
    endloop
  endfacet
  facet normal -0 0 1
    outer loop
      vertex 8.25563 -40.6147 3
      vertex 8.7823 -42.0737 3
      vertex 10.966 -40.563 3
    endloop
  endfacet
  facet normal 0 0 1
    outer loop
      vertex -31.2758 -29.4938 3
      vertex -37.5055 -33.0656 3
      vertex -36.4484 -34.2273 3
    endloop
  endfacet
  facet normal 0 0 1
    outer loop
      vertex -33.1559 -22.4776 3
      vertex -31.7298 -22.1916 3
      vertex -32.9736 -19.8136 3
    endloop
  endfacet
  facet normal 0 0 1
    outer loop
      vertex -31.2053 -19.5697 3
      vertex -32.0893 -19.6623 3
      vertex -31.7298 -22.1916 3
    endloop
  endfacet
  facet normal 0 0 1
    outer loop
      vertex -38.7997 -10.3138 3
      vertex -39.2573 -7.67813 3
      vertex -40.5953 -8.34999 3
    endloop
  endfacet
  facet normal 0 0 1
    outer loop
      vertex -32.0893 -19.6623 3
      vertex -32.9736 -19.8136 3
      vertex -31.7298 -22.1916 3
    endloop
  endfacet
  facet normal 0 0 1
    outer loop
      vertex -23.5095 -35.9997 3
      vertex -28.1042 -41.354 3
      vertex -26.7913 -42.2164 3
    endloop
  endfacet
  facet normal 0 0 1
    outer loop
      vertex -34.8666 -2.60127 3
      vertex -35.1042 -3.21074 3
      vertex -32.6325 -3.86877 3
    endloop
  endfacet
  facet normal -0 0 1
    outer loop
      vertex -30.3239 -19.538 3
      vertex -30.3094 -22.0947 3
      vertex -30.2958 -19.538 3
    endloop
  endfacet
  facet normal -0 0 1
    outer loop
      vertex -30.3094 -22.0947 3
      vertex -29.6149 -22.1187 3
      vertex -30.2958 -19.538 3
    endloop
  endfacet
  facet normal 0 0 1
    outer loop
      vertex -5.93234 36.9038 3
      vertex -7.61798 35.0037 3
      vertex -5.43042 36.4365 3
    endloop
  endfacet
  facet normal 0 -0 1
    outer loop
      vertex -28.9381 -22.1895 3
      vertex -28.4362 -19.6823 3
      vertex -29.3574 -19.5744 3
    endloop
  endfacet
  facet normal -0 0 1
    outer loop
      vertex -22.3806 -33.1754 3
      vertex -19.9259 -33.8178 3
      vertex -19.7194 -32.9146 3
    endloop
  endfacet
  facet normal 0 0 1
    outer loop
      vertex -23.5095 -35.9997 3
      vertex -21.3337 -37.3317 3
      vertex -20.8968 -36.4757 3
    endloop
  endfacet
  facet normal 0 0 1
    outer loop
      vertex -20.259 -6.43588 3
      vertex -22.8098 -1.33366 3
      vertex -22.8098 -6.43588 3
    endloop
  endfacet
  facet normal 0 0 1
    outer loop
      vertex 6.14206 -4.43057 3
      vertex 3.04169 -1.3302 3
      vertex 1.2392 -3.13434 3
    endloop
  endfacet
  facet normal 0 0 1
    outer loop
      vertex -10.9072 -48.7958 3
      vertex -11.2706 -41.4944 3
      vertex -12.4345 -48.4292 3
    endloop
  endfacet
  facet normal 0 0 1
    outer loop
      vertex -25.4521 -43.0371 3
      vertex -21.3337 -37.3317 3
      vertex -23.5095 -35.9997 3
    endloop
  endfacet
  facet normal 0 -0 1
    outer loop
      vertex -24.0877 -43.8153 3
      vertex -21.3337 -37.3317 3
      vertex -25.4521 -43.0371 3
    endloop
  endfacet
  facet normal 0 -0 1
    outer loop
      vertex -22.6995 -44.5503 3
      vertex -18.942 -38.6025 3
      vertex -24.0877 -43.8153 3
    endloop
  endfacet
  facet normal -0 0 1
    outer loop
      vertex -21.289 -45.2413 3
      vertex -19.8574 -45.8877 3
      vertex -16.4635 -39.7238 3
    endloop
  endfacet
  facet normal 0 0 1
    outer loop
      vertex -13.9044 -40.6898 3
      vertex -16.4635 -39.7238 3
      vertex -16.9369 -47.044 3
    endloop
  endfacet
  facet normal -0 0 1
    outer loop
      vertex 16.7514 -18.6475 3
      vertex 18.5547 -20.4508 3
      vertex 20.3898 -18.4975 3
    endloop
  endfacet
  facet normal -0 0 1
    outer loop
      vertex -1.31488 7.41019 3
      vertex 1.23494 3.02293 3
      vertex 1.23494 7.4111 3
    endloop
  endfacet
  facet normal 0 -0 1
    outer loop
      vertex -8.04156 6.1387 3
      vertex -6.23824 7.94376 3
      vertex -11.8476 9.9447 3
    endloop
  endfacet
  facet normal 0 0 1
    outer loop
      vertex -1.31143 -42.9614 3
      vertex -1.57053 -49.9753 3
      vertex 0 -50 3
    endloop
  endfacet
  facet normal 0 0 1
    outer loop
      vertex 1.23586 9.98824 3
      vertex 1.23494 7.4111 3
      vertex 2.5616 9.73074 3
    endloop
  endfacet
  facet normal 0 0 1
    outer loop
      vertex 3.83298 9.30077 3
      vertex 2.5616 9.73074 3
      vertex 2.05959 7.22238 3
    endloop
  endfacet
  facet normal 0 -0 1
    outer loop
      vertex 7.58366 -39.2769 3
      vertex 9.27995 -37.2107 3
      vertex 6.77962 -38.0734 3
    endloop
  endfacet
  facet normal -0 0 1
    outer loop
      vertex -8.79793 -5.13367 3
      vertex -8.03891 -6.2561 3
      vertex -6.21602 -4.43401 3
    endloop
  endfacet
  facet normal 0 -0 1
    outer loop
      vertex 1.23494 7.4111 3
      vertex 1.23586 9.98824 3
      vertex -1.3157 9.98824 3
    endloop
  endfacet
  facet normal 0 0 1
    outer loop
      vertex 2.5616 9.73074 3
      vertex 1.23494 7.4111 3
      vertex 2.05959 7.22238 3
    endloop
  endfacet
  facet normal 0 -0 1
    outer loop
      vertex 1.2392 -25.075 3
      vertex 1.2392 -22.8285 3
      vertex -1.3098 -25.0724 3
    endloop
  endfacet
  facet normal 0 -0 1
    outer loop
      vertex -1.3098 -22.8259 3
      vertex -1.3098 -20.2752 3
      vertex -6.29617 -20.2752 3
    endloop
  endfacet
  facet normal 0 0 1
    outer loop
      vertex 1.2392 -20.2778 3
      vertex 1.2392 -22.8285 3
      vertex 6.34154 -22.8285 3
    endloop
  endfacet
  facet normal 0 0 1
    outer loop
      vertex 11.2622 -41.4781 3
      vertex 12.4345 -48.4292 3
      vertex 13.9496 -48.0147 3
    endloop
  endfacet
  facet normal -0 0 1
    outer loop
      vertex 13.8947 -40.6695 3
      vertex 16.9369 -47.044 3
      vertex 16.4521 -39.6991 3
    endloop
  endfacet
  facet normal 0 0 1
    outer loop
      vertex 9.3183 3.81725 3
      vertex 6.96031 2.84052 3
      vertex 7.24004 2.04437 3
    endloop
  endfacet
  facet normal 0 0 1
    outer loop
      vertex -1.3098 -25.0724 3
      vertex 1.2392 -22.8285 3
      vertex -1.3098 -22.8259 3
    endloop
  endfacet
  facet normal 0 0 1
    outer loop
      vertex 10.2195 -38.8185 3
      vertex 9.77295 -37.9957 3
      vertex 7.58366 -39.2769 3
    endloop
  endfacet
  facet normal 0 -0 1
    outer loop
      vertex 21.289 -45.2413 3
      vertex 22.6995 -44.5503 3
      vertex 18.9287 -38.574 3
    endloop
  endfacet
  facet normal 0 0 1
    outer loop
      vertex 6.91121 34.4913 3
      vertex 4.78323 36.0629 3
      vertex 6.18153 33.9126 3
    endloop
  endfacet
  facet normal 0 0 1
    outer loop
      vertex 1.23586 22.7137 3
      vertex -1.3157 20.1639 3
      vertex 1.23586 20.163 3
    endloop
  endfacet
  facet normal 0 -0 1
    outer loop
      vertex -42.0693 8.692 3
      vertex -41.477 11.1762 3
      vertex -48.7958 10.9072 3
    endloop
  endfacet
  facet normal 0 0 1
    outer loop
      vertex -38.8761 10.1677 3
      vertex -39.7151 10.5522 3
      vertex -40.634 8.16949 3
    endloop
  endfacet
  facet normal 0 0 1
    outer loop
      vertex -38.5846 18.8468 3
      vertex -45.2413 21.289 3
      vertex -45.8877 19.8574 3
    endloop
  endfacet
  facet normal 0 0 1
    outer loop
      vertex -40.4508 29.3893 3
      vertex -41.354 28.1042 3
      vertex -34.9037 24.9849 3
    endloop
  endfacet
  facet normal 0 0 1
    outer loop
      vertex -1.3157 24.961 3
      vertex -7.99976 27.5117 3
      vertex -7.99976 24.961 3
    endloop
  endfacet
  facet normal 0 0 1
    outer loop
      vertex -31.2792 29.3781 3
      vertex -35.3553 35.3553 3
      vertex -36.4484 34.2273 3
    endloop
  endfacet
  facet normal 0 0 1
    outer loop
      vertex -20.0048 33.7595 3
      vertex -20.2703 34.6342 3
      vertex -22.4625 33.0546 3
    endloop
  endfacet
  facet normal 0 0 1
    outer loop
      vertex -20.5912 35.499 3
      vertex -22.9261 34.4626 3
      vertex -20.2703 34.6342 3
    endloop
  endfacet
  facet normal 0 0 1
    outer loop
      vertex -16.5286 39.5852 3
      vertex -21.289 45.2413 3
      vertex -19.0052 38.46 3
    endloop
  endfacet
  facet normal -0 0 1
    outer loop
      vertex -19.8574 45.8877 3
      vertex -16.5286 39.5852 3
      vertex -18.4062 46.4888 3
    endloop
  endfacet
  facet normal 0 0 1
    outer loop
      vertex -11.3387 41.3639 3
      vertex -12.4345 48.4292 3
      vertex -13.9496 48.0147 3
    endloop
  endfacet
  facet normal 0 0 1
    outer loop
      vertex -10.9072 48.7958 3
      vertex -12.4345 48.4292 3
      vertex -8.858 41.9587 3
    endloop
  endfacet
  facet normal 0 0 1
    outer loop
      vertex -5.13631 42.5661 3
      vertex -3.23721 42.7482 3
      vertex -4.70541 49.7781 3
    endloop
  endfacet
  facet normal 0 0 1
    outer loop
      vertex -1.31488 42.8467 3
      vertex -1.57053 49.9753 3
      vertex -3.13951 49.9013 3
    endloop
  endfacet
  facet normal 0 0 1
    outer loop
      vertex 1.23586 42.8467 3
      vertex 0 50 3
      vertex -1.31488 42.8467 3
    endloop
  endfacet
  facet normal 0 0 1
    outer loop
      vertex 3.14053 42.7496 3
      vertex 3.13951 49.9013 3
      vertex 1.23586 42.8467 3
    endloop
  endfacet
  facet normal 0 0 1
    outer loop
      vertex -6.8553 37.9585 3
      vertex -8.23891 35.6542 3
      vertex -5.93234 36.9038 3
    endloop
  endfacet
  facet normal 0 0 1
    outer loop
      vertex 5.02257 42.5704 3
      vertex 4.70541 49.7781 3
      vertex 3.14053 42.7496 3
    endloop
  endfacet
  facet normal -0 0 1
    outer loop
      vertex -1.31488 42.8467 3
      vertex 1.23586 34.4659 3
      vertex 1.23586 42.8467 3
    endloop
  endfacet
  facet normal 0 0 1
    outer loop
      vertex 6.88007 42.311 3
      vertex 9.36906 49.1143 3
      vertex 7.82172 49.3844 3
    endloop
  endfacet
  facet normal 0 0 1
    outer loop
      vertex 8.71149 41.9732 3
      vertex 10.9085 40.4871 3
      vertex 11.1958 41.3809 3
    endloop
  endfacet
  facet normal 0 0 1
    outer loop
      vertex 15.4508 47.5528 3
      vertex 13.8297 40.5766 3
      vertex 16.9369 47.044 3
    endloop
  endfacet
  facet normal 0 0 1
    outer loop
      vertex 18.4062 46.4888 3
      vertex 16.9369 47.044 3
      vertex 16.3887 39.6107 3
    endloop
  endfacet
  facet normal 0 0 1
    outer loop
      vertex 18.8671 38.4893 3
      vertex 22.6995 44.5503 3
      vertex 21.289 45.2413 3
    endloop
  endfacet
  facet normal -0 0 1
    outer loop
      vertex 1.86732 34.6066 3
      vertex 2.96297 32.2718 3
      vertex 2.48509 34.7999 3
    endloop
  endfacet
  facet normal 0 0 1
    outer loop
      vertex 22.3049 33.0614 3
      vertex 20.1169 34.6019 3
      vertex 19.851 33.7048 3
    endloop
  endfacet
  facet normal 0 -0 1
    outer loop
      vertex 19.4413 29.1691 3
      vertex 21.9541 29.5593 3
      vertex 19.3942 30.0931 3
    endloop
  endfacet
  facet normal 0 0 1
    outer loop
      vertex 22.528 26.9676 3
      vertex 19.9968 26.5168 3
      vertex 20.3144 25.6877 3
    endloop
  endfacet
  facet normal -0 0 1
    outer loop
      vertex 29.3968 31.184 3
      vertex 31.2001 29.3806 3
      vertex 35.3553 35.3553 3
    endloop
  endfacet
  facet normal 0 0 1
    outer loop
      vertex 37.2041 21.2998 3
      vertex 35.8652 23.4756 3
      vertex 36.3692 20.8714 3
    endloop
  endfacet
  facet normal 0 0 1
    outer loop
      vertex 31.6622 22.0861 3
      vertex 30.2679 21.9884 3
      vertex 31.1287 19.4572 3
    endloop
  endfacet
  facet normal 0 0 1
    outer loop
      vertex 41.9783 8.76273 3
      vertex 41.3825 11.2436 3
      vertex 40.4678 10.9472 3
    endloop
  endfacet
  facet normal -0 0 1
    outer loop
      vertex 35.0223 7.52271 3
      vertex 36.9232 5.83748 3
      vertex 35.6729 8.14372 3
    endloop
  endfacet
  facet normal 0 -0 1
    outer loop
      vertex -6.9308 34.3831 3
      vertex -5.43042 36.4365 3
      vertex -7.61798 35.0037 3
    endloop
  endfacet
  facet normal 0 0 1
    outer loop
      vertex -35.981 23.4151 3
      vertex -36.4764 20.8104 3
      vertex -34.5775 22.7567 3
    endloop
  endfacet
  facet normal -0 0 1
    outer loop
      vertex 23.4338 35.8857 3
      vertex 25.0035 34.8085 3
      vertex 28.1042 41.354 3
    endloop
  endfacet
  facet normal 0 0 1
    outer loop
      vertex -38.0693 9.73692 3
      vertex -38.8761 10.1677 3
      vertex -39.31 7.5016 3
    endloop
  endfacet
  facet normal -0 0 1
    outer loop
      vertex 7.24004 2.04437 3
      vertex 7.42896 1.2196 3
      vertex 9.74879 2.54619 3
    endloop
  endfacet
  facet normal -0 0 1
    outer loop
      vertex -1.3157 17.9174 3
      vertex 1.23586 17.9165 3
      vertex 1.23586 20.163 3
    endloop
  endfacet
  facet normal 0 -0 1
    outer loop
      vertex -36.159 4.76405 3
      vertex -34.5874 6.89163 3
      vertex -37.0572 5.78502 3
    endloop
  endfacet
  facet normal -0 0 1
    outer loop
      vertex -28.3242 22.127 3
      vertex -27.4716 19.7239 3
      vertex -27.6837 22.2943 3
    endloop
  endfacet
  facet normal 0 -0 1
    outer loop
      vertex 4.5237 15.3658 3
      vertex 4.5237 17.9165 3
      vertex 1.23586 17.9165 3
    endloop
  endfacet
  facet normal 0 0 1
    outer loop
      vertex 16.7497 18.5361 3
      vertex 15.1612 16.9476 3
      vertex 18.553 16.7328 3
    endloop
  endfacet
  facet normal -0 0 1
    outer loop
      vertex 1.23586 34.4659 3
      vertex 2.10555 32.041 3
      vertex 1.86732 34.6066 3
    endloop
  endfacet
  facet normal -0 0 1
    outer loop
      vertex -6.20618 33.8241 3
      vertex -5.44858 33.3288 3
      vertex -4.35376 35.6309 3
    endloop
  endfacet
  facet normal 0 0 1
    outer loop
      vertex 1.23586 15.3658 3
      vertex 4.5237 15.3658 3
      vertex 1.23586 17.9165 3
    endloop
  endfacet
  facet normal 0 0 1
    outer loop
      vertex -5.44858 33.3288 3
      vertex -3.78244 35.2961 3
      vertex -4.35376 35.6309 3
    endloop
  endfacet
  facet normal 0 0 1
    outer loop
      vertex 25.4521 43.0371 3
      vertex 24.0877 43.8153 3
      vertex 21.2589 37.2186 3
    endloop
  endfacet
  facet normal 0 0 1
    outer loop
      vertex 3.08725 35.0442 3
      vertex 2.48509 34.7999 3
      vertex 3.80376 32.5766 3
    endloop
  endfacet
  facet normal 0 0 1
    outer loop
      vertex 31.8712 38.5257 3
      vertex 30.6453 39.5077 3
      vertex 26.5221 33.6643 3
    endloop
  endfacet
  facet normal 0 0 1
    outer loop
      vertex 6.22221 20.163 3
      vertex 1.23586 22.7137 3
      vertex 1.23586 20.163 3
    endloop
  endfacet
  facet normal 0 0 1
    outer loop
      vertex 1.23586 27.5109 3
      vertex 1.23586 24.9602 3
      vertex 7.91982 24.9602 3
    endloop
  endfacet
  facet normal 0 -0 1
    outer loop
      vertex -3.85124 32.5372 3
      vertex -3.19115 35.0089 3
      vertex -4.66209 32.8991 3
    endloop
  endfacet
  facet normal -0 0 1
    outer loop
      vertex 3.67215 35.3374 3
      vertex 5.41745 33.3991 3
      vertex 4.23808 35.6776 3
    endloop
  endfacet
  facet normal 0 -0 1
    outer loop
      vertex 6.91121 34.4913 3
      vertex 7.60194 35.1332 3
      vertex 5.80431 36.961 3
    endloop
  endfacet
  facet normal 0 0 1
    outer loop
      vertex -2.58179 34.7713 3
      vertex -3.85124 32.5372 3
      vertex -3.02039 32.2451 3
    endloop
  endfacet
  facet normal 0 0 1
    outer loop
      vertex 1.23586 34.4659 3
      vertex 1.23586 31.8863 3
      vertex 2.10555 32.041 3
    endloop
  endfacet
  facet normal 0 0 1
    outer loop
      vertex 1.23586 34.4659 3
      vertex -1.31488 34.4514 3
      vertex 1.23586 31.8863 3
    endloop
  endfacet
  facet normal 0 0 1
    outer loop
      vertex 3.08725 35.0442 3
      vertex 3.80376 32.5766 3
      vertex 4.62343 32.953 3
    endloop
  endfacet
  facet normal 0 0 1
    outer loop
      vertex 3.67215 35.3374 3
      vertex 4.62343 32.953 3
      vertex 5.41745 33.3991 3
    endloop
  endfacet
  facet normal 0 0 1
    outer loop
      vertex 4.23808 35.6776 3
      vertex 5.41745 33.3991 3
      vertex 6.18153 33.9126 3
    endloop
  endfacet
  facet normal -0 0 1
    outer loop
      vertex 4.23808 35.6776 3
      vertex 6.18153 33.9126 3
      vertex 4.78323 36.0629 3
    endloop
  endfacet
  facet normal -0 0 1
    outer loop
      vertex 4.78323 36.0629 3
      vertex 6.91121 34.4913 3
      vertex 5.80431 36.961 3
    endloop
  endfacet
  facet normal 0 -0 1
    outer loop
      vertex 23.4338 35.8857 3
      vertex 25.4521 43.0371 3
      vertex 21.2589 37.2186 3
    endloop
  endfacet
  facet normal -0 0 1
    outer loop
      vertex 16.3887 39.6107 3
      vertex 18.8671 38.4893 3
      vertex 19.8574 45.8877 3
    endloop
  endfacet
  facet normal 0 -0 1
    outer loop
      vertex 7.60194 35.1332 3
      vertex 8.20187 35.7788 3
      vertex 5.80431 36.961 3
    endloop
  endfacet
  facet normal 0 0 1
    outer loop
      vertex 16.3887 39.6107 3
      vertex 19.8574 45.8877 3
      vertex 18.4062 46.4888 3
    endloop
  endfacet
  facet normal 0 -0 1
    outer loop
      vertex 8.20187 35.7788 3
      vertex 8.76201 36.4694 3
      vertex 6.72148 38.0165 3
    endloop
  endfacet
  facet normal 0 0 1
    outer loop
      vertex 9.28056 37.202 3
      vertex 6.72148 38.0165 3
      vertex 8.76201 36.4694 3
    endloop
  endfacet
  facet normal -0 0 1
    outer loop
      vertex 13.8297 40.5766 3
      vertex 16.3887 39.6107 3
      vertex 16.9369 47.044 3
    endloop
  endfacet
  facet normal 0 0 1
    outer loop
      vertex 10.187 38.78 3
      vertex 7.52109 39.2139 3
      vertex 9.7561 37.9732 3
    endloop
  endfacet
  facet normal 0 0 1
    outer loop
      vertex 8.18898 40.5379 3
      vertex 7.52109 39.2139 3
      vertex 10.187 38.78 3
    endloop
  endfacet
  facet normal 0 0 1
    outer loop
      vertex 8.18898 40.5379 3
      vertex 10.187 38.78 3
      vertex 10.5717 39.619 3
    endloop
  endfacet
  facet normal 0 0 1
    outer loop
      vertex 13.9496 48.0147 3
      vertex 11.1958 41.3809 3
      vertex 13.8297 40.5766 3
    endloop
  endfacet
  facet normal 0 0 1
    outer loop
      vertex 10.9085 40.4871 3
      vertex 8.18898 40.5379 3
      vertex 10.5717 39.619 3
    endloop
  endfacet
  facet normal 0 -0 1
    outer loop
      vertex 11.1958 41.3809 3
      vertex 12.4345 48.4292 3
      vertex 10.9072 48.7958 3
    endloop
  endfacet
  facet normal 0 0 1
    outer loop
      vertex 13.9496 48.0147 3
      vertex 12.4345 48.4292 3
      vertex 11.1958 41.3809 3
    endloop
  endfacet
  facet normal 0 0 1
    outer loop
      vertex 18.8671 38.4893 3
      vertex 21.289 45.2413 3
      vertex 19.8574 45.8877 3
    endloop
  endfacet
  facet normal 0 0 1
    outer loop
      vertex 28.1042 41.354 3
      vertex 25.0035 34.8085 3
      vertex 29.3893 40.4508 3
    endloop
  endfacet
  facet normal 0 0 1
    outer loop
      vertex 22.3049 33.0614 3
      vertex 19.851 33.7048 3
      vertex 19.6446 32.8015 3
    endloop
  endfacet
  facet normal 0 -0 1
    outer loop
      vertex 26.5221 33.6643 3
      vertex 30.6453 39.5077 3
      vertex 25.0035 34.8085 3
    endloop
  endfacet
  facet normal 0 0 1
    outer loop
      vertex 22.313 27.5884 3
      vertex 19.7442 27.3764 3
      vertex 19.9968 26.5168 3
    endloop
  endfacet
  facet normal 0 0 1
    outer loop
      vertex 22.7908 26.3689 3
      vertex 22.528 26.9676 3
      vertex 20.3144 25.6877 3
    endloop
  endfacet
  facet normal -0 0 1
    outer loop
      vertex 20.6957 24.8936 3
      vertex 21.1389 24.1391 3
      vertex 23.1015 25.7947 3
    endloop
  endfacet
  facet normal 0 0 1
    outer loop
      vertex 9.96521 11.7524 3
      vertex 9.27914 16.045 3
      vertex 7.47583 14.2417 3
    endloop
  endfacet
  facet normal 0 0 1
    outer loop
      vertex 35.3553 35.3553 3
      vertex 34.2273 36.4484 3
      vertex 29.3968 31.184 3
    endloop
  endfacet
  facet normal 0 0 1
    outer loop
      vertex 36.4484 34.2273 3
      vertex 31.2001 29.3806 3
      vertex 37.5055 33.0656 3
    endloop
  endfacet
  facet normal -0 0 1
    outer loop
      vertex 32.4602 27.9839 3
      vertex 33.6592 26.5329 3
      vertex 38.5257 31.8712 3
    endloop
  endfacet
  facet normal 0 0 1
    outer loop
      vertex 34.795 25.0296 3
      vertex 40.4508 29.3893 3
      vertex 39.5077 30.6453 3
    endloop
  endfacet
  facet normal 0 0 1
    outer loop
      vertex 42.2164 26.7913 3
      vertex 41.354 28.1042 3
      vertex 35.8652 23.4756 3
    endloop
  endfacet
  facet normal 0 0 1
    outer loop
      vertex 20.4902 11.6186 3
      vertex 15.1612 13.3409 3
      vertex 18.6868 9.81525 3
    endloop
  endfacet
  facet normal -0 0 1
    outer loop
      vertex 31.6622 22.0861 3
      vertex 32.8971 19.7006 3
      vertex 33.0737 22.3672 3
    endloop
  endfacet
  facet normal 0 0 1
    outer loop
      vertex 30.2679 21.9884 3
      vertex 30.2482 19.425 3
      vertex 31.1287 19.4572 3
    endloop
  endfacet
  facet normal -0 0 1
    outer loop
      vertex 28.3605 19.5691 3
      vertex 29.2817 19.4613 3
      vertex 28.9113 22.0753 3
    endloop
  endfacet
  facet normal 0 -0 1
    outer loop
      vertex 41.3825 11.2436 3
      vertex 48.0147 13.9496 3
      vertex 40.5739 13.8759 3
    endloop
  endfacet
  facet normal 0 0 1
    outer loop
      vertex 15.8976 9.42747 3
      vertex 13.5726 11.7524 3
      vertex 14.0943 7.62416 3
    endloop
  endfacet
  facet normal 0 -0 1
    outer loop
      vertex 13.357 15.1442 3
      vertex 15.1612 16.9476 3
      vertex 11.5528 20.555 3
    endloop
  endfacet
  facet normal 0 -0 1
    outer loop
      vertex 24.9385 20.6848 3
      vertex 25.8205 23.1072 3
      vertex 24.1719 21.1266 3
    endloop
  endfacet
  facet normal 0 0 1
    outer loop
      vertex 18.553 20.3394 3
      vertex 13.8266 25.0658 3
      vertex 12.0233 23.2625 3
    endloop
  endfacet
  facet normal 0 0 1
    outer loop
      vertex 12.0233 23.2625 3
      vertex 16.7497 18.5361 3
      vertex 18.553 20.3394 3
    endloop
  endfacet
  facet normal -0 0 1
    outer loop
      vertex 11.7685 9.94897 3
      vertex 14.0943 7.62416 3
      vertex 13.5726 11.7524 3
    endloop
  endfacet
  facet normal -0 0 1
    outer loop
      vertex 35.6729 8.14372 3
      vertex 37.9781 6.76024 3
      vertex 36.3717 8.72386 3
    endloop
  endfacet
  facet normal 0 0 1
    outer loop
      vertex 11.5528 20.555 3
      vertex 9.74962 18.7517 3
      vertex 13.357 15.1442 3
    endloop
  endfacet
  facet normal 0 0 1
    outer loop
      vertex 36.4559 5.33557 3
      vertex 35.0223 7.52271 3
      vertex 34.4018 6.83563 3
    endloop
  endfacet
  facet normal 0 0 1
    outer loop
      vertex 32.9178 4.56693 3
      vertex 32.5559 3.75606 3
      vertex 35.0285 3.09628 3
    endloop
  endfacet
  facet normal 0 0 1
    outer loop
      vertex 9.27914 16.045 3
      vertex 9.96521 11.7524 3
      vertex 11.7685 13.5556 3
    endloop
  endfacet
  facet normal 0 0 1
    outer loop
      vertex -1.3157 9.98824 3
      vertex 1.23586 15.3658 3
      vertex -1.3157 15.3666 3
    endloop
  endfacet
  facet normal 0 0 1
    outer loop
      vertex -1.3157 9.98824 3
      vertex 1.23586 9.98824 3
      vertex 1.23586 15.3658 3
    endloop
  endfacet
  facet normal 0 -0 1
    outer loop
      vertex 1.23586 24.9602 3
      vertex 1.23586 27.5109 3
      vertex -1.3157 24.961 3
    endloop
  endfacet
  facet normal -0 0 1
    outer loop
      vertex -1.3157 27.5117 3
      vertex 1.23586 27.5109 3
      vertex -1.3157 31.8786 3
    endloop
  endfacet
  facet normal 0 0 1
    outer loop
      vertex -7.71933 14.0747 3
      vertex -9.52264 15.878 3
      vertex -11.8476 13.5531 3
    endloop
  endfacet
  facet normal 0 0 1
    outer loop
      vertex -6.41803 22.7145 3
      vertex -6.41803 20.1639 3
      vertex -1.3157 20.1639 3
    endloop
  endfacet
  facet normal 0 0 1
    outer loop
      vertex -7.71933 14.0747 3
      vertex -11.8476 13.5531 3
      vertex -10.0442 11.7497 3
    endloop
  endfacet
  facet normal 0 0 1
    outer loop
      vertex -6.8553 37.9585 3
      vertex -9.35645 37.0968 3
      vertex -8.81903 36.3531 3
    endloop
  endfacet
  facet normal 0 0 1
    outer loop
      vertex -34.9037 24.9849 3
      vertex -41.354 28.1042 3
      vertex -35.981 23.4151 3
    endloop
  endfacet
  facet normal -0 0 1
    outer loop
      vertex -22.443 27.5936 3
      vertex -19.8384 27.4584 3
      vertex -22.2835 28.2341 3
    endloop
  endfacet
  facet normal 0 -0 1
    outer loop
      vertex -20.3978 25.7356 3
      vertex -20.0844 26.5814 3
      vertex -22.6493 26.9728 3
    endloop
  endfacet
  facet normal 0 0 1
    outer loop
      vertex -44.5503 22.6995 3
      vertex -38.5846 18.8468 3
      vertex -37.3139 21.2385 3
    endloop
  endfacet
  facet normal 0 -0 1
    outer loop
      vertex -13.4361 15.1416 3
      vertex -9.91042 18.6673 3
      vertex -15.2394 16.9449 3
    endloop
  endfacet
  facet normal 0 0 1
    outer loop
      vertex -40.4508 29.3893 3
      vertex -34.9037 24.9849 3
      vertex -33.7596 26.5033 3
    endloop
  endfacet
  facet normal 0 0 1
    outer loop
      vertex -8.33133 40.5001 3
      vertex -8.858 41.9587 3
      vertex -11.0425 40.4491 3
    endloop
  endfacet
  facet normal 0 0 1
    outer loop
      vertex -22.1814 31.643 3
      vertex -22.0837 30.2484 3
      vertex -19.5525 31.11 3
    endloop
  endfacet
  facet normal 0 0 1
    outer loop
      vertex -22.0837 30.2484 3
      vertex -22.1705 28.8918 3
      vertex -19.5546 29.287 3
    endloop
  endfacet
  facet normal 0 0 1
    outer loop
      vertex -4.90366 36.0115 3
      vertex -5.43042 36.4365 3
      vertex -6.9308 34.3831 3
    endloop
  endfacet
  facet normal 0 0 1
    outer loop
      vertex -13.9048 25.0633 3
      vertex -18.6313 20.3369 3
      vertex -16.828 18.5336 3
    endloop
  endfacet
  facet normal 0 0 1
    outer loop
      vertex -19.6447 31.9941 3
      vertex -19.7959 32.8784 3
      vertex -22.1814 31.643 3
    endloop
  endfacet
  facet normal 0 0 1
    outer loop
      vertex -37.5055 33.0656 3
      vertex -38.5257 31.8712 3
      vertex -32.5507 27.9685 3
    endloop
  endfacet
  facet normal 0 0 1
    outer loop
      vertex -19.7959 32.8784 3
      vertex -20.0048 33.7595 3
      vertex -22.4625 33.0546 3
    endloop
  endfacet
  facet normal 0 0 1
    outer loop
      vertex -7.65936 39.162 3
      vertex -9.84944 37.8817 3
      vertex -9.35645 37.0968 3
    endloop
  endfacet
  facet normal 0 0 1
    outer loop
      vertex -22.9261 34.4626 3
      vertex -20.5912 35.499 3
      vertex -20.9665 36.3504 3
    endloop
  endfacet
  facet normal 0 0 1
    outer loop
      vertex -28.079 32.4418 3
      vertex -33.0656 37.5055 3
      vertex -29.4759 31.1814 3
    endloop
  endfacet
  facet normal 0 0 1
    outer loop
      vertex -20.9665 36.3504 3
      vertex -23.5708 35.8466 3
      vertex -22.9261 34.4626 3
    endloop
  endfacet
  facet normal 0 0 1
    outer loop
      vertex -21.3951 37.1854 3
      vertex -23.5708 35.8466 3
      vertex -20.9665 36.3504 3
    endloop
  endfacet
  facet normal -0 0 1
    outer loop
      vertex -22.6995 44.5503 3
      vertex -19.0052 38.46 3
      vertex -21.289 45.2413 3
    endloop
  endfacet
  facet normal 0 -0 1
    outer loop
      vertex -11.0425 40.4491 3
      vertex -8.858 41.9587 3
      vertex -11.3387 41.3639 3
    endloop
  endfacet
  facet normal 0 0 1
    outer loop
      vertex -28.079 32.4418 3
      vertex -31.8712 38.5257 3
      vertex -33.0656 37.5055 3
    endloop
  endfacet
  facet normal 0 0 1
    outer loop
      vertex -26.6279 33.6409 3
      vertex -31.8712 38.5257 3
      vertex -28.079 32.4418 3
    endloop
  endfacet
  facet normal 0 0 1
    outer loop
      vertex -22.6995 44.5503 3
      vertex -24.0877 43.8153 3
      vertex -19.0052 38.46 3
    endloop
  endfacet
  facet normal -0 0 1
    outer loop
      vertex -30.6453 39.5077 3
      vertex -25.1245 34.7764 3
      vertex -29.3893 40.4508 3
    endloop
  endfacet
  facet normal 0 0 1
    outer loop
      vertex -21.3951 37.1854 3
      vertex -24.0877 43.8153 3
      vertex -25.4521 43.0371 3
    endloop
  endfacet
  facet normal 0 0 1
    outer loop
      vertex -19.0052 38.46 3
      vertex -24.0877 43.8153 3
      vertex -21.3951 37.1854 3
    endloop
  endfacet
  facet normal 0 0 1
    outer loop
      vertex -23.5708 35.8466 3
      vertex -28.1042 41.354 3
      vertex -25.1245 34.7764 3
    endloop
  endfacet
  facet normal -0 0 1
    outer loop
      vertex -26.7913 42.2164 3
      vertex -21.3951 37.1854 3
      vertex -25.4521 43.0371 3
    endloop
  endfacet
  facet normal 0 0 1
    outer loop
      vertex -16.5286 39.5852 3
      vertex -19.8574 45.8877 3
      vertex -21.289 45.2413 3
    endloop
  endfacet
  facet normal 0 0 1
    outer loop
      vertex -13.9712 40.5551 3
      vertex -18.4062 46.4888 3
      vertex -16.5286 39.5852 3
    endloop
  endfacet
  facet normal 0 0 1
    outer loop
      vertex -15.4508 47.5528 3
      vertex -16.9369 47.044 3
      vertex -13.9712 40.5551 3
    endloop
  endfacet
  facet normal 0 0 1
    outer loop
      vertex -12.4345 48.4292 3
      vertex -11.3387 41.3639 3
      vertex -8.858 41.9587 3
    endloop
  endfacet
  facet normal 0 0 1
    outer loop
      vertex -13.9496 48.0147 3
      vertex -15.4508 47.5528 3
      vertex -11.3387 41.3639 3
    endloop
  endfacet
  facet normal 0 0 1
    outer loop
      vertex -8.33133 40.5001 3
      vertex -11.0425 40.4491 3
      vertex -10.6943 39.5615 3
    endloop
  endfacet
  facet normal 0 0 1
    outer loop
      vertex -7.65936 39.162 3
      vertex -8.33133 40.5001 3
      vertex -10.296 38.7045 3
    endloop
  endfacet
  facet normal 0 0 1
    outer loop
      vertex -7.65936 39.162 3
      vertex -9.35645 37.0968 3
      vertex -6.8553 37.9585 3
    endloop
  endfacet
  facet normal 0 0 1
    outer loop
      vertex -6.8553 37.9585 3
      vertex -8.81903 36.3531 3
      vertex -8.23891 35.6542 3
    endloop
  endfacet
  facet normal 0 0 1
    outer loop
      vertex -5.93234 36.9038 3
      vertex -8.23891 35.6542 3
      vertex -7.61798 35.0037 3
    endloop
  endfacet
  facet normal 0 0 1
    outer loop
      vertex -4.35376 35.6309 3
      vertex -4.90366 36.0115 3
      vertex -6.20618 33.8241 3
    endloop
  endfacet
  facet normal -0 0 1
    outer loop
      vertex -1.3157 31.8786 3
      vertex 1.23586 27.5109 3
      vertex 1.23586 31.8863 3
    endloop
  endfacet
  facet normal 0 0 1
    outer loop
      vertex -1.3157 27.5117 3
      vertex -1.3157 24.961 3
      vertex 1.23586 27.5109 3
    endloop
  endfacet
  facet normal 0 -0 1
    outer loop
      vertex -4.66209 32.8991 3
      vertex -3.78244 35.2961 3
      vertex -5.44858 33.3288 3
    endloop
  endfacet
  facet normal 0 0 1
    outer loop
      vertex -3.85124 32.5372 3
      vertex -2.58179 34.7713 3
      vertex -3.19115 35.0089 3
    endloop
  endfacet
  facet normal 0 0 1
    outer loop
      vertex -3.02039 32.2451 3
      vertex -1.9558 34.5849 3
      vertex -2.58179 34.7713 3
    endloop
  endfacet
  facet normal 0 -0 1
    outer loop
      vertex -2.17372 32.0248 3
      vertex -1.9558 34.5849 3
      vertex -3.02039 32.2451 3
    endloop
  endfacet
  facet normal 0 0 1
    outer loop
      vertex -1.31488 34.4514 3
      vertex -1.9558 34.5849 3
      vertex -2.17372 32.0248 3
    endloop
  endfacet
  facet normal 0 0 1
    outer loop
      vertex -1.31488 34.4514 3
      vertex -2.17372 32.0248 3
      vertex -1.3157 31.8786 3
    endloop
  endfacet
  facet normal 0 0 1
    outer loop
      vertex -1.31488 34.4514 3
      vertex -1.3157 31.8786 3
      vertex 1.23586 31.8863 3
    endloop
  endfacet
  facet normal 0 0 1
    outer loop
      vertex 1.23586 24.9602 3
      vertex -1.3157 24.961 3
      vertex -1.3157 22.7145 3
    endloop
  endfacet
  facet normal 0 0 1
    outer loop
      vertex -1.3157 27.5117 3
      vertex -7.99976 27.5117 3
      vertex -1.3157 24.961 3
    endloop
  endfacet
  facet normal 0 0 1
    outer loop
      vertex 1.23586 22.7137 3
      vertex -1.3157 22.7145 3
      vertex -1.3157 20.1639 3
    endloop
  endfacet
  facet normal 0 -0 1
    outer loop
      vertex -1.3157 20.1639 3
      vertex -1.3157 22.7145 3
      vertex -6.41803 22.7145 3
    endloop
  endfacet
  facet normal 0 0 1
    outer loop
      vertex -1.3157 17.9174 3
      vertex 1.23586 20.163 3
      vertex -1.3157 20.1639 3
    endloop
  endfacet
  facet normal 0 0 1
    outer loop
      vertex -4.8363 15.3666 3
      vertex -1.3157 15.3666 3
      vertex -4.8363 17.9174 3
    endloop
  endfacet
  facet normal 0 0 1
    outer loop
      vertex -1.3157 15.3666 3
      vertex 1.23586 17.9165 3
      vertex -1.3157 17.9174 3
    endloop
  endfacet
  facet normal -0 0 1
    outer loop
      vertex -1.3157 15.3666 3
      vertex 1.23586 15.3658 3
      vertex 1.23586 17.9165 3
    endloop
  endfacet
  facet normal 0 -0 1
    outer loop
      vertex -3.69661 6.57385 3
      vertex -2.93599 6.94165 3
      vertex -3.91252 9.29964 3
    endloop
  endfacet
  facet normal -0 0 1
    outer loop
      vertex -4.8363 17.9174 3
      vertex -1.3157 15.3666 3
      vertex -1.3157 17.9174 3
    endloop
  endfacet
  facet normal 0 0 1
    outer loop
      vertex -3.69661 6.57385 3
      vertex -3.91252 9.29964 3
      vertex -5.11581 8.70226 3
    endloop
  endfacet
  facet normal 0 0 1
    outer loop
      vertex -3.69661 6.57385 3
      vertex -5.11581 8.70226 3
      vertex -4.41524 6.12086 3
    endloop
  endfacet
  facet normal 0 0 1
    outer loop
      vertex -4.41524 6.12086 3
      vertex -6.23824 7.94376 3
      vertex -8.04156 6.1387 3
    endloop
  endfacet
  facet normal 0 0 1
    outer loop
      vertex 27.9871 32.4554 3
      vertex 33.0656 37.5055 3
      vertex 31.8712 38.5257 3
    endloop
  endfacet
  facet normal -0 0 1
    outer loop
      vertex 21.1389 24.1391 3
      vertex 21.6424 23.4287 3
      vertex 23.4601 25.2473 3
    endloop
  endfacet
  facet normal 0 0 1
    outer loop
      vertex 22.1458 28.2289 3
      vertex 19.5586 28.2621 3
      vertex 19.7442 27.3764 3
    endloop
  endfacet
  facet normal 0 0 1
    outer loop
      vertex 19.4413 29.1691 3
      vertex 19.5586 28.2621 3
      vertex 22.0262 28.8867 3
    endloop
  endfacet
  facet normal 0 0 1
    outer loop
      vertex 22.0262 28.8867 3
      vertex 19.5586 28.2621 3
      vertex 22.1458 28.2289 3
    endloop
  endfacet
  facet normal -0 0 1
    outer loop
      vertex 19.4413 29.1691 3
      vertex 22.0262 28.8867 3
      vertex 21.9541 29.5593 3
    endloop
  endfacet
  facet normal -0 0 1
    outer loop
      vertex 19.3942 30.0931 3
      vertex 21.9541 29.5593 3
      vertex 21.9296 30.2445 3
    endloop
  endfacet
  facet normal 0 0 1
    outer loop
      vertex 19.4988 31.896 3
      vertex 19.415 30.9919 3
      vertex 22.0227 31.6425 3
    endloop
  endfacet
  facet normal 0 0 1
    outer loop
      vertex 22.0227 31.6425 3
      vertex 19.415 30.9919 3
      vertex 21.9296 30.2445 3
    endloop
  endfacet
  facet normal -0 0 1
    outer loop
      vertex 19.6446 32.8015 3
      vertex 22.0227 31.6425 3
      vertex 22.3049 33.0614 3
    endloop
  endfacet
  facet normal 0 0 1
    outer loop
      vertex 19.6446 32.8015 3
      vertex 19.4988 31.896 3
      vertex 22.0227 31.6425 3
    endloop
  endfacet
  facet normal 0 0 1
    outer loop
      vertex 25.0035 34.8085 3
      vertex 30.6453 39.5077 3
      vertex 29.3893 40.4508 3
    endloop
  endfacet
  facet normal 0 -0 1
    outer loop
      vertex 22.3049 33.0614 3
      vertex 22.7755 34.4824 3
      vertex 20.1169 34.6019 3
    endloop
  endfacet
  facet normal 0 0 1
    outer loop
      vertex 22.7755 34.4824 3
      vertex 20.441 35.4891 3
      vertex 20.1169 34.6019 3
    endloop
  endfacet
  facet normal 0 0 1
    outer loop
      vertex 20.8221 36.3626 3
      vertex 20.441 35.4891 3
      vertex 22.7755 34.4824 3
    endloop
  endfacet
  facet normal 0 0 1
    outer loop
      vertex 20.8221 36.3626 3
      vertex 22.7755 34.4824 3
      vertex 23.4338 35.8857 3
    endloop
  endfacet
  facet normal 0 0 1
    outer loop
      vertex 31.8712 38.5257 3
      vertex 26.5221 33.6643 3
      vertex 27.9871 32.4554 3
    endloop
  endfacet
  facet normal 0 0 1
    outer loop
      vertex 26.7913 42.2164 3
      vertex 23.4338 35.8857 3
      vertex 28.1042 41.354 3
    endloop
  endfacet
  facet normal 0 0 1
    outer loop
      vertex 21.2589 37.2186 3
      vertex 20.8221 36.3626 3
      vertex 23.4338 35.8857 3
    endloop
  endfacet
  facet normal 0 0 1
    outer loop
      vertex 33.0656 37.5055 3
      vertex 29.3968 31.184 3
      vertex 34.2273 36.4484 3
    endloop
  endfacet
  facet normal 0 0 1
    outer loop
      vertex 35.3553 35.3553 3
      vertex 31.2001 29.3806 3
      vertex 36.4484 34.2273 3
    endloop
  endfacet
  facet normal 0 -0 1
    outer loop
      vertex 25.2746 23.4543 3
      vertex 29.3968 31.184 3
      vertex 23.4601 25.2473 3
    endloop
  endfacet
  facet normal 0 0 1
    outer loop
      vertex 37.5055 33.0656 3
      vertex 32.4602 27.9839 3
      vertex 38.5257 31.8712 3
    endloop
  endfacet
  facet normal 0 0 1
    outer loop
      vertex -21.2202 24.1559 3
      vertex -23.5495 25.2551 3
      vertex -21.7257 23.4312 3
    endloop
  endfacet
  facet normal -0 0 1
    outer loop
      vertex -23.2024 25.801 3
      vertex -20.777 24.9255 3
      vertex -22.9023 26.3744 3
    endloop
  endfacet
  facet normal 0 0 1
    outer loop
      vertex -34.2273 36.4484 3
      vertex -35.3553 35.3553 3
      vertex -29.4759 31.1814 3
    endloop
  endfacet
  facet normal 0 -0 1
    outer loop
      vertex -26.6279 33.6409 3
      vertex -25.1245 34.7764 3
      vertex -30.6453 39.5077 3
    endloop
  endfacet
  facet normal 0 0 1
    outer loop
      vertex -25.1245 34.7764 3
      vertex -28.1042 41.354 3
      vertex -29.3893 40.4508 3
    endloop
  endfacet
  facet normal 0 0 1
    outer loop
      vertex -23.5708 35.8466 3
      vertex -26.7913 42.2164 3
      vertex -28.1042 41.354 3
    endloop
  endfacet
  facet normal 0 0 1
    outer loop
      vertex -21.3951 37.1854 3
      vertex -26.7913 42.2164 3
      vertex -23.5708 35.8466 3
    endloop
  endfacet
  facet normal 0 -0 1
    outer loop
      vertex -22.4625 33.0546 3
      vertex -20.2703 34.6342 3
      vertex -22.9261 34.4626 3
    endloop
  endfacet
  facet normal -0 0 1
    outer loop
      vertex -22.1814 31.643 3
      vertex -19.5525 31.11 3
      vertex -19.6447 31.9941 3
    endloop
  endfacet
  facet normal 0 0 1
    outer loop
      vertex -22.0837 30.2484 3
      vertex -19.5546 29.287 3
      vertex -19.5202 30.2294 3
    endloop
  endfacet
  facet normal -0 0 1
    outer loop
      vertex -22.1705 28.8918 3
      vertex -19.6611 28.3618 3
      vertex -19.5546 29.287 3
    endloop
  endfacet
  facet normal -0 0 1
    outer loop
      vertex -22.2835 28.2341 3
      vertex -19.8384 27.4584 3
      vertex -19.6611 28.3618 3
    endloop
  endfacet
  facet normal 0 0 1
    outer loop
      vertex -22.443 27.5936 3
      vertex -20.0844 26.5814 3
      vertex -19.8384 27.4584 3
    endloop
  endfacet
  facet normal -0 0 1
    outer loop
      vertex -22.6493 26.9728 3
      vertex -20.0844 26.5814 3
      vertex -22.443 27.5936 3
    endloop
  endfacet
  facet normal -0 0 1
    outer loop
      vertex -22.9023 26.3744 3
      vertex -20.3978 25.7356 3
      vertex -22.6493 26.9728 3
    endloop
  endfacet
  facet normal 0 -0 1
    outer loop
      vertex -20.777 24.9255 3
      vertex -20.3978 25.7356 3
      vertex -22.9023 26.3744 3
    endloop
  endfacet
  facet normal 0 0 1
    outer loop
      vertex -21.2202 24.1559 3
      vertex -23.2024 25.801 3
      vertex -23.5495 25.2551 3
    endloop
  endfacet
  facet normal 0 -0 1
    outer loop
      vertex -21.2202 24.1559 3
      vertex -20.777 24.9255 3
      vertex -23.2024 25.801 3
    endloop
  endfacet
  facet normal 0 0 1
    outer loop
      vertex 33.0737 22.3672 3
      vertex 33.7782 19.9095 3
      vertex 34.6528 20.175 3
    endloop
  endfacet
  facet normal 0 0 1
    outer loop
      vertex 16.9645 15.1442 3
      vertex 15.1612 16.9476 3
      vertex 15.1612 13.3409 3
    endloop
  endfacet
  facet normal 0 -0 1
    outer loop
      vertex 16.9645 15.1442 3
      vertex 18.553 16.7328 3
      vertex 15.1612 16.9476 3
    endloop
  endfacet
  facet normal 0 0 1
    outer loop
      vertex 25.2746 23.4543 3
      vertex 23.45 21.6306 3
      vertex 24.1719 21.1266 3
    endloop
  endfacet
  facet normal 0 -0 1
    outer loop
      vertex 20.3564 18.5361 3
      vertex 21.6424 23.4287 3
      vertex 18.553 20.3394 3
    endloop
  endfacet
  facet normal 0 0 1
    outer loop
      vertex 23.45 21.6306 3
      vertex 21.6424 23.4287 3
      vertex 20.3564 18.5361 3
    endloop
  endfacet
  facet normal 0 0 1
    outer loop
      vertex 23.4601 25.2473 3
      vertex 21.6424 23.4287 3
      vertex 23.45 21.6306 3
    endloop
  endfacet
  facet normal 0 0 1
    outer loop
      vertex 25.2746 23.4543 3
      vertex 31.2001 29.3806 3
      vertex 29.3968 31.184 3
    endloop
  endfacet
  facet normal 0 0 1
    outer loop
      vertex 39.5077 30.6453 3
      vertex 33.6592 26.5329 3
      vertex 34.795 25.0296 3
    endloop
  endfacet
  facet normal 0 0 1
    outer loop
      vertex 40.4508 29.3893 3
      vertex 34.795 25.0296 3
      vertex 41.354 28.1042 3
    endloop
  endfacet
  facet normal 0 0 1
    outer loop
      vertex 42.2164 26.7913 3
      vertex 35.8652 23.4756 3
      vertex 37.2041 21.2998 3
    endloop
  endfacet
  facet normal 0 0 1
    outer loop
      vertex 25.8205 23.1072 3
      vertex 24.9385 20.6848 3
      vertex 26.3939 22.8072 3
    endloop
  endfacet
  facet normal -0 0 1
    outer loop
      vertex -39.31 7.5016 3
      vertex -38.1125 6.70221 3
      vertex -37.298 9.2614 3
    endloop
  endfacet
  facet normal 0 -0 1
    outer loop
      vertex -25.3426 23.4415 3
      vertex -23.5495 25.2551 3
      vertex -31.2792 29.3781 3
    endloop
  endfacet
  facet normal 0 0 1
    outer loop
      vertex -39.706 16.3684 3
      vertex -47.044 16.9369 3
      vertex -40.6721 13.8096 3
    endloop
  endfacet
  facet normal -0 0 1
    outer loop
      vertex -46.4888 18.4062 3
      vertex -39.706 16.3684 3
      vertex -45.8877 19.8574 3
    endloop
  endfacet
  facet normal 0 0 1
    outer loop
      vertex -37.3139 21.2385 3
      vertex -43.0371 25.4521 3
      vertex -43.8153 24.0877 3
    endloop
  endfacet
  facet normal 0 0 1
    outer loop
      vertex -42.2164 26.7913 3
      vertex -43.0371 25.4521 3
      vertex -35.981 23.4151 3
    endloop
  endfacet
  facet normal 0 0 1
    outer loop
      vertex -33.7596 26.5033 3
      vertex -39.5077 30.6453 3
      vertex -40.4508 29.3893 3
    endloop
  endfacet
  facet normal 0 0 1
    outer loop
      vertex -32.5507 27.9685 3
      vertex -38.5257 31.8712 3
      vertex -33.7596 26.5033 3
    endloop
  endfacet
  facet normal 0 0 1
    outer loop
      vertex -31.2792 29.3781 3
      vertex -37.5055 33.0656 3
      vertex -32.5507 27.9685 3
    endloop
  endfacet
  facet normal 0 0 1
    outer loop
      vertex -35.3553 35.3553 3
      vertex -31.2792 29.3781 3
      vertex -29.4759 31.1814 3
    endloop
  endfacet
  facet normal 0 0 1
    outer loop
      vertex -36.4484 34.2273 3
      vertex -37.5055 33.0656 3
      vertex -31.2792 29.3781 3
    endloop
  endfacet
  facet normal 0 0 1
    outer loop
      vertex -21.7257 23.4312 3
      vertex -23.5495 25.2551 3
      vertex -25.3426 23.4415 3
    endloop
  endfacet
  facet normal 0 0 1
    outer loop
      vertex -25.7828 20.2941 3
      vertex -27.0628 22.5093 3
      vertex -26.612 19.9763 3
    endloop
  endfacet
  facet normal 0 0 1
    outer loop
      vertex -27.0628 22.5093 3
      vertex -27.6837 22.2943 3
      vertex -26.612 19.9763 3
    endloop
  endfacet
  facet normal -0 0 1
    outer loop
      vertex -29.6545 21.9354 3
      vertex -29.2644 19.4209 3
      vertex -28.9819 22.0075 3
    endloop
  endfacet
  facet normal 0 0 1
    outer loop
      vertex -30.1884 19.3738 3
      vertex -29.2644 19.4209 3
      vertex -29.6545 21.9354 3
    endloop
  endfacet
  facet normal 0 -0 1
    outer loop
      vertex -30.1884 19.3738 3
      vertex -29.6545 21.9354 3
      vertex -30.3396 21.9109 3
    endloop
  endfacet
  facet normal 0 0 1
    outer loop
      vertex -28.9819 22.0075 3
      vertex -29.2644 19.4209 3
      vertex -28.3572 19.5381 3
    endloop
  endfacet
  facet normal 0 -0 1
    outer loop
      vertex -33.8769 19.8513 3
      vertex -33.1567 22.2862 3
      vertex -34.7544 20.1157 3
    endloop
  endfacet
  facet normal 0 0 1
    outer loop
      vertex -31.2211 19.4034 3
      vertex -31.7376 22.004 3
      vertex -32.1066 19.4941 3
    endloop
  endfacet
  facet normal 0 -0 1
    outer loop
      vertex 33.4137 -5.32655 3
      vertex 35.3569 -3.76694 3
      vertex 32.9655 -4.53365 3
    endloop
  endfacet
  facet normal 0 0 1
    outer loop
      vertex 3.83298 9.30077 3
      vertex 2.05959 7.22238 3
      vertex 2.85573 6.94296 3
    endloop
  endfacet
  facet normal 0 0 1
    outer loop
      vertex 3.83298 9.30077 3
      vertex 3.61656 6.57579 3
      vertex 5.03656 8.70389 3
    endloop
  endfacet
  facet normal -0 0 1
    outer loop
      vertex 6.13951 4.32008 3
      vertex 6.59253 3.60135 3
      vertex 8.72102 5.02054 3
    endloop
  endfacet
  facet normal -0 0 1
    outer loop
      vertex 4.33539 6.12338 3
      vertex 6.13951 4.32008 3
      vertex 6.1591 7.94548 3
    endloop
  endfacet
  facet normal 0 -0 1
    outer loop
      vertex -7.03743 2.83707 3
      vertex -6.67015 3.59789 3
      vertex -9.39684 3.81288 3
    endloop
  endfacet
  facet normal 0 0 1
    outer loop
      vertex 9.96521 11.7524 3
      vertex 6.1591 7.94548 3
      vertex 7.96242 6.14297 3
    endloop
  endfacet
  facet normal 0 0 1
    outer loop
      vertex 11.7685 13.5556 3
      vertex 9.96521 11.7524 3
      vertex 11.7685 9.94897 3
    endloop
  endfacet
  facet normal 0 -0 1
    outer loop
      vertex 42.7677 3.14204 3
      vertex 49.7781 4.70541 3
      vertex 42.5856 5.04105 3
    endloop
  endfacet
  facet normal 0 0 1
    outer loop
      vertex 13.5726 11.7524 3
      vertex 13.357 15.1442 3
      vertex 11.7685 13.5556 3
    endloop
  endfacet
  facet normal 0 0 1
    outer loop
      vertex 24.1719 21.1266 3
      vertex 25.8205 23.1072 3
      vertex 25.2746 23.4543 3
    endloop
  endfacet
  facet normal 0 0 1
    outer loop
      vertex 25.0829 13.8097 3
      vertex 20.3564 18.5361 3
      vertex 23.2796 12.0063 3
    endloop
  endfacet
  facet normal 0 0 1
    outer loop
      vertex 11.7685 9.94897 3
      vertex 13.5726 11.7524 3
      vertex 11.7685 13.5556 3
    endloop
  endfacet
  facet normal 0 -0 1
    outer loop
      vertex 15.1612 13.3409 3
      vertex 15.1612 16.9476 3
      vertex 13.357 15.1442 3
    endloop
  endfacet
  facet normal 0 0 1
    outer loop
      vertex 48.4292 12.4345 3
      vertex 48.0147 13.9496 3
      vertex 41.3825 11.2436 3
    endloop
  endfacet
  facet normal 0 0 1
    outer loop
      vertex 26.9923 22.554 3
      vertex 26.3939 22.8072 3
      vertex 25.7453 20.3064 3
    endloop
  endfacet
  facet normal 0 0 1
    outer loop
      vertex 20.4902 11.6186 3
      vertex 16.9645 15.1442 3
      vertex 15.1612 13.3409 3
    endloop
  endfacet
  facet normal 0 -0 1
    outer loop
      vertex 18.553 16.7328 3
      vertex 18.553 20.3394 3
      vertex 16.7497 18.5361 3
    endloop
  endfacet
  facet normal 0 0 1
    outer loop
      vertex 40.5739 13.8759 3
      vertex 48.0147 13.9496 3
      vertex 47.5528 15.4508 3
    endloop
  endfacet
  facet normal 0 0 1
    outer loop
      vertex 28.2535 22.1883 3
      vertex 27.613 22.3479 3
      vertex 27.461 19.7471 3
    endloop
  endfacet
  facet normal -0 0 1
    outer loop
      vertex 29.2817 19.4613 3
      vertex 30.2201 19.425 3
      vertex 30.2679 21.9884 3
    endloop
  endfacet
  facet normal 0 0 1
    outer loop
      vertex 18.553 16.7328 3
      vertex 20.3564 18.5361 3
      vertex 18.553 20.3394 3
    endloop
  endfacet
  facet normal -0 0 1
    outer loop
      vertex 18.553 16.7328 3
      vertex 23.2796 12.0063 3
      vertex 20.3564 18.5361 3
    endloop
  endfacet
  facet normal 0 0 1
    outer loop
      vertex 25.2746 23.4543 3
      vertex 23.4601 25.2473 3
      vertex 23.45 21.6306 3
    endloop
  endfacet
  facet normal 0 -0 1
    outer loop
      vertex 25.7453 20.3064 3
      vertex 26.3939 22.8072 3
      vertex 24.9385 20.6848 3
    endloop
  endfacet
  facet normal 0 -0 1
    outer loop
      vertex 26.5877 19.9934 3
      vertex 26.9923 22.554 3
      vertex 25.7453 20.3064 3
    endloop
  endfacet
  facet normal 0 -0 1
    outer loop
      vertex 27.461 19.7471 3
      vertex 27.613 22.3479 3
      vertex 26.5877 19.9934 3
    endloop
  endfacet
  facet normal 0 0 1
    outer loop
      vertex 28.3605 19.5691 3
      vertex 28.2535 22.1883 3
      vertex 27.461 19.7471 3
    endloop
  endfacet
  facet normal 0 0 1
    outer loop
      vertex 28.9113 22.0753 3
      vertex 28.2535 22.1883 3
      vertex 28.3605 19.5691 3
    endloop
  endfacet
  facet normal 0 0 1
    outer loop
      vertex 30.2679 21.9884 3
      vertex 28.9113 22.0753 3
      vertex 29.2817 19.4613 3
    endloop
  endfacet
  facet normal -0 0 1
    outer loop
      vertex 39.604 16.4335 3
      vertex 40.5739 13.8759 3
      vertex 46.4888 18.4062 3
    endloop
  endfacet
  facet normal 0 0 1
    outer loop
      vertex 30.2201 19.425 3
      vertex 30.2482 19.425 3
      vertex 30.2679 21.9884 3
    endloop
  endfacet
  facet normal 0 0 1
    outer loop
      vertex 45.8877 19.8574 3
      vertex 39.604 16.4335 3
      vertex 46.4888 18.4062 3
    endloop
  endfacet
  facet normal 0 0 1
    outer loop
      vertex 31.1287 19.4572 3
      vertex 32.0128 19.5495 3
      vertex 31.6622 22.0861 3
    endloop
  endfacet
  facet normal 0 0 1
    outer loop
      vertex 39.604 16.4335 3
      vertex 45.8877 19.8574 3
      vertex 45.2413 21.289 3
    endloop
  endfacet
  facet normal 0 -0 1
    outer loop
      vertex 32.0128 19.5495 3
      vertex 32.8971 19.7006 3
      vertex 31.6622 22.0861 3
    endloop
  endfacet
  facet normal -0 0 1
    outer loop
      vertex 38.4787 18.91 3
      vertex 39.604 16.4335 3
      vertex 45.2413 21.289 3
    endloop
  endfacet
  facet normal -0 0 1
    outer loop
      vertex 33.0737 22.3672 3
      vertex 34.6528 20.175 3
      vertex 34.4816 22.8308 3
    endloop
  endfacet
  facet normal 0 0 1
    outer loop
      vertex 38.4787 18.91 3
      vertex 45.2413 21.289 3
      vertex 44.5503 22.6995 3
    endloop
  endfacet
  facet normal 0 0 1
    outer loop
      vertex 44.5503 22.6995 3
      vertex 43.8153 24.0877 3
      vertex 38.4787 18.91 3
    endloop
  endfacet
  facet normal 0 0 1
    outer loop
      vertex 35.5176 20.4959 3
      vertex 34.4816 22.8308 3
      vertex 34.6528 20.175 3
    endloop
  endfacet
  facet normal 0 0 1
    outer loop
      vertex 43.8153 24.0877 3
      vertex 37.2041 21.2998 3
      vertex 38.4787 18.91 3
    endloop
  endfacet
  facet normal 0 0 1
    outer loop
      vertex 36.3692 20.8714 3
      vertex 34.4816 22.8308 3
      vertex 35.5176 20.4959 3
    endloop
  endfacet
  facet normal 0 0 1
    outer loop
      vertex 35.8652 23.4756 3
      vertex 34.4816 22.8308 3
      vertex 36.3692 20.8714 3
    endloop
  endfacet
  facet normal 0 0 1
    outer loop
      vertex 43.0371 25.4521 3
      vertex 37.2041 21.2998 3
      vertex 43.8153 24.0877 3
    endloop
  endfacet
  facet normal 0 0 1
    outer loop
      vertex 43.0371 25.4521 3
      vertex 42.2164 26.7913 3
      vertex 37.2041 21.2998 3
    endloop
  endfacet
  facet normal 0 0 1
    outer loop
      vertex 40.5739 13.8759 3
      vertex 47.044 16.9369 3
      vertex 46.4888 18.4062 3
    endloop
  endfacet
  facet normal -0 0 1
    outer loop
      vertex 41.3825 11.2436 3
      vertex 48.7958 10.9072 3
      vertex 48.4292 12.4345 3
    endloop
  endfacet
  facet normal 0 0 1
    outer loop
      vertex 49.1143 9.36906 3
      vertex 42.3218 6.91518 3
      vertex 49.3844 7.82172 3
    endloop
  endfacet
  facet normal 0 -0 1
    outer loop
      vertex 42.5856 5.04105 3
      vertex 49.6057 6.26665 3
      vertex 42.3218 6.91518 3
    endloop
  endfacet
  facet normal 0 0 1
    outer loop
      vertex 36.0311 4.80879 3
      vertex 33.8428 6.11101 3
      vertex 35.6503 4.2589 3
    endloop
  endfacet
  facet normal 0 -0 1
    outer loop
      vertex 35.0285 3.09628 3
      vertex 35.3156 3.68759 3
      vertex 32.9178 4.56693 3
    endloop
  endfacet
  facet normal 0 -0 1
    outer loop
      vertex 34.7909 2.48672 3
      vertex 35.0285 3.09628 3
      vertex 32.5559 3.75606 3
    endloop
  endfacet
  facet normal 0 0 1
    outer loop
      vertex 49.9013 3.13951 3
      vertex 42.8663 1.2196 3
      vertex 49.9753 1.57053 3
    endloop
  endfacet
  facet normal 0 -0 1
    outer loop
      vertex 34.471 1.2196 3
      vertex 34.6044 1.86073 3
      vertex 32.0435 2.07846 3
    endloop
  endfacet
  facet normal 0 0 1
    outer loop
      vertex 42.7677 3.14204 3
      vertex 42.8663 1.2196 3
      vertex 49.9013 3.13951 3
    endloop
  endfacet
  facet normal 0 -0 1
    outer loop
      vertex 49.9753 -1.57053 3
      vertex 50 0 3
      vertex 42.8663 -1.3302 3
    endloop
  endfacet
  facet normal 0 0 1
    outer loop
      vertex 49.9753 -1.57053 3
      vertex 42.8663 -1.3302 3
      vertex 49.9013 -3.13951 3
    endloop
  endfacet
  facet normal -0 0 1
    outer loop
      vertex 34.51 -6.81728 3
      vertex 35.1538 -7.50627 3
      vertex 36.9806 -5.89897 3
    endloop
  endfacet
  facet normal 0 0 1
    outer loop
      vertex 34.8195 -2.57976 3
      vertex 34.6261 -1.96187 3
      vertex 32.2797 -2.87511 3
    endloop
  endfacet
  facet normal -0 0 1
    outer loop
      vertex 37.9996 -9.65271 3
      vertex 38.8076 -10.0814 3
      vertex 39.2334 -7.61552 3
    endloop
  endfacet
  facet normal -0 0 1
    outer loop
      vertex 39.6476 -10.4638 3
      vertex 40.5166 -10.7982 3
      vertex 40.5575 -8.28345 3
    endloop
  endfacet
  facet normal 0 0 1
    outer loop
      vertex 46.4888 -18.4062 3
      vertex 39.6551 -16.2808 3
      vertex 45.8877 -19.8574 3
    endloop
  endfacet
  facet normal 0 0 1
    outer loop
      vertex 38.5406 -18.7622 3
      vertex 44.5503 -22.6995 3
      vertex 45.2413 -21.289 3
    endloop
  endfacet
  facet normal 0 0 1
    outer loop
      vertex 24.9797 1.22052 3
      vertex 27.5305 1.22052 3
      vertex 24.9797 7.9045 3
    endloop
  endfacet
  facet normal 0 -0 1
    outer loop
      vertex 22.717 -1.17395 3
      vertex 22.7332 1.22052 3
      vertex 20.1825 1.22052 3
    endloop
  endfacet
  facet normal -0 0 1
    outer loop
      vertex 20.1825 6.32275 3
      vertex 22.7332 1.22052 3
      vertex 22.7332 6.32275 3
    endloop
  endfacet
  facet normal 0 -0 1
    outer loop
      vertex 27.5305 1.22052 3
      vertex 27.5305 7.9045 3
      vertex 24.9797 7.9045 3
    endloop
  endfacet
  facet normal 0 0 1
    outer loop
      vertex 35.9053 -23.529 3
      vertex 41.354 -28.1042 3
      vertex 42.2164 -26.7913 3
    endloop
  endfacet
  facet normal 0 0 1
    outer loop
      vertex 20.1825 1.22052 3
      vertex 22.7332 1.22052 3
      vertex 20.1825 6.32275 3
    endloop
  endfacet
  facet normal 0 -0 1
    outer loop
      vertex 17.9198 -1.18706 3
      vertex 17.9361 1.22052 3
      vertex 15.3853 1.22052 3
    endloop
  endfacet
  facet normal 0 0 1
    outer loop
      vertex 25.7429 -20.2444 3
      vertex 26.3884 -22.886 3
      vertex 26.9871 -22.6232 3
    endloop
  endfacet
  facet normal -0 0 1
    outer loop
      vertex 19.7618 -27.5724 3
      vertex 22.3665 -27.7075 3
      vertex 20.0079 -26.6954 3
    endloop
  endfacet
  facet normal 0 0 1
    outer loop
      vertex 15.3853 1.22052 3
      vertex 17.9361 1.22052 3
      vertex 15.3853 4.74103 3
    endloop
  endfacet
  facet normal 0 0 1
    outer loop
      vertex -39.6805 -16.5465 3
      vertex -46.4888 -18.4062 3
      vertex -45.8877 -19.8574 3
    endloop
  endfacet
  facet normal 0 0 1
    outer loop
      vertex -37.5055 -33.0656 3
      vertex -31.2758 -29.4938 3
      vertex -32.5364 -28.0969 3
    endloop
  endfacet
  facet normal -0 0 1
    outer loop
      vertex -34.562 1.21626 3
      vertex -31.9823 1.21535 3
      vertex -32.1371 2.08546 3
    endloop
  endfacet
  facet normal 0 0 1
    outer loop
      vertex -49.7781 -4.70541 3
      vertex -49.6057 -6.26665 3
      vertex -42.6612 -5.15569 3
    endloop
  endfacet
  facet normal 0 0 1
    outer loop
      vertex -38.0693 9.73692 3
      vertex -39.31 7.5016 3
      vertex -37.298 9.2614 3
    endloop
  endfacet
  facet normal 0 0 1
    outer loop
      vertex -42.9429 1.21626 3
      vertex -49.9013 3.13951 3
      vertex -49.9753 1.57053 3
    endloop
  endfacet
  facet normal 0 0 1
    outer loop
      vertex -40.634 8.16949 3
      vertex -39.7151 10.5522 3
      vertex -40.5831 10.889 3
    endloop
  endfacet
  facet normal 0 0 1
    outer loop
      vertex -27.6069 1.21535 3
      vertex -25.0563 1.21535 3
      vertex -27.6069 7.89941 3
    endloop
  endfacet
  facet normal 0 0 1
    outer loop
      vertex -42.8457 3.12103 3
      vertex -49.9013 3.13951 3
      vertex -42.9429 1.21626 3
    endloop
  endfacet
  facet normal -0 0 1
    outer loop
      vertex -27.6069 7.89941 3
      vertex -25.0563 1.21535 3
      vertex -25.0563 7.89941 3
    endloop
  endfacet
  facet normal 0 0 1
    outer loop
      vertex -40.5831 10.889 3
      vertex -42.0693 8.692 3
      vertex -40.634 8.16949 3
    endloop
  endfacet
  facet normal 0 0 1
    outer loop
      vertex -41.477 11.1762 3
      vertex -42.0693 8.692 3
      vertex -40.5831 10.889 3
    endloop
  endfacet
  facet normal -0 0 1
    outer loop
      vertex -47.5528 15.4508 3
      vertex -40.6721 13.8096 3
      vertex -47.044 16.9369 3
    endloop
  endfacet
  facet normal 0 -0 1
    outer loop
      vertex -36.4764 20.8104 3
      vertex -35.981 23.4151 3
      vertex -37.3139 21.2385 3
    endloop
  endfacet
  facet normal 0 0 1
    outer loop
      vertex -42.8457 3.12103 3
      vertex -49.7781 4.70541 3
      vertex -49.9013 3.13951 3
    endloop
  endfacet
  facet normal 0 0 1
    outer loop
      vertex -31.7376 22.004 3
      vertex -32.9931 19.6437 3
      vertex -32.1066 19.4941 3
    endloop
  endfacet
  facet normal 0 0 1
    outer loop
      vertex -33.1567 22.2862 3
      vertex -33.8769 19.8513 3
      vertex -32.9931 19.6437 3
    endloop
  endfacet
  facet normal 0 0 1
    outer loop
      vertex -42.6665 5.00299 3
      vertex -49.7781 4.70541 3
      vertex -42.8457 3.12103 3
    endloop
  endfacet
  facet normal 0 0 1
    outer loop
      vertex -47.5528 15.4508 3
      vertex -48.0147 13.9496 3
      vertex -40.6721 13.8096 3
    endloop
  endfacet
  facet normal 0 0 1
    outer loop
      vertex -49.6057 6.26665 3
      vertex -42.4072 6.86058 3
      vertex -49.3844 7.82172 3
    endloop
  endfacet
  facet normal 0 0 1
    outer loop
      vertex -41.477 11.1762 3
      vertex -48.0147 13.9496 3
      vertex -48.4292 12.4345 3
    endloop
  endfacet
  facet normal 0 0 1
    outer loop
      vertex -40.6721 13.8096 3
      vertex -48.0147 13.9496 3
      vertex -41.477 11.1762 3
    endloop
  endfacet
  facet normal 0 0 1
    outer loop
      vertex -42.0693 8.692 3
      vertex -49.1143 9.36906 3
      vertex -42.4072 6.86058 3
    endloop
  endfacet
  facet normal 0 0 1
    outer loop
      vertex -48.7958 10.9072 3
      vertex -41.477 11.1762 3
      vertex -48.4292 12.4345 3
    endloop
  endfacet
  facet normal 0 0 1
    outer loop
      vertex -39.706 16.3684 3
      vertex -46.4888 18.4062 3
      vertex -47.044 16.9369 3
    endloop
  endfacet
  facet normal 0 0 1
    outer loop
      vertex -38.5846 18.8468 3
      vertex -45.8877 19.8574 3
      vertex -39.706 16.3684 3
    endloop
  endfacet
  facet normal 0 0 1
    outer loop
      vertex -44.5503 22.6995 3
      vertex -45.2413 21.289 3
      vertex -38.5846 18.8468 3
    endloop
  endfacet
  facet normal 0 0 1
    outer loop
      vertex -43.0371 25.4521 3
      vertex -37.3139 21.2385 3
      vertex -35.981 23.4151 3
    endloop
  endfacet
  facet normal 0 0 1
    outer loop
      vertex -43.8153 24.0877 3
      vertex -44.5503 22.6995 3
      vertex -37.3139 21.2385 3
    endloop
  endfacet
  facet normal 0 0 1
    outer loop
      vertex -34.5775 22.7567 3
      vertex -36.4764 20.8104 3
      vertex -35.6222 20.4357 3
    endloop
  endfacet
  facet normal 0 0 1
    outer loop
      vertex -33.1567 22.2862 3
      vertex -34.5775 22.7567 3
      vertex -34.7544 20.1157 3
    endloop
  endfacet
  facet normal 0 0 1
    outer loop
      vertex -31.7376 22.004 3
      vertex -31.2211 19.4034 3
      vertex -30.3396 21.9109 3
    endloop
  endfacet
  facet normal 0 0 1
    outer loop
      vertex -30.3396 21.9109 3
      vertex -30.34 19.3729 3
      vertex -30.1884 19.3738 3
    endloop
  endfacet
  facet normal 0 -0 1
    outer loop
      vertex -28.3572 19.5381 3
      vertex -28.3242 22.127 3
      vertex -28.9819 22.0075 3
    endloop
  endfacet
  facet normal 0 0 1
    outer loop
      vertex -27.4716 19.7239 3
      vertex -28.3242 22.127 3
      vertex -28.3572 19.5381 3
    endloop
  endfacet
  facet normal -0 0 1
    outer loop
      vertex -23.524 21.6219 3
      vertex -18.6313 20.3369 3
      vertex -21.7257 23.4312 3
    endloop
  endfacet
  facet normal 0 -0 1
    outer loop
      vertex -20.4346 18.5326 3
      vertex -18.6313 20.3369 3
      vertex -23.524 21.6219 3
    endloop
  endfacet
  facet normal 0 0 1
    outer loop
      vertex -26.612 19.9763 3
      vertex -27.6837 22.2943 3
      vertex -27.4716 19.7239 3
    endloop
  endfacet
  facet normal 0 0 1
    outer loop
      vertex -25.7828 20.2941 3
      vertex -26.4641 22.7721 3
      vertex -27.0628 22.5093 3
    endloop
  endfacet
  facet normal 0 0 1
    outer loop
      vertex -24.9888 20.6753 3
      vertex -25.8899 23.0828 3
      vertex -26.4641 22.7721 3
    endloop
  endfacet
  facet normal 0 0 1
    outer loop
      vertex -35.0989 -7.63583 3
      vertex -36.9989 -5.95152 3
      vertex -35.7494 -8.25674 3
    endloop
  endfacet
  facet normal 0 0 1
    outer loop
      vertex -24.2343 21.1185 3
      vertex -25.8899 23.0828 3
      vertex -24.9888 20.6753 3
    endloop
  endfacet
  facet normal 0 0 1
    outer loop
      vertex -25.3426 23.4415 3
      vertex -25.8899 23.0828 3
      vertex -24.2343 21.1185 3
    endloop
  endfacet
  facet normal 0 0 1
    outer loop
      vertex -25.3426 23.4415 3
      vertex -24.2343 21.1185 3
      vertex -23.524 21.6219 3
    endloop
  endfacet
  facet normal 0 0 1
    outer loop
      vertex -25.3426 23.4415 3
      vertex -23.524 21.6219 3
      vertex -21.7257 23.4312 3
    endloop
  endfacet
  facet normal 0 -0 1
    outer loop
      vertex -18.6313 16.7293 3
      vertex -16.828 18.5336 3
      vertex -20.4346 18.5326 3
    endloop
  endfacet
  facet normal 0 0 1
    outer loop
      vertex -13.4361 15.1416 3
      vertex -17.0427 15.1408 3
      vertex -15.2394 13.3367 3
    endloop
  endfacet
  facet normal 0 0 1
    outer loop
      vertex -15.2394 16.9449 3
      vertex -16.828 18.5336 3
      vertex -18.6313 16.7293 3
    endloop
  endfacet
  facet normal 0 0 1
    outer loop
      vertex -13.4361 15.1416 3
      vertex -15.2394 16.9449 3
      vertex -17.0427 15.1408 3
    endloop
  endfacet
  facet normal 0 0 1
    outer loop
      vertex -15.2394 13.3367 3
      vertex -17.0427 15.1408 3
      vertex -20.6503 11.5324 3
    endloop
  endfacet
  facet normal 0 0 1
    outer loop
      vertex -20.259 6.20181 3
      vertex -22.8098 6.20181 3
      vertex -20.259 1.21535 3
    endloop
  endfacet
  facet normal 0 -0 1
    outer loop
      vertex -14.3369 7.45544 3
      vertex -13.6509 11.748 3
      vertex -16.1403 9.25874 3
    endloop
  endfacet
  facet normal 0 0 1
    outer loop
      vertex -11.8476 13.5531 3
      vertex -13.4361 15.1416 3
      vertex -15.2394 13.3367 3
    endloop
  endfacet
  facet normal 0 0 1
    outer loop
      vertex -10.0442 11.7497 3
      vertex -11.8476 13.5531 3
      vertex -13.6509 11.748 3
    endloop
  endfacet
  facet normal 0 0 1
    outer loop
      vertex -11.8476 9.9447 3
      vertex -13.6509 11.748 3
      vertex -14.3369 7.45544 3
    endloop
  endfacet
  facet normal 0 0 1
    outer loop
      vertex -15.4619 4.50331 3
      vertex -18.0126 4.50331 3
      vertex -15.4619 1.21535 3
    endloop
  endfacet
  facet normal 0 0 1
    outer loop
      vertex -10.0442 11.7497 3
      vertex -11.8476 9.9447 3
      vertex -6.23824 7.94376 3
    endloop
  endfacet
  facet normal 0 0 1
    outer loop
      vertex -10.0442 11.7497 3
      vertex -13.6509 11.748 3
      vertex -11.8476 9.9447 3
    endloop
  endfacet
  facet normal 0 0 1
    outer loop
      vertex -16.8246 -18.6492 3
      vertex -17.0402 -15.2573 3
      vertex -18.6287 -16.8459 3
    endloop
  endfacet
  facet normal 0 0 1
    outer loop
      vertex -16.4635 -39.7238 3
      vertex -18.4062 -46.4888 3
      vertex -16.9369 -47.044 3
    endloop
  endfacet
  facet normal 0 0 1
    outer loop
      vertex -18.942 -38.6025 3
      vertex -21.289 -45.2413 3
      vertex -16.4635 -39.7238 3
    endloop
  endfacet
  facet normal 0 -0 1
    outer loop
      vertex -20.259 -1.33366 3
      vertex -20.259 1.21535 3
      vertex -22.8098 1.21535 3
    endloop
  endfacet
  facet normal -0 0 1
    outer loop
      vertex -19.8574 -45.8877 3
      vertex -18.4062 -46.4888 3
      vertex -16.4635 -39.7238 3
    endloop
  endfacet
  facet normal 0 -0 1
    outer loop
      vertex -15.4508 -47.5528 3
      vertex -13.9044 -40.6898 3
      vertex -16.9369 -47.044 3
    endloop
  endfacet
  facet normal 0 0 1
    outer loop
      vertex -25.0792 -34.9224 3
      vertex -28.1042 -41.354 3
      vertex -23.5095 -35.9997 3
    endloop
  endfacet
  facet normal 0 0 1
    outer loop
      vertex -26.6634 -20.1065 3
      vertex -27.5367 -19.8602 3
      vertex -27.6448 -22.4697 3
    endloop
  endfacet
  facet normal 0 0 1
    outer loop
      vertex -15.4619 1.21535 3
      vertex -18.0126 4.50331 3
      vertex -18.0126 1.21535 3
    endloop
  endfacet
  facet normal 0 -0 1
    outer loop
      vertex -27.6448 -22.4697 3
      vertex -27.5367 -19.8602 3
      vertex -28.2807 -22.3067 3
    endloop
  endfacet
  facet normal -0 0 1
    outer loop
      vertex -29.6149 -22.1187 3
      vertex -28.9381 -22.1895 3
      vertex -29.3574 -19.5744 3
    endloop
  endfacet
  facet normal 0 0 1
    outer loop
      vertex -20.259 1.21535 3
      vertex -22.8098 6.20181 3
      vertex -22.8098 1.21535 3
    endloop
  endfacet
  facet normal -0 0 1
    outer loop
      vertex -36.4484 -34.2273 3
      vertex -35.3553 -35.3553 3
      vertex -31.2758 -29.4938 3
    endloop
  endfacet
  facet normal 0 0 1
    outer loop
      vertex 49.9753 1.57053 3
      vertex 42.8663 1.2196 3
      vertex 50 0 3
    endloop
  endfacet
  facet normal 0 0 1
    outer loop
      vertex 34.6044 1.86073 3
      vertex 32.2638 2.92513 3
      vertex 32.0435 2.07846 3
    endloop
  endfacet
  facet normal 0 0 1
    outer loop
      vertex 27.5305 1.22052 3
      vertex 27.5141 -1.16087 3
      vertex 31.8895 -1.149 3
    endloop
  endfacet
  facet normal -0 0 1
    outer loop
      vertex 32.5868 -3.71509 3
      vertex 32.9655 -4.53365 3
      vertex 35.0637 -3.18202 3
    endloop
  endfacet
  facet normal -0 0 1
    outer loop
      vertex 32.9178 4.56693 3
      vertex 35.3156 3.68759 3
      vertex 33.3475 5.35333 3
    endloop
  endfacet
  facet normal -0 0 1
    outer loop
      vertex 33.3475 5.35333 3
      vertex 35.6503 4.2589 3
      vertex 33.8428 6.11101 3
    endloop
  endfacet
  facet normal -0 0 1
    outer loop
      vertex 33.8428 6.11101 3
      vertex 36.0311 4.80879 3
      vertex 34.4018 6.83563 3
    endloop
  endfacet
  facet normal 0 -0 1
    outer loop
      vertex 36.0311 4.80879 3
      vertex 36.4559 5.33557 3
      vertex 34.4018 6.83563 3
    endloop
  endfacet
  facet normal 0 -0 1
    outer loop
      vertex 36.4559 5.33557 3
      vertex 36.9232 5.83748 3
      vertex 35.0223 7.52271 3
    endloop
  endfacet
  facet normal 0 -0 1
    outer loop
      vertex 36.9232 5.83748 3
      vertex 37.9781 6.76024 3
      vertex 35.6729 8.14372 3
    endloop
  endfacet
  facet normal 0 0 1
    outer loop
      vertex 37.9781 6.76024 3
      vertex 37.1154 9.26129 3
      vertex 36.3717 8.72386 3
    endloop
  endfacet
  facet normal 0 0 1
    outer loop
      vertex 39.1816 7.56419 3
      vertex 37.9005 9.75418 3
      vertex 37.1154 9.26129 3
    endloop
  endfacet
  facet normal 0 0 1
    outer loop
      vertex 40.5196 8.23605 3
      vertex 38.7232 10.2007 3
      vertex 39.1816 7.56419 3
    endloop
  endfacet
  facet normal 0 0 1
    outer loop
      vertex 40.4678 10.9472 3
      vertex 39.5801 10.599 3
      vertex 40.5196 8.23605 3
    endloop
  endfacet
  facet normal 0 0 1
    outer loop
      vertex 40.4678 10.9472 3
      vertex 40.5196 8.23605 3
      vertex 41.9783 8.76273 3
    endloop
  endfacet
  facet normal 0 0 1
    outer loop
      vertex 49.1143 9.36906 3
      vertex 48.7958 10.9072 3
      vertex 41.9783 8.76273 3
    endloop
  endfacet
  facet normal 0 0 1
    outer loop
      vertex 49.3844 7.82172 3
      vertex 42.3218 6.91518 3
      vertex 49.6057 6.26665 3
    endloop
  endfacet
  facet normal 0 0 1
    outer loop
      vertex 49.6057 6.26665 3
      vertex 42.5856 5.04105 3
      vertex 49.7781 4.70541 3
    endloop
  endfacet
  facet normal 0 0 1
    outer loop
      vertex 49.7781 4.70541 3
      vertex 42.7677 3.14204 3
      vertex 49.9013 3.13951 3
    endloop
  endfacet
  facet normal 0 0 1
    outer loop
      vertex -32.3679 2.94308 3
      vertex -34.896 2.46582 3
      vertex -34.7026 1.84795 3
    endloop
  endfacet
  facet normal 0 -0 1
    outer loop
      vertex -49.7781 -4.70541 3
      vertex -42.8433 -3.25679 3
      vertex -49.9013 -3.13951 3
    endloop
  endfacet
  facet normal 0 0 1
    outer loop
      vertex -50 0 3
      vertex -42.9429 1.21626 3
      vertex -49.9753 1.57053 3
    endloop
  endfacet
  facet normal 0 0 1
    outer loop
      vertex -50 0 3
      vertex -49.9753 -1.57053 3
      vertex -42.942 -1.33446 3
    endloop
  endfacet
  facet normal 0 0 1
    outer loop
      vertex -49.6057 6.26665 3
      vertex -49.7781 4.70541 3
      vertex -42.6665 5.00299 3
    endloop
  endfacet
  facet normal -0 0 1
    outer loop
      vertex -49.6057 6.26665 3
      vertex -42.6665 5.00299 3
      vertex -42.4072 6.86058 3
    endloop
  endfacet
  facet normal -0 0 1
    outer loop
      vertex -49.3844 7.82172 3
      vertex -42.4072 6.86058 3
      vertex -49.1143 9.36906 3
    endloop
  endfacet
  facet normal 0 0 1
    outer loop
      vertex -36.5655 8.74274 3
      vertex -38.1125 6.70221 3
      vertex -35.8749 8.18259 3
    endloop
  endfacet
  facet normal -0 0 1
    outer loop
      vertex -49.1143 9.36906 3
      vertex -42.0693 8.692 3
      vertex -48.7958 10.9072 3
    endloop
  endfacet
  facet normal -0 0 1
    outer loop
      vertex -40.634 8.16949 3
      vertex -39.31 7.5016 3
      vertex -38.8761 10.1677 3
    endloop
  endfacet
  facet normal 0 0 1
    outer loop
      vertex -34.5874 6.89163 3
      vertex -35.2293 7.58235 3
      vertex -37.0572 5.78502 3
    endloop
  endfacet
  facet normal 0 0 1
    outer loop
      vertex -34.0087 6.16194 3
      vertex -34.5874 6.89163 3
      vertex -36.159 4.76405 3
    endloop
  endfacet
  facet normal 0 0 1
    outer loop
      vertex -33.4952 5.39787 3
      vertex -34.0087 6.16194 3
      vertex -35.7737 4.21892 3
    endloop
  endfacet
  facet normal 0 0 1
    outer loop
      vertex -33.0491 4.60376 3
      vertex -33.4952 5.39787 3
      vertex -35.4335 3.65298 3
    endloop
  endfacet
  facet normal 0 0 1
    outer loop
      vertex -33.0491 4.60376 3
      vertex -35.4335 3.65298 3
      vertex -35.1403 3.06807 3
    endloop
  endfacet
  facet normal 0 0 1
    outer loop
      vertex -32.6725 3.78398 3
      vertex -35.1403 3.06807 3
      vertex -34.896 2.46582 3
    endloop
  endfacet
  facet normal 0 0 1
    outer loop
      vertex -32.6725 3.78398 3
      vertex -34.896 2.46582 3
      vertex -32.3679 2.94308 3
    endloop
  endfacet
  facet normal 0 0 1
    outer loop
      vertex -32.3679 2.94308 3
      vertex -34.7026 1.84795 3
      vertex -32.1371 2.08546 3
    endloop
  endfacet
  facet normal 0 0 1
    outer loop
      vertex -7.31674 2.04092 3
      vertex -9.39684 3.81288 3
      vertex -9.82681 2.54161 3
    endloop
  endfacet
  facet normal 0 0 1
    outer loop
      vertex -3.74826 -35.4522 3
      vertex -4.69841 -33.0652 3
      vertex -5.49243 -33.5113 3
    endloop
  endfacet
  facet normal 0 0 1
    outer loop
      vertex -2.13994 7.22137 3
      vertex -3.91252 9.29964 3
      vertex -2.93599 6.94165 3
    endloop
  endfacet
  facet normal 0 0 1
    outer loop
      vertex 3.83298 9.30077 3
      vertex 2.85573 6.94296 3
      vertex 3.61656 6.57579 3
    endloop
  endfacet
  facet normal 0 0 1
    outer loop
      vertex 5.03656 8.70389 3
      vertex 3.61656 6.57579 3
      vertex 4.33539 6.12338 3
    endloop
  endfacet
  facet normal 0 0 1
    outer loop
      vertex 5.03656 8.70389 3
      vertex 4.33539 6.12338 3
      vertex 6.1591 7.94548 3
    endloop
  endfacet
  facet normal 0 0 1
    outer loop
      vertex 6.1591 7.94548 3
      vertex 6.13951 4.32008 3
      vertex 7.96242 6.14297 3
    endloop
  endfacet
  facet normal -0 0 1
    outer loop
      vertex 1.23494 3.02293 3
      vertex 3.03998 1.2196 3
      vertex 4.33539 6.12338 3
    endloop
  endfacet
  facet normal 0 0 1
    outer loop
      vertex -9.82681 2.54161 3
      vertex -7.50546 1.21626 3
      vertex -7.31674 2.04092 3
    endloop
  endfacet
  facet normal 0 0 1
    outer loop
      vertex -11.2706 -41.4944 3
      vertex -13.9044 -40.6898 3
      vertex -13.9496 -48.0147 3
    endloop
  endfacet
  facet normal 0 0 1
    outer loop
      vertex 1.23494 3.02293 3
      vertex -1.31488 7.41019 3
      vertex -1.31488 3.02039 3
    endloop
  endfacet
  facet normal 0 0 1
    outer loop
      vertex -5.11581 8.70226 3
      vertex -6.23824 7.94376 3
      vertex -4.41524 6.12086 3
    endloop
  endfacet
  facet normal -0 0 1
    outer loop
      vertex -3.91252 9.29964 3
      vertex -2.13994 7.22137 3
      vertex -2.64143 9.73012 3
    endloop
  endfacet
  facet normal 0 -0 1
    outer loop
      vertex -2.13994 7.22137 3
      vertex -1.31488 7.41019 3
      vertex -2.64143 9.73012 3
    endloop
  endfacet
  facet normal 0 0 1
    outer loop
      vertex -1.31488 7.41019 3
      vertex -1.3157 9.98824 3
      vertex -2.64143 9.73012 3
    endloop
  endfacet
  facet normal 0 0 1
    outer loop
      vertex 1.23494 7.4111 3
      vertex -1.3157 9.98824 3
      vertex -1.31488 7.41019 3
    endloop
  endfacet
  facet normal 0 0 1
    outer loop
      vertex 9.74879 2.54619 3
      vertex 7.42896 1.2196 3
      vertex 10.0069 1.22052 3
    endloop
  endfacet
  facet normal 0 0 1
    outer loop
      vertex 1.23494 3.02293 3
      vertex -1.31488 3.02039 3
      vertex 3.03998 1.2196 3
    endloop
  endfacet
  facet normal 0 0 1
    outer loop
      vertex -1.31488 3.02039 3
      vertex -4.41524 6.12086 3
      vertex -6.21774 4.31662 3
    endloop
  endfacet
  facet normal 0 0 1
    outer loop
      vertex 7.96242 6.14297 3
      vertex 6.13951 4.32008 3
      vertex 8.72102 5.02054 3
    endloop
  endfacet
  facet normal 0 0 1
    outer loop
      vertex 4.33539 6.12338 3
      vertex 3.03998 1.2196 3
      vertex 6.13951 4.32008 3
    endloop
  endfacet
  facet normal 0 0 1
    outer loop
      vertex 8.72102 5.02054 3
      vertex 6.59253 3.60135 3
      vertex 9.3183 3.81725 3
    endloop
  endfacet
  facet normal -0 0 1
    outer loop
      vertex 6.59253 3.60135 3
      vertex 6.96031 2.84052 3
      vertex 9.3183 3.81725 3
    endloop
  endfacet
  facet normal 0 0 1
    outer loop
      vertex 9.3183 3.81725 3
      vertex 7.24004 2.04437 3
      vertex 9.74879 2.54619 3
    endloop
  endfacet
  facet normal 0 0 1
    outer loop
      vertex -15.2361 -17.0606 3
      vertex -17.0402 -15.2573 3
      vertex -16.8246 -18.6492 3
    endloop
  endfacet
  facet normal 0 -0 1
    outer loop
      vertex -3.11566 -1.33356 3
      vertex -1.31488 3.02039 3
      vertex -3.11739 1.21626 3
    endloop
  endfacet
  facet normal 0 0 1
    outer loop
      vertex -1.31488 3.02039 3
      vertex -6.21774 4.31662 3
      vertex -3.11739 1.21626 3
    endloop
  endfacet
  facet normal 0 0 1
    outer loop
      vertex -9.82681 2.54161 3
      vertex -10.0843 1.21535 3
      vertex -7.50546 1.21626 3
    endloop
  endfacet
  facet normal 0 0 1
    outer loop
      vertex -7.03743 2.83707 3
      vertex -9.39684 3.81288 3
      vertex -7.31674 2.04092 3
    endloop
  endfacet
  facet normal 0 0 1
    outer loop
      vertex -6.67015 3.59789 3
      vertex -8.79996 5.01628 3
      vertex -9.39684 3.81288 3
    endloop
  endfacet
  facet normal 0 0 1
    outer loop
      vertex -6.21774 4.31662 3
      vertex -8.79996 5.01628 3
      vertex -6.67015 3.59789 3
    endloop
  endfacet
  facet normal 0 0 1
    outer loop
      vertex -8.04156 6.1387 3
      vertex -6.21774 4.31662 3
      vertex -4.41524 6.12086 3
    endloop
  endfacet
  facet normal 0 0 1
    outer loop
      vertex -8.04156 6.1387 3
      vertex -8.79996 5.01628 3
      vertex -6.21774 4.31662 3
    endloop
  endfacet
  facet normal 0 0 1
    outer loop
      vertex 22.0072 -30.3624 3
      vertex 19.478 -29.401 3
      vertex 19.4436 -30.3434 3
    endloop
  endfacet
  facet normal -0 0 1
    outer loop
      vertex 18.5816 -16.6992 3
      vertex 20.3898 -18.4975 3
      vertex 25.1034 -13.7583 3
    endloop
  endfacet
  facet normal 0 0 1
    outer loop
      vertex 1.2392 -7.52422 3
      vertex -1.3098 -10.1004 3
      vertex 1.2392 -10.1022 3
    endloop
  endfacet
  facet normal 0 0 1
    outer loop
      vertex 27.5141 -1.16087 3
      vertex 24.9635 -1.16788 3
      vertex 27.5324 -7.84482 3
    endloop
  endfacet
  facet normal 0 -0 1
    outer loop
      vertex 25.8143 -23.1968 3
      vertex 26.3884 -22.886 3
      vertex 24.9499 -20.6279 3
    endloop
  endfacet
  facet normal 0 0 1
    outer loop
      vertex 7.24106 -2.15485 3
      vertex 6.96175 -2.951 3
      vertex 9.31122 -3.80762 3
    endloop
  endfacet
  facet normal 0 0 1
    outer loop
      vertex 18.5816 -16.6992 3
      vertex 25.1034 -13.7583 3
      vertex 23.2952 -11.9599 3
    endloop
  endfacet
  facet normal 0 0 1
    outer loop
      vertex -18.6279 -20.4525 3
      vertex -13.9014 -25.179 3
      vertex -12.0982 -23.3756 3
    endloop
  endfacet
  facet normal -0 0 1
    outer loop
      vertex 15.1806 -13.3158 3
      vertex 16.9888 -15.115 3
      vertex 20.5864 -11.4968 3
    endloop
  endfacet
  facet normal 0 0 1
    outer loop
      vertex -3.21622 -42.864 3
      vertex -3.13951 -49.9013 3
      vertex -1.31143 -42.9614 3
    endloop
  endfacet
  facet normal 0 0 1
    outer loop
      vertex 22.7306 -6.16032 3
      vertex 22.717 -1.17395 3
      vertex 20.1798 -6.16722 3
    endloop
  endfacet
  facet normal 0 -0 1
    outer loop
      vertex 15.3692 -1.19394 3
      vertex 15.3853 1.22052 3
      vertex 10.0069 1.22052 3
    endloop
  endfacet
  facet normal 0 0 1
    outer loop
      vertex 9.73763 -2.53511 3
      vertex 7.42978 -1.3302 3
      vertex 7.24106 -2.15485 3
    endloop
  endfacet
  facet normal 0 0 1
    outer loop
      vertex -8.78717 -42.0879 3
      vertex -9.36906 -49.1143 3
      vertex -6.95575 -42.4257 3
    endloop
  endfacet
  facet normal -0 0 1
    outer loop
      vertex 11.7795 -9.93314 3
      vertex 13.5876 -11.7316 3
      vertex 16.0701 -9.23541 3
    endloop
  endfacet
  facet normal 0 0 1
    outer loop
      vertex -10.0392 -11.8638 3
      vertex -11.845 -10.0621 3
      vertex -10.0408 -11.8663 3
    endloop
  endfacet
  facet normal 0 0 1
    outer loop
      vertex 15.3781 -4.4818 3
      vertex 17.9288 -4.4749 3
      vertex 17.9198 -1.18706 3
    endloop
  endfacet
  facet normal 0 0 1
    outer loop
      vertex 16.0701 -9.23541 3
      vertex 14.262 -7.43697 3
      vertex 11.7795 -9.93314 3
    endloop
  endfacet
  facet normal 0 0 1
    outer loop
      vertex 6.14206 -4.43057 3
      vertex 7.96222 -6.13748 3
      vertex 8.71756 -5.01283 3
    endloop
  endfacet
  facet normal 0 -0 1
    outer loop
      vertex -10.0834 -1.33366 3
      vertex -7.50546 1.21626 3
      vertex -10.0843 1.21535 3
    endloop
  endfacet
  facet normal 0 0 1
    outer loop
      vertex 6.59447 -3.71184 3
      vertex 6.14206 -4.43057 3
      vertex 8.71756 -5.01283 3
    endloop
  endfacet
  facet normal 0 0 1
    outer loop
      vertex 7.42896 1.2196 3
      vertex 7.42978 -1.3302 3
      vertex 9.99158 -1.20856 3
    endloop
  endfacet
  facet normal -0 0 1
    outer loop
      vertex 7.42896 1.2196 3
      vertex 9.99158 -1.20856 3
      vertex 10.0069 1.22052 3
    endloop
  endfacet
  facet normal 0 0 1
    outer loop
      vertex 17.9198 -1.18706 3
      vertex 15.3853 1.22052 3
      vertex 15.3692 -1.19394 3
    endloop
  endfacet
  facet normal 0 0 1
    outer loop
      vertex 17.9198 -1.18706 3
      vertex 20.1662 -1.18086 3
      vertex 17.9361 1.22052 3
    endloop
  endfacet
  facet normal 0 -0 1
    outer loop
      vertex 15.3781 -4.4818 3
      vertex 17.9198 -1.18706 3
      vertex 15.3692 -1.19394 3
    endloop
  endfacet
  facet normal 0 0 1
    outer loop
      vertex 20.1662 -1.18086 3
      vertex 22.717 -1.17395 3
      vertex 20.1825 1.22052 3
    endloop
  endfacet
  facet normal 0 0 1
    outer loop
      vertex 24.9797 1.22052 3
      vertex 22.7332 1.22052 3
      vertex 24.9635 -1.16788 3
    endloop
  endfacet
  facet normal 0 -0 1
    outer loop
      vertex 20.1798 -6.16722 3
      vertex 22.717 -1.17395 3
      vertex 20.1662 -1.18086 3
    endloop
  endfacet
  facet normal 0 0 1
    outer loop
      vertex 24.9635 -1.16788 3
      vertex 27.5141 -1.16087 3
      vertex 24.9797 1.22052 3
    endloop
  endfacet
  facet normal 0 0 1
    outer loop
      vertex 24.9635 -1.16788 3
      vertex 24.9817 -7.85184 3
      vertex 27.5324 -7.84482 3
    endloop
  endfacet
  facet normal 0 -0 1
    outer loop
      vertex 31.8895 -1.149 3
      vertex 31.8972 1.22052 3
      vertex 27.5305 1.22052 3
    endloop
  endfacet
  facet normal 0 0 1
    outer loop
      vertex 27.5305 1.22052 3
      vertex 24.9797 1.22052 3
      vertex 27.5141 -1.16087 3
    endloop
  endfacet
  facet normal 0 0 1
    outer loop
      vertex 34.471 1.2196 3
      vertex 31.8972 1.22052 3
      vertex 31.8895 -1.149 3
    endloop
  endfacet
  facet normal 0 0 1
    outer loop
      vertex 36.0825 -4.87799 3
      vertex 33.9293 -6.0892 3
      vertex 34.51 -6.81728 3
    endloop
  endfacet
  facet normal 0 0 1
    outer loop
      vertex 35.801 -8.10446 3
      vertex 38.036 -6.81615 3
      vertex 36.9806 -5.89897 3
    endloop
  endfacet
  facet normal -0 0 1
    outer loop
      vertex 36.4932 -8.66269 3
      vertex 37.2271 -9.17931 3
      vertex 38.036 -6.81615 3
    endloop
  endfacet
  facet normal 0 0 1
    outer loop
      vertex 40.5575 -8.28345 3
      vertex 39.2334 -7.61552 3
      vertex 38.8076 -10.0814 3
    endloop
  endfacet
  facet normal 0 0 1
    outer loop
      vertex 41.9927 -8.80595 3
      vertex 40.5575 -8.28345 3
      vertex 40.5166 -10.7982 3
    endloop
  endfacet
  facet normal 0 0 1
    outer loop
      vertex 41.9927 -8.80595 3
      vertex 40.5166 -10.7982 3
      vertex 41.4112 -11.0831 3
    endloop
  endfacet
  facet normal 0 0 1
    outer loop
      vertex 39.6551 -16.2808 3
      vertex 46.4888 -18.4062 3
      vertex 47.044 -16.9369 3
    endloop
  endfacet
  facet normal 0 0 1
    outer loop
      vertex 47.5528 -15.4508 3
      vertex 40.6141 -13.7191 3
      vertex 47.044 -16.9369 3
    endloop
  endfacet
  facet normal 0 0 1
    outer loop
      vertex 40.6141 -13.7191 3
      vertex 39.6551 -16.2808 3
      vertex 47.044 -16.9369 3
    endloop
  endfacet
  facet normal 0 -0 1
    outer loop
      vertex 34.4855 -1.3302 3
      vertex 42.8663 1.2196 3
      vertex 34.471 1.2196 3
    endloop
  endfacet
  facet normal 0 0 1
    outer loop
      vertex 49.6057 -6.26665 3
      vertex 42.59 -5.11693 3
      vertex 42.3306 -6.97453 3
    endloop
  endfacet
  facet normal 0 -0 1
    outer loop
      vertex 47.5528 -15.4508 3
      vertex 48.0147 -13.9496 3
      vertex 40.6141 -13.7191 3
    endloop
  endfacet
  facet normal 0 0 1
    outer loop
      vertex 42.3306 -6.97453 3
      vertex 49.1143 -9.36906 3
      vertex 49.3844 -7.82172 3
    endloop
  endfacet
  facet normal 0 0 1
    outer loop
      vertex 41.4112 -11.0831 3
      vertex 48.0147 -13.9496 3
      vertex 48.4292 -12.4345 3
    endloop
  endfacet
  facet normal -0 0 1
    outer loop
      vertex 40.6141 -13.7191 3
      vertex 48.0147 -13.9496 3
      vertex 41.4112 -11.0831 3
    endloop
  endfacet
  facet normal 0 -0 1
    outer loop
      vertex 48.7958 -10.9072 3
      vertex 49.1143 -9.36906 3
      vertex 41.9927 -8.80595 3
    endloop
  endfacet
  facet normal 0 0 1
    outer loop
      vertex 48.7958 -10.9072 3
      vertex 41.4112 -11.0831 3
      vertex 48.4292 -12.4345 3
    endloop
  endfacet
  facet normal 0 0 1
    outer loop
      vertex 45.8877 -19.8574 3
      vertex 38.5406 -18.7622 3
      vertex 45.2413 -21.289 3
    endloop
  endfacet
  facet normal 0 0 1
    outer loop
      vertex 37.2763 -21.1575 3
      vertex 43.8153 -24.0877 3
      vertex 44.5503 -22.6995 3
    endloop
  endfacet
  facet normal 0 0 1
    outer loop
      vertex 35.9053 -23.529 3
      vertex 42.2164 -26.7913 3
      vertex 43.0371 -25.4521 3
    endloop
  endfacet
  facet normal -0 0 1
    outer loop
      vertex 34.5018 -22.8707 3
      vertex 35.9053 -23.529 3
      vertex 36.4191 -20.7229 3
    endloop
  endfacet
  facet normal -0 0 1
    outer loop
      vertex 31.6619 -22.118 3
      vertex 33.081 -22.4001 3
      vertex 32.8549 -19.5552 3
    endloop
  endfacet
  facet normal 0 0 1
    outer loop
      vertex 31.0447 -19.3306 3
      vertex 31.6619 -22.118 3
      vertex 31.949 -19.4119 3
    endloop
  endfacet
  facet normal 0 0 1
    outer loop
      vertex 30.1457 -19.3123 3
      vertex 30.2639 -22.0248 3
      vertex 31.0447 -19.3306 3
    endloop
  endfacet
  facet normal 0 0 1
    outer loop
      vertex 29.222 -19.3618 3
      vertex 28.9062 -22.1214 3
      vertex 29.5789 -22.0494 3
    endloop
  endfacet
  facet normal 0 0 1
    outer loop
      vertex 28.3152 -19.4816 3
      vertex 28.2485 -22.241 3
      vertex 28.9062 -22.1214 3
    endloop
  endfacet
  facet normal 0 0 1
    outer loop
      vertex 33.6831 -26.6173 3
      vertex 32.4741 -28.0824 3
      vertex 38.5257 -31.8712 3
    endloop
  endfacet
  facet normal 0 -0 1
    outer loop
      vertex 27.608 -22.4082 3
      vertex 28.2485 -22.241 3
      vertex 27.4301 -19.6697 3
    endloop
  endfacet
  facet normal 0 -0 1
    outer loop
      vertex 26.9871 -22.6232 3
      vertex 27.608 -22.4082 3
      vertex 26.5712 -19.9245 3
    endloop
  endfacet
  facet normal 0 0 1
    outer loop
      vertex 26.9871 -22.6232 3
      vertex 26.5712 -19.9245 3
      vertex 25.7429 -20.2444 3
    endloop
  endfacet
  facet normal 0 0 1
    outer loop
      vertex 26.3884 -22.886 3
      vertex 25.7429 -20.2444 3
      vertex 24.9499 -20.6279 3
    endloop
  endfacet
  facet normal 0 0 1
    outer loop
      vertex 31.2027 -29.4921 3
      vertex 36.4484 -34.2273 3
      vertex 37.5055 -33.0656 3
    endloop
  endfacet
  facet normal 0 0 1
    outer loop
      vertex 25.8143 -23.1968 3
      vertex 24.9499 -20.6279 3
      vertex 24.1965 -21.073 3
    endloop
  endfacet
  facet normal 0 0 1
    outer loop
      vertex 25.2669 -23.5554 3
      vertex 24.1965 -21.073 3
      vertex 23.4875 -21.5785 3
    endloop
  endfacet
  facet normal 0 0 1
    outer loop
      vertex 25.2669 -23.5554 3
      vertex 23.4875 -21.5785 3
      vertex 21.6492 -23.5452 3
    endloop
  endfacet
  facet normal 0 0 1
    outer loop
      vertex -3.11739 1.21626 3
      vertex -7.50546 1.21626 3
      vertex -7.50464 -1.33356 3
    endloop
  endfacet
  facet normal 0 0 1
    outer loop
      vertex -1.31488 3.02039 3
      vertex -3.11566 -1.33356 3
      vertex 1.2392 -3.13434 3
    endloop
  endfacet
  facet normal 0 0 1
    outer loop
      vertex -3.11566 -1.33356 3
      vertex -6.21602 -4.43401 3
      vertex -4.4119 -6.23732 3
    endloop
  endfacet
  facet normal 0 0 1
    outer loop
      vertex 9.99158 -1.20856 3
      vertex 7.42978 -1.3302 3
      vertex 9.73763 -2.53511 3
    endloop
  endfacet
  facet normal 0 0 1
    outer loop
      vertex 7.42896 1.2196 3
      vertex 3.04169 -1.3302 3
      vertex 7.42978 -1.3302 3
    endloop
  endfacet
  facet normal 0 0 1
    outer loop
      vertex 9.73763 -2.53511 3
      vertex 7.24106 -2.15485 3
      vertex 9.31122 -3.80762 3
    endloop
  endfacet
  facet normal 0 0 1
    outer loop
      vertex 9.31122 -3.80762 3
      vertex 6.96175 -2.951 3
      vertex 8.71756 -5.01283 3
    endloop
  endfacet
  facet normal 0 0 1
    outer loop
      vertex 6.96175 -2.951 3
      vertex 6.59447 -3.71184 3
      vertex 8.71756 -5.01283 3
    endloop
  endfacet
  facet normal 0 0 1
    outer loop
      vertex 48.7958 -10.9072 3
      vertex 41.9927 -8.80595 3
      vertex 41.4112 -11.0831 3
    endloop
  endfacet
  facet normal -0 0 1
    outer loop
      vertex 42.7691 -3.23497 3
      vertex 49.7781 -4.70541 3
      vertex 49.9013 -3.13951 3
    endloop
  endfacet
  facet normal 0 0 1
    outer loop
      vertex 38.036 -6.81615 3
      vertex 37.2271 -9.17931 3
      vertex 39.2334 -7.61552 3
    endloop
  endfacet
  facet normal 0 0 1
    outer loop
      vertex 36.9806 -5.89897 3
      vertex 35.1538 -7.50627 3
      vertex 35.801 -8.10446 3
    endloop
  endfacet
  facet normal 0 0 1
    outer loop
      vertex 36.9806 -5.89897 3
      vertex 36.0825 -4.87799 3
      vertex 34.51 -6.81728 3
    endloop
  endfacet
  facet normal 0 0 1
    outer loop
      vertex 36.0825 -4.87799 3
      vertex 35.6971 -4.33287 3
      vertex 33.9293 -6.0892 3
    endloop
  endfacet
  facet normal 0 0 1
    outer loop
      vertex 35.6971 -4.33287 3
      vertex 35.3569 -3.76694 3
      vertex 33.4137 -5.32655 3
    endloop
  endfacet
  facet normal 0 0 1
    outer loop
      vertex 35.3569 -3.76694 3
      vertex 35.0637 -3.18202 3
      vertex 32.9655 -4.53365 3
    endloop
  endfacet
  facet normal 0 0 1
    outer loop
      vertex 35.0637 -3.18202 3
      vertex 34.8195 -2.57976 3
      vertex 32.5868 -3.71509 3
    endloop
  endfacet
  facet normal 0 0 1
    outer loop
      vertex 34.8195 -2.57976 3
      vertex 32.2797 -2.87511 3
      vertex 32.5868 -3.71509 3
    endloop
  endfacet
  facet normal 0 0 1
    outer loop
      vertex 34.6261 -1.96187 3
      vertex 32.0466 -2.0183 3
      vertex 32.2797 -2.87511 3
    endloop
  endfacet
  facet normal 0 0 1
    outer loop
      vertex 34.4855 -1.3302 3
      vertex 32.0466 -2.0183 3
      vertex 34.6261 -1.96187 3
    endloop
  endfacet
  facet normal -0 0 1
    outer loop
      vertex 31.8895 -1.149 3
      vertex 34.4855 -1.3302 3
      vertex 34.471 1.2196 3
    endloop
  endfacet
  facet normal 0 0 1
    outer loop
      vertex 31.8895 -1.149 3
      vertex 32.0466 -2.0183 3
      vertex 34.4855 -1.3302 3
    endloop
  endfacet
  facet normal 0 0 1
    outer loop
      vertex 42.7691 -3.23497 3
      vertex 49.9013 -3.13951 3
      vertex 42.8663 -1.3302 3
    endloop
  endfacet
  facet normal 0 0 1
    outer loop
      vertex 42.59 -5.11693 3
      vertex 49.7781 -4.70541 3
      vertex 42.7691 -3.23497 3
    endloop
  endfacet
  facet normal 0 -0 1
    outer loop
      vertex 49.6057 -6.26665 3
      vertex 49.7781 -4.70541 3
      vertex 42.59 -5.11693 3
    endloop
  endfacet
  facet normal 0 0 1
    outer loop
      vertex 49.1143 -9.36906 3
      vertex 42.3306 -6.97453 3
      vertex 41.9927 -8.80595 3
    endloop
  endfacet
  facet normal 0 -0 1
    outer loop
      vertex 49.3844 -7.82172 3
      vertex 49.6057 -6.26665 3
      vertex 42.3306 -6.97453 3
    endloop
  endfacet
  facet normal 0 -0 1
    outer loop
      vertex -12.4345 -48.4292 3
      vertex -11.2706 -41.4944 3
      vertex -13.9496 -48.0147 3
    endloop
  endfacet
  facet normal 0 -0 1
    outer loop
      vertex -13.9496 -48.0147 3
      vertex -13.9044 -40.6898 3
      vertex -15.4508 -47.5528 3
    endloop
  endfacet
  facet normal 0 0 1
    outer loop
      vertex -15.4619 -1.33366 3
      vertex -10.0843 1.21535 3
      vertex -15.4619 1.21535 3
    endloop
  endfacet
  facet normal 0 0 1
    outer loop
      vertex -15.4619 -4.85416 3
      vertex -18.0126 -1.33366 3
      vertex -18.0126 -4.85416 3
    endloop
  endfacet
  facet normal 0 0 1
    outer loop
      vertex -15.4619 -1.33366 3
      vertex -18.0126 -1.33366 3
      vertex -15.4619 -4.85416 3
    endloop
  endfacet
  facet normal 0 0 1
    outer loop
      vertex -10.0834 -1.33366 3
      vertex -7.50464 -1.33356 3
      vertex -7.50546 1.21626 3
    endloop
  endfacet
  facet normal 0 0 1
    outer loop
      vertex 3.03998 1.2196 3
      vertex -1.31488 3.02039 3
      vertex 1.2392 -3.13434 3
    endloop
  endfacet
  facet normal 0 0 1
    outer loop
      vertex -3.11739 1.21626 3
      vertex -7.50464 -1.33356 3
      vertex -3.11566 -1.33356 3
    endloop
  endfacet
  facet normal 0 0 1
    outer loop
      vertex -25.0563 -8.01761 3
      vertex -27.6069 -1.33366 3
      vertex -27.6069 -8.01761 3
    endloop
  endfacet
  facet normal 0 0 1
    outer loop
      vertex -20.0716 -26.6298 3
      vertex -20.3893 -25.8007 3
      vertex -22.6037 -27.0816 3
    endloop
  endfacet
  facet normal 0 0 1
    outer loop
      vertex -34.7294 -20.2881 3
      vertex -35.5941 -20.6091 3
      vertex -34.5669 -22.9453 3
    endloop
  endfacet
  facet normal 0 0 1
    outer loop
      vertex -25.0563 -1.33366 3
      vertex -27.6069 -1.33366 3
      vertex -25.0563 -8.01761 3
    endloop
  endfacet
  facet normal 0 0 1
    outer loop
      vertex -30.3239 -19.538 3
      vertex -30.3247 -19.5372 3
      vertex -31.2053 -19.5697 3
    endloop
  endfacet
  facet normal -0 0 1
    outer loop
      vertex -20.5659 -11.7316 3
      vertex -17.0402 -15.2573 3
      vertex -18.7625 -9.92828 3
    endloop
  endfacet
  facet normal 0 0 1
    outer loop
      vertex -35.5941 -20.6091 3
      vertex -36.4457 -20.9844 3
      vertex -34.5669 -22.9453 3
    endloop
  endfacet
  facet normal 0 0 1
    outer loop
      vertex -36.4457 -20.9844 3
      vertex -35.9417 -23.5878 3
      vertex -34.5669 -22.9453 3
    endloop
  endfacet
  facet normal 0 0 1
    outer loop
      vertex -39.6805 -16.5465 3
      vertex -45.2413 -21.289 3
      vertex -38.5553 -19.0231 3
    endloop
  endfacet
  facet normal -0 0 1
    outer loop
      vertex -45.8877 -19.8574 3
      vertex -45.2413 -21.289 3
      vertex -39.6805 -16.5465 3
    endloop
  endfacet
  facet normal 0 -0 1
    outer loop
      vertex -33.424 -5.46614 3
      vertex -32.9944 -4.67964 3
      vertex -35.3913 -3.80182 3
    endloop
  endfacet
  facet normal -0 0 1
    outer loop
      vertex -37.2806 -21.4129 3
      vertex -35.9417 -23.5878 3
      vertex -36.4457 -20.9844 3
    endloop
  endfacet
  facet normal -0 0 1
    outer loop
      vertex -38.5257 -31.8712 3
      vertex -37.5055 -33.0656 3
      vertex -32.5364 -28.0969 3
    endloop
  endfacet
  facet normal 0 0 1
    outer loop
      vertex -25.3502 -23.5682 3
      vertex -31.2758 -29.4938 3
      vertex -29.4725 -31.2979 3
    endloop
  endfacet
  facet normal 0 -0 1
    outer loop
      vertex -47.044 -16.9369 3
      vertex -40.6504 -13.989 3
      vertex -47.5528 -15.4508 3
    endloop
  endfacet
  facet normal 0 -0 1
    outer loop
      vertex -43.8153 -24.0877 3
      vertex -38.5553 -19.0231 3
      vertex -44.5503 -22.6995 3
    endloop
  endfacet
  facet normal 0 0 1
    outer loop
      vertex -38.5553 -19.0231 3
      vertex -45.2413 -21.289 3
      vertex -44.5503 -22.6995 3
    endloop
  endfacet
  facet normal 0 0 1
    outer loop
      vertex -38.5257 -31.8712 3
      vertex -32.5364 -28.0969 3
      vertex -33.7356 -26.6456 3
    endloop
  endfacet
  facet normal 0 0 1
    outer loop
      vertex -34.8715 -25.1419 3
      vertex -40.4508 -29.3893 3
      vertex -39.5077 -30.6453 3
    endloop
  endfacet
  facet normal 0 0 1
    outer loop
      vertex -43.8153 -24.0877 3
      vertex -37.2806 -21.4129 3
      vertex -38.5553 -19.0231 3
    endloop
  endfacet
  facet normal 0 0 1
    outer loop
      vertex -41.354 -28.1042 3
      vertex -34.8715 -25.1419 3
      vertex -35.9417 -23.5878 3
    endloop
  endfacet
  facet normal 0 0 1
    outer loop
      vertex -37.2806 -21.4129 3
      vertex -43.0371 -25.4521 3
      vertex -42.2164 -26.7913 3
    endloop
  endfacet
  facet normal -0 0 1
    outer loop
      vertex -43.8153 -24.0877 3
      vertex -43.0371 -25.4521 3
      vertex -37.2806 -21.4129 3
    endloop
  endfacet
  facet normal 0 0 1
    outer loop
      vertex -40.6504 -13.989 3
      vertex -46.4888 -18.4062 3
      vertex -39.6805 -16.5465 3
    endloop
  endfacet
  facet normal 0 0 1
    outer loop
      vertex -39.6567 -10.7121 3
      vertex -40.5953 -8.34999 3
      vertex -40.5444 -11.0603 3
    endloop
  endfacet
  facet normal 0 -0 1
    outer loop
      vertex -47.5528 -15.4508 3
      vertex -41.4591 -11.3567 3
      vertex -48.0147 -13.9496 3
    endloop
  endfacet
  facet normal 0 0 1
    outer loop
      vertex -41.4591 -11.3567 3
      vertex -42.054 -8.87666 3
      vertex -48.4292 -12.4345 3
    endloop
  endfacet
  facet normal 0 0 1
    outer loop
      vertex -42.054 -8.87666 3
      vertex -41.4591 -11.3567 3
      vertex -40.5444 -11.0603 3
    endloop
  endfacet
  facet normal 0 0 1
    outer loop
      vertex -42.054 -8.87666 3
      vertex -49.1143 -9.36906 3
      vertex -48.7958 -10.9072 3
    endloop
  endfacet
  facet normal 0 0 1
    outer loop
      vertex -37.192 -9.3744 3
      vertex -39.2573 -7.67813 3
      vertex -37.977 -9.86729 3
    endloop
  endfacet
  facet normal 0 -0 1
    outer loop
      vertex -36.4483 -8.8369 3
      vertex -35.7494 -8.25674 3
      vertex -38.0538 -6.87428 3
    endloop
  endfacet
  facet normal -0 0 1
    outer loop
      vertex -36.5316 -5.4496 3
      vertex -34.4783 -6.94864 3
      vertex -36.1068 -4.92293 3
    endloop
  endfacet
  facet normal 0 0 1
    outer loop
      vertex -35.726 -4.37314 3
      vertex -33.9194 -6.22394 3
      vertex -33.424 -5.46614 3
    endloop
  endfacet
  facet normal 0 -0 1
    outer loop
      vertex -32.9944 -4.67964 3
      vertex -32.6325 -3.86877 3
      vertex -35.1042 -3.21074 3
    endloop
  endfacet
  facet normal 0 0 1
    outer loop
      vertex -34.562 1.21626 3
      vertex -42.9429 1.21626 3
      vertex -42.942 -1.33446 3
    endloop
  endfacet
  facet normal 0 -0 1
    outer loop
      vertex -31.9738 -1.33366 3
      vertex -27.6069 1.21535 3
      vertex -31.9823 1.21535 3
    endloop
  endfacet
  facet normal 0 -0 1
    outer loop
      vertex -27.6069 -1.33366 3
      vertex -27.6069 1.21535 3
      vertex -31.9738 -1.33366 3
    endloop
  endfacet
  facet normal -0 0 1
    outer loop
      vertex -34.8666 -2.60127 3
      vertex -32.3403 -3.03784 3
      vertex -34.6801 -1.97537 3
    endloop
  endfacet
  facet normal 0 -0 1
    outer loop
      vertex -32.3403 -3.03784 3
      vertex -32.1201 -2.19139 3
      vertex -34.6801 -1.97537 3
    endloop
  endfacet
  facet normal 0 0 1
    outer loop
      vertex -32.1201 -2.19139 3
      vertex -34.5467 -1.33446 3
      vertex -34.6801 -1.97537 3
    endloop
  endfacet
  facet normal 0 0 1
    outer loop
      vertex -31.9738 -1.33366 3
      vertex -34.5467 -1.33446 3
      vertex -32.1201 -2.19139 3
    endloop
  endfacet
  facet normal 0 0 1
    outer loop
      vertex -31.9823 1.21535 3
      vertex -34.5467 -1.33446 3
      vertex -31.9738 -1.33366 3
    endloop
  endfacet
  facet normal 0 0 1
    outer loop
      vertex -34.562 1.21626 3
      vertex -34.5467 -1.33446 3
      vertex -31.9823 1.21535 3
    endloop
  endfacet
  facet normal 0 0 1
    outer loop
      vertex -25.0563 1.21535 3
      vertex -27.6069 1.21535 3
      vertex -25.0563 -1.33366 3
    endloop
  endfacet
  facet normal 0 0 1
    outer loop
      vertex -25.0563 -1.33366 3
      vertex -27.6069 1.21535 3
      vertex -27.6069 -1.33366 3
    endloop
  endfacet
  facet normal 0 0 1
    outer loop
      vertex -22.8098 -1.33366 3
      vertex -25.0563 1.21535 3
      vertex -25.0563 -1.33366 3
    endloop
  endfacet
  facet normal 0 0 1
    outer loop
      vertex -20.259 -1.33366 3
      vertex -22.8098 1.21535 3
      vertex -22.8098 -1.33366 3
    endloop
  endfacet
  facet normal 0 -0 1
    outer loop
      vertex -18.0126 -1.33366 3
      vertex -18.0126 1.21535 3
      vertex -20.259 1.21535 3
    endloop
  endfacet
  facet normal 0 0 1
    outer loop
      vertex -20.259 -1.33366 3
      vertex -18.0126 -1.33366 3
      vertex -20.259 1.21535 3
    endloop
  endfacet
  facet normal -0 0 1
    outer loop
      vertex -9.8255 -2.6593 3
      vertex -9.39522 -3.93036 3
      vertex -7.31572 -2.15862 3
    endloop
  endfacet
  facet normal 0 -0 1
    outer loop
      vertex -20.259 -6.43588 3
      vertex -20.259 -1.33366 3
      vertex -22.8098 -1.33366 3
    endloop
  endfacet
  facet normal 0 0 1
    outer loop
      vertex -18.0126 -1.33366 3
      vertex -15.4619 -1.33366 3
      vertex -18.0126 1.21535 3
    endloop
  endfacet
  facet normal 0 0 1
    outer loop
      vertex -7.31572 -2.15862 3
      vertex -7.50464 -1.33356 3
      vertex -9.8255 -2.6593 3
    endloop
  endfacet
  facet normal 0 0 1
    outer loop
      vertex -7.03612 -2.95476 3
      vertex -9.39522 -3.93036 3
      vertex -6.66864 -3.71538 3
    endloop
  endfacet
  facet normal 0 0 1
    outer loop
      vertex -14.1699 -7.73729 3
      vertex -15.9733 -9.54051 3
      vertex -13.6483 -11.8654 3
    endloop
  endfacet
  facet normal 0 0 1
    outer loop
      vertex -15.4619 1.21535 3
      vertex -18.0126 1.21535 3
      vertex -15.4619 -1.33366 3
    endloop
  endfacet
  facet normal 0 0 1
    outer loop
      vertex -7.50464 -1.33356 3
      vertex -10.0834 -1.33366 3
      vertex -9.8255 -2.6593 3
    endloop
  endfacet
  facet normal 0 0 1
    outer loop
      vertex -10.0843 1.21535 3
      vertex -15.4619 -1.33366 3
      vertex -10.0834 -1.33366 3
    endloop
  endfacet
  facet normal 0 0 1
    outer loop
      vertex -9.39522 -3.93036 3
      vertex -7.03612 -2.95476 3
      vertex -7.31572 -2.15862 3
    endloop
  endfacet
  facet normal 0 -0 1
    outer loop
      vertex -8.79793 -5.13367 3
      vertex -6.66864 -3.71538 3
      vertex -9.39522 -3.93036 3
    endloop
  endfacet
  facet normal 0 0 1
    outer loop
      vertex -6.66864 -3.71538 3
      vertex -8.79793 -5.13367 3
      vertex -6.21602 -4.43401 3
    endloop
  endfacet
  facet normal 0 0 1
    outer loop
      vertex -13.6483 -11.8654 3
      vertex -15.2369 -13.4539 3
      vertex -11.8442 -13.6696 3
    endloop
  endfacet
  facet normal -0 0 1
    outer loop
      vertex -6.2565 -34.0248 3
      vertex -4.31419 -35.7924 3
      vertex -5.49243 -33.5113 3
    endloop
  endfacet
  facet normal 0 0 1
    outer loop
      vertex -20.0716 -26.6298 3
      vertex -22.3887 -27.7023 3
      vertex -19.819 -27.4895 3
    endloop
  endfacet
  facet normal 0 0 1
    outer loop
      vertex -14.1699 -7.73729 3
      vertex -13.6483 -11.8654 3
      vertex -11.845 -10.0621 3
    endloop
  endfacet
  facet normal 0 -0 1
    outer loop
      vertex -4.70541 -49.7781 3
      vertex -3.21622 -42.864 3
      vertex -5.09827 -42.6855 3
    endloop
  endfacet
  facet normal -0 0 1
    outer loop
      vertex -25.1586 -13.9227 3
      vertex -20.432 -18.6491 3
      vertex -23.3553 -12.1194 3
    endloop
  endfacet
  facet normal -0 0 1
    outer loop
      vertex -22.0984 -31.7564 3
      vertex -19.5737 -32.009 3
      vertex -19.4898 -31.105 3
    endloop
  endfacet
  facet normal 0 0 1
    outer loop
      vertex -15.2369 -13.4539 3
      vertex -18.7625 -9.92828 3
      vertex -17.0402 -15.2573 3
    endloop
  endfacet
  facet normal 0 0 1
    outer loop
      vertex -20.1917 -34.715 3
      vertex -22.3806 -33.1754 3
      vertex -22.8511 -34.5963 3
    endloop
  endfacet
  facet normal 0 0 1
    outer loop
      vertex -23.3553 -12.1194 3
      vertex -20.432 -18.6491 3
      vertex -18.6287 -16.8459 3
    endloop
  endfacet
  facet normal 0 0 1
    outer loop
      vertex -40.5953 -8.34999 3
      vertex -42.054 -8.87666 3
      vertex -40.5444 -11.0603 3
    endloop
  endfacet
  facet normal 0 0 1
    outer loop
      vertex -42.3975 -7.02962 3
      vertex -49.3844 -7.82172 3
      vertex -49.1143 -9.36906 3
    endloop
  endfacet
  facet normal 0 0 1
    outer loop
      vertex -42.6612 -5.15569 3
      vertex -49.6057 -6.26665 3
      vertex -49.3844 -7.82172 3
    endloop
  endfacet
  facet normal 0 0 1
    outer loop
      vertex -42.8433 -3.25679 3
      vertex -49.7781 -4.70541 3
      vertex -42.6612 -5.15569 3
    endloop
  endfacet
  facet normal 0 0 1
    outer loop
      vertex -42.942 -1.33446 3
      vertex -49.9013 -3.13951 3
      vertex -42.8433 -3.25679 3
    endloop
  endfacet
  facet normal -0 0 1
    outer loop
      vertex -50 0 3
      vertex -42.942 -1.33446 3
      vertex -42.9429 1.21626 3
    endloop
  endfacet
  facet normal -0 0 1
    outer loop
      vertex -49.9753 -1.57053 3
      vertex -49.9013 -3.13951 3
      vertex -42.942 -1.33446 3
    endloop
  endfacet
  facet normal 0 0 1
    outer loop
      vertex -34.8666 -2.60127 3
      vertex -32.6325 -3.86877 3
      vertex -32.3403 -3.03784 3
    endloop
  endfacet
  facet normal 0 0 1
    outer loop
      vertex -34.562 1.21626 3
      vertex -42.942 -1.33446 3
      vertex -34.5467 -1.33446 3
    endloop
  endfacet
  facet normal 0 0 1
    outer loop
      vertex -35.1042 -3.21074 3
      vertex -35.3913 -3.80182 3
      vertex -32.9944 -4.67964 3
    endloop
  endfacet
  facet normal 0 0 1
    outer loop
      vertex -35.3913 -3.80182 3
      vertex -35.726 -4.37314 3
      vertex -33.424 -5.46614 3
    endloop
  endfacet
  facet normal 0 0 1
    outer loop
      vertex -35.726 -4.37314 3
      vertex -36.1068 -4.92293 3
      vertex -33.9194 -6.22394 3
    endloop
  endfacet
  facet normal 0 0 1
    outer loop
      vertex -36.1068 -4.92293 3
      vertex -34.4783 -6.94864 3
      vertex -33.9194 -6.22394 3
    endloop
  endfacet
  facet normal 0 0 1
    outer loop
      vertex -36.5316 -5.4496 3
      vertex -35.0989 -7.63583 3
      vertex -34.4783 -6.94864 3
    endloop
  endfacet
  facet normal -0 0 1
    outer loop
      vertex -36.9989 -5.95152 3
      vertex -35.0989 -7.63583 3
      vertex -36.5316 -5.4496 3
    endloop
  endfacet
  facet normal -0 0 1
    outer loop
      vertex -38.0538 -6.87428 3
      vertex -35.7494 -8.25674 3
      vertex -36.9989 -5.95152 3
    endloop
  endfacet
  facet normal 0 -0 1
    outer loop
      vertex -37.192 -9.3744 3
      vertex -36.4483 -8.8369 3
      vertex -38.0538 -6.87428 3
    endloop
  endfacet
  facet normal 0 0 1
    outer loop
      vertex -37.192 -9.3744 3
      vertex -38.0538 -6.87428 3
      vertex -39.2573 -7.67813 3
    endloop
  endfacet
  facet normal 0 0 1
    outer loop
      vertex -37.977 -9.86729 3
      vertex -39.2573 -7.67813 3
      vertex -38.7997 -10.3138 3
    endloop
  endfacet
  facet normal 0 0 1
    outer loop
      vertex -38.7997 -10.3138 3
      vertex -40.5953 -8.34999 3
      vertex -39.6567 -10.7121 3
    endloop
  endfacet
  facet normal -0 0 1
    outer loop
      vertex 2.85999 -7.05559 3
      vertex 3.83592 -9.41357 3
      vertex 3.62082 -6.68781 3
    endloop
  endfacet
  facet normal 0 -0 1
    outer loop
      vertex 4.33966 -6.23479 3
      vertex 6.14206 -4.43057 3
      vertex 1.2392 -3.13434 3
    endloop
  endfacet
  facet normal 0 0 1
    outer loop
      vertex 3.03998 1.2196 3
      vertex 1.2392 -3.13434 3
      vertex 3.04169 -1.3302 3
    endloop
  endfacet
  facet normal 0 0 1
    outer loop
      vertex 7.96222 -6.13748 3
      vertex 6.14206 -4.43057 3
      vertex 4.33966 -6.23479 3
    endloop
  endfacet
  facet normal 0 0 1
    outer loop
      vertex 3.62082 -6.68781 3
      vertex 3.83592 -9.41357 3
      vertex 5.03922 -8.81619 3
    endloop
  endfacet
  facet normal 0 0 1
    outer loop
      vertex 2.06384 -7.33531 3
      vertex 1.2392 -7.52422 3
      vertex 2.56494 -9.84407 3
    endloop
  endfacet
  facet normal -0 0 1
    outer loop
      vertex -1.31143 -7.52502 3
      vertex -1.3098 -10.1004 3
      vertex 1.2392 -7.52422 3
    endloop
  endfacet
  facet normal 0 0 1
    outer loop
      vertex 1.2392 -15.4806 3
      vertex -1.3098 -15.478 3
      vertex -1.3098 -18.0288 3
    endloop
  endfacet
  facet normal 0 0 1
    outer loop
      vertex -13.4327 -15.2582 3
      vertex -15.2369 -13.4539 3
      vertex -15.2361 -17.0606 3
    endloop
  endfacet
  facet normal 0 -0 1
    outer loop
      vertex 1.2392 -7.52422 3
      vertex 1.2392 -3.13434 3
      vertex -1.31143 -3.13687 3
    endloop
  endfacet
  facet normal 0 0 1
    outer loop
      vertex 1.2392 -7.52422 3
      vertex -1.31143 -3.13687 3
      vertex -1.31143 -7.52502 3
    endloop
  endfacet
  facet normal 0 0 1
    outer loop
      vertex -10.0408 -11.8663 3
      vertex -9.35484 -16.1589 3
      vertex -7.55151 -14.3556 3
    endloop
  endfacet
  facet normal 0 0 1
    outer loop
      vertex -4.4119 -6.23732 3
      vertex -6.21602 -4.43401 3
      vertex -6.23306 -8.05769 3
    endloop
  endfacet
  facet normal 0 0 1
    outer loop
      vertex -6.21602 -4.43401 3
      vertex -8.03891 -6.2561 3
      vertex -6.23306 -8.05769 3
    endloop
  endfacet
  facet normal 0 0 1
    outer loop
      vertex -3.11566 -1.33356 3
      vertex -1.31143 -3.13687 3
      vertex 1.2392 -3.13434 3
    endloop
  endfacet
  facet normal 0 0 1
    outer loop
      vertex -3.11566 -1.33356 3
      vertex -4.4119 -6.23732 3
      vertex -1.31143 -3.13687 3
    endloop
  endfacet
  facet normal 0 0 1
    outer loop
      vertex -22.1018 -29.0006 3
      vertex -22.0298 -29.6732 3
      vertex -19.5162 -29.2822 3
    endloop
  endfacet
  facet normal 0 0 1
    outer loop
      vertex -6.95575 -42.4257 3
      vertex -7.82172 -49.3844 3
      vertex -6.26665 -49.6057 3
    endloop
  endfacet
  facet normal 0 0 1
    outer loop
      vertex -18.942 -38.6025 3
      vertex -22.6995 -44.5503 3
      vertex -21.289 -45.2413 3
    endloop
  endfacet
  facet normal -0 0 1
    outer loop
      vertex -31.8712 -38.5257 3
      vertex -30.6453 -39.5077 3
      vertex -26.5978 -33.7782 3
    endloop
  endfacet
  facet normal 0 0 1
    outer loop
      vertex -21.3337 -37.3317 3
      vertex -24.0877 -43.8153 3
      vertex -18.942 -38.6025 3
    endloop
  endfacet
  facet normal -0 0 1
    outer loop
      vertex -22.2215 -28.3428 3
      vertex -19.6334 -28.3751 3
      vertex -19.819 -27.4895 3
    endloop
  endfacet
  facet normal 0 0 1
    outer loop
      vertex -23.5095 -35.9997 3
      vertex -26.7913 -42.2164 3
      vertex -25.4521 -43.0371 3
    endloop
  endfacet
  facet normal 0 0 1
    outer loop
      vertex -19.469 -30.2062 3
      vertex -22.0052 -30.3584 3
      vertex -19.4898 -31.105 3
    endloop
  endfacet
  facet normal 0 0 1
    outer loop
      vertex -20.5157 -35.6023 3
      vertex -22.8511 -34.5963 3
      vertex -20.8968 -36.4757 3
    endloop
  endfacet
  facet normal 0 -0 1
    outer loop
      vertex -29.3893 -40.4508 3
      vertex -25.0792 -34.9224 3
      vertex -30.6453 -39.5077 3
    endloop
  endfacet
  facet normal 0 0 1
    outer loop
      vertex -5.88029 -37.0759 3
      vertex -7.67671 -35.2454 3
      vertex -8.27673 -35.8913 3
    endloop
  endfacet
  facet normal -0 0 1
    outer loop
      vertex -22.8665 -26.4828 3
      vertex -22.6037 -27.0816 3
      vertex -20.3893 -25.8007 3
    endloop
  endfacet
  facet normal 0 -0 1
    outer loop
      vertex -18.6279 -20.4525 3
      vertex -16.8246 -18.6492 3
      vertex -18.6287 -16.8459 3
    endloop
  endfacet
  facet normal 0 0 1
    outer loop
      vertex -9.82439 -18.8656 3
      vertex -13.4327 -15.2582 3
      vertex -11.6277 -20.6689 3
    endloop
  endfacet
  facet normal 0 0 1
    outer loop
      vertex -20.432 -18.6491 3
      vertex -21.7172 -23.5418 3
      vertex -18.6279 -20.4525 3
    endloop
  endfacet
  facet normal 0 -0 1
    outer loop
      vertex -22.8665 -26.4828 3
      vertex -20.7705 -25.0067 3
      vertex -23.1772 -25.9086 3
    endloop
  endfacet
  facet normal 0 0 1
    outer loop
      vertex -28.0628 -32.5694 3
      vertex -33.0656 -37.5055 3
      vertex -31.8712 -38.5257 3
    endloop
  endfacet
  facet normal 0 0 1
    outer loop
      vertex -21.2138 -24.2521 3
      vertex -21.7172 -23.5418 3
      vertex -23.5358 -25.3613 3
    endloop
  endfacet
  facet normal 0 -0 1
    outer loop
      vertex -23.5358 -25.3613 3
      vertex -23.5256 -21.7436 3
      vertex -25.3502 -23.5682 3
    endloop
  endfacet
  facet normal 0 -0 1
    outer loop
      vertex -25.3502 -23.5682 3
      vertex -24.2476 -21.2397 3
      vertex -25.8829 -23.2277 3
    endloop
  endfacet
  facet normal 0 -0 1
    outer loop
      vertex -25.8829 -23.2277 3
      vertex -25.0142 -20.7978 3
      vertex -26.444 -22.9308 3
    endloop
  endfacet
  facet normal 0 0 1
    outer loop
      vertex -27.0319 -22.6779 3
      vertex -25.821 -20.4196 3
      vertex -26.6634 -20.1065 3
    endloop
  endfacet
  facet normal 0 0 1
    outer loop
      vertex -20.432 -18.6491 3
      vertex -23.5256 -21.7436 3
      vertex -21.7172 -23.5418 3
    endloop
  endfacet
  facet normal -0 0 1
    outer loop
      vertex -20.432 -18.6491 3
      vertex -18.6279 -20.4525 3
      vertex -18.6287 -16.8459 3
    endloop
  endfacet
  facet normal 0 -0 1
    outer loop
      vertex 13.9496 -48.0147 3
      vertex 15.4508 -47.5528 3
      vertex 13.8947 -40.6695 3
    endloop
  endfacet
  facet normal 0 -0 1
    outer loop
      vertex -3.90724 -9.41307 3
      vertex -3.69316 -6.68973 3
      vertex -5.11063 -8.81609 3
    endloop
  endfacet
  facet normal 0 0 1
    outer loop
      vertex -12.0982 -23.3756 3
      vertex -16.8246 -18.6492 3
      vertex -18.6279 -20.4525 3
    endloop
  endfacet
  facet normal 0 0 1
    outer loop
      vertex -15.2361 -17.0606 3
      vertex -15.2369 -13.4539 3
      vertex -17.0402 -15.2573 3
    endloop
  endfacet
  facet normal 0 0 1
    outer loop
      vertex -13.4327 -15.2582 3
      vertex -15.2361 -17.0606 3
      vertex -11.6277 -20.6689 3
    endloop
  endfacet
  facet normal 0 0 1
    outer loop
      vertex 8.7823 -42.0737 3
      vertex 11.2622 -41.4781 3
      vertex 10.966 -40.563 3
    endloop
  endfacet
  facet normal 0 0 1
    outer loop
      vertex 4.7598 -15.4806 3
      vertex 1.2392 -15.4806 3
      vertex 4.7598 -18.0313 3
    endloop
  endfacet
  facet normal 0 0 1
    outer loop
      vertex -2.93233 -7.0569 3
      vertex -3.90724 -9.41307 3
      vertex -2.1362 -7.33633 3
    endloop
  endfacet
  facet normal 0 0 1
    outer loop
      vertex -11.8442 -13.6696 3
      vertex -15.2369 -13.4539 3
      vertex -13.4327 -15.2582 3
    endloop
  endfacet
  facet normal 0 0 1
    outer loop
      vertex -11.845 -10.0621 3
      vertex -13.6483 -11.8654 3
      vertex -11.8442 -13.6696 3
    endloop
  endfacet
  facet normal 0 0 1
    outer loop
      vertex -4.4119 -6.23732 3
      vertex -5.11063 -8.81609 3
      vertex -3.69316 -6.68973 3
    endloop
  endfacet
  facet normal 0 0 1
    outer loop
      vertex -2.63597 -9.84306 3
      vertex -1.31143 -7.52502 3
      vertex -2.1362 -7.33633 3
    endloop
  endfacet
  facet normal 0 -0 1
    outer loop
      vertex -11.8442 -13.6696 3
      vertex -10.0408 -11.8663 3
      vertex -11.845 -10.0621 3
    endloop
  endfacet
  facet normal -0 0 1
    outer loop
      vertex -11.8442 -13.6696 3
      vertex -9.35484 -16.1589 3
      vertex -10.0408 -11.8663 3
    endloop
  endfacet
  facet normal 0 0 1
    outer loop
      vertex -8.03891 -6.2561 3
      vertex -11.845 -10.0621 3
      vertex -10.0392 -11.8638 3
    endloop
  endfacet
  facet normal 0 0 1
    outer loop
      vertex -4.4119 -6.23732 3
      vertex -6.23306 -8.05769 3
      vertex -5.11063 -8.81609 3
    endloop
  endfacet
  facet normal 0 0 1
    outer loop
      vertex -8.03891 -6.2561 3
      vertex -10.0392 -11.8638 3
      vertex -6.23306 -8.05769 3
    endloop
  endfacet
  facet normal 0 0 1
    outer loop
      vertex -2.93233 -7.0569 3
      vertex -3.69316 -6.68973 3
      vertex -3.90724 -9.41307 3
    endloop
  endfacet
  facet normal 0 0 1
    outer loop
      vertex -2.1362 -7.33633 3
      vertex -3.90724 -9.41307 3
      vertex -2.63597 -9.84306 3
    endloop
  endfacet
  facet normal 0 0 1
    outer loop
      vertex -1.31143 -7.52502 3
      vertex -2.63597 -9.84306 3
      vertex -1.3098 -10.1004 3
    endloop
  endfacet
  facet normal 0 0 1
    outer loop
      vertex 1.2392 -10.1022 3
      vertex -1.3098 -15.478 3
      vertex 1.2392 -15.4806 3
    endloop
  endfacet
  facet normal 0 0 1
    outer loop
      vertex 6.34154 -20.2778 3
      vertex 1.2392 -20.2778 3
      vertex 6.34154 -22.8285 3
    endloop
  endfacet
  facet normal 0 0 1
    outer loop
      vertex -4.59766 -15.478 3
      vertex -4.59766 -18.0288 3
      vertex -1.3098 -18.0288 3
    endloop
  endfacet
  facet normal 0 0 1
    outer loop
      vertex -6.2565 -34.0248 3
      vertex -6.98599 -34.6036 3
      vertex -4.85922 -36.1776 3
    endloop
  endfacet
  facet normal 0 -0 1
    outer loop
      vertex 7.92325 -27.6257 3
      vertex 7.92325 -25.075 3
      vertex 1.2392 -25.075 3
    endloop
  endfacet
  facet normal 0 0 1
    outer loop
      vertex 10.9072 -48.7958 3
      vertex 12.4345 -48.4292 3
      vertex 11.2622 -41.4781 3
    endloop
  endfacet
  facet normal 0 0 1
    outer loop
      vertex -6.29617 -20.2752 3
      vertex -6.29617 -22.8259 3
      vertex -1.3098 -22.8259 3
    endloop
  endfacet
  facet normal -0 0 1
    outer loop
      vertex 8.7823 -42.0737 3
      vertex 10.9072 -48.7958 3
      vertex 11.2622 -41.4781 3
    endloop
  endfacet
  facet normal 0 0 1
    outer loop
      vertex 10.2195 -38.8185 3
      vertex 8.25563 -40.6147 3
      vertex 10.6177 -39.6754 3
    endloop
  endfacet
  facet normal 0 0 1
    outer loop
      vertex -1.3098 -27.6232 3
      vertex -7.99377 -25.0724 3
      vertex -7.99377 -27.6232 3
    endloop
  endfacet
  facet normal 0 -0 1
    outer loop
      vertex 7.82172 -49.3844 3
      vertex 9.36906 -49.1143 3
      vertex 6.93465 -42.4166 3
    endloop
  endfacet
  facet normal 0 0 1
    outer loop
      vertex -1.3098 -25.0724 3
      vertex -7.99377 -25.0724 3
      vertex -1.3098 -27.6232 3
    endloop
  endfacet
  facet normal -0 0 1
    outer loop
      vertex 3.70676 -35.4109 3
      vertex 4.27808 -35.7456 3
      vertex 5.37178 -33.4427 3
    endloop
  endfacet
  facet normal 0 0 1
    outer loop
      vertex -5.88029 -37.0759 3
      vertex -6.98599 -34.6036 3
      vertex -7.67671 -35.2454 3
    endloop
  endfacet
  facet normal 0 0 1
    outer loop
      vertex 1.2392 -42.9614 3
      vertex -1.31143 -42.9614 3
      vertex 0 -50 3
    endloop
  endfacet
  facet normal 0 0 1
    outer loop
      vertex -6.2565 -34.0248 3
      vertex -4.85922 -36.1776 3
      vertex -4.31419 -35.7924 3
    endloop
  endfacet
  facet normal 0 0 1
    outer loop
      vertex -8.27673 -35.8913 3
      vertex -6.79738 -38.1313 3
      vertex -5.88029 -37.0759 3
    endloop
  endfacet
  facet normal 0 0 1
    outer loop
      vertex -8.83679 -36.5822 3
      vertex -9.35544 -37.3149 3
      vertex -6.79738 -38.1313 3
    endloop
  endfacet
  facet normal 0 0 1
    outer loop
      vertex -6.79738 -38.1313 3
      vertex -9.35544 -37.3149 3
      vertex -7.59686 -39.3287 3
    endloop
  endfacet
  facet normal 0 0 1
    outer loop
      vertex -7.59686 -39.3287 3
      vertex -9.35544 -37.3149 3
      vertex -9.83098 -38.0863 3
    endloop
  endfacet
  facet normal 0 0 1
    outer loop
      vertex -7.59686 -39.3287 3
      vertex -9.83098 -38.0863 3
      vertex -10.2619 -38.8931 3
    endloop
  endfacet
  facet normal 0 0 1
    outer loop
      vertex -8.26477 -40.6522 3
      vertex -10.2619 -38.8931 3
      vertex -10.6465 -39.7321 3
    endloop
  endfacet
  facet normal 0 0 1
    outer loop
      vertex -8.26477 -40.6522 3
      vertex -10.6465 -39.7321 3
      vertex -10.9832 -40.6005 3
    endloop
  endfacet
  facet normal 0 0 1
    outer loop
      vertex -1.31143 -42.9614 3
      vertex -3.13951 -49.9013 3
      vertex -1.57053 -49.9753 3
    endloop
  endfacet
  facet normal 0 0 1
    outer loop
      vertex -10.9832 -40.6005 3
      vertex -8.78717 -42.0879 3
      vertex -8.26477 -40.6522 3
    endloop
  endfacet
  facet normal -0 0 1
    outer loop
      vertex -11.2706 -41.4944 3
      vertex -8.78717 -42.0879 3
      vertex -10.9832 -40.6005 3
    endloop
  endfacet
  facet normal -0 0 1
    outer loop
      vertex -1.31143 -34.5807 3
      vertex 1.2392 -42.9614 3
      vertex 1.2392 -34.5663 3
    endloop
  endfacet
  facet normal 0 -0 1
    outer loop
      vertex 18.4062 -46.4888 3
      vertex 19.8574 -45.8877 3
      vertex 16.4521 -39.6991 3
    endloop
  endfacet
  facet normal 0 0 1
    outer loop
      vertex 18.9287 -38.574 3
      vertex 16.4521 -39.6991 3
      vertex 21.289 -45.2413 3
    endloop
  endfacet
  facet normal 0 0 1
    outer loop
      vertex 8.74254 -36.467 3
      vertex 8.1624 -35.7681 3
      vertex 6.77962 -38.0734 3
    endloop
  endfacet
  facet normal 0 0 1
    outer loop
      vertex 21.289 -45.2413 3
      vertex 16.4521 -39.6991 3
      vertex 19.8574 -45.8877 3
    endloop
  endfacet
  facet normal 0 0 1
    outer loop
      vertex 8.1624 -35.7681 3
      vertex 7.54147 -35.1176 3
      vertex 5.85666 -37.0185 3
    endloop
  endfacet
  facet normal 0 0 1
    outer loop
      vertex 23.4942 -35.9605 3
      vertex 20.89 -36.4645 3
      vertex 21.3186 -37.2993 3
    endloop
  endfacet
  facet normal 0 0 1
    outer loop
      vertex 7.54147 -35.1176 3
      vertex 6.85431 -34.4971 3
      vertex 5.35474 -36.5512 3
    endloop
  endfacet
  facet normal 0 0 1
    outer loop
      vertex 20.1937 -34.7481 3
      vertex 22.8495 -34.5765 3
      vertex 22.386 -33.1685 3
    endloop
  endfacet
  facet normal 0 -0 1
    outer loop
      vertex 4.70541 -49.7781 3
      vertex 5.06062 -42.6804 3
      vertex 3.16151 -42.863 3
    endloop
  endfacet
  facet normal 0 -0 1
    outer loop
      vertex 34.2273 -36.4484 3
      vertex 35.3553 -35.3553 3
      vertex 29.3994 -31.2954 3
    endloop
  endfacet
  facet normal -0 0 1
    outer loop
      vertex 3.11555 -35.1238 3
      vertex 3.70676 -35.4109 3
      vertex 4.58528 -33.013 3
    endloop
  endfacet
  facet normal -0 0 1
    outer loop
      vertex 18.5547 -20.4508 3
      vertex 23.4875 -21.5785 3
      vertex 20.3898 -18.4975 3
    endloop
  endfacet
  facet normal 0 0 1
    outer loop
      vertex 3.11555 -35.1238 3
      vertex 4.58528 -33.013 3
      vertex 3.77434 -32.6511 3
    endloop
  endfacet
  facet normal 0 -0 1
    outer loop
      vertex 3.11555 -35.1238 3
      vertex 3.77434 -32.6511 3
      vertex 2.5061 -34.8862 3
    endloop
  endfacet
  facet normal 0 0 1
    outer loop
      vertex -1.3098 -27.6232 3
      vertex 1.2392 -31.9925 3
      vertex 1.2392 -27.6257 3
    endloop
  endfacet
  facet normal 0 0 1
    outer loop
      vertex 3.77434 -32.6511 3
      vertex 2.9435 -32.3591 3
      vertex 2.5061 -34.8862 3
    endloop
  endfacet
  facet normal 0 -0 1
    outer loop
      vertex 1.57053 -49.9753 3
      vertex 3.13951 -49.9013 3
      vertex 1.2392 -42.9614 3
    endloop
  endfacet
  facet normal -0 0 1
    outer loop
      vertex 1.8801 -34.6997 3
      vertex 2.5061 -34.8862 3
      vertex 2.9435 -32.3591 3
    endloop
  endfacet
  facet normal -0 0 1
    outer loop
      vertex 1.2392 -34.5663 3
      vertex 1.8801 -34.6997 3
      vertex 2.09703 -32.1388 3
    endloop
  endfacet
  facet normal 0 0 1
    outer loop
      vertex 1.2392 -34.5663 3
      vertex 2.09703 -32.1388 3
      vertex 1.2392 -31.9925 3
    endloop
  endfacet
  facet normal 0 -0 1
    outer loop
      vertex 1.2392 -34.5663 3
      vertex 1.2392 -31.9925 3
      vertex -1.3098 -31.9985 3
    endloop
  endfacet
  facet normal 0 0 1
    outer loop
      vertex -3.16325 -35.159 3
      vertex -3.87874 -32.6888 3
      vertex -4.69841 -33.0652 3
    endloop
  endfacet
  facet normal 0 0 1
    outer loop
      vertex -1.3098 -27.6232 3
      vertex -1.3098 -31.9985 3
      vertex 1.2392 -31.9925 3
    endloop
  endfacet
  facet normal -0 0 1
    outer loop
      vertex -1.3098 -27.6232 3
      vertex 1.2392 -27.6257 3
      vertex 1.2392 -25.075 3
    endloop
  endfacet
  facet normal 0 -0 1
    outer loop
      vertex 15.1629 -17.059 3
      vertex 16.9888 -15.115 3
      vertex 13.3596 -15.2556 3
    endloop
  endfacet
  facet normal 0 0 1
    outer loop
      vertex -1.3098 -20.2752 3
      vertex -1.3098 -22.8259 3
      vertex 1.2392 -20.2778 3
    endloop
  endfacet
  facet normal -0 0 1
    outer loop
      vertex 12.025 -23.3739 3
      vertex 13.8283 -25.1772 3
      vertex 18.5547 -20.4508 3
    endloop
  endfacet
  facet normal 0 0 1
    outer loop
      vertex 7.92325 -27.6257 3
      vertex 1.2392 -25.075 3
      vertex 1.2392 -27.6257 3
    endloop
  endfacet
  facet normal 0 -0 1
    outer loop
      vertex 1.2392 -22.8285 3
      vertex 1.2392 -20.2778 3
      vertex -1.3098 -22.8259 3
    endloop
  endfacet
  facet normal 0 0 1
    outer loop
      vertex 9.96774 -11.8637 3
      vertex 13.5876 -11.7316 3
      vertex 11.7795 -9.93314 3
    endloop
  endfacet
  facet normal -0 0 1
    outer loop
      vertex 9.83392 -18.7813 3
      vertex 11.6372 -20.5845 3
      vertex 13.3596 -15.2556 3
    endloop
  endfacet
  facet normal 0 0 1
    outer loop
      vertex 1.2392 -10.1022 3
      vertex 2.56494 -9.84407 3
      vertex 1.2392 -7.52422 3
    endloop
  endfacet
  facet normal 0 0 1
    outer loop
      vertex 1.2392 -18.0313 3
      vertex -1.3098 -18.0288 3
      vertex -1.3098 -20.2752 3
    endloop
  endfacet
  facet normal 0 0 1
    outer loop
      vertex 1.2392 -18.0313 3
      vertex -1.3098 -20.2752 3
      vertex 1.2392 -20.2778 3
    endloop
  endfacet
  facet normal 0 0 1
    outer loop
      vertex 1.2392 -15.4806 3
      vertex -1.3098 -18.0288 3
      vertex 1.2392 -18.0313 3
    endloop
  endfacet
  facet normal 0 -0 1
    outer loop
      vertex 9.44615 -15.9919 3
      vertex 9.96774 -11.8637 3
      vertex 7.64282 -14.1886 3
    endloop
  endfacet
  facet normal 0 0 1
    outer loop
      vertex 2.06384 -7.33531 3
      vertex 2.56494 -9.84407 3
      vertex 3.83592 -9.41357 3
    endloop
  endfacet
  facet normal -0 0 1
    outer loop
      vertex 3.62082 -6.68781 3
      vertex 5.03922 -8.81619 3
      vertex 4.33966 -6.23479 3
    endloop
  endfacet
  facet normal 0 0 1
    outer loop
      vertex 4.7598 -18.0313 3
      vertex 1.2392 -15.4806 3
      vertex 1.2392 -18.0313 3
    endloop
  endfacet
  facet normal -0 0 1
    outer loop
      vertex 2.06384 -7.33531 3
      vertex 3.83592 -9.41357 3
      vertex 2.85999 -7.05559 3
    endloop
  endfacet
  facet normal 0 0 1
    outer loop
      vertex -1.3098 -15.478 3
      vertex 1.2392 -10.1022 3
      vertex -1.3098 -10.1004 3
    endloop
  endfacet
  facet normal 0 -0 1
    outer loop
      vertex 5.03922 -8.81619 3
      vertex 6.16164 -8.05769 3
      vertex 4.33966 -6.23479 3
    endloop
  endfacet
  facet normal 0 -0 1
    outer loop
      vertex 6.16164 -8.05769 3
      vertex 7.96222 -6.13748 3
      vertex 4.33966 -6.23479 3
    endloop
  endfacet
  facet normal 0 0 1
    outer loop
      vertex 11.7795 -9.93314 3
      vertex 7.96222 -6.13748 3
      vertex 6.16164 -8.05769 3
    endloop
  endfacet
  facet normal 0 0 1
    outer loop
      vertex 6.16164 -8.05769 3
      vertex 9.96774 -11.8637 3
      vertex 11.7795 -9.93314 3
    endloop
  endfacet
  facet normal 0 0 1
    outer loop
      vertex 13.5876 -11.7316 3
      vertex 11.7711 -13.667 3
      vertex 15.1806 -13.3158 3
    endloop
  endfacet
  facet normal 0 0 1
    outer loop
      vertex 13.5876 -11.7316 3
      vertex 9.96774 -11.8637 3
      vertex 11.7711 -13.667 3
    endloop
  endfacet
  facet normal 0 0 1
    outer loop
      vertex 15.1806 -13.3158 3
      vertex 13.3596 -15.2556 3
      vertex 16.9888 -15.115 3
    endloop
  endfacet
  facet normal 0 -0 1
    outer loop
      vertex 16.7514 -18.6475 3
      vertex 18.5816 -16.6992 3
      vertex 15.1629 -17.059 3
    endloop
  endfacet
  facet normal 0 0 1
    outer loop
      vertex 16.9888 -15.115 3
      vertex 15.1629 -17.059 3
      vertex 18.5816 -16.6992 3
    endloop
  endfacet
  facet normal 0 0 1
    outer loop
      vertex 13.3596 -15.2556 3
      vertex 11.6372 -20.5845 3
      vertex 15.1629 -17.059 3
    endloop
  endfacet
  facet normal 0 0 1
    outer loop
      vertex 18.5816 -16.6992 3
      vertex 16.7514 -18.6475 3
      vertex 20.3898 -18.4975 3
    endloop
  endfacet
  facet normal 0 0 1
    outer loop
      vertex 12.025 -23.3739 3
      vertex 18.5547 -20.4508 3
      vertex 16.7514 -18.6475 3
    endloop
  endfacet
  facet normal 0 0 1
    outer loop
      vertex 18.5547 -20.4508 3
      vertex 21.6492 -23.5452 3
      vertex 23.4875 -21.5785 3
    endloop
  endfacet
  facet normal 0 0 1
    outer loop
      vertex 22.1049 -31.7569 3
      vertex 19.7194 -32.9924 3
      vertex 22.386 -33.1685 3
    endloop
  endfacet
  facet normal -0 0 1
    outer loop
      vertex 19.9283 -33.8734 3
      vertex 20.1937 -34.7481 3
      vertex 22.386 -33.1685 3
    endloop
  endfacet
  facet normal 0 -0 1
    outer loop
      vertex 20.5147 -35.6129 3
      vertex 22.8495 -34.5765 3
      vertex 20.1937 -34.7481 3
    endloop
  endfacet
  facet normal 0 -0 1
    outer loop
      vertex 33.0656 -37.5055 3
      vertex 34.2273 -36.4484 3
      vertex 29.3994 -31.2954 3
    endloop
  endfacet
  facet normal 0 0 1
    outer loop
      vertex 23.4942 -35.9605 3
      vertex 22.8495 -34.5765 3
      vertex 20.89 -36.4645 3
    endloop
  endfacet
  facet normal 0 0 1
    outer loop
      vertex 23.4942 -35.9605 3
      vertex 21.3186 -37.2993 3
      vertex 25.4521 -43.0371 3
    endloop
  endfacet
  facet normal 0 0 1
    outer loop
      vertex 24.0877 -43.8153 3
      vertex 18.9287 -38.574 3
      vertex 22.6995 -44.5503 3
    endloop
  endfacet
  facet normal 0 0 1
    outer loop
      vertex 26.5514 -33.7545 3
      vertex 25.048 -34.8902 3
      vertex 30.6453 -39.5077 3
    endloop
  endfacet
  facet normal 0 -0 1
    outer loop
      vertex 28.1042 -41.354 3
      vertex 29.3893 -40.4508 3
      vertex 25.048 -34.8902 3
    endloop
  endfacet
  facet normal 0 0 1
    outer loop
      vertex 24.0877 -43.8153 3
      vertex 21.3186 -37.2993 3
      vertex 18.9287 -38.574 3
    endloop
  endfacet
  facet normal 0 0 1
    outer loop
      vertex 28.1042 -41.354 3
      vertex 23.4942 -35.9605 3
      vertex 26.7913 -42.2164 3
    endloop
  endfacet
  facet normal 0 0 1
    outer loop
      vertex 23.4942 -35.9605 3
      vertex 25.4521 -43.0371 3
      vertex 26.7913 -42.2164 3
    endloop
  endfacet
  facet normal 0 -0 1
    outer loop
      vertex 24.0877 -43.8153 3
      vertex 25.4521 -43.0371 3
      vertex 21.3186 -37.2993 3
    endloop
  endfacet
  facet normal 0 0 1
    outer loop
      vertex 16.4521 -39.6991 3
      vertex 16.9369 -47.044 3
      vertex 18.4062 -46.4888 3
    endloop
  endfacet
  facet normal 0 0 1
    outer loop
      vertex 13.8947 -40.6695 3
      vertex 15.4508 -47.5528 3
      vertex 16.9369 -47.044 3
    endloop
  endfacet
  facet normal -0 0 1
    outer loop
      vertex 11.2622 -41.4781 3
      vertex 13.9496 -48.0147 3
      vertex 13.8947 -40.6695 3
    endloop
  endfacet
  facet normal 0 0 1
    outer loop
      vertex 36.4484 -34.2273 3
      vertex 31.2027 -29.4921 3
      vertex 35.3553 -35.3553 3
    endloop
  endfacet
  facet normal 0 0 1
    outer loop
      vertex 25.8143 -23.1968 3
      vertex 24.1965 -21.073 3
      vertex 25.2669 -23.5554 3
    endloop
  endfacet
  facet normal 0 0 1
    outer loop
      vertex 23.1258 -25.9149 3
      vertex 20.7005 -25.0395 3
      vertex 22.8258 -26.4884 3
    endloop
  endfacet
  facet normal 0 0 1
    outer loop
      vertex 27.608 -22.4082 3
      vertex 27.4301 -19.6697 3
      vertex 26.5712 -19.9245 3
    endloop
  endfacet
  facet normal 0 -0 1
    outer loop
      vertex 28.2485 -22.241 3
      vertex 28.3152 -19.4816 3
      vertex 27.4301 -19.6697 3
    endloop
  endfacet
  facet normal 0 -0 1
    outer loop
      vertex 28.9062 -22.1214 3
      vertex 29.222 -19.3618 3
      vertex 28.3152 -19.4816 3
    endloop
  endfacet
  facet normal 0 -0 1
    outer loop
      vertex 29.5789 -22.0494 3
      vertex 30.1457 -19.3123 3
      vertex 29.222 -19.3618 3
    endloop
  endfacet
  facet normal 0 0 1
    outer loop
      vertex 30.2639 -22.0248 3
      vertex 30.1457 -19.3123 3
      vertex 29.5789 -22.0494 3
    endloop
  endfacet
  facet normal 0 0 1
    outer loop
      vertex 31.6619 -22.118 3
      vertex 31.0447 -19.3306 3
      vertex 30.2639 -22.0248 3
    endloop
  endfacet
  facet normal 0 0 1
    outer loop
      vertex 32.8549 -19.5552 3
      vertex 31.949 -19.4119 3
      vertex 31.6619 -22.118 3
    endloop
  endfacet
  facet normal 0 0 1
    outer loop
      vertex 33.7588 -19.7592 3
      vertex 32.8549 -19.5552 3
      vertex 33.081 -22.4001 3
    endloop
  endfacet
  facet normal 0 0 1
    outer loop
      vertex 34.6566 -20.0227 3
      vertex 33.081 -22.4001 3
      vertex 34.5018 -22.8707 3
    endloop
  endfacet
  facet normal 0 0 1
    outer loop
      vertex 35.5446 -20.3443 3
      vertex 34.5018 -22.8707 3
      vertex 36.4191 -20.7229 3
    endloop
  endfacet
  facet normal 0 0 1
    outer loop
      vertex 34.8275 -25.0988 3
      vertex 39.5077 -30.6453 3
      vertex 40.4508 -29.3893 3
    endloop
  endfacet
  facet normal -0 0 1
    outer loop
      vertex 34.8275 -25.0988 3
      vertex 41.354 -28.1042 3
      vertex 35.9053 -23.529 3
    endloop
  endfacet
  facet normal 0 0 1
    outer loop
      vertex 36.4191 -20.7229 3
      vertex 35.9053 -23.529 3
      vertex 37.2763 -21.1575 3
    endloop
  endfacet
  facet normal 0 0 1
    outer loop
      vertex 33.6831 -26.6173 3
      vertex 38.5257 -31.8712 3
      vertex 39.5077 -30.6453 3
    endloop
  endfacet
  facet normal 0 0 1
    outer loop
      vertex 32.4741 -28.0824 3
      vertex 37.5055 -33.0656 3
      vertex 38.5257 -31.8712 3
    endloop
  endfacet
  facet normal -0 0 1
    outer loop
      vertex 31.2027 -29.4921 3
      vertex 37.5055 -33.0656 3
      vertex 32.4741 -28.0824 3
    endloop
  endfacet
  facet normal 0 -0 1
    outer loop
      vertex -34.2273 -36.4484 3
      vertex -29.4725 -31.2979 3
      vertex -35.3553 -35.3553 3
    endloop
  endfacet
  facet normal 0 0 1
    outer loop
      vertex -28.2807 -22.3067 3
      vertex -28.4362 -19.6823 3
      vertex -28.9381 -22.1895 3
    endloop
  endfacet
  facet normal 0 0 1
    outer loop
      vertex -33.7356 -26.6456 3
      vertex -39.5077 -30.6453 3
      vertex -38.5257 -31.8712 3
    endloop
  endfacet
  facet normal 0 0 1
    outer loop
      vertex -34.8715 -25.1419 3
      vertex -39.5077 -30.6453 3
      vertex -33.7356 -26.6456 3
    endloop
  endfacet
  facet normal -0 0 1
    outer loop
      vertex -41.354 -28.1042 3
      vertex -40.4508 -29.3893 3
      vertex -34.8715 -25.1419 3
    endloop
  endfacet
  facet normal 0 0 1
    outer loop
      vertex -42.2164 -26.7913 3
      vertex -35.9417 -23.5878 3
      vertex -37.2806 -21.4129 3
    endloop
  endfacet
  facet normal -0 0 1
    outer loop
      vertex -42.2164 -26.7913 3
      vertex -41.354 -28.1042 3
      vertex -35.9417 -23.5878 3
    endloop
  endfacet
  facet normal 0 0 1
    outer loop
      vertex -34.7294 -20.2881 3
      vertex -34.5669 -22.9453 3
      vertex -33.1559 -22.4776 3
    endloop
  endfacet
  facet normal 0 0 1
    outer loop
      vertex -30.3094 -22.0947 3
      vertex -31.2053 -19.5697 3
      vertex -31.7298 -22.1916 3
    endloop
  endfacet
  facet normal 0 -0 1
    outer loop
      vertex -29.6149 -22.1187 3
      vertex -29.3574 -19.5744 3
      vertex -30.2958 -19.538 3
    endloop
  endfacet
  facet normal 0 0 1
    outer loop
      vertex -28.4362 -19.6823 3
      vertex -28.2807 -22.3067 3
      vertex -27.5367 -19.8602 3
    endloop
  endfacet
  facet normal 0 0 1
    outer loop
      vertex -26.6634 -20.1065 3
      vertex -27.6448 -22.4697 3
      vertex -27.0319 -22.6779 3
    endloop
  endfacet
  facet normal 0 -0 1
    outer loop
      vertex -26.444 -22.9308 3
      vertex -25.821 -20.4196 3
      vertex -27.0319 -22.6779 3
    endloop
  endfacet
  facet normal 0 0 1
    outer loop
      vertex -25.0142 -20.7978 3
      vertex -25.821 -20.4196 3
      vertex -26.444 -22.9308 3
    endloop
  endfacet
  facet normal 0 0 1
    outer loop
      vertex -24.2476 -21.2397 3
      vertex -25.0142 -20.7978 3
      vertex -25.8829 -23.2277 3
    endloop
  endfacet
  facet normal 0 0 1
    outer loop
      vertex -23.5256 -21.7436 3
      vertex -24.2476 -21.2397 3
      vertex -25.3502 -23.5682 3
    endloop
  endfacet
  facet normal 0 0 1
    outer loop
      vertex -21.7172 -23.5418 3
      vertex -23.5256 -21.7436 3
      vertex -23.5358 -25.3613 3
    endloop
  endfacet
  facet normal 0 0 1
    outer loop
      vertex -21.2138 -24.2521 3
      vertex -23.5358 -25.3613 3
      vertex -23.1772 -25.9086 3
    endloop
  endfacet
  facet normal 0 0 1
    outer loop
      vertex -23.1772 -25.9086 3
      vertex -20.7705 -25.0067 3
      vertex -21.2138 -24.2521 3
    endloop
  endfacet
  facet normal 0 0 1
    outer loop
      vertex -22.8511 -34.5963 3
      vertex -23.5095 -35.9997 3
      vertex -20.8968 -36.4757 3
    endloop
  endfacet
  facet normal 0 0 1
    outer loop
      vertex -25.0792 -34.9224 3
      vertex -29.3893 -40.4508 3
      vertex -28.1042 -41.354 3
    endloop
  endfacet
  facet normal 0 0 1
    outer loop
      vertex -26.5978 -33.7782 3
      vertex -30.6453 -39.5077 3
      vertex -25.0792 -34.9224 3
    endloop
  endfacet
  facet normal 0 0 1
    outer loop
      vertex -28.0628 -32.5694 3
      vertex -31.8712 -38.5257 3
      vertex -26.5978 -33.7782 3
    endloop
  endfacet
  facet normal 0 0 1
    outer loop
      vertex -29.4725 -31.2979 3
      vertex -33.0656 -37.5055 3
      vertex -28.0628 -32.5694 3
    endloop
  endfacet
  facet normal 0 0 1
    outer loop
      vertex -35.3553 -35.3553 3
      vertex -29.4725 -31.2979 3
      vertex -31.2758 -29.4938 3
    endloop
  endfacet
  facet normal -0 0 1
    outer loop
      vertex -34.2273 -36.4484 3
      vertex -33.0656 -37.5055 3
      vertex -29.4725 -31.2979 3
    endloop
  endfacet
  facet normal 0 0 1
    outer loop
      vertex -22.8665 -26.4828 3
      vertex -20.3893 -25.8007 3
      vertex -20.7705 -25.0067 3
    endloop
  endfacet
  facet normal 0 0 1
    outer loop
      vertex -25.3502 -23.5682 3
      vertex -29.4725 -31.2979 3
      vertex -23.5358 -25.3613 3
    endloop
  endfacet
  facet normal -0 0 1
    outer loop
      vertex -22.6037 -27.0816 3
      vertex -22.3887 -27.7023 3
      vertex -20.0716 -26.6298 3
    endloop
  endfacet
  facet normal -0 0 1
    outer loop
      vertex -22.3887 -27.7023 3
      vertex -22.2215 -28.3428 3
      vertex -19.819 -27.4895 3
    endloop
  endfacet
  facet normal 0 0 1
    outer loop
      vertex -22.2215 -28.3428 3
      vertex -22.1018 -29.0006 3
      vertex -19.6334 -28.3751 3
    endloop
  endfacet
  facet normal -0 0 1
    outer loop
      vertex -22.1018 -29.0006 3
      vertex -19.5162 -29.2822 3
      vertex -19.6334 -28.3751 3
    endloop
  endfacet
  facet normal -0 0 1
    outer loop
      vertex -22.0298 -29.6732 3
      vertex -19.469 -30.2062 3
      vertex -19.5162 -29.2822 3
    endloop
  endfacet
  facet normal 0 -0 1
    outer loop
      vertex -22.0052 -30.3584 3
      vertex -19.469 -30.2062 3
      vertex -22.0298 -29.6732 3
    endloop
  endfacet
  facet normal 0 0 1
    outer loop
      vertex -22.0984 -31.7564 3
      vertex -19.4898 -31.105 3
      vertex -22.0052 -30.3584 3
    endloop
  endfacet
  facet normal 0 -0 1
    outer loop
      vertex -19.7194 -32.9146 3
      vertex -19.5737 -32.009 3
      vertex -22.0984 -31.7564 3
    endloop
  endfacet
  facet normal 0 0 1
    outer loop
      vertex -19.7194 -32.9146 3
      vertex -22.0984 -31.7564 3
      vertex -22.3806 -33.1754 3
    endloop
  endfacet
  facet normal 0 0 1
    outer loop
      vertex -19.9259 -33.8178 3
      vertex -22.3806 -33.1754 3
      vertex -20.1917 -34.715 3
    endloop
  endfacet
  facet normal 0 0 1
    outer loop
      vertex -20.1917 -34.715 3
      vertex -22.8511 -34.5963 3
      vertex -20.5157 -35.6023 3
    endloop
  endfacet
  facet normal 0 -0 1
    outer loop
      vertex 31.8712 -38.5257 3
      vertex 33.0656 -37.5055 3
      vertex 28.0024 -32.5555 3
    endloop
  endfacet
  facet normal -0 0 1
    outer loop
      vertex 19.5682 -32.108 3
      vertex 19.7194 -32.9924 3
      vertex 22.1049 -31.7569 3
    endloop
  endfacet
  facet normal 0 0 1
    outer loop
      vertex 31.2027 -29.4921 3
      vertex 25.2669 -23.5554 3
      vertex 23.4729 -25.369 3
    endloop
  endfacet
  facet normal 0 -0 1
    outer loop
      vertex 19.4759 -31.2239 3
      vertex 22.0072 -30.3624 3
      vertex 19.4436 -30.3434 3
    endloop
  endfacet
  facet normal 0 -0 1
    outer loop
      vertex 22.0072 -30.3624 3
      vertex 22.094 -29.0058 3
      vertex 19.478 -29.401 3
    endloop
  endfacet
  facet normal 0 -0 1
    outer loop
      vertex 22.094 -29.0058 3
      vertex 22.207 -28.348 3
      vertex 19.5847 -28.4758 3
    endloop
  endfacet
  facet normal 0 -0 1
    outer loop
      vertex 22.207 -28.348 3
      vertex 22.3665 -27.7075 3
      vertex 19.7618 -27.5724 3
    endloop
  endfacet
  facet normal 0 -0 1
    outer loop
      vertex 22.3665 -27.7075 3
      vertex 22.5728 -27.0868 3
      vertex 20.0079 -26.6954 3
    endloop
  endfacet
  facet normal 0 -0 1
    outer loop
      vertex 22.5728 -27.0868 3
      vertex 22.8258 -26.4884 3
      vertex 20.3214 -25.8495 3
    endloop
  endfacet
  facet normal 0 0 1
    outer loop
      vertex 22.8258 -26.4884 3
      vertex 20.7005 -25.0395 3
      vertex 20.3214 -25.8495 3
    endloop
  endfacet
  facet normal 0 0 1
    outer loop
      vertex 23.1258 -25.9149 3
      vertex 21.1437 -24.2698 3
      vertex 20.7005 -25.0395 3
    endloop
  endfacet
  facet normal 0 0 1
    outer loop
      vertex 23.4729 -25.369 3
      vertex 21.1437 -24.2698 3
      vertex 23.1258 -25.9149 3
    endloop
  endfacet
  facet normal 0 0 1
    outer loop
      vertex 21.6492 -23.5452 3
      vertex 23.4729 -25.369 3
      vertex 25.2669 -23.5554 3
    endloop
  endfacet
  facet normal 0 0 1
    outer loop
      vertex 21.6492 -23.5452 3
      vertex 21.1437 -24.2698 3
      vertex 23.4729 -25.369 3
    endloop
  endfacet
  facet normal 0 0 1
    outer loop
      vertex 33.0656 -37.5055 3
      vertex 29.3994 -31.2954 3
      vertex 28.0024 -32.5555 3
    endloop
  endfacet
  facet normal 0 0 1
    outer loop
      vertex 31.2027 -29.4921 3
      vertex 23.4729 -25.369 3
      vertex 29.3994 -31.2954 3
    endloop
  endfacet
  facet normal 0 0 1
    outer loop
      vertex 31.8712 -38.5257 3
      vertex 28.0024 -32.5555 3
      vertex 26.5514 -33.7545 3
    endloop
  endfacet
  facet normal 0 0 1
    outer loop
      vertex 31.8712 -38.5257 3
      vertex 26.5514 -33.7545 3
      vertex 30.6453 -39.5077 3
    endloop
  endfacet
  facet normal 0 0 1
    outer loop
      vertex 30.6453 -39.5077 3
      vertex 25.048 -34.8902 3
      vertex 29.3893 -40.4508 3
    endloop
  endfacet
  facet normal 0 0 1
    outer loop
      vertex 1.57053 -49.9753 3
      vertex 1.2392 -42.9614 3
      vertex 0 -50 3
    endloop
  endfacet
  facet normal 0 0 1
    outer loop
      vertex 1.8801 -34.6997 3
      vertex 2.9435 -32.3591 3
      vertex 2.09703 -32.1388 3
    endloop
  endfacet
  facet normal 0 0 1
    outer loop
      vertex -1.94322 -34.7214 3
      vertex -3.03784 -32.384 3
      vertex -2.56099 -34.9148 3
    endloop
  endfacet
  facet normal 0 0 1
    outer loop
      vertex 3.70676 -35.4109 3
      vertex 5.37178 -33.4427 3
      vertex 4.58528 -33.013 3
    endloop
  endfacet
  facet normal 0 0 1
    outer loop
      vertex 4.27808 -35.7456 3
      vertex 6.12958 -33.938 3
      vertex 5.37178 -33.4427 3
    endloop
  endfacet
  facet normal 0 0 1
    outer loop
      vertex 4.82797 -36.1263 3
      vertex 6.85431 -34.4971 3
      vertex 6.12958 -33.938 3
    endloop
  endfacet
  facet normal 0 -0 1
    outer loop
      vertex 5.35474 -36.5512 3
      vertex 6.85431 -34.4971 3
      vertex 4.82797 -36.1263 3
    endloop
  endfacet
  facet normal 0 -0 1
    outer loop
      vertex 5.85666 -37.0185 3
      vertex 7.54147 -35.1176 3
      vertex 5.35474 -36.5512 3
    endloop
  endfacet
  facet normal 0 -0 1
    outer loop
      vertex 6.77962 -38.0734 3
      vertex 8.1624 -35.7681 3
      vertex 5.85666 -37.0185 3
    endloop
  endfacet
  facet normal 0 0 1
    outer loop
      vertex 9.27995 -37.2107 3
      vertex 8.74254 -36.467 3
      vertex 6.77962 -38.0734 3
    endloop
  endfacet
  facet normal 0 0 1
    outer loop
      vertex 9.77295 -37.9957 3
      vertex 9.27995 -37.2107 3
      vertex 7.58366 -39.2769 3
    endloop
  endfacet
  facet normal 0 0 1
    outer loop
      vertex 10.2195 -38.8185 3
      vertex 7.58366 -39.2769 3
      vertex 8.25563 -40.6147 3
    endloop
  endfacet
  facet normal 0 0 1
    outer loop
      vertex 10.6177 -39.6754 3
      vertex 8.25563 -40.6147 3
      vertex 10.966 -40.563 3
    endloop
  endfacet
  facet normal 0 0 1
    outer loop
      vertex 6.93465 -42.4166 3
      vertex 6.26665 -49.6057 3
      vertex 7.82172 -49.3844 3
    endloop
  endfacet
  facet normal -0 0 1
    outer loop
      vertex 6.93465 -42.4166 3
      vertex 9.36906 -49.1143 3
      vertex 8.7823 -42.0737 3
    endloop
  endfacet
  facet normal 0 -0 1
    outer loop
      vertex 9.36906 -49.1143 3
      vertex 10.9072 -48.7958 3
      vertex 8.7823 -42.0737 3
    endloop
  endfacet
  facet normal 0 0 1
    outer loop
      vertex 5.06062 -42.6804 3
      vertex 4.70541 -49.7781 3
      vertex 6.26665 -49.6057 3
    endloop
  endfacet
  facet normal 0 0 1
    outer loop
      vertex 3.16151 -42.863 3
      vertex 3.13951 -49.9013 3
      vertex 4.70541 -49.7781 3
    endloop
  endfacet
  facet normal -0 0 1
    outer loop
      vertex 1.2392 -42.9614 3
      vertex 3.13951 -49.9013 3
      vertex 3.16151 -42.863 3
    endloop
  endfacet
  facet normal 0 0 1
    outer loop
      vertex -1.31143 -34.5807 3
      vertex -1.31143 -42.9614 3
      vertex 1.2392 -42.9614 3
    endloop
  endfacet
  facet normal 0 0 1
    outer loop
      vertex -3.21622 -42.864 3
      vertex -4.70541 -49.7781 3
      vertex -3.13951 -49.9013 3
    endloop
  endfacet
  facet normal 0 0 1
    outer loop
      vertex -5.09827 -42.6855 3
      vertex -6.26665 -49.6057 3
      vertex -4.70541 -49.7781 3
    endloop
  endfacet
  facet normal 0 0 1
    outer loop
      vertex -6.95575 -42.4257 3
      vertex -6.26665 -49.6057 3
      vertex -5.09827 -42.6855 3
    endloop
  endfacet
  facet normal -0 0 1
    outer loop
      vertex -9.36906 -49.1143 3
      vertex -7.82172 -49.3844 3
      vertex -6.95575 -42.4257 3
    endloop
  endfacet
  facet normal 0 -0 1
    outer loop
      vertex -10.9072 -48.7958 3
      vertex -8.78717 -42.0879 3
      vertex -11.2706 -41.4944 3
    endloop
  endfacet
  facet normal -0 0 1
    outer loop
      vertex -10.9072 -48.7958 3
      vertex -9.36906 -49.1143 3
      vertex -8.78717 -42.0879 3
    endloop
  endfacet
  facet normal 0 0 1
    outer loop
      vertex -10.2619 -38.8931 3
      vertex -8.26477 -40.6522 3
      vertex -7.59686 -39.3287 3
    endloop
  endfacet
  facet normal 0 0 1
    outer loop
      vertex -8.27673 -35.8913 3
      vertex -8.83679 -36.5822 3
      vertex -6.79738 -38.1313 3
    endloop
  endfacet
  facet normal 0 0 1
    outer loop
      vertex -4.85922 -36.1776 3
      vertex -6.98599 -34.6036 3
      vertex -5.88029 -37.0759 3
    endloop
  endfacet
  facet normal 0 0 1
    outer loop
      vertex -5.49243 -33.5113 3
      vertex -4.31419 -35.7924 3
      vertex -3.74826 -35.4522 3
    endloop
  endfacet
  facet normal 0 0 1
    outer loop
      vertex -4.69841 -33.0652 3
      vertex -3.74826 -35.4522 3
      vertex -3.16325 -35.159 3
    endloop
  endfacet
  facet normal 0 0 1
    outer loop
      vertex -3.87874 -32.6888 3
      vertex -3.16325 -35.159 3
      vertex -2.56099 -34.9148 3
    endloop
  endfacet
  facet normal -0 0 1
    outer loop
      vertex -3.87874 -32.6888 3
      vertex -2.56099 -34.9148 3
      vertex -3.03784 -32.384 3
    endloop
  endfacet
  facet normal -0 0 1
    outer loop
      vertex -3.03784 -32.384 3
      vertex -1.94322 -34.7214 3
      vertex -2.18002 -32.1532 3
    endloop
  endfacet
  facet normal 0 -0 1
    outer loop
      vertex -1.94322 -34.7214 3
      vertex -1.31143 -34.5807 3
      vertex -2.18002 -32.1532 3
    endloop
  endfacet
  facet normal 0 -0 1
    outer loop
      vertex -1.31143 -34.5807 3
      vertex -1.3098 -31.9985 3
      vertex -2.18002 -32.1532 3
    endloop
  endfacet
  facet normal 0 0 1
    outer loop
      vertex 1.2392 -34.5663 3
      vertex -1.3098 -31.9985 3
      vertex -1.31143 -34.5807 3
    endloop
  endfacet
  facet normal 0.047112 -0.99889 0
    outer loop
      vertex 3.13951 -49.9013 0
      vertex 1.57053 -49.9753 3
      vertex 1.57053 -49.9753 0
    endloop
  endfacet
  facet normal 0.047112 -0.99889 0
    outer loop
      vertex 3.13951 -49.9013 0
      vertex 3.13951 -49.9013 3
      vertex 1.57053 -49.9753 3
    endloop
  endfacet
  facet normal 0.0784344 -0.996919 0
    outer loop
      vertex 4.70541 -49.7781 0
      vertex 3.13951 -49.9013 3
      vertex 3.13951 -49.9013 0
    endloop
  endfacet
  facet normal 0.0784344 -0.996919 0
    outer loop
      vertex 4.70541 -49.7781 0
      vertex 4.70541 -49.7781 3
      vertex 3.13951 -49.9013 3
    endloop
  endfacet
  facet normal 0.109758 -0.993958 0
    outer loop
      vertex 6.26665 -49.6057 0
      vertex 4.70541 -49.7781 3
      vertex 4.70541 -49.7781 0
    endloop
  endfacet
  facet normal 0.109758 -0.993958 0
    outer loop
      vertex 6.26665 -49.6057 0
      vertex 6.26665 -49.6057 3
      vertex 4.70541 -49.7781 3
    endloop
  endfacet
  facet normal 0.140889 -0.990025 0
    outer loop
      vertex 7.82172 -49.3844 0
      vertex 6.26665 -49.6057 3
      vertex 6.26665 -49.6057 0
    endloop
  endfacet
  facet normal 0.140889 -0.990025 0
    outer loop
      vertex 7.82172 -49.3844 0
      vertex 7.82172 -49.3844 3
      vertex 6.26665 -49.6057 3
    endloop
  endfacet
  facet normal 0.171957 -0.985104 0
    outer loop
      vertex 9.36906 -49.1143 0
      vertex 7.82172 -49.3844 3
      vertex 7.82172 -49.3844 0
    endloop
  endfacet
  facet normal 0.171957 -0.985104 0
    outer loop
      vertex 9.36906 -49.1143 0
      vertex 9.36906 -49.1143 3
      vertex 7.82172 -49.3844 3
    endloop
  endfacet
  facet normal 0.202767 -0.979227 0
    outer loop
      vertex 10.9072 -48.7958 0
      vertex 9.36906 -49.1143 3
      vertex 9.36906 -49.1143 0
    endloop
  endfacet
  facet normal 0.202767 -0.979227 0
    outer loop
      vertex 10.9072 -48.7958 0
      vertex 10.9072 -48.7958 3
      vertex 9.36906 -49.1143 3
    endloop
  endfacet
  facet normal 0.233402 -0.97238 0
    outer loop
      vertex 12.4345 -48.4292 0
      vertex 10.9072 -48.7958 3
      vertex 10.9072 -48.7958 0
    endloop
  endfacet
  facet normal 0.233402 -0.97238 0
    outer loop
      vertex 12.4345 -48.4292 0
      vertex 12.4345 -48.4292 3
      vertex 10.9072 -48.7958 3
    endloop
  endfacet
  facet normal 0.263882 -0.964555 0
    outer loop
      vertex 13.9496 -48.0147 0
      vertex 12.4345 -48.4292 3
      vertex 12.4345 -48.4292 0
    endloop
  endfacet
  facet normal 0.263882 -0.964555 0
    outer loop
      vertex 13.9496 -48.0147 0
      vertex 13.9496 -48.0147 3
      vertex 12.4345 -48.4292 3
    endloop
  endfacet
  facet normal 0.294081 -0.95578 0
    outer loop
      vertex 15.4508 -47.5528 0
      vertex 13.9496 -48.0147 3
      vertex 13.9496 -48.0147 0
    endloop
  endfacet
  facet normal 0.294081 -0.95578 0
    outer loop
      vertex 15.4508 -47.5528 0
      vertex 15.4508 -47.5528 3
      vertex 13.9496 -48.0147 3
    endloop
  endfacet
  facet normal 0.323914 -0.946086 0
    outer loop
      vertex 16.9369 -47.044 0
      vertex 15.4508 -47.5528 3
      vertex 15.4508 -47.5528 0
    endloop
  endfacet
  facet normal 0.323914 -0.946086 0
    outer loop
      vertex 16.9369 -47.044 0
      vertex 16.9369 -47.044 3
      vertex 15.4508 -47.5528 3
    endloop
  endfacet
  facet normal 0.353474 -0.935444 0
    outer loop
      vertex 18.4062 -46.4888 0
      vertex 16.9369 -47.044 3
      vertex 16.9369 -47.044 0
    endloop
  endfacet
  facet normal 0.353474 -0.935444 0
    outer loop
      vertex 18.4062 -46.4888 0
      vertex 18.4062 -46.4888 3
      vertex 16.9369 -47.044 3
    endloop
  endfacet
  facet normal 0.38268 -0.923881 0
    outer loop
      vertex 19.8574 -45.8877 0
      vertex 18.4062 -46.4888 3
      vertex 18.4062 -46.4888 0
    endloop
  endfacet
  facet normal 0.38268 -0.923881 0
    outer loop
      vertex 19.8574 -45.8877 0
      vertex 19.8574 -45.8877 3
      vertex 18.4062 -46.4888 3
    endloop
  endfacet
  facet normal 0.411518 -0.911401 0
    outer loop
      vertex 21.289 -45.2413 0
      vertex 19.8574 -45.8877 3
      vertex 19.8574 -45.8877 0
    endloop
  endfacet
  facet normal 0.411518 -0.911401 0
    outer loop
      vertex 21.289 -45.2413 0
      vertex 21.289 -45.2413 3
      vertex 19.8574 -45.8877 3
    endloop
  endfacet
  facet normal 0.439941 -0.898027 0
    outer loop
      vertex 22.6995 -44.5503 0
      vertex 21.289 -45.2413 3
      vertex 21.289 -45.2413 0
    endloop
  endfacet
  facet normal 0.439941 -0.898027 0
    outer loop
      vertex 22.6995 -44.5503 0
      vertex 22.6995 -44.5503 3
      vertex 21.289 -45.2413 3
    endloop
  endfacet
  facet normal 0.467923 -0.883769 0
    outer loop
      vertex 24.0877 -43.8153 0
      vertex 22.6995 -44.5503 3
      vertex 22.6995 -44.5503 0
    endloop
  endfacet
  facet normal 0.467923 -0.883769 0
    outer loop
      vertex 24.0877 -43.8153 0
      vertex 24.0877 -43.8153 3
      vertex 22.6995 -44.5503 3
    endloop
  endfacet
  facet normal 0.495439 -0.868642 0
    outer loop
      vertex 25.4521 -43.0371 0
      vertex 24.0877 -43.8153 3
      vertex 24.0877 -43.8153 0
    endloop
  endfacet
  facet normal 0.495439 -0.868642 0
    outer loop
      vertex 25.4521 -43.0371 0
      vertex 25.4521 -43.0371 3
      vertex 24.0877 -43.8153 3
    endloop
  endfacet
  facet normal 0.522516 -0.85263 0
    outer loop
      vertex 26.7913 -42.2164 0
      vertex 25.4521 -43.0371 3
      vertex 25.4521 -43.0371 0
    endloop
  endfacet
  facet normal 0.522516 -0.85263 0
    outer loop
      vertex 26.7913 -42.2164 0
      vertex 26.7913 -42.2164 3
      vertex 25.4521 -43.0371 3
    endloop
  endfacet
  facet normal 0.549017 -0.835811 0
    outer loop
      vertex 28.1042 -41.354 0
      vertex 26.7913 -42.2164 3
      vertex 26.7913 -42.2164 0
    endloop
  endfacet
  facet normal 0.549017 -0.835811 0
    outer loop
      vertex 28.1042 -41.354 0
      vertex 28.1042 -41.354 3
      vertex 26.7913 -42.2164 3
    endloop
  endfacet
  facet normal 0.575012 -0.818145 0
    outer loop
      vertex 29.3893 -40.4508 0
      vertex 28.1042 -41.354 3
      vertex 28.1042 -41.354 0
    endloop
  endfacet
  facet normal 0.575012 -0.818145 0
    outer loop
      vertex 29.3893 -40.4508 0
      vertex 29.3893 -40.4508 3
      vertex 28.1042 -41.354 3
    endloop
  endfacet
  facet normal 0.600448 -0.799664 0
    outer loop
      vertex 30.6453 -39.5077 0
      vertex 29.3893 -40.4508 3
      vertex 29.3893 -40.4508 0
    endloop
  endfacet
  facet normal 0.600448 -0.799664 0
    outer loop
      vertex 30.6453 -39.5077 0
      vertex 30.6453 -39.5077 3
      vertex 29.3893 -40.4508 3
    endloop
  endfacet
  facet normal 0.625192 -0.780471 0
    outer loop
      vertex 31.8712 -38.5257 0
      vertex 30.6453 -39.5077 3
      vertex 30.6453 -39.5077 0
    endloop
  endfacet
  facet normal 0.625192 -0.780471 0
    outer loop
      vertex 31.8712 -38.5257 0
      vertex 31.8712 -38.5257 3
      vertex 30.6453 -39.5077 3
    endloop
  endfacet
  facet normal 0.64948 -0.760379 0
    outer loop
      vertex 33.0656 -37.5055 0
      vertex 31.8712 -38.5257 3
      vertex 31.8712 -38.5257 0
    endloop
  endfacet
  facet normal 0.64948 -0.760379 0
    outer loop
      vertex 33.0656 -37.5055 0
      vertex 33.0656 -37.5055 3
      vertex 31.8712 -38.5257 3
    endloop
  endfacet
  facet normal 0.673024 -0.73962 0
    outer loop
      vertex 34.2273 -36.4484 0
      vertex 33.0656 -37.5055 3
      vertex 33.0656 -37.5055 0
    endloop
  endfacet
  facet normal 0.673024 -0.73962 0
    outer loop
      vertex 34.2273 -36.4484 0
      vertex 34.2273 -36.4484 3
      vertex 33.0656 -37.5055 3
    endloop
  endfacet
  facet normal 0.69591 -0.718129 0
    outer loop
      vertex 35.3553 -35.3553 0
      vertex 34.2273 -36.4484 3
      vertex 34.2273 -36.4484 0
    endloop
  endfacet
  facet normal 0.69591 -0.718129 0
    outer loop
      vertex 35.3553 -35.3553 0
      vertex 35.3553 -35.3553 3
      vertex 34.2273 -36.4484 3
    endloop
  endfacet
  facet normal 0.718129 -0.69591 0
    outer loop
      vertex 36.4484 -34.2273 0
      vertex 35.3553 -35.3553 3
      vertex 35.3553 -35.3553 0
    endloop
  endfacet
  facet normal 0.718129 -0.69591 0
    outer loop
      vertex 36.4484 -34.2273 0
      vertex 36.4484 -34.2273 3
      vertex 35.3553 -35.3553 3
    endloop
  endfacet
  facet normal 0.73962 -0.673024 0
    outer loop
      vertex 37.5055 -33.0656 0
      vertex 36.4484 -34.2273 3
      vertex 36.4484 -34.2273 0
    endloop
  endfacet
  facet normal 0.73962 -0.673024 0
    outer loop
      vertex 37.5055 -33.0656 0
      vertex 37.5055 -33.0656 3
      vertex 36.4484 -34.2273 3
    endloop
  endfacet
  facet normal 0.760379 -0.64948 0
    outer loop
      vertex 38.5257 -31.8712 0
      vertex 37.5055 -33.0656 3
      vertex 37.5055 -33.0656 0
    endloop
  endfacet
  facet normal 0.760379 -0.64948 0
    outer loop
      vertex 38.5257 -31.8712 0
      vertex 38.5257 -31.8712 3
      vertex 37.5055 -33.0656 3
    endloop
  endfacet
  facet normal 0.780471 -0.625192 0
    outer loop
      vertex 39.5077 -30.6453 0
      vertex 38.5257 -31.8712 3
      vertex 38.5257 -31.8712 0
    endloop
  endfacet
  facet normal 0.780471 -0.625192 0
    outer loop
      vertex 39.5077 -30.6453 0
      vertex 39.5077 -30.6453 3
      vertex 38.5257 -31.8712 3
    endloop
  endfacet
  facet normal 0.799664 -0.600448 0
    outer loop
      vertex 40.4508 -29.3893 0
      vertex 39.5077 -30.6453 3
      vertex 39.5077 -30.6453 0
    endloop
  endfacet
  facet normal 0.799664 -0.600448 0
    outer loop
      vertex 40.4508 -29.3893 0
      vertex 40.4508 -29.3893 3
      vertex 39.5077 -30.6453 3
    endloop
  endfacet
  facet normal 0.818145 -0.575012 0
    outer loop
      vertex 41.354 -28.1042 0
      vertex 40.4508 -29.3893 3
      vertex 40.4508 -29.3893 0
    endloop
  endfacet
  facet normal 0.818145 -0.575012 0
    outer loop
      vertex 41.354 -28.1042 0
      vertex 41.354 -28.1042 3
      vertex 40.4508 -29.3893 3
    endloop
  endfacet
  facet normal 0.835811 -0.549017 0
    outer loop
      vertex 42.2164 -26.7913 0
      vertex 41.354 -28.1042 3
      vertex 41.354 -28.1042 0
    endloop
  endfacet
  facet normal 0.835811 -0.549017 0
    outer loop
      vertex 42.2164 -26.7913 0
      vertex 42.2164 -26.7913 3
      vertex 41.354 -28.1042 3
    endloop
  endfacet
  facet normal 0.85263 -0.522516 0
    outer loop
      vertex 43.0371 -25.4521 0
      vertex 42.2164 -26.7913 3
      vertex 42.2164 -26.7913 0
    endloop
  endfacet
  facet normal 0.85263 -0.522516 0
    outer loop
      vertex 43.0371 -25.4521 0
      vertex 43.0371 -25.4521 3
      vertex 42.2164 -26.7913 3
    endloop
  endfacet
  facet normal 0.868642 -0.495439 0
    outer loop
      vertex 43.8153 -24.0877 0
      vertex 43.0371 -25.4521 3
      vertex 43.0371 -25.4521 0
    endloop
  endfacet
  facet normal 0.868642 -0.495439 0
    outer loop
      vertex 43.8153 -24.0877 0
      vertex 43.8153 -24.0877 3
      vertex 43.0371 -25.4521 3
    endloop
  endfacet
  facet normal 0.883769 -0.467923 0
    outer loop
      vertex 44.5503 -22.6995 0
      vertex 43.8153 -24.0877 3
      vertex 43.8153 -24.0877 0
    endloop
  endfacet
  facet normal 0.883769 -0.467923 0
    outer loop
      vertex 44.5503 -22.6995 0
      vertex 44.5503 -22.6995 3
      vertex 43.8153 -24.0877 3
    endloop
  endfacet
  facet normal 0.898027 -0.439941 0
    outer loop
      vertex 45.2413 -21.289 0
      vertex 44.5503 -22.6995 3
      vertex 44.5503 -22.6995 0
    endloop
  endfacet
  facet normal 0.898027 -0.439941 0
    outer loop
      vertex 45.2413 -21.289 0
      vertex 45.2413 -21.289 3
      vertex 44.5503 -22.6995 3
    endloop
  endfacet
  facet normal 0.911401 -0.411518 0
    outer loop
      vertex 45.8877 -19.8574 0
      vertex 45.2413 -21.289 3
      vertex 45.2413 -21.289 0
    endloop
  endfacet
  facet normal 0.911401 -0.411518 0
    outer loop
      vertex 45.8877 -19.8574 0
      vertex 45.8877 -19.8574 3
      vertex 45.2413 -21.289 3
    endloop
  endfacet
  facet normal 0.923881 -0.38268 0
    outer loop
      vertex 46.4888 -18.4062 0
      vertex 45.8877 -19.8574 3
      vertex 45.8877 -19.8574 0
    endloop
  endfacet
  facet normal 0.923881 -0.38268 0
    outer loop
      vertex 46.4888 -18.4062 0
      vertex 46.4888 -18.4062 3
      vertex 45.8877 -19.8574 3
    endloop
  endfacet
  facet normal 0.935444 -0.353474 0
    outer loop
      vertex 47.044 -16.9369 0
      vertex 46.4888 -18.4062 3
      vertex 46.4888 -18.4062 0
    endloop
  endfacet
  facet normal 0.935444 -0.353474 0
    outer loop
      vertex 47.044 -16.9369 0
      vertex 47.044 -16.9369 3
      vertex 46.4888 -18.4062 3
    endloop
  endfacet
  facet normal 0.946086 -0.323914 0
    outer loop
      vertex 47.5528 -15.4508 0
      vertex 47.044 -16.9369 3
      vertex 47.044 -16.9369 0
    endloop
  endfacet
  facet normal 0.946086 -0.323914 0
    outer loop
      vertex 47.5528 -15.4508 0
      vertex 47.5528 -15.4508 3
      vertex 47.044 -16.9369 3
    endloop
  endfacet
  facet normal 0.95578 -0.294081 0
    outer loop
      vertex 48.0147 -13.9496 0
      vertex 47.5528 -15.4508 3
      vertex 47.5528 -15.4508 0
    endloop
  endfacet
  facet normal 0.95578 -0.294081 0
    outer loop
      vertex 48.0147 -13.9496 0
      vertex 48.0147 -13.9496 3
      vertex 47.5528 -15.4508 3
    endloop
  endfacet
  facet normal 0.964555 -0.263882 0
    outer loop
      vertex 48.4292 -12.4345 0
      vertex 48.0147 -13.9496 3
      vertex 48.0147 -13.9496 0
    endloop
  endfacet
  facet normal 0.964555 -0.263882 0
    outer loop
      vertex 48.4292 -12.4345 0
      vertex 48.4292 -12.4345 3
      vertex 48.0147 -13.9496 3
    endloop
  endfacet
  facet normal 0.97238 -0.233402 0
    outer loop
      vertex 48.7958 -10.9072 0
      vertex 48.4292 -12.4345 3
      vertex 48.4292 -12.4345 0
    endloop
  endfacet
  facet normal 0.97238 -0.233402 0
    outer loop
      vertex 48.7958 -10.9072 0
      vertex 48.7958 -10.9072 3
      vertex 48.4292 -12.4345 3
    endloop
  endfacet
  facet normal 0.979227 -0.202767 0
    outer loop
      vertex 49.1143 -9.36906 0
      vertex 48.7958 -10.9072 3
      vertex 48.7958 -10.9072 0
    endloop
  endfacet
  facet normal 0.979227 -0.202767 0
    outer loop
      vertex 49.1143 -9.36906 0
      vertex 49.1143 -9.36906 3
      vertex 48.7958 -10.9072 3
    endloop
  endfacet
  facet normal 0.985104 -0.171957 0
    outer loop
      vertex 49.3844 -7.82172 0
      vertex 49.1143 -9.36906 3
      vertex 49.1143 -9.36906 0
    endloop
  endfacet
  facet normal 0.985104 -0.171957 0
    outer loop
      vertex 49.3844 -7.82172 0
      vertex 49.3844 -7.82172 3
      vertex 49.1143 -9.36906 3
    endloop
  endfacet
  facet normal 0.990025 -0.140889 0
    outer loop
      vertex 49.6057 -6.26665 0
      vertex 49.3844 -7.82172 3
      vertex 49.3844 -7.82172 0
    endloop
  endfacet
  facet normal 0.990025 -0.140889 0
    outer loop
      vertex 49.6057 -6.26665 0
      vertex 49.6057 -6.26665 3
      vertex 49.3844 -7.82172 3
    endloop
  endfacet
  facet normal 0.993958 -0.109758 0
    outer loop
      vertex 49.7781 -4.70541 0
      vertex 49.6057 -6.26665 3
      vertex 49.6057 -6.26665 0
    endloop
  endfacet
  facet normal 0.993958 -0.109758 0
    outer loop
      vertex 49.7781 -4.70541 0
      vertex 49.7781 -4.70541 3
      vertex 49.6057 -6.26665 3
    endloop
  endfacet
  facet normal 0.996919 -0.0784344 0
    outer loop
      vertex 49.9013 -3.13951 0
      vertex 49.7781 -4.70541 3
      vertex 49.7781 -4.70541 0
    endloop
  endfacet
  facet normal 0.996919 -0.0784344 0
    outer loop
      vertex 49.9013 -3.13951 0
      vertex 49.9013 -3.13951 3
      vertex 49.7781 -4.70541 3
    endloop
  endfacet
  facet normal 0.99889 -0.047112 0
    outer loop
      vertex 49.9753 -1.57053 0
      vertex 49.9013 -3.13951 3
      vertex 49.9013 -3.13951 0
    endloop
  endfacet
  facet normal 0.99889 -0.047112 0
    outer loop
      vertex 49.9753 -1.57053 0
      vertex 49.9753 -1.57053 3
      vertex 49.9013 -3.13951 3
    endloop
  endfacet
  facet normal 0.999876 -0.0157252 0
    outer loop
      vertex 50 0 0
      vertex 49.9753 -1.57053 3
      vertex 49.9753 -1.57053 0
    endloop
  endfacet
  facet normal 0.999876 -0.0157252 0
    outer loop
      vertex 50 0 0
      vertex 50 0 3
      vertex 49.9753 -1.57053 3
    endloop
  endfacet
  facet normal 0.999876 0.0157252 0
    outer loop
      vertex 49.9753 1.57053 0
      vertex 50 0 3
      vertex 50 0 0
    endloop
  endfacet
  facet normal 0.999876 0.0157252 -0
    outer loop
      vertex 49.9753 1.57053 0
      vertex 49.9753 1.57053 3
      vertex 50 0 3
    endloop
  endfacet
  facet normal 0.99889 0.047112 0
    outer loop
      vertex 49.9013 3.13951 0
      vertex 49.9753 1.57053 3
      vertex 49.9753 1.57053 0
    endloop
  endfacet
  facet normal 0.99889 0.047112 -0
    outer loop
      vertex 49.9013 3.13951 0
      vertex 49.9013 3.13951 3
      vertex 49.9753 1.57053 3
    endloop
  endfacet
  facet normal 0.996919 0.0784344 0
    outer loop
      vertex 49.7781 4.70541 0
      vertex 49.9013 3.13951 3
      vertex 49.9013 3.13951 0
    endloop
  endfacet
  facet normal 0.996919 0.0784344 -0
    outer loop
      vertex 49.7781 4.70541 0
      vertex 49.7781 4.70541 3
      vertex 49.9013 3.13951 3
    endloop
  endfacet
  facet normal 0.993958 0.109758 0
    outer loop
      vertex 49.6057 6.26665 0
      vertex 49.7781 4.70541 3
      vertex 49.7781 4.70541 0
    endloop
  endfacet
  facet normal 0.993958 0.109758 -0
    outer loop
      vertex 49.6057 6.26665 0
      vertex 49.6057 6.26665 3
      vertex 49.7781 4.70541 3
    endloop
  endfacet
  facet normal 0.990025 0.140889 0
    outer loop
      vertex 49.3844 7.82172 0
      vertex 49.6057 6.26665 3
      vertex 49.6057 6.26665 0
    endloop
  endfacet
  facet normal 0.990025 0.140889 -0
    outer loop
      vertex 49.3844 7.82172 0
      vertex 49.3844 7.82172 3
      vertex 49.6057 6.26665 3
    endloop
  endfacet
  facet normal 0.985104 0.171957 0
    outer loop
      vertex 49.1143 9.36906 0
      vertex 49.3844 7.82172 3
      vertex 49.3844 7.82172 0
    endloop
  endfacet
  facet normal 0.985104 0.171957 -0
    outer loop
      vertex 49.1143 9.36906 0
      vertex 49.1143 9.36906 3
      vertex 49.3844 7.82172 3
    endloop
  endfacet
  facet normal 0.979227 0.202767 0
    outer loop
      vertex 48.7958 10.9072 0
      vertex 49.1143 9.36906 3
      vertex 49.1143 9.36906 0
    endloop
  endfacet
  facet normal 0.979227 0.202767 -0
    outer loop
      vertex 48.7958 10.9072 0
      vertex 48.7958 10.9072 3
      vertex 49.1143 9.36906 3
    endloop
  endfacet
  facet normal 0.97238 0.233402 0
    outer loop
      vertex 48.4292 12.4345 0
      vertex 48.7958 10.9072 3
      vertex 48.7958 10.9072 0
    endloop
  endfacet
  facet normal 0.97238 0.233402 -0
    outer loop
      vertex 48.4292 12.4345 0
      vertex 48.4292 12.4345 3
      vertex 48.7958 10.9072 3
    endloop
  endfacet
  facet normal 0.964555 0.263882 0
    outer loop
      vertex 48.0147 13.9496 0
      vertex 48.4292 12.4345 3
      vertex 48.4292 12.4345 0
    endloop
  endfacet
  facet normal 0.964555 0.263882 -0
    outer loop
      vertex 48.0147 13.9496 0
      vertex 48.0147 13.9496 3
      vertex 48.4292 12.4345 3
    endloop
  endfacet
  facet normal 0.95578 0.294081 0
    outer loop
      vertex 47.5528 15.4508 0
      vertex 48.0147 13.9496 3
      vertex 48.0147 13.9496 0
    endloop
  endfacet
  facet normal 0.95578 0.294081 -0
    outer loop
      vertex 47.5528 15.4508 0
      vertex 47.5528 15.4508 3
      vertex 48.0147 13.9496 3
    endloop
  endfacet
  facet normal 0.946086 0.323914 0
    outer loop
      vertex 47.044 16.9369 0
      vertex 47.5528 15.4508 3
      vertex 47.5528 15.4508 0
    endloop
  endfacet
  facet normal 0.946086 0.323914 -0
    outer loop
      vertex 47.044 16.9369 0
      vertex 47.044 16.9369 3
      vertex 47.5528 15.4508 3
    endloop
  endfacet
  facet normal 0.935444 0.353474 0
    outer loop
      vertex 46.4888 18.4062 0
      vertex 47.044 16.9369 3
      vertex 47.044 16.9369 0
    endloop
  endfacet
  facet normal 0.935444 0.353474 -0
    outer loop
      vertex 46.4888 18.4062 0
      vertex 46.4888 18.4062 3
      vertex 47.044 16.9369 3
    endloop
  endfacet
  facet normal 0.923881 0.38268 0
    outer loop
      vertex 45.8877 19.8574 0
      vertex 46.4888 18.4062 3
      vertex 46.4888 18.4062 0
    endloop
  endfacet
  facet normal 0.923881 0.38268 -0
    outer loop
      vertex 45.8877 19.8574 0
      vertex 45.8877 19.8574 3
      vertex 46.4888 18.4062 3
    endloop
  endfacet
  facet normal 0.911401 0.411518 0
    outer loop
      vertex 45.2413 21.289 0
      vertex 45.8877 19.8574 3
      vertex 45.8877 19.8574 0
    endloop
  endfacet
  facet normal 0.911401 0.411518 -0
    outer loop
      vertex 45.2413 21.289 0
      vertex 45.2413 21.289 3
      vertex 45.8877 19.8574 3
    endloop
  endfacet
  facet normal 0.898027 0.439941 0
    outer loop
      vertex 44.5503 22.6995 0
      vertex 45.2413 21.289 3
      vertex 45.2413 21.289 0
    endloop
  endfacet
  facet normal 0.898027 0.439941 -0
    outer loop
      vertex 44.5503 22.6995 0
      vertex 44.5503 22.6995 3
      vertex 45.2413 21.289 3
    endloop
  endfacet
  facet normal 0.883769 0.467923 0
    outer loop
      vertex 43.8153 24.0877 0
      vertex 44.5503 22.6995 3
      vertex 44.5503 22.6995 0
    endloop
  endfacet
  facet normal 0.883769 0.467923 -0
    outer loop
      vertex 43.8153 24.0877 0
      vertex 43.8153 24.0877 3
      vertex 44.5503 22.6995 3
    endloop
  endfacet
  facet normal 0.868642 0.495439 0
    outer loop
      vertex 43.0371 25.4521 0
      vertex 43.8153 24.0877 3
      vertex 43.8153 24.0877 0
    endloop
  endfacet
  facet normal 0.868642 0.495439 -0
    outer loop
      vertex 43.0371 25.4521 0
      vertex 43.0371 25.4521 3
      vertex 43.8153 24.0877 3
    endloop
  endfacet
  facet normal 0.85263 0.522516 0
    outer loop
      vertex 42.2164 26.7913 0
      vertex 43.0371 25.4521 3
      vertex 43.0371 25.4521 0
    endloop
  endfacet
  facet normal 0.85263 0.522516 -0
    outer loop
      vertex 42.2164 26.7913 0
      vertex 42.2164 26.7913 3
      vertex 43.0371 25.4521 3
    endloop
  endfacet
  facet normal 0.835811 0.549017 0
    outer loop
      vertex 41.354 28.1042 0
      vertex 42.2164 26.7913 3
      vertex 42.2164 26.7913 0
    endloop
  endfacet
  facet normal 0.835811 0.549017 -0
    outer loop
      vertex 41.354 28.1042 0
      vertex 41.354 28.1042 3
      vertex 42.2164 26.7913 3
    endloop
  endfacet
  facet normal 0.818145 0.575012 0
    outer loop
      vertex 40.4508 29.3893 0
      vertex 41.354 28.1042 3
      vertex 41.354 28.1042 0
    endloop
  endfacet
  facet normal 0.818145 0.575012 -0
    outer loop
      vertex 40.4508 29.3893 0
      vertex 40.4508 29.3893 3
      vertex 41.354 28.1042 3
    endloop
  endfacet
  facet normal 0.799664 0.600448 0
    outer loop
      vertex 39.5077 30.6453 0
      vertex 40.4508 29.3893 3
      vertex 40.4508 29.3893 0
    endloop
  endfacet
  facet normal 0.799664 0.600448 -0
    outer loop
      vertex 39.5077 30.6453 0
      vertex 39.5077 30.6453 3
      vertex 40.4508 29.3893 3
    endloop
  endfacet
  facet normal 0.780471 0.625192 0
    outer loop
      vertex 38.5257 31.8712 0
      vertex 39.5077 30.6453 3
      vertex 39.5077 30.6453 0
    endloop
  endfacet
  facet normal 0.780471 0.625192 -0
    outer loop
      vertex 38.5257 31.8712 0
      vertex 38.5257 31.8712 3
      vertex 39.5077 30.6453 3
    endloop
  endfacet
  facet normal 0.760379 0.64948 0
    outer loop
      vertex 37.5055 33.0656 0
      vertex 38.5257 31.8712 3
      vertex 38.5257 31.8712 0
    endloop
  endfacet
  facet normal 0.760379 0.64948 -0
    outer loop
      vertex 37.5055 33.0656 0
      vertex 37.5055 33.0656 3
      vertex 38.5257 31.8712 3
    endloop
  endfacet
  facet normal 0.73962 0.673024 0
    outer loop
      vertex 36.4484 34.2273 0
      vertex 37.5055 33.0656 3
      vertex 37.5055 33.0656 0
    endloop
  endfacet
  facet normal 0.73962 0.673024 -0
    outer loop
      vertex 36.4484 34.2273 0
      vertex 36.4484 34.2273 3
      vertex 37.5055 33.0656 3
    endloop
  endfacet
  facet normal 0.718129 0.69591 0
    outer loop
      vertex 35.3553 35.3553 0
      vertex 36.4484 34.2273 3
      vertex 36.4484 34.2273 0
    endloop
  endfacet
  facet normal 0.718129 0.69591 -0
    outer loop
      vertex 35.3553 35.3553 0
      vertex 35.3553 35.3553 3
      vertex 36.4484 34.2273 3
    endloop
  endfacet
  facet normal 0.69591 0.718129 0
    outer loop
      vertex 34.2273 36.4484 0
      vertex 35.3553 35.3553 3
      vertex 35.3553 35.3553 0
    endloop
  endfacet
  facet normal 0.69591 0.718129 -0
    outer loop
      vertex 34.2273 36.4484 0
      vertex 34.2273 36.4484 3
      vertex 35.3553 35.3553 3
    endloop
  endfacet
  facet normal 0.673024 0.73962 0
    outer loop
      vertex 33.0656 37.5055 0
      vertex 34.2273 36.4484 3
      vertex 34.2273 36.4484 0
    endloop
  endfacet
  facet normal 0.673024 0.73962 -0
    outer loop
      vertex 33.0656 37.5055 0
      vertex 33.0656 37.5055 3
      vertex 34.2273 36.4484 3
    endloop
  endfacet
  facet normal 0.64948 0.760379 0
    outer loop
      vertex 31.8712 38.5257 0
      vertex 33.0656 37.5055 3
      vertex 33.0656 37.5055 0
    endloop
  endfacet
  facet normal 0.64948 0.760379 -0
    outer loop
      vertex 31.8712 38.5257 0
      vertex 31.8712 38.5257 3
      vertex 33.0656 37.5055 3
    endloop
  endfacet
  facet normal 0.625192 0.780471 0
    outer loop
      vertex 30.6453 39.5077 0
      vertex 31.8712 38.5257 3
      vertex 31.8712 38.5257 0
    endloop
  endfacet
  facet normal 0.625192 0.780471 -0
    outer loop
      vertex 30.6453 39.5077 0
      vertex 30.6453 39.5077 3
      vertex 31.8712 38.5257 3
    endloop
  endfacet
  facet normal 0.600448 0.799664 0
    outer loop
      vertex 29.3893 40.4508 0
      vertex 30.6453 39.5077 3
      vertex 30.6453 39.5077 0
    endloop
  endfacet
  facet normal 0.600448 0.799664 -0
    outer loop
      vertex 29.3893 40.4508 0
      vertex 29.3893 40.4508 3
      vertex 30.6453 39.5077 3
    endloop
  endfacet
  facet normal 0.575012 0.818145 0
    outer loop
      vertex 28.1042 41.354 0
      vertex 29.3893 40.4508 3
      vertex 29.3893 40.4508 0
    endloop
  endfacet
  facet normal 0.575012 0.818145 -0
    outer loop
      vertex 28.1042 41.354 0
      vertex 28.1042 41.354 3
      vertex 29.3893 40.4508 3
    endloop
  endfacet
  facet normal 0.549017 0.835811 0
    outer loop
      vertex 26.7913 42.2164 0
      vertex 28.1042 41.354 3
      vertex 28.1042 41.354 0
    endloop
  endfacet
  facet normal 0.549017 0.835811 -0
    outer loop
      vertex 26.7913 42.2164 0
      vertex 26.7913 42.2164 3
      vertex 28.1042 41.354 3
    endloop
  endfacet
  facet normal 0.522516 0.85263 0
    outer loop
      vertex 25.4521 43.0371 0
      vertex 26.7913 42.2164 3
      vertex 26.7913 42.2164 0
    endloop
  endfacet
  facet normal 0.522516 0.85263 -0
    outer loop
      vertex 25.4521 43.0371 0
      vertex 25.4521 43.0371 3
      vertex 26.7913 42.2164 3
    endloop
  endfacet
  facet normal 0.495439 0.868642 0
    outer loop
      vertex 24.0877 43.8153 0
      vertex 25.4521 43.0371 3
      vertex 25.4521 43.0371 0
    endloop
  endfacet
  facet normal 0.495439 0.868642 -0
    outer loop
      vertex 24.0877 43.8153 0
      vertex 24.0877 43.8153 3
      vertex 25.4521 43.0371 3
    endloop
  endfacet
  facet normal 0.467923 0.883769 0
    outer loop
      vertex 22.6995 44.5503 0
      vertex 24.0877 43.8153 3
      vertex 24.0877 43.8153 0
    endloop
  endfacet
  facet normal 0.467923 0.883769 -0
    outer loop
      vertex 22.6995 44.5503 0
      vertex 22.6995 44.5503 3
      vertex 24.0877 43.8153 3
    endloop
  endfacet
  facet normal 0.439941 0.898027 0
    outer loop
      vertex 21.289 45.2413 0
      vertex 22.6995 44.5503 3
      vertex 22.6995 44.5503 0
    endloop
  endfacet
  facet normal 0.439941 0.898027 -0
    outer loop
      vertex 21.289 45.2413 0
      vertex 21.289 45.2413 3
      vertex 22.6995 44.5503 3
    endloop
  endfacet
  facet normal 0.411518 0.911401 0
    outer loop
      vertex 19.8574 45.8877 0
      vertex 21.289 45.2413 3
      vertex 21.289 45.2413 0
    endloop
  endfacet
  facet normal 0.411518 0.911401 -0
    outer loop
      vertex 19.8574 45.8877 0
      vertex 19.8574 45.8877 3
      vertex 21.289 45.2413 3
    endloop
  endfacet
  facet normal 0.38268 0.923881 0
    outer loop
      vertex 18.4062 46.4888 0
      vertex 19.8574 45.8877 3
      vertex 19.8574 45.8877 0
    endloop
  endfacet
  facet normal 0.38268 0.923881 -0
    outer loop
      vertex 18.4062 46.4888 0
      vertex 18.4062 46.4888 3
      vertex 19.8574 45.8877 3
    endloop
  endfacet
  facet normal 0.353474 0.935444 0
    outer loop
      vertex 16.9369 47.044 0
      vertex 18.4062 46.4888 3
      vertex 18.4062 46.4888 0
    endloop
  endfacet
  facet normal 0.353474 0.935444 -0
    outer loop
      vertex 16.9369 47.044 0
      vertex 16.9369 47.044 3
      vertex 18.4062 46.4888 3
    endloop
  endfacet
  facet normal 0.323914 0.946086 0
    outer loop
      vertex 15.4508 47.5528 0
      vertex 16.9369 47.044 3
      vertex 16.9369 47.044 0
    endloop
  endfacet
  facet normal 0.323914 0.946086 -0
    outer loop
      vertex 15.4508 47.5528 0
      vertex 15.4508 47.5528 3
      vertex 16.9369 47.044 3
    endloop
  endfacet
  facet normal 0.294081 0.95578 0
    outer loop
      vertex 13.9496 48.0147 0
      vertex 15.4508 47.5528 3
      vertex 15.4508 47.5528 0
    endloop
  endfacet
  facet normal 0.294081 0.95578 -0
    outer loop
      vertex 13.9496 48.0147 0
      vertex 13.9496 48.0147 3
      vertex 15.4508 47.5528 3
    endloop
  endfacet
  facet normal 0.263882 0.964555 0
    outer loop
      vertex 12.4345 48.4292 0
      vertex 13.9496 48.0147 3
      vertex 13.9496 48.0147 0
    endloop
  endfacet
  facet normal 0.263882 0.964555 -0
    outer loop
      vertex 12.4345 48.4292 0
      vertex 12.4345 48.4292 3
      vertex 13.9496 48.0147 3
    endloop
  endfacet
  facet normal 0.233402 0.97238 0
    outer loop
      vertex 10.9072 48.7958 0
      vertex 12.4345 48.4292 3
      vertex 12.4345 48.4292 0
    endloop
  endfacet
  facet normal 0.233402 0.97238 -0
    outer loop
      vertex 10.9072 48.7958 0
      vertex 10.9072 48.7958 3
      vertex 12.4345 48.4292 3
    endloop
  endfacet
  facet normal 0.202767 0.979227 0
    outer loop
      vertex 9.36906 49.1143 0
      vertex 10.9072 48.7958 3
      vertex 10.9072 48.7958 0
    endloop
  endfacet
  facet normal 0.202767 0.979227 -0
    outer loop
      vertex 9.36906 49.1143 0
      vertex 9.36906 49.1143 3
      vertex 10.9072 48.7958 3
    endloop
  endfacet
  facet normal 0.171957 0.985104 0
    outer loop
      vertex 7.82172 49.3844 0
      vertex 9.36906 49.1143 3
      vertex 9.36906 49.1143 0
    endloop
  endfacet
  facet normal 0.171957 0.985104 -0
    outer loop
      vertex 7.82172 49.3844 0
      vertex 7.82172 49.3844 3
      vertex 9.36906 49.1143 3
    endloop
  endfacet
  facet normal 0.140889 0.990025 0
    outer loop
      vertex 6.26665 49.6057 0
      vertex 7.82172 49.3844 3
      vertex 7.82172 49.3844 0
    endloop
  endfacet
  facet normal 0.140889 0.990025 -0
    outer loop
      vertex 6.26665 49.6057 0
      vertex 6.26665 49.6057 3
      vertex 7.82172 49.3844 3
    endloop
  endfacet
  facet normal 0.109758 0.993958 0
    outer loop
      vertex 4.70541 49.7781 0
      vertex 6.26665 49.6057 3
      vertex 6.26665 49.6057 0
    endloop
  endfacet
  facet normal 0.109758 0.993958 -0
    outer loop
      vertex 4.70541 49.7781 0
      vertex 4.70541 49.7781 3
      vertex 6.26665 49.6057 3
    endloop
  endfacet
  facet normal 0.0784344 0.996919 0
    outer loop
      vertex 3.13951 49.9013 0
      vertex 4.70541 49.7781 3
      vertex 4.70541 49.7781 0
    endloop
  endfacet
  facet normal 0.0784344 0.996919 -0
    outer loop
      vertex 3.13951 49.9013 0
      vertex 3.13951 49.9013 3
      vertex 4.70541 49.7781 3
    endloop
  endfacet
  facet normal 0.047112 0.99889 0
    outer loop
      vertex 1.57053 49.9753 0
      vertex 3.13951 49.9013 3
      vertex 3.13951 49.9013 0
    endloop
  endfacet
  facet normal 0.047112 0.99889 -0
    outer loop
      vertex 1.57053 49.9753 0
      vertex 1.57053 49.9753 3
      vertex 3.13951 49.9013 3
    endloop
  endfacet
  facet normal 0.0157252 0.999876 0
    outer loop
      vertex 0 50 0
      vertex 1.57053 49.9753 3
      vertex 1.57053 49.9753 0
    endloop
  endfacet
  facet normal 0.0157252 0.999876 -0
    outer loop
      vertex 0 50 0
      vertex 0 50 3
      vertex 1.57053 49.9753 3
    endloop
  endfacet
  facet normal -0.0157252 0.999876 0
    outer loop
      vertex -1.57053 49.9753 0
      vertex 0 50 3
      vertex 0 50 0
    endloop
  endfacet
  facet normal -0.0157252 0.999876 0
    outer loop
      vertex -1.57053 49.9753 0
      vertex -1.57053 49.9753 3
      vertex 0 50 3
    endloop
  endfacet
  facet normal -0.047112 0.99889 0
    outer loop
      vertex -3.13951 49.9013 0
      vertex -1.57053 49.9753 3
      vertex -1.57053 49.9753 0
    endloop
  endfacet
  facet normal -0.047112 0.99889 0
    outer loop
      vertex -3.13951 49.9013 0
      vertex -3.13951 49.9013 3
      vertex -1.57053 49.9753 3
    endloop
  endfacet
  facet normal -0.0784344 0.996919 0
    outer loop
      vertex -4.70541 49.7781 0
      vertex -3.13951 49.9013 3
      vertex -3.13951 49.9013 0
    endloop
  endfacet
  facet normal -0.0784344 0.996919 0
    outer loop
      vertex -4.70541 49.7781 0
      vertex -4.70541 49.7781 3
      vertex -3.13951 49.9013 3
    endloop
  endfacet
  facet normal -0.109758 0.993958 0
    outer loop
      vertex -6.26665 49.6057 0
      vertex -4.70541 49.7781 3
      vertex -4.70541 49.7781 0
    endloop
  endfacet
  facet normal -0.109758 0.993958 0
    outer loop
      vertex -6.26665 49.6057 0
      vertex -6.26665 49.6057 3
      vertex -4.70541 49.7781 3
    endloop
  endfacet
  facet normal -0.140889 0.990025 0
    outer loop
      vertex -7.82172 49.3844 0
      vertex -6.26665 49.6057 3
      vertex -6.26665 49.6057 0
    endloop
  endfacet
  facet normal -0.140889 0.990025 0
    outer loop
      vertex -7.82172 49.3844 0
      vertex -7.82172 49.3844 3
      vertex -6.26665 49.6057 3
    endloop
  endfacet
  facet normal -0.171957 0.985104 0
    outer loop
      vertex -9.36906 49.1143 0
      vertex -7.82172 49.3844 3
      vertex -7.82172 49.3844 0
    endloop
  endfacet
  facet normal -0.171957 0.985104 0
    outer loop
      vertex -9.36906 49.1143 0
      vertex -9.36906 49.1143 3
      vertex -7.82172 49.3844 3
    endloop
  endfacet
  facet normal -0.202767 0.979227 0
    outer loop
      vertex -10.9072 48.7958 0
      vertex -9.36906 49.1143 3
      vertex -9.36906 49.1143 0
    endloop
  endfacet
  facet normal -0.202767 0.979227 0
    outer loop
      vertex -10.9072 48.7958 0
      vertex -10.9072 48.7958 3
      vertex -9.36906 49.1143 3
    endloop
  endfacet
  facet normal -0.233402 0.97238 0
    outer loop
      vertex -12.4345 48.4292 0
      vertex -10.9072 48.7958 3
      vertex -10.9072 48.7958 0
    endloop
  endfacet
  facet normal -0.233402 0.97238 0
    outer loop
      vertex -12.4345 48.4292 0
      vertex -12.4345 48.4292 3
      vertex -10.9072 48.7958 3
    endloop
  endfacet
  facet normal -0.263882 0.964555 0
    outer loop
      vertex -13.9496 48.0147 0
      vertex -12.4345 48.4292 3
      vertex -12.4345 48.4292 0
    endloop
  endfacet
  facet normal -0.263882 0.964555 0
    outer loop
      vertex -13.9496 48.0147 0
      vertex -13.9496 48.0147 3
      vertex -12.4345 48.4292 3
    endloop
  endfacet
  facet normal -0.294081 0.95578 0
    outer loop
      vertex -15.4508 47.5528 0
      vertex -13.9496 48.0147 3
      vertex -13.9496 48.0147 0
    endloop
  endfacet
  facet normal -0.294081 0.95578 0
    outer loop
      vertex -15.4508 47.5528 0
      vertex -15.4508 47.5528 3
      vertex -13.9496 48.0147 3
    endloop
  endfacet
  facet normal -0.323914 0.946086 0
    outer loop
      vertex -16.9369 47.044 0
      vertex -15.4508 47.5528 3
      vertex -15.4508 47.5528 0
    endloop
  endfacet
  facet normal -0.323914 0.946086 0
    outer loop
      vertex -16.9369 47.044 0
      vertex -16.9369 47.044 3
      vertex -15.4508 47.5528 3
    endloop
  endfacet
  facet normal -0.353474 0.935444 0
    outer loop
      vertex -18.4062 46.4888 0
      vertex -16.9369 47.044 3
      vertex -16.9369 47.044 0
    endloop
  endfacet
  facet normal -0.353474 0.935444 0
    outer loop
      vertex -18.4062 46.4888 0
      vertex -18.4062 46.4888 3
      vertex -16.9369 47.044 3
    endloop
  endfacet
  facet normal -0.38268 0.923881 0
    outer loop
      vertex -19.8574 45.8877 0
      vertex -18.4062 46.4888 3
      vertex -18.4062 46.4888 0
    endloop
  endfacet
  facet normal -0.38268 0.923881 0
    outer loop
      vertex -19.8574 45.8877 0
      vertex -19.8574 45.8877 3
      vertex -18.4062 46.4888 3
    endloop
  endfacet
  facet normal -0.411518 0.911401 0
    outer loop
      vertex -21.289 45.2413 0
      vertex -19.8574 45.8877 3
      vertex -19.8574 45.8877 0
    endloop
  endfacet
  facet normal -0.411518 0.911401 0
    outer loop
      vertex -21.289 45.2413 0
      vertex -21.289 45.2413 3
      vertex -19.8574 45.8877 3
    endloop
  endfacet
  facet normal -0.439941 0.898027 0
    outer loop
      vertex -22.6995 44.5503 0
      vertex -21.289 45.2413 3
      vertex -21.289 45.2413 0
    endloop
  endfacet
  facet normal -0.439941 0.898027 0
    outer loop
      vertex -22.6995 44.5503 0
      vertex -22.6995 44.5503 3
      vertex -21.289 45.2413 3
    endloop
  endfacet
  facet normal -0.467923 0.883769 0
    outer loop
      vertex -24.0877 43.8153 0
      vertex -22.6995 44.5503 3
      vertex -22.6995 44.5503 0
    endloop
  endfacet
  facet normal -0.467923 0.883769 0
    outer loop
      vertex -24.0877 43.8153 0
      vertex -24.0877 43.8153 3
      vertex -22.6995 44.5503 3
    endloop
  endfacet
  facet normal -0.495439 0.868642 0
    outer loop
      vertex -25.4521 43.0371 0
      vertex -24.0877 43.8153 3
      vertex -24.0877 43.8153 0
    endloop
  endfacet
  facet normal -0.495439 0.868642 0
    outer loop
      vertex -25.4521 43.0371 0
      vertex -25.4521 43.0371 3
      vertex -24.0877 43.8153 3
    endloop
  endfacet
  facet normal -0.522516 0.85263 0
    outer loop
      vertex -26.7913 42.2164 0
      vertex -25.4521 43.0371 3
      vertex -25.4521 43.0371 0
    endloop
  endfacet
  facet normal -0.522516 0.85263 0
    outer loop
      vertex -26.7913 42.2164 0
      vertex -26.7913 42.2164 3
      vertex -25.4521 43.0371 3
    endloop
  endfacet
  facet normal -0.549017 0.835811 0
    outer loop
      vertex -28.1042 41.354 0
      vertex -26.7913 42.2164 3
      vertex -26.7913 42.2164 0
    endloop
  endfacet
  facet normal -0.549017 0.835811 0
    outer loop
      vertex -28.1042 41.354 0
      vertex -28.1042 41.354 3
      vertex -26.7913 42.2164 3
    endloop
  endfacet
  facet normal -0.575012 0.818145 0
    outer loop
      vertex -29.3893 40.4508 0
      vertex -28.1042 41.354 3
      vertex -28.1042 41.354 0
    endloop
  endfacet
  facet normal -0.575012 0.818145 0
    outer loop
      vertex -29.3893 40.4508 0
      vertex -29.3893 40.4508 3
      vertex -28.1042 41.354 3
    endloop
  endfacet
  facet normal -0.600448 0.799664 0
    outer loop
      vertex -30.6453 39.5077 0
      vertex -29.3893 40.4508 3
      vertex -29.3893 40.4508 0
    endloop
  endfacet
  facet normal -0.600448 0.799664 0
    outer loop
      vertex -30.6453 39.5077 0
      vertex -30.6453 39.5077 3
      vertex -29.3893 40.4508 3
    endloop
  endfacet
  facet normal -0.625192 0.780471 0
    outer loop
      vertex -31.8712 38.5257 0
      vertex -30.6453 39.5077 3
      vertex -30.6453 39.5077 0
    endloop
  endfacet
  facet normal -0.625192 0.780471 0
    outer loop
      vertex -31.8712 38.5257 0
      vertex -31.8712 38.5257 3
      vertex -30.6453 39.5077 3
    endloop
  endfacet
  facet normal -0.64948 0.760379 0
    outer loop
      vertex -33.0656 37.5055 0
      vertex -31.8712 38.5257 3
      vertex -31.8712 38.5257 0
    endloop
  endfacet
  facet normal -0.64948 0.760379 0
    outer loop
      vertex -33.0656 37.5055 0
      vertex -33.0656 37.5055 3
      vertex -31.8712 38.5257 3
    endloop
  endfacet
  facet normal -0.673024 0.73962 0
    outer loop
      vertex -34.2273 36.4484 0
      vertex -33.0656 37.5055 3
      vertex -33.0656 37.5055 0
    endloop
  endfacet
  facet normal -0.673024 0.73962 0
    outer loop
      vertex -34.2273 36.4484 0
      vertex -34.2273 36.4484 3
      vertex -33.0656 37.5055 3
    endloop
  endfacet
  facet normal -0.69591 0.718129 0
    outer loop
      vertex -35.3553 35.3553 0
      vertex -34.2273 36.4484 3
      vertex -34.2273 36.4484 0
    endloop
  endfacet
  facet normal -0.69591 0.718129 0
    outer loop
      vertex -35.3553 35.3553 0
      vertex -35.3553 35.3553 3
      vertex -34.2273 36.4484 3
    endloop
  endfacet
  facet normal -0.718129 0.69591 0
    outer loop
      vertex -36.4484 34.2273 0
      vertex -35.3553 35.3553 3
      vertex -35.3553 35.3553 0
    endloop
  endfacet
  facet normal -0.718129 0.69591 0
    outer loop
      vertex -36.4484 34.2273 0
      vertex -36.4484 34.2273 3
      vertex -35.3553 35.3553 3
    endloop
  endfacet
  facet normal -0.73962 0.673024 0
    outer loop
      vertex -37.5055 33.0656 0
      vertex -36.4484 34.2273 3
      vertex -36.4484 34.2273 0
    endloop
  endfacet
  facet normal -0.73962 0.673024 0
    outer loop
      vertex -37.5055 33.0656 0
      vertex -37.5055 33.0656 3
      vertex -36.4484 34.2273 3
    endloop
  endfacet
  facet normal -0.760379 0.64948 0
    outer loop
      vertex -38.5257 31.8712 0
      vertex -37.5055 33.0656 3
      vertex -37.5055 33.0656 0
    endloop
  endfacet
  facet normal -0.760379 0.64948 0
    outer loop
      vertex -38.5257 31.8712 0
      vertex -38.5257 31.8712 3
      vertex -37.5055 33.0656 3
    endloop
  endfacet
  facet normal -0.780471 0.625192 0
    outer loop
      vertex -39.5077 30.6453 0
      vertex -38.5257 31.8712 3
      vertex -38.5257 31.8712 0
    endloop
  endfacet
  facet normal -0.780471 0.625192 0
    outer loop
      vertex -39.5077 30.6453 0
      vertex -39.5077 30.6453 3
      vertex -38.5257 31.8712 3
    endloop
  endfacet
  facet normal -0.799664 0.600448 0
    outer loop
      vertex -40.4508 29.3893 0
      vertex -39.5077 30.6453 3
      vertex -39.5077 30.6453 0
    endloop
  endfacet
  facet normal -0.799664 0.600448 0
    outer loop
      vertex -40.4508 29.3893 0
      vertex -40.4508 29.3893 3
      vertex -39.5077 30.6453 3
    endloop
  endfacet
  facet normal -0.818145 0.575012 0
    outer loop
      vertex -41.354 28.1042 0
      vertex -40.4508 29.3893 3
      vertex -40.4508 29.3893 0
    endloop
  endfacet
  facet normal -0.818145 0.575012 0
    outer loop
      vertex -41.354 28.1042 0
      vertex -41.354 28.1042 3
      vertex -40.4508 29.3893 3
    endloop
  endfacet
  facet normal -0.835811 0.549017 0
    outer loop
      vertex -42.2164 26.7913 0
      vertex -41.354 28.1042 3
      vertex -41.354 28.1042 0
    endloop
  endfacet
  facet normal -0.835811 0.549017 0
    outer loop
      vertex -42.2164 26.7913 0
      vertex -42.2164 26.7913 3
      vertex -41.354 28.1042 3
    endloop
  endfacet
  facet normal -0.85263 0.522516 0
    outer loop
      vertex -43.0371 25.4521 0
      vertex -42.2164 26.7913 3
      vertex -42.2164 26.7913 0
    endloop
  endfacet
  facet normal -0.85263 0.522516 0
    outer loop
      vertex -43.0371 25.4521 0
      vertex -43.0371 25.4521 3
      vertex -42.2164 26.7913 3
    endloop
  endfacet
  facet normal -0.868642 0.495439 0
    outer loop
      vertex -43.8153 24.0877 0
      vertex -43.0371 25.4521 3
      vertex -43.0371 25.4521 0
    endloop
  endfacet
  facet normal -0.868642 0.495439 0
    outer loop
      vertex -43.8153 24.0877 0
      vertex -43.8153 24.0877 3
      vertex -43.0371 25.4521 3
    endloop
  endfacet
  facet normal -0.883769 0.467923 0
    outer loop
      vertex -44.5503 22.6995 0
      vertex -43.8153 24.0877 3
      vertex -43.8153 24.0877 0
    endloop
  endfacet
  facet normal -0.883769 0.467923 0
    outer loop
      vertex -44.5503 22.6995 0
      vertex -44.5503 22.6995 3
      vertex -43.8153 24.0877 3
    endloop
  endfacet
  facet normal -0.898027 0.439941 0
    outer loop
      vertex -45.2413 21.289 0
      vertex -44.5503 22.6995 3
      vertex -44.5503 22.6995 0
    endloop
  endfacet
  facet normal -0.898027 0.439941 0
    outer loop
      vertex -45.2413 21.289 0
      vertex -45.2413 21.289 3
      vertex -44.5503 22.6995 3
    endloop
  endfacet
  facet normal -0.911401 0.411518 0
    outer loop
      vertex -45.8877 19.8574 0
      vertex -45.2413 21.289 3
      vertex -45.2413 21.289 0
    endloop
  endfacet
  facet normal -0.911401 0.411518 0
    outer loop
      vertex -45.8877 19.8574 0
      vertex -45.8877 19.8574 3
      vertex -45.2413 21.289 3
    endloop
  endfacet
  facet normal -0.923881 0.38268 0
    outer loop
      vertex -46.4888 18.4062 0
      vertex -45.8877 19.8574 3
      vertex -45.8877 19.8574 0
    endloop
  endfacet
  facet normal -0.923881 0.38268 0
    outer loop
      vertex -46.4888 18.4062 0
      vertex -46.4888 18.4062 3
      vertex -45.8877 19.8574 3
    endloop
  endfacet
  facet normal -0.935444 0.353474 0
    outer loop
      vertex -47.044 16.9369 0
      vertex -46.4888 18.4062 3
      vertex -46.4888 18.4062 0
    endloop
  endfacet
  facet normal -0.935444 0.353474 0
    outer loop
      vertex -47.044 16.9369 0
      vertex -47.044 16.9369 3
      vertex -46.4888 18.4062 3
    endloop
  endfacet
  facet normal -0.946086 0.323914 0
    outer loop
      vertex -47.5528 15.4508 0
      vertex -47.044 16.9369 3
      vertex -47.044 16.9369 0
    endloop
  endfacet
  facet normal -0.946086 0.323914 0
    outer loop
      vertex -47.5528 15.4508 0
      vertex -47.5528 15.4508 3
      vertex -47.044 16.9369 3
    endloop
  endfacet
  facet normal -0.95578 0.294081 0
    outer loop
      vertex -48.0147 13.9496 0
      vertex -47.5528 15.4508 3
      vertex -47.5528 15.4508 0
    endloop
  endfacet
  facet normal -0.95578 0.294081 0
    outer loop
      vertex -48.0147 13.9496 0
      vertex -48.0147 13.9496 3
      vertex -47.5528 15.4508 3
    endloop
  endfacet
  facet normal -0.964555 0.263882 0
    outer loop
      vertex -48.4292 12.4345 0
      vertex -48.0147 13.9496 3
      vertex -48.0147 13.9496 0
    endloop
  endfacet
  facet normal -0.964555 0.263882 0
    outer loop
      vertex -48.4292 12.4345 0
      vertex -48.4292 12.4345 3
      vertex -48.0147 13.9496 3
    endloop
  endfacet
  facet normal -0.97238 0.233402 0
    outer loop
      vertex -48.7958 10.9072 0
      vertex -48.4292 12.4345 3
      vertex -48.4292 12.4345 0
    endloop
  endfacet
  facet normal -0.97238 0.233402 0
    outer loop
      vertex -48.7958 10.9072 0
      vertex -48.7958 10.9072 3
      vertex -48.4292 12.4345 3
    endloop
  endfacet
  facet normal -0.979227 0.202767 0
    outer loop
      vertex -49.1143 9.36906 0
      vertex -48.7958 10.9072 3
      vertex -48.7958 10.9072 0
    endloop
  endfacet
  facet normal -0.979227 0.202767 0
    outer loop
      vertex -49.1143 9.36906 0
      vertex -49.1143 9.36906 3
      vertex -48.7958 10.9072 3
    endloop
  endfacet
  facet normal -0.985104 0.171957 0
    outer loop
      vertex -49.3844 7.82172 0
      vertex -49.1143 9.36906 3
      vertex -49.1143 9.36906 0
    endloop
  endfacet
  facet normal -0.985104 0.171957 0
    outer loop
      vertex -49.3844 7.82172 0
      vertex -49.3844 7.82172 3
      vertex -49.1143 9.36906 3
    endloop
  endfacet
  facet normal -0.990025 0.140889 0
    outer loop
      vertex -49.6057 6.26665 0
      vertex -49.3844 7.82172 3
      vertex -49.3844 7.82172 0
    endloop
  endfacet
  facet normal -0.990025 0.140889 0
    outer loop
      vertex -49.6057 6.26665 0
      vertex -49.6057 6.26665 3
      vertex -49.3844 7.82172 3
    endloop
  endfacet
  facet normal -0.993958 0.109758 0
    outer loop
      vertex -49.7781 4.70541 0
      vertex -49.6057 6.26665 3
      vertex -49.6057 6.26665 0
    endloop
  endfacet
  facet normal -0.993958 0.109758 0
    outer loop
      vertex -49.7781 4.70541 0
      vertex -49.7781 4.70541 3
      vertex -49.6057 6.26665 3
    endloop
  endfacet
  facet normal -0.996919 0.0784344 0
    outer loop
      vertex -49.9013 3.13951 0
      vertex -49.7781 4.70541 3
      vertex -49.7781 4.70541 0
    endloop
  endfacet
  facet normal -0.996919 0.0784344 0
    outer loop
      vertex -49.9013 3.13951 0
      vertex -49.9013 3.13951 3
      vertex -49.7781 4.70541 3
    endloop
  endfacet
  facet normal -0.99889 0.047112 0
    outer loop
      vertex -49.9753 1.57053 0
      vertex -49.9013 3.13951 3
      vertex -49.9013 3.13951 0
    endloop
  endfacet
  facet normal -0.99889 0.047112 0
    outer loop
      vertex -49.9753 1.57053 0
      vertex -49.9753 1.57053 3
      vertex -49.9013 3.13951 3
    endloop
  endfacet
  facet normal -0.999876 0.0157252 0
    outer loop
      vertex -50 0 0
      vertex -49.9753 1.57053 3
      vertex -49.9753 1.57053 0
    endloop
  endfacet
  facet normal -0.999876 0.0157252 0
    outer loop
      vertex -50 0 0
      vertex -50 0 3
      vertex -49.9753 1.57053 3
    endloop
  endfacet
  facet normal -0.999876 -0.0157252 0
    outer loop
      vertex -49.9753 -1.57053 0
      vertex -50 0 3
      vertex -50 0 0
    endloop
  endfacet
  facet normal -0.999876 -0.0157252 0
    outer loop
      vertex -49.9753 -1.57053 0
      vertex -49.9753 -1.57053 3
      vertex -50 0 3
    endloop
  endfacet
  facet normal -0.99889 -0.047112 0
    outer loop
      vertex -49.9013 -3.13951 0
      vertex -49.9753 -1.57053 3
      vertex -49.9753 -1.57053 0
    endloop
  endfacet
  facet normal -0.99889 -0.047112 0
    outer loop
      vertex -49.9013 -3.13951 0
      vertex -49.9013 -3.13951 3
      vertex -49.9753 -1.57053 3
    endloop
  endfacet
  facet normal -0.996919 -0.0784344 0
    outer loop
      vertex -49.7781 -4.70541 0
      vertex -49.9013 -3.13951 3
      vertex -49.9013 -3.13951 0
    endloop
  endfacet
  facet normal -0.996919 -0.0784344 0
    outer loop
      vertex -49.7781 -4.70541 0
      vertex -49.7781 -4.70541 3
      vertex -49.9013 -3.13951 3
    endloop
  endfacet
  facet normal -0.993958 -0.109758 0
    outer loop
      vertex -49.6057 -6.26665 0
      vertex -49.7781 -4.70541 3
      vertex -49.7781 -4.70541 0
    endloop
  endfacet
  facet normal -0.993958 -0.109758 0
    outer loop
      vertex -49.6057 -6.26665 0
      vertex -49.6057 -6.26665 3
      vertex -49.7781 -4.70541 3
    endloop
  endfacet
  facet normal -0.990025 -0.140889 0
    outer loop
      vertex -49.3844 -7.82172 0
      vertex -49.6057 -6.26665 3
      vertex -49.6057 -6.26665 0
    endloop
  endfacet
  facet normal -0.990025 -0.140889 0
    outer loop
      vertex -49.3844 -7.82172 0
      vertex -49.3844 -7.82172 3
      vertex -49.6057 -6.26665 3
    endloop
  endfacet
  facet normal -0.985104 -0.171957 0
    outer loop
      vertex -49.1143 -9.36906 0
      vertex -49.3844 -7.82172 3
      vertex -49.3844 -7.82172 0
    endloop
  endfacet
  facet normal -0.985104 -0.171957 0
    outer loop
      vertex -49.1143 -9.36906 0
      vertex -49.1143 -9.36906 3
      vertex -49.3844 -7.82172 3
    endloop
  endfacet
  facet normal -0.979227 -0.202767 0
    outer loop
      vertex -48.7958 -10.9072 0
      vertex -49.1143 -9.36906 3
      vertex -49.1143 -9.36906 0
    endloop
  endfacet
  facet normal -0.979227 -0.202767 0
    outer loop
      vertex -48.7958 -10.9072 0
      vertex -48.7958 -10.9072 3
      vertex -49.1143 -9.36906 3
    endloop
  endfacet
  facet normal -0.97238 -0.233402 0
    outer loop
      vertex -48.4292 -12.4345 0
      vertex -48.7958 -10.9072 3
      vertex -48.7958 -10.9072 0
    endloop
  endfacet
  facet normal -0.97238 -0.233402 0
    outer loop
      vertex -48.4292 -12.4345 0
      vertex -48.4292 -12.4345 3
      vertex -48.7958 -10.9072 3
    endloop
  endfacet
  facet normal -0.964555 -0.263882 0
    outer loop
      vertex -48.0147 -13.9496 0
      vertex -48.4292 -12.4345 3
      vertex -48.4292 -12.4345 0
    endloop
  endfacet
  facet normal -0.964555 -0.263882 0
    outer loop
      vertex -48.0147 -13.9496 0
      vertex -48.0147 -13.9496 3
      vertex -48.4292 -12.4345 3
    endloop
  endfacet
  facet normal -0.95578 -0.294081 0
    outer loop
      vertex -47.5528 -15.4508 0
      vertex -48.0147 -13.9496 3
      vertex -48.0147 -13.9496 0
    endloop
  endfacet
  facet normal -0.95578 -0.294081 0
    outer loop
      vertex -47.5528 -15.4508 0
      vertex -47.5528 -15.4508 3
      vertex -48.0147 -13.9496 3
    endloop
  endfacet
  facet normal -0.946086 -0.323914 0
    outer loop
      vertex -47.044 -16.9369 0
      vertex -47.5528 -15.4508 3
      vertex -47.5528 -15.4508 0
    endloop
  endfacet
  facet normal -0.946086 -0.323914 0
    outer loop
      vertex -47.044 -16.9369 0
      vertex -47.044 -16.9369 3
      vertex -47.5528 -15.4508 3
    endloop
  endfacet
  facet normal -0.935444 -0.353474 0
    outer loop
      vertex -46.4888 -18.4062 0
      vertex -47.044 -16.9369 3
      vertex -47.044 -16.9369 0
    endloop
  endfacet
  facet normal -0.935444 -0.353474 0
    outer loop
      vertex -46.4888 -18.4062 0
      vertex -46.4888 -18.4062 3
      vertex -47.044 -16.9369 3
    endloop
  endfacet
  facet normal -0.923881 -0.38268 0
    outer loop
      vertex -45.8877 -19.8574 0
      vertex -46.4888 -18.4062 3
      vertex -46.4888 -18.4062 0
    endloop
  endfacet
  facet normal -0.923881 -0.38268 0
    outer loop
      vertex -45.8877 -19.8574 0
      vertex -45.8877 -19.8574 3
      vertex -46.4888 -18.4062 3
    endloop
  endfacet
  facet normal -0.911401 -0.411518 0
    outer loop
      vertex -45.2413 -21.289 0
      vertex -45.8877 -19.8574 3
      vertex -45.8877 -19.8574 0
    endloop
  endfacet
  facet normal -0.911401 -0.411518 0
    outer loop
      vertex -45.2413 -21.289 0
      vertex -45.2413 -21.289 3
      vertex -45.8877 -19.8574 3
    endloop
  endfacet
  facet normal -0.898027 -0.439941 0
    outer loop
      vertex -44.5503 -22.6995 0
      vertex -45.2413 -21.289 3
      vertex -45.2413 -21.289 0
    endloop
  endfacet
  facet normal -0.898027 -0.439941 0
    outer loop
      vertex -44.5503 -22.6995 0
      vertex -44.5503 -22.6995 3
      vertex -45.2413 -21.289 3
    endloop
  endfacet
  facet normal -0.883769 -0.467923 0
    outer loop
      vertex -43.8153 -24.0877 0
      vertex -44.5503 -22.6995 3
      vertex -44.5503 -22.6995 0
    endloop
  endfacet
  facet normal -0.883769 -0.467923 0
    outer loop
      vertex -43.8153 -24.0877 0
      vertex -43.8153 -24.0877 3
      vertex -44.5503 -22.6995 3
    endloop
  endfacet
  facet normal -0.868642 -0.495439 0
    outer loop
      vertex -43.0371 -25.4521 0
      vertex -43.8153 -24.0877 3
      vertex -43.8153 -24.0877 0
    endloop
  endfacet
  facet normal -0.868642 -0.495439 0
    outer loop
      vertex -43.0371 -25.4521 0
      vertex -43.0371 -25.4521 3
      vertex -43.8153 -24.0877 3
    endloop
  endfacet
  facet normal -0.85263 -0.522516 0
    outer loop
      vertex -42.2164 -26.7913 0
      vertex -43.0371 -25.4521 3
      vertex -43.0371 -25.4521 0
    endloop
  endfacet
  facet normal -0.85263 -0.522516 0
    outer loop
      vertex -42.2164 -26.7913 0
      vertex -42.2164 -26.7913 3
      vertex -43.0371 -25.4521 3
    endloop
  endfacet
  facet normal -0.835811 -0.549017 0
    outer loop
      vertex -41.354 -28.1042 0
      vertex -42.2164 -26.7913 3
      vertex -42.2164 -26.7913 0
    endloop
  endfacet
  facet normal -0.835811 -0.549017 0
    outer loop
      vertex -41.354 -28.1042 0
      vertex -41.354 -28.1042 3
      vertex -42.2164 -26.7913 3
    endloop
  endfacet
  facet normal -0.818145 -0.575012 0
    outer loop
      vertex -40.4508 -29.3893 0
      vertex -41.354 -28.1042 3
      vertex -41.354 -28.1042 0
    endloop
  endfacet
  facet normal -0.818145 -0.575012 0
    outer loop
      vertex -40.4508 -29.3893 0
      vertex -40.4508 -29.3893 3
      vertex -41.354 -28.1042 3
    endloop
  endfacet
  facet normal -0.799664 -0.600448 0
    outer loop
      vertex -39.5077 -30.6453 0
      vertex -40.4508 -29.3893 3
      vertex -40.4508 -29.3893 0
    endloop
  endfacet
  facet normal -0.799664 -0.600448 0
    outer loop
      vertex -39.5077 -30.6453 0
      vertex -39.5077 -30.6453 3
      vertex -40.4508 -29.3893 3
    endloop
  endfacet
  facet normal -0.780471 -0.625192 0
    outer loop
      vertex -38.5257 -31.8712 0
      vertex -39.5077 -30.6453 3
      vertex -39.5077 -30.6453 0
    endloop
  endfacet
  facet normal -0.780471 -0.625192 0
    outer loop
      vertex -38.5257 -31.8712 0
      vertex -38.5257 -31.8712 3
      vertex -39.5077 -30.6453 3
    endloop
  endfacet
  facet normal -0.760379 -0.64948 0
    outer loop
      vertex -37.5055 -33.0656 0
      vertex -38.5257 -31.8712 3
      vertex -38.5257 -31.8712 0
    endloop
  endfacet
  facet normal -0.760379 -0.64948 0
    outer loop
      vertex -37.5055 -33.0656 0
      vertex -37.5055 -33.0656 3
      vertex -38.5257 -31.8712 3
    endloop
  endfacet
  facet normal -0.73962 -0.673024 0
    outer loop
      vertex -36.4484 -34.2273 0
      vertex -37.5055 -33.0656 3
      vertex -37.5055 -33.0656 0
    endloop
  endfacet
  facet normal -0.73962 -0.673024 0
    outer loop
      vertex -36.4484 -34.2273 0
      vertex -36.4484 -34.2273 3
      vertex -37.5055 -33.0656 3
    endloop
  endfacet
  facet normal -0.718129 -0.69591 0
    outer loop
      vertex -35.3553 -35.3553 0
      vertex -36.4484 -34.2273 3
      vertex -36.4484 -34.2273 0
    endloop
  endfacet
  facet normal -0.718129 -0.69591 0
    outer loop
      vertex -35.3553 -35.3553 0
      vertex -35.3553 -35.3553 3
      vertex -36.4484 -34.2273 3
    endloop
  endfacet
  facet normal -0.69591 -0.718129 0
    outer loop
      vertex -34.2273 -36.4484 0
      vertex -35.3553 -35.3553 3
      vertex -35.3553 -35.3553 0
    endloop
  endfacet
  facet normal -0.69591 -0.718129 0
    outer loop
      vertex -34.2273 -36.4484 0
      vertex -34.2273 -36.4484 3
      vertex -35.3553 -35.3553 3
    endloop
  endfacet
  facet normal -0.673024 -0.73962 0
    outer loop
      vertex -33.0656 -37.5055 0
      vertex -34.2273 -36.4484 3
      vertex -34.2273 -36.4484 0
    endloop
  endfacet
  facet normal -0.673024 -0.73962 0
    outer loop
      vertex -33.0656 -37.5055 0
      vertex -33.0656 -37.5055 3
      vertex -34.2273 -36.4484 3
    endloop
  endfacet
  facet normal -0.64948 -0.760379 0
    outer loop
      vertex -31.8712 -38.5257 0
      vertex -33.0656 -37.5055 3
      vertex -33.0656 -37.5055 0
    endloop
  endfacet
  facet normal -0.64948 -0.760379 0
    outer loop
      vertex -31.8712 -38.5257 0
      vertex -31.8712 -38.5257 3
      vertex -33.0656 -37.5055 3
    endloop
  endfacet
  facet normal -0.625192 -0.780471 0
    outer loop
      vertex -30.6453 -39.5077 0
      vertex -31.8712 -38.5257 3
      vertex -31.8712 -38.5257 0
    endloop
  endfacet
  facet normal -0.625192 -0.780471 0
    outer loop
      vertex -30.6453 -39.5077 0
      vertex -30.6453 -39.5077 3
      vertex -31.8712 -38.5257 3
    endloop
  endfacet
  facet normal -0.600448 -0.799664 0
    outer loop
      vertex -29.3893 -40.4508 0
      vertex -30.6453 -39.5077 3
      vertex -30.6453 -39.5077 0
    endloop
  endfacet
  facet normal -0.600448 -0.799664 0
    outer loop
      vertex -29.3893 -40.4508 0
      vertex -29.3893 -40.4508 3
      vertex -30.6453 -39.5077 3
    endloop
  endfacet
  facet normal -0.575012 -0.818145 0
    outer loop
      vertex -28.1042 -41.354 0
      vertex -29.3893 -40.4508 3
      vertex -29.3893 -40.4508 0
    endloop
  endfacet
  facet normal -0.575012 -0.818145 0
    outer loop
      vertex -28.1042 -41.354 0
      vertex -28.1042 -41.354 3
      vertex -29.3893 -40.4508 3
    endloop
  endfacet
  facet normal -0.549017 -0.835811 0
    outer loop
      vertex -26.7913 -42.2164 0
      vertex -28.1042 -41.354 3
      vertex -28.1042 -41.354 0
    endloop
  endfacet
  facet normal -0.549017 -0.835811 0
    outer loop
      vertex -26.7913 -42.2164 0
      vertex -26.7913 -42.2164 3
      vertex -28.1042 -41.354 3
    endloop
  endfacet
  facet normal -0.522516 -0.85263 0
    outer loop
      vertex -25.4521 -43.0371 0
      vertex -26.7913 -42.2164 3
      vertex -26.7913 -42.2164 0
    endloop
  endfacet
  facet normal -0.522516 -0.85263 0
    outer loop
      vertex -25.4521 -43.0371 0
      vertex -25.4521 -43.0371 3
      vertex -26.7913 -42.2164 3
    endloop
  endfacet
  facet normal -0.495439 -0.868642 0
    outer loop
      vertex -24.0877 -43.8153 0
      vertex -25.4521 -43.0371 3
      vertex -25.4521 -43.0371 0
    endloop
  endfacet
  facet normal -0.495439 -0.868642 0
    outer loop
      vertex -24.0877 -43.8153 0
      vertex -24.0877 -43.8153 3
      vertex -25.4521 -43.0371 3
    endloop
  endfacet
  facet normal -0.467923 -0.883769 0
    outer loop
      vertex -22.6995 -44.5503 0
      vertex -24.0877 -43.8153 3
      vertex -24.0877 -43.8153 0
    endloop
  endfacet
  facet normal -0.467923 -0.883769 0
    outer loop
      vertex -22.6995 -44.5503 0
      vertex -22.6995 -44.5503 3
      vertex -24.0877 -43.8153 3
    endloop
  endfacet
  facet normal -0.439941 -0.898027 0
    outer loop
      vertex -21.289 -45.2413 0
      vertex -22.6995 -44.5503 3
      vertex -22.6995 -44.5503 0
    endloop
  endfacet
  facet normal -0.439941 -0.898027 0
    outer loop
      vertex -21.289 -45.2413 0
      vertex -21.289 -45.2413 3
      vertex -22.6995 -44.5503 3
    endloop
  endfacet
  facet normal -0.411518 -0.911401 0
    outer loop
      vertex -19.8574 -45.8877 0
      vertex -21.289 -45.2413 3
      vertex -21.289 -45.2413 0
    endloop
  endfacet
  facet normal -0.411518 -0.911401 0
    outer loop
      vertex -19.8574 -45.8877 0
      vertex -19.8574 -45.8877 3
      vertex -21.289 -45.2413 3
    endloop
  endfacet
  facet normal -0.38268 -0.923881 0
    outer loop
      vertex -18.4062 -46.4888 0
      vertex -19.8574 -45.8877 3
      vertex -19.8574 -45.8877 0
    endloop
  endfacet
  facet normal -0.38268 -0.923881 0
    outer loop
      vertex -18.4062 -46.4888 0
      vertex -18.4062 -46.4888 3
      vertex -19.8574 -45.8877 3
    endloop
  endfacet
  facet normal -0.353474 -0.935444 0
    outer loop
      vertex -16.9369 -47.044 0
      vertex -18.4062 -46.4888 3
      vertex -18.4062 -46.4888 0
    endloop
  endfacet
  facet normal -0.353474 -0.935444 0
    outer loop
      vertex -16.9369 -47.044 0
      vertex -16.9369 -47.044 3
      vertex -18.4062 -46.4888 3
    endloop
  endfacet
  facet normal -0.323914 -0.946086 0
    outer loop
      vertex -15.4508 -47.5528 0
      vertex -16.9369 -47.044 3
      vertex -16.9369 -47.044 0
    endloop
  endfacet
  facet normal -0.323914 -0.946086 0
    outer loop
      vertex -15.4508 -47.5528 0
      vertex -15.4508 -47.5528 3
      vertex -16.9369 -47.044 3
    endloop
  endfacet
  facet normal -0.294081 -0.95578 0
    outer loop
      vertex -13.9496 -48.0147 0
      vertex -15.4508 -47.5528 3
      vertex -15.4508 -47.5528 0
    endloop
  endfacet
  facet normal -0.294081 -0.95578 0
    outer loop
      vertex -13.9496 -48.0147 0
      vertex -13.9496 -48.0147 3
      vertex -15.4508 -47.5528 3
    endloop
  endfacet
  facet normal -0.263882 -0.964555 0
    outer loop
      vertex -12.4345 -48.4292 0
      vertex -13.9496 -48.0147 3
      vertex -13.9496 -48.0147 0
    endloop
  endfacet
  facet normal -0.263882 -0.964555 0
    outer loop
      vertex -12.4345 -48.4292 0
      vertex -12.4345 -48.4292 3
      vertex -13.9496 -48.0147 3
    endloop
  endfacet
  facet normal -0.233402 -0.97238 0
    outer loop
      vertex -10.9072 -48.7958 0
      vertex -12.4345 -48.4292 3
      vertex -12.4345 -48.4292 0
    endloop
  endfacet
  facet normal -0.233402 -0.97238 0
    outer loop
      vertex -10.9072 -48.7958 0
      vertex -10.9072 -48.7958 3
      vertex -12.4345 -48.4292 3
    endloop
  endfacet
  facet normal -0.202767 -0.979227 0
    outer loop
      vertex -9.36906 -49.1143 0
      vertex -10.9072 -48.7958 3
      vertex -10.9072 -48.7958 0
    endloop
  endfacet
  facet normal -0.202767 -0.979227 0
    outer loop
      vertex -9.36906 -49.1143 0
      vertex -9.36906 -49.1143 3
      vertex -10.9072 -48.7958 3
    endloop
  endfacet
  facet normal -0.171957 -0.985104 0
    outer loop
      vertex -7.82172 -49.3844 0
      vertex -9.36906 -49.1143 3
      vertex -9.36906 -49.1143 0
    endloop
  endfacet
  facet normal -0.171957 -0.985104 0
    outer loop
      vertex -7.82172 -49.3844 0
      vertex -7.82172 -49.3844 3
      vertex -9.36906 -49.1143 3
    endloop
  endfacet
  facet normal -0.140889 -0.990025 0
    outer loop
      vertex -6.26665 -49.6057 0
      vertex -7.82172 -49.3844 3
      vertex -7.82172 -49.3844 0
    endloop
  endfacet
  facet normal -0.140889 -0.990025 0
    outer loop
      vertex -6.26665 -49.6057 0
      vertex -6.26665 -49.6057 3
      vertex -7.82172 -49.3844 3
    endloop
  endfacet
  facet normal -0.109758 -0.993958 0
    outer loop
      vertex -4.70541 -49.7781 0
      vertex -6.26665 -49.6057 3
      vertex -6.26665 -49.6057 0
    endloop
  endfacet
  facet normal -0.109758 -0.993958 0
    outer loop
      vertex -4.70541 -49.7781 0
      vertex -4.70541 -49.7781 3
      vertex -6.26665 -49.6057 3
    endloop
  endfacet
  facet normal -0.0784344 -0.996919 0
    outer loop
      vertex -3.13951 -49.9013 0
      vertex -4.70541 -49.7781 3
      vertex -4.70541 -49.7781 0
    endloop
  endfacet
  facet normal -0.0784344 -0.996919 0
    outer loop
      vertex -3.13951 -49.9013 0
      vertex -3.13951 -49.9013 3
      vertex -4.70541 -49.7781 3
    endloop
  endfacet
  facet normal -0.047112 -0.99889 0
    outer loop
      vertex -1.57053 -49.9753 0
      vertex -3.13951 -49.9013 3
      vertex -3.13951 -49.9013 0
    endloop
  endfacet
  facet normal -0.047112 -0.99889 0
    outer loop
      vertex -1.57053 -49.9753 0
      vertex -1.57053 -49.9753 3
      vertex -3.13951 -49.9013 3
    endloop
  endfacet
  facet normal -0.0157252 -0.999876 0
    outer loop
      vertex 0 -50 0
      vertex -1.57053 -49.9753 3
      vertex -1.57053 -49.9753 0
    endloop
  endfacet
  facet normal -0.0157252 -0.999876 0
    outer loop
      vertex 0 -50 0
      vertex 0 -50 3
      vertex -1.57053 -49.9753 3
    endloop
  endfacet
  facet normal 0.0157252 -0.999876 0
    outer loop
      vertex 1.57053 -49.9753 0
      vertex 0 -50 3
      vertex 0 -50 0
    endloop
  endfacet
  facet normal 0.0157252 -0.999876 0
    outer loop
      vertex 1.57053 -49.9753 0
      vertex 1.57053 -49.9753 3
      vertex 0 -50 3
    endloop
  endfacet
  facet normal 0.285385 0.958413 -0
    outer loop
      vertex -2.58179 34.7713 0
      vertex -2.58179 34.7713 3
      vertex -1.9558 34.5849 0
    endloop
  endfacet
  facet normal 0.285385 0.958413 0
    outer loop
      vertex -1.9558 34.5849 3
      vertex -1.9558 34.5849 0
      vertex -2.58179 34.7713 3
    endloop
  endfacet
  facet normal 0.363278 0.931681 -0
    outer loop
      vertex -3.19115 35.0089 0
      vertex -3.19115 35.0089 3
      vertex -2.58179 34.7713 0
    endloop
  endfacet
  facet normal 0.363278 0.931681 0
    outer loop
      vertex -2.58179 34.7713 3
      vertex -2.58179 34.7713 0
      vertex -3.19115 35.0089 3
    endloop
  endfacet
  facet normal 0.436906 0.899507 -0
    outer loop
      vertex -3.78244 35.2961 0
      vertex -3.78244 35.2961 3
      vertex -3.19115 35.0089 0
    endloop
  endfacet
  facet normal 0.436906 0.899507 0
    outer loop
      vertex -3.19115 35.0089 3
      vertex -3.19115 35.0089 0
      vertex -3.78244 35.2961 3
    endloop
  endfacet
  facet normal 0.505594 0.862772 -0
    outer loop
      vertex -4.35376 35.6309 0
      vertex -4.35376 35.6309 3
      vertex -3.78244 35.2961 0
    endloop
  endfacet
  facet normal 0.505594 0.862772 0
    outer loop
      vertex -3.78244 35.2961 3
      vertex -3.78244 35.2961 0
      vertex -4.35376 35.6309 3
    endloop
  endfacet
  facet normal 0.569109 0.822262 -0
    outer loop
      vertex -4.90366 36.0115 0
      vertex -4.90366 36.0115 3
      vertex -4.35376 35.6309 0
    endloop
  endfacet
  facet normal 0.569109 0.822262 0
    outer loop
      vertex -4.35376 35.6309 3
      vertex -4.35376 35.6309 0
      vertex -4.90366 36.0115 3
    endloop
  endfacet
  facet normal 0.627926 0.778273 -0
    outer loop
      vertex -5.43042 36.4365 0
      vertex -5.43042 36.4365 3
      vertex -4.90366 36.0115 0
    endloop
  endfacet
  facet normal 0.627926 0.778273 0
    outer loop
      vertex -4.90366 36.0115 3
      vertex -4.90366 36.0115 0
      vertex -5.43042 36.4365 3
    endloop
  endfacet
  facet normal 0.681415 0.731897 -0
    outer loop
      vertex -5.93234 36.9038 0
      vertex -5.93234 36.9038 3
      vertex -5.43042 36.4365 0
    endloop
  endfacet
  facet normal 0.681415 0.731897 0
    outer loop
      vertex -5.43042 36.4365 3
      vertex -5.43042 36.4365 0
      vertex -5.93234 36.9038 3
    endloop
  endfacet
  facet normal 0.752542 0.658544 -0
    outer loop
      vertex -6.8553 37.9585 0
      vertex -6.8553 37.9585 3
      vertex -5.93234 36.9038 0
    endloop
  endfacet
  facet normal 0.752542 0.658544 0
    outer loop
      vertex -5.93234 36.9038 3
      vertex -5.93234 36.9038 0
      vertex -6.8553 37.9585 3
    endloop
  endfacet
  facet normal 0.831499 0.555526 -0
    outer loop
      vertex -7.65936 39.162 0
      vertex -7.65936 39.162 3
      vertex -6.8553 37.9585 0
    endloop
  endfacet
  facet normal 0.831499 0.555526 0
    outer loop
      vertex -6.8553 37.9585 3
      vertex -6.8553 37.9585 0
      vertex -7.65936 39.162 3
    endloop
  endfacet
  facet normal 0.893646 0.448773 -0
    outer loop
      vertex -8.33133 40.5001 0
      vertex -8.33133 40.5001 3
      vertex -7.65936 39.162 0
    endloop
  endfacet
  facet normal 0.893646 0.448773 0
    outer loop
      vertex -7.65936 39.162 3
      vertex -7.65936 39.162 0
      vertex -8.33133 40.5001 3
    endloop
  endfacet
  facet normal 0.940564 0.339618 -0
    outer loop
      vertex -8.858 41.9587 0
      vertex -8.858 41.9587 3
      vertex -8.33133 40.5001 0
    endloop
  endfacet
  facet normal 0.940564 0.339618 0
    outer loop
      vertex -8.33133 40.5001 3
      vertex -8.33133 40.5001 0
      vertex -8.858 41.9587 3
    endloop
  endfacet
  facet normal 0.182829 -0.983145 0
    outer loop
      vertex -7.01033 42.3023 0
      vertex -7.01033 42.3023 3
      vertex -8.858 41.9587 0
    endloop
  endfacet
  facet normal 0.182829 -0.983145 0
    outer loop
      vertex -8.858 41.9587 3
      vertex -8.858 41.9587 0
      vertex -7.01033 42.3023 3
    endloop
  endfacet
  facet normal 0.139393 -0.990237 0
    outer loop
      vertex -5.13631 42.5661 0
      vertex -5.13631 42.5661 3
      vertex -7.01033 42.3023 0
    endloop
  endfacet
  facet normal 0.139393 -0.990237 0
    outer loop
      vertex -7.01033 42.3023 3
      vertex -7.01033 42.3023 0
      vertex -5.13631 42.5661 3
    endloop
  endfacet
  facet normal 0.0954497 -0.995434 0
    outer loop
      vertex -3.23721 42.7482 0
      vertex -3.23721 42.7482 3
      vertex -5.13631 42.5661 0
    endloop
  endfacet
  facet normal 0.0954497 -0.995434 0
    outer loop
      vertex -5.13631 42.5661 3
      vertex -5.13631 42.5661 0
      vertex -3.23721 42.7482 3
    endloop
  endfacet
  facet normal 0.0511728 -0.99869 0
    outer loop
      vertex -1.31488 42.8467 0
      vertex -1.31488 42.8467 3
      vertex -3.23721 42.7482 0
    endloop
  endfacet
  facet normal 0.0511728 -0.99869 0
    outer loop
      vertex -3.23721 42.7482 3
      vertex -3.23721 42.7482 0
      vertex -1.31488 42.8467 3
    endloop
  endfacet
  facet normal -1 0 0
    outer loop
      vertex -1.31488 34.4514 0
      vertex -1.31488 34.4514 3
      vertex -1.31488 42.8467 0
    endloop
  endfacet
  facet normal -1 -0 -0
    outer loop
      vertex -1.31488 42.8467 3
      vertex -1.31488 42.8467 0
      vertex -1.31488 34.4514 3
    endloop
  endfacet
  facet normal 0.203918 0.978988 -0
    outer loop
      vertex -1.9558 34.5849 0
      vertex -1.9558 34.5849 3
      vertex -1.31488 34.4514 0
    endloop
  endfacet
  facet normal 0.203918 0.978988 0
    outer loop
      vertex -1.31488 34.4514 3
      vertex -1.31488 34.4514 0
      vertex -1.9558 34.5849 3
    endloop
  endfacet
  facet normal -0.0509138 -0.998703 0
    outer loop
      vertex 3.14053 42.7496 0
      vertex 3.14053 42.7496 3
      vertex 1.23586 42.8467 0
    endloop
  endfacet
  facet normal -0.0509138 -0.998703 -0
    outer loop
      vertex 1.23586 42.8467 3
      vertex 1.23586 42.8467 0
      vertex 3.14053 42.7496 3
    endloop
  endfacet
  facet normal -0.0947871 -0.995498 0
    outer loop
      vertex 5.02257 42.5704 0
      vertex 5.02257 42.5704 3
      vertex 3.14053 42.7496 0
    endloop
  endfacet
  facet normal -0.0947871 -0.995498 -0
    outer loop
      vertex 3.14053 42.7496 3
      vertex 3.14053 42.7496 0
      vertex 5.02257 42.5704 3
    endloop
  endfacet
  facet normal -0.138308 -0.990389 0
    outer loop
      vertex 6.88007 42.311 0
      vertex 6.88007 42.311 3
      vertex 5.02257 42.5704 0
    endloop
  endfacet
  facet normal -0.138308 -0.990389 -0
    outer loop
      vertex 5.02257 42.5704 3
      vertex 5.02257 42.5704 0
      vertex 6.88007 42.311 3
    endloop
  endfacet
  facet normal -0.181387 -0.983412 0
    outer loop
      vertex 8.71149 41.9732 0
      vertex 8.71149 41.9732 3
      vertex 6.88007 42.311 0
    endloop
  endfacet
  facet normal -0.181387 -0.983412 -0
    outer loop
      vertex 6.88007 42.311 3
      vertex 6.88007 42.311 0
      vertex 8.71149 41.9732 3
    endloop
  endfacet
  facet normal -0.939671 0.34208 0
    outer loop
      vertex 8.18898 40.5379 0
      vertex 8.18898 40.5379 3
      vertex 8.71149 41.9732 0
    endloop
  endfacet
  facet normal -0.939671 0.34208 0
    outer loop
      vertex 8.71149 41.9732 3
      vertex 8.71149 41.9732 0
      vertex 8.18898 40.5379 3
    endloop
  endfacet
  facet normal -0.892833 0.450388 0
    outer loop
      vertex 7.52109 39.2139 0
      vertex 7.52109 39.2139 3
      vertex 8.18898 40.5379 0
    endloop
  endfacet
  facet normal -0.892833 0.450388 0
    outer loop
      vertex 8.18898 40.5379 3
      vertex 8.18898 40.5379 0
      vertex 7.52109 39.2139 3
    endloop
  endfacet
  facet normal -0.831619 0.555346 0
    outer loop
      vertex 6.72148 38.0165 0
      vertex 6.72148 38.0165 3
      vertex 7.52109 39.2139 0
    endloop
  endfacet
  facet normal -0.831619 0.555346 0
    outer loop
      vertex 7.52109 39.2139 3
      vertex 7.52109 39.2139 0
      vertex 6.72148 38.0165 3
    endloop
  endfacet
  facet normal -0.754838 0.655911 0
    outer loop
      vertex 5.80431 36.961 0
      vertex 5.80431 36.961 3
      vertex 6.72148 38.0165 0
    endloop
  endfacet
  facet normal -0.754838 0.655911 0
    outer loop
      vertex 6.72148 38.0165 3
      vertex 6.72148 38.0165 0
      vertex 5.80431 36.961 3
    endloop
  endfacet
  facet normal -0.660441 0.750878 0
    outer loop
      vertex 4.78323 36.0629 0
      vertex 4.78323 36.0629 3
      vertex 5.80431 36.961 0
    endloop
  endfacet
  facet normal -0.660441 0.750878 0
    outer loop
      vertex 5.80431 36.961 3
      vertex 5.80431 36.961 0
      vertex 4.78323 36.0629 3
    endloop
  endfacet
  facet normal -0.577171 0.816623 0
    outer loop
      vertex 4.23808 35.6776 0
      vertex 4.23808 35.6776 3
      vertex 4.78323 36.0629 0
    endloop
  endfacet
  facet normal -0.577171 0.816623 0
    outer loop
      vertex 4.78323 36.0629 3
      vertex 4.78323 36.0629 0
      vertex 4.23808 35.6776 3
    endloop
  endfacet
  facet normal -0.51521 0.857064 0
    outer loop
      vertex 3.67215 35.3374 0
      vertex 3.67215 35.3374 3
      vertex 4.23808 35.6776 0
    endloop
  endfacet
  facet normal -0.51521 0.857064 0
    outer loop
      vertex 4.23808 35.6776 3
      vertex 4.23808 35.6776 0
      vertex 3.67215 35.3374 3
    endloop
  endfacet
  facet normal -0.44813 0.893968 0
    outer loop
      vertex 3.08725 35.0442 0
      vertex 3.08725 35.0442 3
      vertex 3.67215 35.3374 0
    endloop
  endfacet
  facet normal -0.44813 0.893968 0
    outer loop
      vertex 3.67215 35.3374 3
      vertex 3.67215 35.3374 0
      vertex 3.08725 35.0442 3
    endloop
  endfacet
  facet normal -0.375944 0.926642 0
    outer loop
      vertex 2.48509 34.7999 0
      vertex 2.48509 34.7999 3
      vertex 3.08725 35.0442 0
    endloop
  endfacet
  facet normal -0.375944 0.926642 0
    outer loop
      vertex 3.08725 35.0442 3
      vertex 3.08725 35.0442 0
      vertex 2.48509 34.7999 3
    endloop
  endfacet
  facet normal -0.298622 0.954371 0
    outer loop
      vertex 1.86732 34.6066 0
      vertex 1.86732 34.6066 3
      vertex 2.48509 34.7999 0
    endloop
  endfacet
  facet normal -0.298622 0.954371 0
    outer loop
      vertex 2.48509 34.7999 3
      vertex 2.48509 34.7999 0
      vertex 1.86732 34.6066 3
    endloop
  endfacet
  facet normal -0.217484 0.976064 0
    outer loop
      vertex 1.23586 34.4659 0
      vertex 1.23586 34.4659 3
      vertex 1.86732 34.6066 0
    endloop
  endfacet
  facet normal -0.217484 0.976064 0
    outer loop
      vertex 1.86732 34.6066 3
      vertex 1.86732 34.6066 0
      vertex 1.23586 34.4659 3
    endloop
  endfacet
  facet normal 1 0 -0
    outer loop
      vertex 1.23586 42.8467 0
      vertex 1.23586 42.8467 3
      vertex 1.23586 34.4659 0
    endloop
  endfacet
  facet normal 1 -0 0
    outer loop
      vertex 1.23586 34.4659 3
      vertex 1.23586 34.4659 0
      vertex 1.23586 42.8467 3
    endloop
  endfacet
  facet normal 0.444287 0.895884 -0
    outer loop
      vertex 3.83298 9.30077 0
      vertex 3.83298 9.30077 3
      vertex 5.03656 8.70389 0
    endloop
  endfacet
  facet normal 0.444287 0.895884 0
    outer loop
      vertex 5.03656 8.70389 3
      vertex 5.03656 8.70389 0
      vertex 3.83298 9.30077 3
    endloop
  endfacet
  facet normal 0.320367 0.947294 -0
    outer loop
      vertex 2.5616 9.73074 0
      vertex 2.5616 9.73074 3
      vertex 3.83298 9.30077 0
    endloop
  endfacet
  facet normal 0.320367 0.947294 0
    outer loop
      vertex 3.83298 9.30077 3
      vertex 3.83298 9.30077 0
      vertex 2.5616 9.73074 3
    endloop
  endfacet
  facet normal 0.190668 0.981655 -0
    outer loop
      vertex 1.23586 9.98824 0
      vertex 1.23586 9.98824 3
      vertex 2.5616 9.73074 0
    endloop
  endfacet
  facet normal 0.190668 0.981655 0
    outer loop
      vertex 2.5616 9.73074 3
      vertex 2.5616 9.73074 0
      vertex 1.23586 9.98824 3
    endloop
  endfacet
  facet normal 1 0 -0
    outer loop
      vertex 1.23586 15.3658 0
      vertex 1.23586 15.3658 3
      vertex 1.23586 9.98824 0
    endloop
  endfacet
  facet normal 1 -0 0
    outer loop
      vertex 1.23586 9.98824 3
      vertex 1.23586 9.98824 0
      vertex 1.23586 15.3658 3
    endloop
  endfacet
  facet normal 0 -1 0
    outer loop
      vertex 4.5237 15.3658 0
      vertex 4.5237 15.3658 3
      vertex 1.23586 15.3658 0
    endloop
  endfacet
  facet normal 0 -1 0
    outer loop
      vertex 1.23586 15.3658 3
      vertex 1.23586 15.3658 0
      vertex 4.5237 15.3658 3
    endloop
  endfacet
  facet normal 1 0 -0
    outer loop
      vertex 4.5237 17.9165 0
      vertex 4.5237 17.9165 3
      vertex 4.5237 15.3658 0
    endloop
  endfacet
  facet normal 1 -0 0
    outer loop
      vertex 4.5237 15.3658 3
      vertex 4.5237 15.3658 0
      vertex 4.5237 17.9165 3
    endloop
  endfacet
  facet normal 0 1 0
    outer loop
      vertex 1.23586 17.9165 0
      vertex 1.23586 17.9165 3
      vertex 4.5237 17.9165 0
    endloop
  endfacet
  facet normal 0 1 0
    outer loop
      vertex 4.5237 17.9165 3
      vertex 4.5237 17.9165 0
      vertex 1.23586 17.9165 3
    endloop
  endfacet
  facet normal 1 0 -0
    outer loop
      vertex 1.23586 20.163 0
      vertex 1.23586 20.163 3
      vertex 1.23586 17.9165 0
    endloop
  endfacet
  facet normal 1 -0 0
    outer loop
      vertex 1.23586 17.9165 3
      vertex 1.23586 17.9165 0
      vertex 1.23586 20.163 3
    endloop
  endfacet
  facet normal 0 -1 0
    outer loop
      vertex 6.22221 20.163 0
      vertex 6.22221 20.163 3
      vertex 1.23586 20.163 0
    endloop
  endfacet
  facet normal 0 -1 0
    outer loop
      vertex 1.23586 20.163 3
      vertex 1.23586 20.163 0
      vertex 6.22221 20.163 3
    endloop
  endfacet
  facet normal 1 0 -0
    outer loop
      vertex 6.22221 22.7137 0
      vertex 6.22221 22.7137 3
      vertex 6.22221 20.163 0
    endloop
  endfacet
  facet normal 1 -0 0
    outer loop
      vertex 6.22221 20.163 3
      vertex 6.22221 20.163 0
      vertex 6.22221 22.7137 3
    endloop
  endfacet
  facet normal 0 1 0
    outer loop
      vertex 1.23586 22.7137 0
      vertex 1.23586 22.7137 3
      vertex 6.22221 22.7137 0
    endloop
  endfacet
  facet normal 0 1 0
    outer loop
      vertex 6.22221 22.7137 3
      vertex 6.22221 22.7137 0
      vertex 1.23586 22.7137 3
    endloop
  endfacet
  facet normal 1 0 -0
    outer loop
      vertex 1.23586 24.9602 0
      vertex 1.23586 24.9602 3
      vertex 1.23586 22.7137 0
    endloop
  endfacet
  facet normal 1 -0 0
    outer loop
      vertex 1.23586 22.7137 3
      vertex 1.23586 22.7137 0
      vertex 1.23586 24.9602 3
    endloop
  endfacet
  facet normal 0 -1 0
    outer loop
      vertex 7.91982 24.9602 0
      vertex 7.91982 24.9602 3
      vertex 1.23586 24.9602 0
    endloop
  endfacet
  facet normal 0 -1 0
    outer loop
      vertex 1.23586 24.9602 3
      vertex 1.23586 24.9602 0
      vertex 7.91982 24.9602 3
    endloop
  endfacet
  facet normal 1 0 -0
    outer loop
      vertex 7.91982 27.5109 0
      vertex 7.91982 27.5109 3
      vertex 7.91982 24.9602 0
    endloop
  endfacet
  facet normal 1 -0 0
    outer loop
      vertex 7.91982 24.9602 3
      vertex 7.91982 24.9602 0
      vertex 7.91982 27.5109 3
    endloop
  endfacet
  facet normal 0 1 0
    outer loop
      vertex 1.23586 27.5109 0
      vertex 1.23586 27.5109 3
      vertex 7.91982 27.5109 0
    endloop
  endfacet
  facet normal 0 1 0
    outer loop
      vertex 7.91982 27.5109 3
      vertex 7.91982 27.5109 0
      vertex 1.23586 27.5109 3
    endloop
  endfacet
  facet normal 1 0 -0
    outer loop
      vertex 1.23586 31.8863 0
      vertex 1.23586 31.8863 3
      vertex 1.23586 27.5109 0
    endloop
  endfacet
  facet normal 1 -0 0
    outer loop
      vertex 1.23586 27.5109 3
      vertex 1.23586 27.5109 0
      vertex 1.23586 31.8863 3
    endloop
  endfacet
  facet normal 0.17513 -0.984545 0
    outer loop
      vertex 2.10555 32.041 0
      vertex 2.10555 32.041 3
      vertex 1.23586 31.8863 0
    endloop
  endfacet
  facet normal 0.17513 -0.984545 0
    outer loop
      vertex 1.23586 31.8863 3
      vertex 1.23586 31.8863 0
      vertex 2.10555 32.041 3
    endloop
  endfacet
  facet normal 0.259927 -0.965628 0
    outer loop
      vertex 2.96297 32.2718 0
      vertex 2.96297 32.2718 3
      vertex 2.10555 32.041 0
    endloop
  endfacet
  facet normal 0.259927 -0.965628 0
    outer loop
      vertex 2.10555 32.041 3
      vertex 2.10555 32.041 0
      vertex 2.96297 32.2718 3
    endloop
  endfacet
  facet normal 0.340813 -0.940131 0
    outer loop
      vertex 3.80376 32.5766 0
      vertex 3.80376 32.5766 3
      vertex 2.96297 32.2718 0
    endloop
  endfacet
  facet normal 0.340813 -0.940131 0
    outer loop
      vertex 2.96297 32.2718 3
      vertex 2.96297 32.2718 0
      vertex 3.80376 32.5766 3
    endloop
  endfacet
  facet normal 0.417312 -0.908763 0
    outer loop
      vertex 4.62343 32.953 0
      vertex 4.62343 32.953 3
      vertex 3.80376 32.5766 0
    endloop
  endfacet
  facet normal 0.417312 -0.908763 0
    outer loop
      vertex 3.80376 32.5766 3
      vertex 3.80376 32.5766 0
      vertex 4.62343 32.953 3
    endloop
  endfacet
  facet normal 0.489814 -0.871827 0
    outer loop
      vertex 5.41745 33.3991 0
      vertex 5.41745 33.3991 3
      vertex 4.62343 32.953 0
    endloop
  endfacet
  facet normal 0.489814 -0.871827 0
    outer loop
      vertex 4.62343 32.953 3
      vertex 4.62343 32.953 0
      vertex 5.41745 33.3991 3
    endloop
  endfacet
  facet normal 0.55779 -0.829982 0
    outer loop
      vertex 6.18153 33.9126 0
      vertex 6.18153 33.9126 3
      vertex 5.41745 33.3991 0
    endloop
  endfacet
  facet normal 0.55779 -0.829982 0
    outer loop
      vertex 5.41745 33.3991 3
      vertex 5.41745 33.3991 0
      vertex 6.18153 33.9126 3
    endloop
  endfacet
  facet normal 0.621387 -0.783504 0
    outer loop
      vertex 6.91121 34.4913 0
      vertex 6.91121 34.4913 3
      vertex 6.18153 33.9126 0
    endloop
  endfacet
  facet normal 0.621387 -0.783504 0
    outer loop
      vertex 6.18153 33.9126 3
      vertex 6.18153 33.9126 0
      vertex 6.91121 34.4913 3
    endloop
  endfacet
  facet normal 0.68074 -0.732525 0
    outer loop
      vertex 7.60194 35.1332 0
      vertex 7.60194 35.1332 3
      vertex 6.91121 34.4913 0
    endloop
  endfacet
  facet normal 0.68074 -0.732525 0
    outer loop
      vertex 6.91121 34.4913 3
      vertex 6.91121 34.4913 0
      vertex 7.60194 35.1332 3
    endloop
  endfacet
  facet normal 0.732542 -0.680722 0
    outer loop
      vertex 8.20187 35.7788 0
      vertex 8.20187 35.7788 3
      vertex 7.60194 35.1332 0
    endloop
  endfacet
  facet normal 0.732542 -0.680722 0
    outer loop
      vertex 7.60194 35.1332 3
      vertex 7.60194 35.1332 0
      vertex 8.20187 35.7788 3
    endloop
  endfacet
  facet normal 0.776649 -0.629934 0
    outer loop
      vertex 8.76201 36.4694 0
      vertex 8.76201 36.4694 3
      vertex 8.20187 35.7788 0
    endloop
  endfacet
  facet normal 0.776649 -0.629934 0
    outer loop
      vertex 8.20187 35.7788 3
      vertex 8.20187 35.7788 0
      vertex 8.76201 36.4694 3
    endloop
  endfacet
  facet normal 0.816222 -0.577739 0
    outer loop
      vertex 9.28056 37.202 0
      vertex 9.28056 37.202 3
      vertex 8.76201 36.4694 0
    endloop
  endfacet
  facet normal 0.816222 -0.577739 0
    outer loop
      vertex 8.76201 36.4694 3
      vertex 8.76201 36.4694 0
      vertex 9.28056 37.202 3
    endloop
  endfacet
  facet normal 0.851187 -0.524862 0
    outer loop
      vertex 9.7561 37.9732 0
      vertex 9.7561 37.9732 3
      vertex 9.28056 37.202 0
    endloop
  endfacet
  facet normal 0.851187 -0.524862 0
    outer loop
      vertex 9.28056 37.202 3
      vertex 9.28056 37.202 0
      vertex 9.7561 37.9732 3
    endloop
  endfacet
  facet normal 0.882077 -0.471105 0
    outer loop
      vertex 10.187 38.78 0
      vertex 10.187 38.78 3
      vertex 9.7561 37.9732 0
    endloop
  endfacet
  facet normal 0.882077 -0.471105 0
    outer loop
      vertex 9.7561 37.9732 3
      vertex 9.7561 37.9732 0
      vertex 10.187 38.78 3
    endloop
  endfacet
  facet normal 0.909 -0.416796 0
    outer loop
      vertex 10.5717 39.619 0
      vertex 10.5717 39.619 3
      vertex 10.187 38.78 0
    endloop
  endfacet
  facet normal 0.909 -0.416796 0
    outer loop
      vertex 10.187 38.78 3
      vertex 10.187 38.78 0
      vertex 10.5717 39.619 3
    endloop
  endfacet
  facet normal 0.932293 -0.361705 0
    outer loop
      vertex 10.9085 40.4871 0
      vertex 10.9085 40.4871 3
      vertex 10.5717 39.619 0
    endloop
  endfacet
  facet normal 0.932293 -0.361705 0
    outer loop
      vertex 10.5717 39.619 3
      vertex 10.5717 39.619 0
      vertex 10.9085 40.4871 3
    endloop
  endfacet
  facet normal 0.952026 -0.306016 0
    outer loop
      vertex 11.1958 41.3809 0
      vertex 11.1958 41.3809 3
      vertex 10.9085 40.4871 0
    endloop
  endfacet
  facet normal 0.952026 -0.306016 0
    outer loop
      vertex 10.9085 40.4871 3
      vertex 10.9085 40.4871 0
      vertex 11.1958 41.3809 3
    endloop
  endfacet
  facet normal -0.292052 -0.956403 0
    outer loop
      vertex 13.8297 40.5766 0
      vertex 13.8297 40.5766 3
      vertex 11.1958 41.3809 0
    endloop
  endfacet
  facet normal -0.292052 -0.956403 -0
    outer loop
      vertex 11.1958 41.3809 3
      vertex 11.1958 41.3809 0
      vertex 13.8297 40.5766 3
    endloop
  endfacet
  facet normal -0.353134 -0.935573 0
    outer loop
      vertex 16.3887 39.6107 0
      vertex 16.3887 39.6107 3
      vertex 13.8297 40.5766 0
    endloop
  endfacet
  facet normal -0.353134 -0.935573 -0
    outer loop
      vertex 13.8297 40.5766 3
      vertex 13.8297 40.5766 0
      vertex 16.3887 39.6107 3
    endloop
  endfacet
  facet normal -0.412235 -0.911078 0
    outer loop
      vertex 18.8671 38.4893 0
      vertex 18.8671 38.4893 3
      vertex 16.3887 39.6107 0
    endloop
  endfacet
  facet normal -0.412235 -0.911078 -0
    outer loop
      vertex 16.3887 39.6107 3
      vertex 16.3887 39.6107 0
      vertex 18.8671 38.4893 3
    endloop
  endfacet
  facet normal -0.469171 -0.883107 0
    outer loop
      vertex 21.2589 37.2186 0
      vertex 21.2589 37.2186 3
      vertex 18.8671 38.4893 0
    endloop
  endfacet
  facet normal -0.469171 -0.883107 -0
    outer loop
      vertex 18.8671 38.4893 3
      vertex 18.8671 38.4893 0
      vertex 21.2589 37.2186 3
    endloop
  endfacet
  facet normal -0.890734 0.454524 0
    outer loop
      vertex 20.8221 36.3626 0
      vertex 20.8221 36.3626 3
      vertex 21.2589 37.2186 0
    endloop
  endfacet
  facet normal -0.890734 0.454524 0
    outer loop
      vertex 21.2589 37.2186 3
      vertex 21.2589 37.2186 0
      vertex 20.8221 36.3626 3
    endloop
  endfacet
  facet normal -0.916564 0.399888 0
    outer loop
      vertex 20.441 35.4891 0
      vertex 20.441 35.4891 3
      vertex 20.8221 36.3626 0
    endloop
  endfacet
  facet normal -0.916564 0.399888 0
    outer loop
      vertex 20.8221 36.3626 3
      vertex 20.8221 36.3626 0
      vertex 20.441 35.4891 3
    endloop
  endfacet
  facet normal -0.939289 0.343128 0
    outer loop
      vertex 20.1169 34.6019 0
      vertex 20.1169 34.6019 3
      vertex 20.441 35.4891 0
    endloop
  endfacet
  facet normal -0.939289 0.343128 0
    outer loop
      vertex 20.441 35.4891 3
      vertex 20.441 35.4891 0
      vertex 20.1169 34.6019 3
    endloop
  endfacet
  facet normal -0.958771 0.284179 0
    outer loop
      vertex 19.851 33.7048 0
      vertex 19.851 33.7048 3
      vertex 20.1169 34.6019 0
    endloop
  endfacet
  facet normal -0.958771 0.284179 0
    outer loop
      vertex 20.1169 34.6019 3
      vertex 20.1169 34.6019 0
      vertex 19.851 33.7048 3
    endloop
  endfacet
  facet normal -0.974875 0.222754 0
    outer loop
      vertex 19.6446 32.8015 0
      vertex 19.6446 32.8015 3
      vertex 19.851 33.7048 0
    endloop
  endfacet
  facet normal -0.974875 0.222754 0
    outer loop
      vertex 19.851 33.7048 3
      vertex 19.851 33.7048 0
      vertex 19.6446 32.8015 3
    endloop
  endfacet
  facet normal -0.987284 0.158968 0
    outer loop
      vertex 19.4988 31.896 0
      vertex 19.4988 31.896 3
      vertex 19.6446 32.8015 0
    endloop
  endfacet
  facet normal -0.987284 0.158968 0
    outer loop
      vertex 19.6446 32.8015 3
      vertex 19.6446 32.8015 0
      vertex 19.4988 31.896 3
    endloop
  endfacet
  facet normal -0.995732 0.0922933 0
    outer loop
      vertex 19.415 30.9919 0
      vertex 19.415 30.9919 3
      vertex 19.4988 31.896 0
    endloop
  endfacet
  facet normal -0.995732 0.0922933 0
    outer loop
      vertex 19.4988 31.896 3
      vertex 19.4988 31.896 0
      vertex 19.415 30.9919 3
    endloop
  endfacet
  facet normal -0.999732 0.0231358 0
    outer loop
      vertex 19.3942 30.0931 0
      vertex 19.3942 30.0931 3
      vertex 19.415 30.9919 0
    endloop
  endfacet
  facet normal -0.999732 0.0231358 0
    outer loop
      vertex 19.415 30.9919 3
      vertex 19.415 30.9919 0
      vertex 19.3942 30.0931 3
    endloop
  endfacet
  facet normal -0.998703 -0.0509079 0
    outer loop
      vertex 19.4413 29.1691 0
      vertex 19.4413 29.1691 3
      vertex 19.3942 30.0931 0
    endloop
  endfacet
  facet normal -0.998703 -0.0509079 -0
    outer loop
      vertex 19.3942 30.0931 3
      vertex 19.3942 30.0931 0
      vertex 19.4413 29.1691 3
    endloop
  endfacet
  facet normal -0.991741 -0.128259 0
    outer loop
      vertex 19.5586 28.2621 0
      vertex 19.5586 28.2621 3
      vertex 19.4413 29.1691 0
    endloop
  endfacet
  facet normal -0.991741 -0.128259 -0
    outer loop
      vertex 19.4413 29.1691 3
      vertex 19.4413 29.1691 0
      vertex 19.5586 28.2621 3
    endloop
  endfacet
  facet normal -0.978742 -0.205097 0
    outer loop
      vertex 19.7442 27.3764 0
      vertex 19.7442 27.3764 3
      vertex 19.5586 28.2621 0
    endloop
  endfacet
  facet normal -0.978742 -0.205097 -0
    outer loop
      vertex 19.5586 28.2621 3
      vertex 19.5586 28.2621 0
      vertex 19.7442 27.3764 3
    endloop
  endfacet
  facet normal -0.959433 -0.281937 0
    outer loop
      vertex 19.9968 26.5168 0
      vertex 19.9968 26.5168 3
      vertex 19.7442 27.3764 0
    endloop
  endfacet
  facet normal -0.959433 -0.281937 -0
    outer loop
      vertex 19.7442 27.3764 3
      vertex 19.7442 27.3764 0
      vertex 19.9968 26.5168 3
    endloop
  endfacet
  facet normal -0.93383 -0.357718 0
    outer loop
      vertex 20.3144 25.6877 0
      vertex 20.3144 25.6877 3
      vertex 19.9968 26.5168 0
    endloop
  endfacet
  facet normal -0.93383 -0.357718 -0
    outer loop
      vertex 19.9968 26.5168 3
      vertex 19.9968 26.5168 0
      vertex 20.3144 25.6877 3
    endloop
  endfacet
  facet normal -0.901465 -0.432853 0
    outer loop
      vertex 20.6957 24.8936 0
      vertex 20.6957 24.8936 3
      vertex 20.3144 25.6877 0
    endloop
  endfacet
  facet normal -0.901465 -0.432853 -0
    outer loop
      vertex 20.3144 25.6877 3
      vertex 20.3144 25.6877 0
      vertex 20.6957 24.8936 3
    endloop
  endfacet
  facet normal -0.862245 -0.506491 0
    outer loop
      vertex 21.1389 24.1391 0
      vertex 21.1389 24.1391 3
      vertex 20.6957 24.8936 0
    endloop
  endfacet
  facet normal -0.862245 -0.506491 -0
    outer loop
      vertex 20.6957 24.8936 3
      vertex 20.6957 24.8936 0
      vertex 21.1389 24.1391 3
    endloop
  endfacet
  facet normal -0.815862 -0.578247 0
    outer loop
      vertex 21.6424 23.4287 0
      vertex 21.6424 23.4287 3
      vertex 21.1389 24.1391 0
    endloop
  endfacet
  facet normal -0.815862 -0.578247 -0
    outer loop
      vertex 21.1389 24.1391 3
      vertex 21.1389 24.1391 0
      vertex 21.6424 23.4287 3
    endloop
  endfacet
  facet normal -0.707095 0.707118 0
    outer loop
      vertex 18.553 20.3394 0
      vertex 18.553 20.3394 3
      vertex 21.6424 23.4287 0
    endloop
  endfacet
  facet normal -0.707095 0.707118 0
    outer loop
      vertex 21.6424 23.4287 3
      vertex 21.6424 23.4287 0
      vertex 18.553 20.3394 3
    endloop
  endfacet
  facet normal 0.707107 0.707107 -0
    outer loop
      vertex 13.8266 25.0658 0
      vertex 13.8266 25.0658 3
      vertex 18.553 20.3394 0
    endloop
  endfacet
  facet normal 0.707107 0.707107 0
    outer loop
      vertex 18.553 20.3394 3
      vertex 18.553 20.3394 0
      vertex 13.8266 25.0658 3
    endloop
  endfacet
  facet normal -0.707107 0.707107 0
    outer loop
      vertex 12.0233 23.2625 0
      vertex 12.0233 23.2625 3
      vertex 13.8266 25.0658 0
    endloop
  endfacet
  facet normal -0.707107 0.707107 0
    outer loop
      vertex 13.8266 25.0658 3
      vertex 13.8266 25.0658 0
      vertex 12.0233 23.2625 3
    endloop
  endfacet
  facet normal -0.707107 -0.707107 0
    outer loop
      vertex 16.7497 18.5361 0
      vertex 16.7497 18.5361 3
      vertex 12.0233 23.2625 0
    endloop
  endfacet
  facet normal -0.707107 -0.707107 -0
    outer loop
      vertex 12.0233 23.2625 3
      vertex 12.0233 23.2625 0
      vertex 16.7497 18.5361 3
    endloop
  endfacet
  facet normal -0.707107 0.707107 0
    outer loop
      vertex 15.1612 16.9476 0
      vertex 15.1612 16.9476 3
      vertex 16.7497 18.5361 0
    endloop
  endfacet
  facet normal -0.707107 0.707107 0
    outer loop
      vertex 16.7497 18.5361 3
      vertex 16.7497 18.5361 0
      vertex 15.1612 16.9476 3
    endloop
  endfacet
  facet normal 0.707009 0.707205 -0
    outer loop
      vertex 11.5528 20.555 0
      vertex 11.5528 20.555 3
      vertex 15.1612 16.9476 0
    endloop
  endfacet
  facet normal 0.707009 0.707205 0
    outer loop
      vertex 15.1612 16.9476 3
      vertex 15.1612 16.9476 0
      vertex 11.5528 20.555 3
    endloop
  endfacet
  facet normal -0.70713 0.707083 0
    outer loop
      vertex 9.74962 18.7517 0
      vertex 9.74962 18.7517 3
      vertex 11.5528 20.555 0
    endloop
  endfacet
  facet normal -0.70713 0.707083 0
    outer loop
      vertex 11.5528 20.555 3
      vertex 11.5528 20.555 0
      vertex 9.74962 18.7517 3
    endloop
  endfacet
  facet normal -0.707119 -0.707095 0
    outer loop
      vertex 13.357 15.1442 0
      vertex 13.357 15.1442 3
      vertex 9.74962 18.7517 0
    endloop
  endfacet
  facet normal -0.707119 -0.707095 -0
    outer loop
      vertex 9.74962 18.7517 3
      vertex 9.74962 18.7517 0
      vertex 13.357 15.1442 3
    endloop
  endfacet
  facet normal -0.707129 0.707085 0
    outer loop
      vertex 11.7685 13.5556 0
      vertex 11.7685 13.5556 3
      vertex 13.357 15.1442 0
    endloop
  endfacet
  facet normal -0.707129 0.707085 0
    outer loop
      vertex 13.357 15.1442 3
      vertex 13.357 15.1442 0
      vertex 11.7685 13.5556 3
    endloop
  endfacet
  facet normal 0.707112 0.707101 -0
    outer loop
      vertex 9.27914 16.045 0
      vertex 9.27914 16.045 3
      vertex 11.7685 13.5556 0
    endloop
  endfacet
  facet normal 0.707112 0.707101 0
    outer loop
      vertex 11.7685 13.5556 3
      vertex 11.7685 13.5556 0
      vertex 9.27914 16.045 3
    endloop
  endfacet
  facet normal -0.707105 0.707109 0
    outer loop
      vertex 7.47583 14.2417 0
      vertex 7.47583 14.2417 3
      vertex 9.27914 16.045 0
    endloop
  endfacet
  facet normal -0.707105 0.707109 0
    outer loop
      vertex 9.27914 16.045 3
      vertex 9.27914 16.045 0
      vertex 7.47583 14.2417 3
    endloop
  endfacet
  facet normal -0.707095 -0.707118 0
    outer loop
      vertex 9.96521 11.7524 0
      vertex 9.96521 11.7524 3
      vertex 7.47583 14.2417 0
    endloop
  endfacet
  facet normal -0.707095 -0.707118 -0
    outer loop
      vertex 7.47583 14.2417 3
      vertex 7.47583 14.2417 0
      vertex 9.96521 11.7524 3
    endloop
  endfacet
  facet normal -0.707182 0.707032 0
    outer loop
      vertex 6.1591 7.94548 0
      vertex 6.1591 7.94548 3
      vertex 9.96521 11.7524 0
    endloop
  endfacet
  facet normal -0.707182 0.707032 0
    outer loop
      vertex 9.96521 11.7524 3
      vertex 9.96521 11.7524 0
      vertex 6.1591 7.94548 3
    endloop
  endfacet
  facet normal 0.559825 0.828611 -0
    outer loop
      vertex 5.03656 8.70389 0
      vertex 5.03656 8.70389 3
      vertex 6.1591 7.94548 0
    endloop
  endfacet
  facet normal 0.559825 0.828611 0
    outer loop
      vertex 6.1591 7.94548 3
      vertex 6.1591 7.94548 0
      vertex 5.03656 8.70389 3
    endloop
  endfacet
  facet normal 0.707127 -0.707087 0
    outer loop
      vertex -7.71933 14.0747 0
      vertex -7.71933 14.0747 3
      vertex -10.0442 11.7497 0
    endloop
  endfacet
  facet normal 0.707127 -0.707087 0
    outer loop
      vertex -10.0442 11.7497 3
      vertex -10.0442 11.7497 0
      vertex -7.71933 14.0747 3
    endloop
  endfacet
  facet normal 0.707105 0.707109 -0
    outer loop
      vertex -9.52264 15.878 0
      vertex -9.52264 15.878 3
      vertex -7.71933 14.0747 0
    endloop
  endfacet
  facet normal 0.707105 0.707109 0
    outer loop
      vertex -7.71933 14.0747 3
      vertex -7.71933 14.0747 0
      vertex -9.52264 15.878 3
    endloop
  endfacet
  facet normal -0.707098 0.707116 0
    outer loop
      vertex -11.8476 13.5531 0
      vertex -11.8476 13.5531 3
      vertex -9.52264 15.878 0
    endloop
  endfacet
  facet normal -0.707098 0.707116 0
    outer loop
      vertex -9.52264 15.878 3
      vertex -9.52264 15.878 0
      vertex -11.8476 13.5531 3
    endloop
  endfacet
  facet normal 0.707107 0.707107 -0
    outer loop
      vertex -13.4361 15.1416 0
      vertex -13.4361 15.1416 3
      vertex -11.8476 13.5531 0
    endloop
  endfacet
  facet normal 0.707107 0.707107 0
    outer loop
      vertex -11.8476 13.5531 3
      vertex -11.8476 13.5531 0
      vertex -13.4361 15.1416 3
    endloop
  endfacet
  facet normal 0.707109 -0.707105 0
    outer loop
      vertex -9.91042 18.6673 0
      vertex -9.91042 18.6673 3
      vertex -13.4361 15.1416 0
    endloop
  endfacet
  facet normal 0.707109 -0.707105 0
    outer loop
      vertex -13.4361 15.1416 3
      vertex -13.4361 15.1416 0
      vertex -9.91042 18.6673 3
    endloop
  endfacet
  facet normal 0.707111 0.707103 -0
    outer loop
      vertex -11.7137 20.4706 0
      vertex -11.7137 20.4706 3
      vertex -9.91042 18.6673 0
    endloop
  endfacet
  facet normal 0.707111 0.707103 0
    outer loop
      vertex -9.91042 18.6673 3
      vertex -9.91042 18.6673 0
      vertex -11.7137 20.4706 3
    endloop
  endfacet
  facet normal -0.707107 0.707107 0
    outer loop
      vertex -15.2394 16.9449 0
      vertex -15.2394 16.9449 3
      vertex -11.7137 20.4706 0
    endloop
  endfacet
  facet normal -0.707107 0.707107 0
    outer loop
      vertex -11.7137 20.4706 3
      vertex -11.7137 20.4706 0
      vertex -15.2394 16.9449 3
    endloop
  endfacet
  facet normal 0.707129 0.707085 -0
    outer loop
      vertex -16.828 18.5336 0
      vertex -16.828 18.5336 3
      vertex -15.2394 16.9449 0
    endloop
  endfacet
  facet normal 0.707129 0.707085 0
    outer loop
      vertex -15.2394 16.9449 3
      vertex -15.2394 16.9449 0
      vertex -16.828 18.5336 3
    endloop
  endfacet
  facet normal 0.707099 -0.707114 0
    outer loop
      vertex -12.1015 23.26 0
      vertex -12.1015 23.26 3
      vertex -16.828 18.5336 0
    endloop
  endfacet
  facet normal 0.707099 -0.707114 0
    outer loop
      vertex -16.828 18.5336 3
      vertex -16.828 18.5336 0
      vertex -12.1015 23.26 3
    endloop
  endfacet
  facet normal 0.707107 0.707107 -0
    outer loop
      vertex -13.9048 25.0633 0
      vertex -13.9048 25.0633 3
      vertex -12.1015 23.26 0
    endloop
  endfacet
  facet normal 0.707107 0.707107 0
    outer loop
      vertex -12.1015 23.26 3
      vertex -12.1015 23.26 0
      vertex -13.9048 25.0633 3
    endloop
  endfacet
  facet normal -0.707099 0.707114 0
    outer loop
      vertex -18.6313 20.3369 0
      vertex -18.6313 20.3369 3
      vertex -13.9048 25.0633 0
    endloop
  endfacet
  facet normal -0.707099 0.707114 0
    outer loop
      vertex -13.9048 25.0633 3
      vertex -13.9048 25.0633 0
      vertex -18.6313 20.3369 3
    endloop
  endfacet
  facet normal 0.707095 0.707118 -0
    outer loop
      vertex -21.7257 23.4312 0
      vertex -21.7257 23.4312 3
      vertex -18.6313 20.3369 0
    endloop
  endfacet
  facet normal 0.707095 0.707118 0
    outer loop
      vertex -18.6313 20.3369 3
      vertex -18.6313 20.3369 0
      vertex -21.7257 23.4312 3
    endloop
  endfacet
  facet normal 0.820183 -0.572102 0
    outer loop
      vertex -21.2202 24.1559 0
      vertex -21.2202 24.1559 3
      vertex -21.7257 23.4312 0
    endloop
  endfacet
  facet normal 0.820183 -0.572102 0
    outer loop
      vertex -21.7257 23.4312 3
      vertex -21.7257 23.4312 0
      vertex -21.2202 24.1559 3
    endloop
  endfacet
  facet normal 0.866575 -0.499046 0
    outer loop
      vertex -20.777 24.9255 0
      vertex -20.777 24.9255 3
      vertex -21.2202 24.1559 0
    endloop
  endfacet
  facet normal 0.866575 -0.499046 0
    outer loop
      vertex -21.2202 24.1559 3
      vertex -21.2202 24.1559 0
      vertex -20.777 24.9255 3
    endloop
  endfacet
  facet normal 0.905688 -0.423944 0
    outer loop
      vertex -20.3978 25.7356 0
      vertex -20.3978 25.7356 3
      vertex -20.777 24.9255 0
    endloop
  endfacet
  facet normal 0.905688 -0.423944 0
    outer loop
      vertex -20.777 24.9255 3
      vertex -20.777 24.9255 0
      vertex -20.3978 25.7356 3
    endloop
  endfacet
  facet normal 0.937698 -0.347452 0
    outer loop
      vertex -20.0844 26.5814 0
      vertex -20.0844 26.5814 3
      vertex -20.3978 25.7356 0
    endloop
  endfacet
  facet normal 0.937698 -0.347452 0
    outer loop
      vertex -20.3978 25.7356 3
      vertex -20.3978 25.7356 0
      vertex -20.0844 26.5814 3
    endloop
  endfacet
  facet normal 0.962838 -0.270078 0
    outer loop
      vertex -19.8384 27.4584 0
      vertex -19.8384 27.4584 3
      vertex -20.0844 26.5814 0
    endloop
  endfacet
  facet normal 0.962838 -0.270078 0
    outer loop
      vertex -20.0844 26.5814 3
      vertex -20.0844 26.5814 0
      vertex -19.8384 27.4584 3
    endloop
  endfacet
  facet normal 0.98128 -0.192585 0
    outer loop
      vertex -19.6611 28.3618 0
      vertex -19.6611 28.3618 3
      vertex -19.8384 27.4584 0
    endloop
  endfacet
  facet normal 0.98128 -0.192585 0
    outer loop
      vertex -19.8384 27.4584 3
      vertex -19.8384 27.4584 0
      vertex -19.6611 28.3618 3
    endloop
  endfacet
  facet normal 0.99344 -0.114355 0
    outer loop
      vertex -19.5546 29.287 0
      vertex -19.5546 29.287 3
      vertex -19.6611 28.3618 0
    endloop
  endfacet
  facet normal 0.99344 -0.114355 0
    outer loop
      vertex -19.6611 28.3618 3
      vertex -19.6611 28.3618 0
      vertex -19.5546 29.287 3
    endloop
  endfacet
  facet normal 0.999334 -0.0364783 0
    outer loop
      vertex -19.5202 30.2294 0
      vertex -19.5202 30.2294 3
      vertex -19.5546 29.287 0
    endloop
  endfacet
  facet normal 0.999334 -0.0364783 0
    outer loop
      vertex -19.5546 29.287 3
      vertex -19.5546 29.287 0
      vertex -19.5202 30.2294 3
    endloop
  endfacet
  facet normal 0.999328 0.0366549 -0
    outer loop
      vertex -19.5525 31.11 0
      vertex -19.5525 31.11 3
      vertex -19.5202 30.2294 0
    endloop
  endfacet
  facet normal 0.999328 0.0366549 0
    outer loop
      vertex -19.5202 30.2294 3
      vertex -19.5202 30.2294 0
      vertex -19.5525 31.11 3
    endloop
  endfacet
  facet normal 0.994606 0.103724 -0
    outer loop
      vertex -19.6447 31.9941 0
      vertex -19.6447 31.9941 3
      vertex -19.5525 31.11 0
    endloop
  endfacet
  facet normal 0.994606 0.103724 0
    outer loop
      vertex -19.5525 31.11 3
      vertex -19.5525 31.11 0
      vertex -19.6447 31.9941 3
    endloop
  endfacet
  facet normal 0.985695 0.168537 -0
    outer loop
      vertex -19.7959 32.8784 0
      vertex -19.7959 32.8784 3
      vertex -19.6447 31.9941 0
    endloop
  endfacet
  facet normal 0.985695 0.168537 0
    outer loop
      vertex -19.6447 31.9941 3
      vertex -19.6447 31.9941 0
      vertex -19.7959 32.8784 3
    endloop
  endfacet
  facet normal 0.973026 0.230695 -0
    outer loop
      vertex -20.0048 33.7595 0
      vertex -20.0048 33.7595 3
      vertex -19.7959 32.8784 0
    endloop
  endfacet
  facet normal 0.973026 0.230695 0
    outer loop
      vertex -19.7959 32.8784 3
      vertex -19.7959 32.8784 0
      vertex -20.0048 33.7595 3
    endloop
  endfacet
  facet normal 0.956891 0.290448 -0
    outer loop
      vertex -20.2703 34.6342 0
      vertex -20.2703 34.6342 3
      vertex -20.0048 33.7595 0
    endloop
  endfacet
  facet normal 0.956891 0.290448 0
    outer loop
      vertex -20.0048 33.7595 3
      vertex -20.0048 33.7595 0
      vertex -20.2703 34.6342 3
    endloop
  endfacet
  facet normal 0.937535 0.34789 -0
    outer loop
      vertex -20.5912 35.499 0
      vertex -20.5912 35.499 3
      vertex -20.2703 34.6342 0
    endloop
  endfacet
  facet normal 0.937535 0.34789 0
    outer loop
      vertex -20.2703 34.6342 3
      vertex -20.2703 34.6342 0
      vertex -20.5912 35.499 3
    endloop
  endfacet
  facet normal 0.915044 0.403354 -0
    outer loop
      vertex -20.9665 36.3504 0
      vertex -20.9665 36.3504 3
      vertex -20.5912 35.499 0
    endloop
  endfacet
  facet normal 0.915044 0.403354 0
    outer loop
      vertex -20.5912 35.499 3
      vertex -20.5912 35.499 0
      vertex -20.9665 36.3504 3
    endloop
  endfacet
  facet normal 0.889647 0.45665 -0
    outer loop
      vertex -21.3951 37.1854 0
      vertex -21.3951 37.1854 3
      vertex -20.9665 36.3504 0
    endloop
  endfacet
  facet normal 0.889647 0.45665 0
    outer loop
      vertex -20.9665 36.3504 3
      vertex -20.9665 36.3504 0
      vertex -21.3951 37.1854 3
    endloop
  endfacet
  facet normal 0.470584 -0.882355 0
    outer loop
      vertex -19.0052 38.46 0
      vertex -19.0052 38.46 3
      vertex -21.3951 37.1854 0
    endloop
  endfacet
  facet normal 0.470584 -0.882355 0
    outer loop
      vertex -21.3951 37.1854 3
      vertex -21.3951 37.1854 0
      vertex -19.0052 38.46 3
    endloop
  endfacet
  facet normal 0.413642 -0.910439 0
    outer loop
      vertex -16.5286 39.5852 0
      vertex -16.5286 39.5852 3
      vertex -19.0052 38.46 0
    endloop
  endfacet
  facet normal 0.413642 -0.910439 0
    outer loop
      vertex -19.0052 38.46 3
      vertex -19.0052 38.46 0
      vertex -16.5286 39.5852 3
    endloop
  endfacet
  facet normal 0.354607 -0.935016 0
    outer loop
      vertex -13.9712 40.5551 0
      vertex -13.9712 40.5551 3
      vertex -16.5286 39.5852 0
    endloop
  endfacet
  facet normal 0.354607 -0.935016 0
    outer loop
      vertex -16.5286 39.5852 3
      vertex -16.5286 39.5852 0
      vertex -13.9712 40.5551 3
    endloop
  endfacet
  facet normal 0.293688 -0.955901 0
    outer loop
      vertex -11.3387 41.3639 0
      vertex -11.3387 41.3639 3
      vertex -13.9712 40.5551 0
    endloop
  endfacet
  facet normal 0.293688 -0.955901 0
    outer loop
      vertex -13.9712 40.5551 3
      vertex -13.9712 40.5551 0
      vertex -11.3387 41.3639 3
    endloop
  endfacet
  facet normal -0.951373 -0.308042 0
    outer loop
      vertex -11.0425 40.4491 0
      vertex -11.0425 40.4491 3
      vertex -11.3387 41.3639 0
    endloop
  endfacet
  facet normal -0.951373 -0.308042 -0
    outer loop
      vertex -11.3387 41.3639 3
      vertex -11.3387 41.3639 0
      vertex -11.0425 40.4491 3
    endloop
  endfacet
  facet normal -0.93093 -0.365198 0
    outer loop
      vertex -10.6943 39.5615 0
      vertex -10.6943 39.5615 3
      vertex -11.0425 40.4491 0
    endloop
  endfacet
  facet normal -0.93093 -0.365198 -0
    outer loop
      vertex -11.0425 40.4491 3
      vertex -11.0425 40.4491 0
      vertex -10.6943 39.5615 3
    endloop
  endfacet
  facet normal -0.906844 -0.421466 0
    outer loop
      vertex -10.296 38.7045 0
      vertex -10.296 38.7045 3
      vertex -10.6943 39.5615 0
    endloop
  endfacet
  facet normal -0.906844 -0.421466 -0
    outer loop
      vertex -10.6943 39.5615 3
      vertex -10.6943 39.5615 0
      vertex -10.296 38.7045 3
    endloop
  endfacet
  facet normal -0.878899 -0.477007 0
    outer loop
      vertex -9.84944 37.8817 0
      vertex -9.84944 37.8817 3
      vertex -10.296 38.7045 0
    endloop
  endfacet
  facet normal -0.878899 -0.477007 -0
    outer loop
      vertex -10.296 38.7045 3
      vertex -10.296 38.7045 0
      vertex -9.84944 37.8817 3
    endloop
  endfacet
  facet normal -0.846819 -0.531881 0
    outer loop
      vertex -9.35645 37.0968 0
      vertex -9.35645 37.0968 3
      vertex -9.84944 37.8817 0
    endloop
  endfacet
  facet normal -0.846819 -0.531881 -0
    outer loop
      vertex -9.84944 37.8817 3
      vertex -9.84944 37.8817 0
      vertex -9.35645 37.0968 3
    endloop
  endfacet
  facet normal -0.810522 -0.585708 0
    outer loop
      vertex -8.81903 36.3531 0
      vertex -8.81903 36.3531 3
      vertex -9.35645 37.0968 0
    endloop
  endfacet
  facet normal -0.810522 -0.585708 -0
    outer loop
      vertex -9.35645 37.0968 3
      vertex -9.35645 37.0968 0
      vertex -8.81903 36.3531 3
    endloop
  endfacet
  facet normal -0.769463 -0.638691 0
    outer loop
      vertex -8.23891 35.6542 0
      vertex -8.23891 35.6542 3
      vertex -8.81903 36.3531 0
    endloop
  endfacet
  facet normal -0.769463 -0.638691 -0
    outer loop
      vertex -8.81903 36.3531 3
      vertex -8.81903 36.3531 0
      vertex -8.23891 35.6542 3
    endloop
  endfacet
  facet normal -0.723357 -0.690475 0
    outer loop
      vertex -7.61798 35.0037 0
      vertex -7.61798 35.0037 3
      vertex -8.23891 35.6542 0
    endloop
  endfacet
  facet normal -0.723357 -0.690475 -0
    outer loop
      vertex -8.23891 35.6542 3
      vertex -8.23891 35.6542 0
      vertex -7.61798 35.0037 3
    endloop
  endfacet
  facet normal -0.670239 -0.742145 0
    outer loop
      vertex -6.9308 34.3831 0
      vertex -6.9308 34.3831 3
      vertex -7.61798 35.0037 0
    endloop
  endfacet
  facet normal -0.670239 -0.742145 -0
    outer loop
      vertex -7.61798 35.0037 3
      vertex -7.61798 35.0037 0
      vertex -6.9308 34.3831 3
    endloop
  endfacet
  facet normal -0.610809 -0.791778 0
    outer loop
      vertex -6.20618 33.8241 0
      vertex -6.20618 33.8241 3
      vertex -6.9308 34.3831 0
    endloop
  endfacet
  facet normal -0.610809 -0.791778 -0
    outer loop
      vertex -6.9308 34.3831 3
      vertex -6.9308 34.3831 0
      vertex -6.20618 33.8241 3
    endloop
  endfacet
  facet normal -0.547208 -0.836997 0
    outer loop
      vertex -5.44858 33.3288 0
      vertex -5.44858 33.3288 3
      vertex -6.20618 33.8241 0
    endloop
  endfacet
  facet normal -0.547208 -0.836997 -0
    outer loop
      vertex -6.20618 33.8241 3
      vertex -6.20618 33.8241 0
      vertex -5.44858 33.3288 3
    endloop
  endfacet
  facet normal -0.479459 -0.877564 0
    outer loop
      vertex -4.66209 32.8991 0
      vertex -4.66209 32.8991 3
      vertex -5.44858 33.3288 0
    endloop
  endfacet
  facet normal -0.479459 -0.877564 -0
    outer loop
      vertex -5.44858 33.3288 3
      vertex -5.44858 33.3288 0
      vertex -4.66209 32.8991 3
    endloop
  endfacet
  facet normal -0.40757 -0.913174 0
    outer loop
      vertex -3.85124 32.5372 0
      vertex -3.85124 32.5372 3
      vertex -4.66209 32.8991 0
    endloop
  endfacet
  facet normal -0.40757 -0.913174 -0
    outer loop
      vertex -4.66209 32.8991 3
      vertex -4.66209 32.8991 0
      vertex -3.85124 32.5372 3
    endloop
  endfacet
  facet normal -0.331668 -0.943396 0
    outer loop
      vertex -3.02039 32.2451 0
      vertex -3.02039 32.2451 3
      vertex -3.85124 32.5372 0
    endloop
  endfacet
  facet normal -0.331668 -0.943396 -0
    outer loop
      vertex -3.85124 32.5372 3
      vertex -3.85124 32.5372 0
      vertex -3.02039 32.2451 3
    endloop
  endfacet
  facet normal -0.251811 -0.967776 0
    outer loop
      vertex -2.17372 32.0248 0
      vertex -2.17372 32.0248 3
      vertex -3.02039 32.2451 0
    endloop
  endfacet
  facet normal -0.251811 -0.967776 -0
    outer loop
      vertex -3.02039 32.2451 3
      vertex -3.02039 32.2451 0
      vertex -2.17372 32.0248 3
    endloop
  endfacet
  facet normal -0.167971 -0.985792 0
    outer loop
      vertex -1.3157 31.8786 0
      vertex -1.3157 31.8786 3
      vertex -2.17372 32.0248 0
    endloop
  endfacet
  facet normal -0.167971 -0.985792 -0
    outer loop
      vertex -2.17372 32.0248 3
      vertex -2.17372 32.0248 0
      vertex -1.3157 31.8786 3
    endloop
  endfacet
  facet normal -1 0 0
    outer loop
      vertex -1.3157 27.5117 0
      vertex -1.3157 27.5117 3
      vertex -1.3157 31.8786 0
    endloop
  endfacet
  facet normal -1 -0 -0
    outer loop
      vertex -1.3157 31.8786 3
      vertex -1.3157 31.8786 0
      vertex -1.3157 27.5117 3
    endloop
  endfacet
  facet normal 0 1 0
    outer loop
      vertex -7.99976 27.5117 0
      vertex -7.99976 27.5117 3
      vertex -1.3157 27.5117 0
    endloop
  endfacet
  facet normal 0 1 0
    outer loop
      vertex -1.3157 27.5117 3
      vertex -1.3157 27.5117 0
      vertex -7.99976 27.5117 3
    endloop
  endfacet
  facet normal -1 0 0
    outer loop
      vertex -7.99976 24.961 0
      vertex -7.99976 24.961 3
      vertex -7.99976 27.5117 0
    endloop
  endfacet
  facet normal -1 -0 -0
    outer loop
      vertex -7.99976 27.5117 3
      vertex -7.99976 27.5117 0
      vertex -7.99976 24.961 3
    endloop
  endfacet
  facet normal 0 -1 0
    outer loop
      vertex -1.3157 24.961 0
      vertex -1.3157 24.961 3
      vertex -7.99976 24.961 0
    endloop
  endfacet
  facet normal 0 -1 0
    outer loop
      vertex -7.99976 24.961 3
      vertex -7.99976 24.961 0
      vertex -1.3157 24.961 3
    endloop
  endfacet
  facet normal -1 0 0
    outer loop
      vertex -1.3157 22.7145 0
      vertex -1.3157 22.7145 3
      vertex -1.3157 24.961 0
    endloop
  endfacet
  facet normal -1 -0 -0
    outer loop
      vertex -1.3157 24.961 3
      vertex -1.3157 24.961 0
      vertex -1.3157 22.7145 3
    endloop
  endfacet
  facet normal 0 1 0
    outer loop
      vertex -6.41803 22.7145 0
      vertex -6.41803 22.7145 3
      vertex -1.3157 22.7145 0
    endloop
  endfacet
  facet normal 0 1 0
    outer loop
      vertex -1.3157 22.7145 3
      vertex -1.3157 22.7145 0
      vertex -6.41803 22.7145 3
    endloop
  endfacet
  facet normal -1 0 0
    outer loop
      vertex -6.41803 20.1639 0
      vertex -6.41803 20.1639 3
      vertex -6.41803 22.7145 0
    endloop
  endfacet
  facet normal -1 -0 -0
    outer loop
      vertex -6.41803 22.7145 3
      vertex -6.41803 22.7145 0
      vertex -6.41803 20.1639 3
    endloop
  endfacet
  facet normal 0 -1 0
    outer loop
      vertex -1.3157 20.1639 0
      vertex -1.3157 20.1639 3
      vertex -6.41803 20.1639 0
    endloop
  endfacet
  facet normal 0 -1 0
    outer loop
      vertex -6.41803 20.1639 3
      vertex -6.41803 20.1639 0
      vertex -1.3157 20.1639 3
    endloop
  endfacet
  facet normal -1 0 0
    outer loop
      vertex -1.3157 17.9174 0
      vertex -1.3157 17.9174 3
      vertex -1.3157 20.1639 0
    endloop
  endfacet
  facet normal -1 -0 -0
    outer loop
      vertex -1.3157 20.1639 3
      vertex -1.3157 20.1639 0
      vertex -1.3157 17.9174 3
    endloop
  endfacet
  facet normal 0 1 0
    outer loop
      vertex -4.8363 17.9174 0
      vertex -4.8363 17.9174 3
      vertex -1.3157 17.9174 0
    endloop
  endfacet
  facet normal 0 1 0
    outer loop
      vertex -1.3157 17.9174 3
      vertex -1.3157 17.9174 0
      vertex -4.8363 17.9174 3
    endloop
  endfacet
  facet normal -1 0 0
    outer loop
      vertex -4.8363 15.3666 0
      vertex -4.8363 15.3666 3
      vertex -4.8363 17.9174 0
    endloop
  endfacet
  facet normal -1 -0 -0
    outer loop
      vertex -4.8363 17.9174 3
      vertex -4.8363 17.9174 0
      vertex -4.8363 15.3666 3
    endloop
  endfacet
  facet normal 0 -1 0
    outer loop
      vertex -1.3157 15.3666 0
      vertex -1.3157 15.3666 3
      vertex -4.8363 15.3666 0
    endloop
  endfacet
  facet normal 0 -1 0
    outer loop
      vertex -4.8363 15.3666 3
      vertex -4.8363 15.3666 0
      vertex -1.3157 15.3666 3
    endloop
  endfacet
  facet normal -1 0 0
    outer loop
      vertex -1.3157 9.98824 0
      vertex -1.3157 9.98824 3
      vertex -1.3157 15.3666 0
    endloop
  endfacet
  facet normal -1 -0 -0
    outer loop
      vertex -1.3157 15.3666 3
      vertex -1.3157 15.3666 0
      vertex -1.3157 9.98824 3
    endloop
  endfacet
  facet normal -0.191112 0.981568 0
    outer loop
      vertex -2.64143 9.73012 0
      vertex -2.64143 9.73012 3
      vertex -1.3157 9.98824 0
    endloop
  endfacet
  facet normal -0.191112 0.981568 0
    outer loop
      vertex -1.3157 9.98824 3
      vertex -1.3157 9.98824 0
      vertex -2.64143 9.73012 3
    endloop
  endfacet
  facet normal -0.320773 0.947156 0
    outer loop
      vertex -3.91252 9.29964 0
      vertex -3.91252 9.29964 3
      vertex -2.64143 9.73012 0
    endloop
  endfacet
  facet normal -0.320773 0.947156 0
    outer loop
      vertex -2.64143 9.73012 3
      vertex -2.64143 9.73012 0
      vertex -3.91252 9.29964 3
    endloop
  endfacet
  facet normal -0.444672 0.895693 0
    outer loop
      vertex -5.11581 8.70226 0
      vertex -5.11581 8.70226 3
      vertex -3.91252 9.29964 0
    endloop
  endfacet
  facet normal -0.444672 0.895693 0
    outer loop
      vertex -3.91252 9.29964 3
      vertex -3.91252 9.29964 0
      vertex -5.11581 8.70226 3
    endloop
  endfacet
  facet normal -0.559909 0.828554 0
    outer loop
      vertex -6.23824 7.94376 0
      vertex -6.23824 7.94376 3
      vertex -5.11581 8.70226 0
    endloop
  endfacet
  facet normal -0.559909 0.828554 0
    outer loop
      vertex -5.11581 8.70226 3
      vertex -5.11581 8.70226 0
      vertex -6.23824 7.94376 3
    endloop
  endfacet
  facet normal 0.707105 0.707109 -0
    outer loop
      vertex -10.0442 11.7497 0
      vertex -10.0442 11.7497 3
      vertex -6.23824 7.94376 0
    endloop
  endfacet
  facet normal 0.707105 0.707109 0
    outer loop
      vertex -6.23824 7.94376 3
      vertex -6.23824 7.94376 0
      vertex -10.0442 11.7497 3
    endloop
  endfacet
  facet normal 0.8795 0.475898 -0
    outer loop
      vertex 22.7908 26.3689 0
      vertex 22.7908 26.3689 3
      vertex 23.1015 25.7947 0
    endloop
  endfacet
  facet normal 0.8795 0.475898 0
    outer loop
      vertex 23.1015 25.7947 3
      vertex 23.1015 25.7947 0
      vertex 22.7908 26.3689 3
    endloop
  endfacet
  facet normal 0.915669 0.401934 -0
    outer loop
      vertex 22.528 26.9676 0
      vertex 22.528 26.9676 3
      vertex 22.7908 26.3689 0
    endloop
  endfacet
  facet normal 0.915669 0.401934 0
    outer loop
      vertex 22.7908 26.3689 3
      vertex 22.7908 26.3689 0
      vertex 22.528 26.9676 3
    endloop
  endfacet
  facet normal 0.944935 0.327257 -0
    outer loop
      vertex 22.313 27.5884 0
      vertex 22.313 27.5884 3
      vertex 22.528 26.9676 0
    endloop
  endfacet
  facet normal 0.944935 0.327257 0
    outer loop
      vertex 22.528 26.9676 3
      vertex 22.528 26.9676 0
      vertex 22.313 27.5884 3
    endloop
  endfacet
  facet normal 0.967576 0.252582 -0
    outer loop
      vertex 22.1458 28.2289 0
      vertex 22.1458 28.2289 3
      vertex 22.313 27.5884 0
    endloop
  endfacet
  facet normal 0.967576 0.252582 0
    outer loop
      vertex 22.313 27.5884 3
      vertex 22.313 27.5884 0
      vertex 22.1458 28.2289 3
    endloop
  endfacet
  facet normal 0.98387 0.178885 -0
    outer loop
      vertex 22.0262 28.8867 0
      vertex 22.0262 28.8867 3
      vertex 22.1458 28.2289 0
    endloop
  endfacet
  facet normal 0.98387 0.178885 0
    outer loop
      vertex 22.1458 28.2289 3
      vertex 22.1458 28.2289 0
      vertex 22.0262 28.8867 3
    endloop
  endfacet
  facet normal 0.994304 0.106585 -0
    outer loop
      vertex 21.9541 29.5593 0
      vertex 21.9541 29.5593 3
      vertex 22.0262 28.8867 0
    endloop
  endfacet
  facet normal 0.994304 0.106585 0
    outer loop
      vertex 22.0262 28.8867 3
      vertex 22.0262 28.8867 0
      vertex 21.9541 29.5593 3
    endloop
  endfacet
  facet normal 0.999361 0.0357331 -0
    outer loop
      vertex 21.9296 30.2445 0
      vertex 21.9296 30.2445 3
      vertex 21.9541 29.5593 0
    endloop
  endfacet
  facet normal 0.999361 0.0357331 0
    outer loop
      vertex 21.9541 29.5593 3
      vertex 21.9541 29.5593 0
      vertex 21.9296 30.2445 3
    endloop
  endfacet
  facet normal 0.99779 -0.066448 0
    outer loop
      vertex 22.0227 31.6425 0
      vertex 22.0227 31.6425 3
      vertex 21.9296 30.2445 0
    endloop
  endfacet
  facet normal 0.99779 -0.066448 0
    outer loop
      vertex 21.9296 30.2445 3
      vertex 21.9296 30.2445 0
      vertex 22.0227 31.6425 3
    endloop
  endfacet
  facet normal 0.98079 -0.195066 0
    outer loop
      vertex 22.3049 33.0614 0
      vertex 22.3049 33.0614 3
      vertex 22.0227 31.6425 0
    endloop
  endfacet
  facet normal 0.98079 -0.195066 0
    outer loop
      vertex 22.0227 31.6425 3
      vertex 22.0227 31.6425 0
      vertex 22.3049 33.0614 3
    endloop
  endfacet
  facet normal 0.949296 -0.314383 0
    outer loop
      vertex 22.7755 34.4824 0
      vertex 22.7755 34.4824 3
      vertex 22.3049 33.0614 0
    endloop
  endfacet
  facet normal 0.949296 -0.314383 0
    outer loop
      vertex 22.3049 33.0614 3
      vertex 22.3049 33.0614 0
      vertex 22.7755 34.4824 3
    endloop
  endfacet
  facet normal 0.905334 -0.4247 0
    outer loop
      vertex 23.4338 35.8857 0
      vertex 23.4338 35.8857 3
      vertex 22.7755 34.4824 0
    endloop
  endfacet
  facet normal 0.905334 -0.4247 0
    outer loop
      vertex 22.7755 34.4824 3
      vertex 22.7755 34.4824 0
      vertex 23.4338 35.8857 3
    endloop
  endfacet
  facet normal -0.565826 -0.824524 0
    outer loop
      vertex 25.0035 34.8085 0
      vertex 25.0035 34.8085 3
      vertex 23.4338 35.8857 0
    endloop
  endfacet
  facet normal -0.565826 -0.824524 -0
    outer loop
      vertex 23.4338 35.8857 3
      vertex 23.4338 35.8857 0
      vertex 25.0035 34.8085 3
    endloop
  endfacet
  facet normal -0.601766 -0.798673 0
    outer loop
      vertex 26.5221 33.6643 0
      vertex 26.5221 33.6643 3
      vertex 25.0035 34.8085 0
    endloop
  endfacet
  facet normal -0.601766 -0.798673 -0
    outer loop
      vertex 25.0035 34.8085 3
      vertex 25.0035 34.8085 0
      vertex 26.5221 33.6643 3
    endloop
  endfacet
  facet normal -0.636469 -0.771302 0
    outer loop
      vertex 27.9871 32.4554 0
      vertex 27.9871 32.4554 3
      vertex 26.5221 33.6643 0
    endloop
  endfacet
  facet normal -0.636469 -0.771302 -0
    outer loop
      vertex 26.5221 33.6643 3
      vertex 26.5221 33.6643 0
      vertex 27.9871 32.4554 3
    endloop
  endfacet
  facet normal -0.669741 -0.742594 0
    outer loop
      vertex 29.3968 31.184 0
      vertex 29.3968 31.184 3
      vertex 27.9871 32.4554 0
    endloop
  endfacet
  facet normal -0.669741 -0.742594 -0
    outer loop
      vertex 27.9871 32.4554 3
      vertex 27.9871 32.4554 0
      vertex 29.3968 31.184 3
    endloop
  endfacet
  facet normal -0.707107 0.707107 0
    outer loop
      vertex 23.4601 25.2473 0
      vertex 23.4601 25.2473 3
      vertex 29.3968 31.184 0
    endloop
  endfacet
  facet normal -0.707107 0.707107 0
    outer loop
      vertex 29.3968 31.184 3
      vertex 29.3968 31.184 0
      vertex 23.4601 25.2473 3
    endloop
  endfacet
  facet normal 0.83649 0.547982 -0
    outer loop
      vertex 23.1015 25.7947 0
      vertex 23.1015 25.7947 3
      vertex 23.4601 25.2473 0
    endloop
  endfacet
  facet normal 0.83649 0.547982 0
    outer loop
      vertex 23.4601 25.2473 3
      vertex 23.4601 25.2473 0
      vertex 23.1015 25.7947 3
    endloop
  endfacet
  facet normal 0.669901 -0.74245 0
    outer loop
      vertex -28.079 32.4418 0
      vertex -28.079 32.4418 3
      vertex -29.4759 31.1814 0
    endloop
  endfacet
  facet normal 0.669901 -0.74245 0
    outer loop
      vertex -29.4759 31.1814 3
      vertex -29.4759 31.1814 0
      vertex -28.079 32.4418 3
    endloop
  endfacet
  facet normal 0.636997 -0.770866 0
    outer loop
      vertex -26.6279 33.6409 0
      vertex -26.6279 33.6409 3
      vertex -28.079 32.4418 0
    endloop
  endfacet
  facet normal 0.636997 -0.770866 0
    outer loop
      vertex -28.079 32.4418 3
      vertex -28.079 32.4418 0
      vertex -26.6279 33.6409 3
    endloop
  endfacet
  facet normal 0.602697 -0.79797 0
    outer loop
      vertex -25.1245 34.7764 0
      vertex -25.1245 34.7764 3
      vertex -26.6279 33.6409 0
    endloop
  endfacet
  facet normal 0.602697 -0.79797 0
    outer loop
      vertex -26.6279 33.6409 3
      vertex -26.6279 33.6409 0
      vertex -25.1245 34.7764 3
    endloop
  endfacet
  facet normal 0.56726 -0.823539 0
    outer loop
      vertex -23.5708 35.8466 0
      vertex -23.5708 35.8466 3
      vertex -25.1245 34.7764 0
    endloop
  endfacet
  facet normal 0.56726 -0.823539 0
    outer loop
      vertex -25.1245 34.7764 3
      vertex -25.1245 34.7764 0
      vertex -23.5708 35.8466 3
    endloop
  endfacet
  facet normal -0.906476 -0.422258 0
    outer loop
      vertex -22.9261 34.4626 0
      vertex -22.9261 34.4626 3
      vertex -23.5708 35.8466 0
    endloop
  endfacet
  facet normal -0.906476 -0.422258 -0
    outer loop
      vertex -23.5708 35.8466 3
      vertex -23.5708 35.8466 0
      vertex -22.9261 34.4626 3
    endloop
  endfacet
  facet normal -0.949837 -0.312745 0
    outer loop
      vertex -22.4625 33.0546 0
      vertex -22.4625 33.0546 3
      vertex -22.9261 34.4626 0
    endloop
  endfacet
  facet normal -0.949837 -0.312745 -0
    outer loop
      vertex -22.9261 34.4626 3
      vertex -22.9261 34.4626 0
      vertex -22.4625 33.0546 3
    endloop
  endfacet
  facet normal -0.980743 -0.195301 0
    outer loop
      vertex -22.1814 31.643 0
      vertex -22.1814 31.643 3
      vertex -22.4625 33.0546 0
    endloop
  endfacet
  facet normal -0.980743 -0.195301 -0
    outer loop
      vertex -22.4625 33.0546 3
      vertex -22.4625 33.0546 0
      vertex -22.1814 31.643 3
    endloop
  endfacet
  facet normal -0.997555 -0.0698846 0
    outer loop
      vertex -22.0837 30.2484 0
      vertex -22.0837 30.2484 3
      vertex -22.1814 31.643 0
    endloop
  endfacet
  facet normal -0.997555 -0.0698846 -0
    outer loop
      vertex -22.1814 31.643 3
      vertex -22.1814 31.643 0
      vertex -22.0837 30.2484 3
    endloop
  endfacet
  facet normal -0.997959 0.0638529 0
    outer loop
      vertex -22.1705 28.8918 0
      vertex -22.1705 28.8918 3
      vertex -22.0837 30.2484 0
    endloop
  endfacet
  facet normal -0.997959 0.0638529 0
    outer loop
      vertex -22.0837 30.2484 3
      vertex -22.0837 30.2484 0
      vertex -22.1705 28.8918 3
    endloop
  endfacet
  facet normal -0.985559 0.16933 0
    outer loop
      vertex -22.2835 28.2341 0
      vertex -22.2835 28.2341 3
      vertex -22.1705 28.8918 0
    endloop
  endfacet
  facet normal -0.985559 0.16933 0
    outer loop
      vertex -22.1705 28.8918 3
      vertex -22.1705 28.8918 0
      vertex -22.2835 28.2341 3
    endloop
  endfacet
  facet normal -0.970365 0.241644 0
    outer loop
      vertex -22.443 27.5936 0
      vertex -22.443 27.5936 3
      vertex -22.2835 28.2341 0
    endloop
  endfacet
  facet normal -0.970365 0.241644 0
    outer loop
      vertex -22.2835 28.2341 3
      vertex -22.2835 28.2341 0
      vertex -22.443 27.5936 3
    endloop
  endfacet
  facet normal -0.948973 0.315356 0
    outer loop
      vertex -22.6493 26.9728 0
      vertex -22.6493 26.9728 3
      vertex -22.443 27.5936 0
    endloop
  endfacet
  facet normal -0.948973 0.315356 0
    outer loop
      vertex -22.443 27.5936 3
      vertex -22.443 27.5936 0
      vertex -22.6493 26.9728 3
    endloop
  endfacet
  facet normal -0.921061 0.389419 0
    outer loop
      vertex -22.9023 26.3744 0
      vertex -22.9023 26.3744 3
      vertex -22.6493 26.9728 0
    endloop
  endfacet
  facet normal -0.921061 0.389419 0
    outer loop
      vertex -22.6493 26.9728 3
      vertex -22.6493 26.9728 0
      vertex -22.9023 26.3744 3
    endloop
  endfacet
  facet normal -0.885992 0.463701 0
    outer loop
      vertex -23.2024 25.801 0
      vertex -23.2024 25.801 3
      vertex -22.9023 26.3744 0
    endloop
  endfacet
  facet normal -0.885992 0.463701 0
    outer loop
      vertex -22.9023 26.3744 3
      vertex -22.9023 26.3744 0
      vertex -23.2024 25.801 3
    endloop
  endfacet
  facet normal -0.843865 0.536555 0
    outer loop
      vertex -23.5495 25.2551 0
      vertex -23.5495 25.2551 3
      vertex -23.2024 25.801 0
    endloop
  endfacet
  facet normal -0.843865 0.536555 0
    outer loop
      vertex -23.2024 25.801 3
      vertex -23.2024 25.801 0
      vertex -23.5495 25.2551 3
    endloop
  endfacet
  facet normal 0.707101 0.707113 -0
    outer loop
      vertex -29.4759 31.1814 0
      vertex -29.4759 31.1814 3
      vertex -23.5495 25.2551 0
    endloop
  endfacet
  facet normal 0.707101 0.707113 0
    outer loop
      vertex -23.5495 25.2551 3
      vertex -23.5495 25.2551 0
      vertex -29.4759 31.1814 3
    endloop
  endfacet
  facet normal 0.169305 0.985564 -0
    outer loop
      vertex 28.2535 22.1883 0
      vertex 28.2535 22.1883 3
      vertex 28.9113 22.0753 0
    endloop
  endfacet
  facet normal 0.169305 0.985564 0
    outer loop
      vertex 28.9113 22.0753 3
      vertex 28.9113 22.0753 0
      vertex 28.2535 22.1883 3
    endloop
  endfacet
  facet normal 0.241787 0.970329 -0
    outer loop
      vertex 27.613 22.3479 0
      vertex 27.613 22.3479 3
      vertex 28.2535 22.1883 0
    endloop
  endfacet
  facet normal 0.241787 0.970329 0
    outer loop
      vertex 28.2535 22.1883 3
      vertex 28.2535 22.1883 0
      vertex 27.613 22.3479 3
    endloop
  endfacet
  facet normal 0.315127 0.94905 -0
    outer loop
      vertex 26.9923 22.554 0
      vertex 26.9923 22.554 3
      vertex 27.613 22.3479 0
    endloop
  endfacet
  facet normal 0.315127 0.94905 0
    outer loop
      vertex 27.613 22.3479 3
      vertex 27.613 22.3479 0
      vertex 26.9923 22.554 3
    endloop
  endfacet
  facet normal 0.38968 0.92095 -0
    outer loop
      vertex 26.3939 22.8072 0
      vertex 26.3939 22.8072 3
      vertex 26.9923 22.554 0
    endloop
  endfacet
  facet normal 0.38968 0.92095 0
    outer loop
      vertex 26.9923 22.554 3
      vertex 26.9923 22.554 0
      vertex 26.3939 22.8072 3
    endloop
  endfacet
  facet normal 0.46358 0.886055 -0
    outer loop
      vertex 25.8205 23.1072 0
      vertex 25.8205 23.1072 3
      vertex 26.3939 22.8072 0
    endloop
  endfacet
  facet normal 0.46358 0.886055 0
    outer loop
      vertex 26.3939 22.8072 3
      vertex 26.3939 22.8072 0
      vertex 25.8205 23.1072 3
    endloop
  endfacet
  facet normal 0.536555 0.843865 -0
    outer loop
      vertex 25.2746 23.4543 0
      vertex 25.2746 23.4543 3
      vertex 25.8205 23.1072 0
    endloop
  endfacet
  facet normal 0.536555 0.843865 0
    outer loop
      vertex 25.8205 23.1072 3
      vertex 25.8205 23.1072 0
      vertex 25.2746 23.4543 3
    endloop
  endfacet
  facet normal 0.707155 -0.707059 0
    outer loop
      vertex 31.2001 29.3806 0
      vertex 31.2001 29.3806 3
      vertex 25.2746 23.4543 0
    endloop
  endfacet
  facet normal 0.707155 -0.707059 0
    outer loop
      vertex 25.2746 23.4543 3
      vertex 25.2746 23.4543 0
      vertex 31.2001 29.3806 3
    endloop
  endfacet
  facet normal -0.742482 -0.669866 0
    outer loop
      vertex 32.4602 27.9839 0
      vertex 32.4602 27.9839 3
      vertex 31.2001 29.3806 0
    endloop
  endfacet
  facet normal -0.742482 -0.669866 -0
    outer loop
      vertex 31.2001 29.3806 3
      vertex 31.2001 29.3806 0
      vertex 32.4602 27.9839 3
    endloop
  endfacet
  facet normal -0.770871 -0.636991 0
    outer loop
      vertex 33.6592 26.5329 0
      vertex 33.6592 26.5329 3
      vertex 32.4602 27.9839 0
    endloop
  endfacet
  facet normal -0.770871 -0.636991 -0
    outer loop
      vertex 32.4602 27.9839 3
      vertex 32.4602 27.9839 0
      vertex 33.6592 26.5329 3
    endloop
  endfacet
  facet normal -0.797874 -0.602824 0
    outer loop
      vertex 34.795 25.0296 0
      vertex 34.795 25.0296 3
      vertex 33.6592 26.5329 0
    endloop
  endfacet
  facet normal -0.797874 -0.602824 -0
    outer loop
      vertex 33.6592 26.5329 3
      vertex 33.6592 26.5329 0
      vertex 34.795 25.0296 3
    endloop
  endfacet
  facet normal -0.82359 -0.567185 0
    outer loop
      vertex 35.8652 23.4756 0
      vertex 35.8652 23.4756 3
      vertex 34.795 25.0296 0
    endloop
  endfacet
  facet normal -0.82359 -0.567185 -0
    outer loop
      vertex 34.795 25.0296 3
      vertex 34.795 25.0296 0
      vertex 35.8652 23.4756 3
    endloop
  endfacet
  facet normal -0.422412 0.906404 0
    outer loop
      vertex 34.4816 22.8308 0
      vertex 34.4816 22.8308 3
      vertex 35.8652 23.4756 0
    endloop
  endfacet
  facet normal -0.422412 0.906404 0
    outer loop
      vertex 35.8652 23.4756 3
      vertex 35.8652 23.4756 0
      vertex 34.4816 22.8308 3
    endloop
  endfacet
  facet normal -0.312765 0.949831 0
    outer loop
      vertex 33.0737 22.3672 0
      vertex 33.0737 22.3672 3
      vertex 34.4816 22.8308 0
    endloop
  endfacet
  facet normal -0.312765 0.949831 0
    outer loop
      vertex 34.4816 22.8308 3
      vertex 34.4816 22.8308 0
      vertex 33.0737 22.3672 3
    endloop
  endfacet
  facet normal -0.195314 0.980741 0
    outer loop
      vertex 31.6622 22.0861 0
      vertex 31.6622 22.0861 3
      vertex 33.0737 22.3672 0
    endloop
  endfacet
  facet normal -0.195314 0.980741 0
    outer loop
      vertex 33.0737 22.3672 3
      vertex 33.0737 22.3672 0
      vertex 31.6622 22.0861 3
    endloop
  endfacet
  facet normal -0.0698996 0.997554 0
    outer loop
      vertex 30.2679 21.9884 0
      vertex 30.2679 21.9884 3
      vertex 31.6622 22.0861 0
    endloop
  endfacet
  facet normal -0.0698996 0.997554 0
    outer loop
      vertex 31.6622 22.0861 3
      vertex 31.6622 22.0861 0
      vertex 30.2679 21.9884 3
    endloop
  endfacet
  facet normal 0.0639262 0.997955 -0
    outer loop
      vertex 28.9113 22.0753 0
      vertex 28.9113 22.0753 3
      vertex 30.2679 21.9884 0
    endloop
  endfacet
  facet normal 0.0639262 0.997955 0
    outer loop
      vertex 30.2679 21.9884 3
      vertex 30.2679 21.9884 0
      vertex 28.9113 22.0753 3
    endloop
  endfacet
  facet normal 0.195039 0.980795 -0
    outer loop
      vertex -33.1567 22.2862 0
      vertex -33.1567 22.2862 3
      vertex -31.7376 22.004 0
    endloop
  endfacet
  facet normal 0.195039 0.980795 0
    outer loop
      vertex -31.7376 22.004 3
      vertex -31.7376 22.004 0
      vertex -33.1567 22.2862 3
    endloop
  endfacet
  facet normal 0.314363 0.949303 -0
    outer loop
      vertex -34.5775 22.7567 0
      vertex -34.5775 22.7567 3
      vertex -33.1567 22.2862 0
    endloop
  endfacet
  facet normal 0.314363 0.949303 0
    outer loop
      vertex -33.1567 22.2862 3
      vertex -33.1567 22.2862 0
      vertex -34.5775 22.7567 3
    endloop
  endfacet
  facet normal 0.424703 0.905333 -0
    outer loop
      vertex -35.981 23.4151 0
      vertex -35.981 23.4151 3
      vertex -34.5775 22.7567 0
    endloop
  endfacet
  facet normal 0.424703 0.905333 0
    outer loop
      vertex -34.5775 22.7567 3
      vertex -34.5775 22.7567 0
      vertex -35.981 23.4151 3
    endloop
  endfacet
  facet normal 0.824517 -0.565838 0
    outer loop
      vertex -34.9037 24.9849 0
      vertex -34.9037 24.9849 3
      vertex -35.981 23.4151 0
    endloop
  endfacet
  facet normal 0.824517 -0.565838 0
    outer loop
      vertex -35.981 23.4151 3
      vertex -35.981 23.4151 0
      vertex -34.9037 24.9849 3
    endloop
  endfacet
  facet normal 0.79866 -0.601783 0
    outer loop
      vertex -33.7596 26.5033 0
      vertex -33.7596 26.5033 3
      vertex -34.9037 24.9849 0
    endloop
  endfacet
  facet normal 0.79866 -0.601783 0
    outer loop
      vertex -34.9037 24.9849 3
      vertex -34.9037 24.9849 0
      vertex -33.7596 26.5033 3
    endloop
  endfacet
  facet normal 0.771345 -0.636417 0
    outer loop
      vertex -32.5507 27.9685 0
      vertex -32.5507 27.9685 3
      vertex -33.7596 26.5033 0
    endloop
  endfacet
  facet normal 0.771345 -0.636417 0
    outer loop
      vertex -33.7596 26.5033 3
      vertex -33.7596 26.5033 0
      vertex -32.5507 27.9685 3
    endloop
  endfacet
  facet normal 0.742545 -0.669797 0
    outer loop
      vertex -31.2792 29.3781 0
      vertex -31.2792 29.3781 3
      vertex -32.5507 27.9685 0
    endloop
  endfacet
  facet normal 0.742545 -0.669797 0
    outer loop
      vertex -32.5507 27.9685 3
      vertex -32.5507 27.9685 0
      vertex -31.2792 29.3781 3
    endloop
  endfacet
  facet normal -0.707107 -0.707107 0
    outer loop
      vertex -25.3426 23.4415 0
      vertex -25.3426 23.4415 3
      vertex -31.2792 29.3781 0
    endloop
  endfacet
  facet normal -0.707107 -0.707107 -0
    outer loop
      vertex -31.2792 29.3781 3
      vertex -31.2792 29.3781 0
      vertex -25.3426 23.4415 3
    endloop
  endfacet
  facet normal -0.548159 0.836374 0
    outer loop
      vertex -25.8899 23.0828 0
      vertex -25.8899 23.0828 3
      vertex -25.3426 23.4415 0
    endloop
  endfacet
  facet normal -0.548159 0.836374 0
    outer loop
      vertex -25.3426 23.4415 3
      vertex -25.3426 23.4415 0
      vertex -25.8899 23.0828 3
    endloop
  endfacet
  facet normal -0.475898 0.8795 0
    outer loop
      vertex -26.4641 22.7721 0
      vertex -26.4641 22.7721 3
      vertex -25.8899 23.0828 0
    endloop
  endfacet
  facet normal -0.475898 0.8795 0
    outer loop
      vertex -25.8899 23.0828 3
      vertex -25.8899 23.0828 0
      vertex -26.4641 22.7721 3
    endloop
  endfacet
  facet normal -0.401934 0.915669 0
    outer loop
      vertex -27.0628 22.5093 0
      vertex -27.0628 22.5093 3
      vertex -26.4641 22.7721 0
    endloop
  endfacet
  facet normal -0.401934 0.915669 0
    outer loop
      vertex -26.4641 22.7721 3
      vertex -26.4641 22.7721 0
      vertex -27.0628 22.5093 3
    endloop
  endfacet
  facet normal -0.32721 0.944952 0
    outer loop
      vertex -27.6837 22.2943 0
      vertex -27.6837 22.2943 3
      vertex -27.0628 22.5093 0
    endloop
  endfacet
  facet normal -0.32721 0.944952 0
    outer loop
      vertex -27.0628 22.5093 3
      vertex -27.0628 22.5093 0
      vertex -27.6837 22.2943 3
    endloop
  endfacet
  facet normal -0.252723 0.967539 0
    outer loop
      vertex -28.3242 22.127 0
      vertex -28.3242 22.127 3
      vertex -27.6837 22.2943 0
    endloop
  endfacet
  facet normal -0.252723 0.967539 0
    outer loop
      vertex -27.6837 22.2943 3
      vertex -27.6837 22.2943 0
      vertex -28.3242 22.127 3
    endloop
  endfacet
  facet normal -0.178767 0.983891 0
    outer loop
      vertex -28.9819 22.0075 0
      vertex -28.9819 22.0075 3
      vertex -28.3242 22.127 0
    endloop
  endfacet
  facet normal -0.178767 0.983891 0
    outer loop
      vertex -28.3242 22.127 3
      vertex -28.3242 22.127 0
      vertex -28.9819 22.0075 3
    endloop
  endfacet
  facet normal -0.106585 0.994304 0
    outer loop
      vertex -29.6545 21.9354 0
      vertex -29.6545 21.9354 3
      vertex -28.9819 22.0075 0
    endloop
  endfacet
  facet normal -0.106585 0.994304 0
    outer loop
      vertex -28.9819 22.0075 3
      vertex -28.9819 22.0075 0
      vertex -29.6545 21.9354 3
    endloop
  endfacet
  facet normal -0.0357384 0.999361 0
    outer loop
      vertex -30.3396 21.9109 0
      vertex -30.3396 21.9109 3
      vertex -29.6545 21.9354 0
    endloop
  endfacet
  facet normal -0.0357384 0.999361 0
    outer loop
      vertex -29.6545 21.9354 3
      vertex -29.6545 21.9354 0
      vertex -30.3396 21.9109 3
    endloop
  endfacet
  facet normal 0.066448 0.99779 -0
    outer loop
      vertex -31.7376 22.004 0
      vertex -31.7376 22.004 3
      vertex -30.3396 21.9109 0
    endloop
  endfacet
  facet normal 0.066448 0.99779 0
    outer loop
      vertex -30.3396 21.9109 3
      vertex -30.3396 21.9109 0
      vertex -31.7376 22.004 3
    endloop
  endfacet
  facet normal 0.981568 0.191113 -0
    outer loop
      vertex 9.74879 2.54619 0
      vertex 9.74879 2.54619 3
      vertex 10.0069 1.22052 0
    endloop
  endfacet
  facet normal 0.981568 0.191113 0
    outer loop
      vertex 10.0069 1.22052 3
      vertex 10.0069 1.22052 0
      vertex 9.74879 2.54619 3
    endloop
  endfacet
  facet normal 0.947151 0.320787 -0
    outer loop
      vertex 9.3183 3.81725 0
      vertex 9.3183 3.81725 3
      vertex 9.74879 2.54619 0
    endloop
  endfacet
  facet normal 0.947151 0.320787 0
    outer loop
      vertex 9.74879 2.54619 3
      vertex 9.74879 2.54619 0
      vertex 9.3183 3.81725 3
    endloop
  endfacet
  facet normal 0.895723 0.444612 -0
    outer loop
      vertex 8.72102 5.02054 0
      vertex 8.72102 5.02054 3
      vertex 9.3183 3.81725 0
    endloop
  endfacet
  facet normal 0.895723 0.444612 0
    outer loop
      vertex 9.3183 3.81725 3
      vertex 9.3183 3.81725 0
      vertex 8.72102 5.02054 3
    endloop
  endfacet
  facet normal 0.82852 0.559959 -0
    outer loop
      vertex 7.96242 6.14297 0
      vertex 7.96242 6.14297 3
      vertex 8.72102 5.02054 0
    endloop
  endfacet
  facet normal 0.82852 0.559959 0
    outer loop
      vertex 8.72102 5.02054 3
      vertex 8.72102 5.02054 0
      vertex 7.96242 6.14297 3
    endloop
  endfacet
  facet normal 0.707099 -0.707114 0
    outer loop
      vertex 11.7685 9.94897 0
      vertex 11.7685 9.94897 3
      vertex 7.96242 6.14297 0
    endloop
  endfacet
  facet normal 0.707099 -0.707114 0
    outer loop
      vertex 7.96242 6.14297 3
      vertex 7.96242 6.14297 0
      vertex 11.7685 9.94897 3
    endloop
  endfacet
  facet normal -0.706956 -0.707257 0
    outer loop
      vertex 14.0943 7.62416 0
      vertex 14.0943 7.62416 3
      vertex 11.7685 9.94897 0
    endloop
  endfacet
  facet normal -0.706956 -0.707257 -0
    outer loop
      vertex 11.7685 9.94897 3
      vertex 11.7685 9.94897 0
      vertex 14.0943 7.62416 3
    endloop
  endfacet
  facet normal 0.707109 -0.707105 0
    outer loop
      vertex 15.8976 9.42747 0
      vertex 15.8976 9.42747 3
      vertex 14.0943 7.62416 0
    endloop
  endfacet
  facet normal 0.707109 -0.707105 0
    outer loop
      vertex 14.0943 7.62416 3
      vertex 14.0943 7.62416 0
      vertex 15.8976 9.42747 3
    endloop
  endfacet
  facet normal 0.707096 0.707117 -0
    outer loop
      vertex 13.5726 11.7524 0
      vertex 13.5726 11.7524 3
      vertex 15.8976 9.42747 0
    endloop
  endfacet
  facet normal 0.707096 0.707117 0
    outer loop
      vertex 15.8976 9.42747 3
      vertex 15.8976 9.42747 0
      vertex 13.5726 11.7524 3
    endloop
  endfacet
  facet normal 0.707085 -0.707129 0
    outer loop
      vertex 15.1612 13.3409 0
      vertex 15.1612 13.3409 3
      vertex 13.5726 11.7524 0
    endloop
  endfacet
  facet normal 0.707085 -0.707129 0
    outer loop
      vertex 13.5726 11.7524 3
      vertex 13.5726 11.7524 0
      vertex 15.1612 13.3409 3
    endloop
  endfacet
  facet normal -0.707112 -0.707102 0
    outer loop
      vertex 18.6868 9.81525 0
      vertex 18.6868 9.81525 3
      vertex 15.1612 13.3409 0
    endloop
  endfacet
  facet normal -0.707112 -0.707102 -0
    outer loop
      vertex 15.1612 13.3409 3
      vertex 15.1612 13.3409 0
      vertex 18.6868 9.81525 3
    endloop
  endfacet
  facet normal 0.707097 -0.707117 0
    outer loop
      vertex 20.4902 11.6186 0
      vertex 20.4902 11.6186 3
      vertex 18.6868 9.81525 0
    endloop
  endfacet
  facet normal 0.707097 -0.707117 0
    outer loop
      vertex 18.6868 9.81525 3
      vertex 18.6868 9.81525 0
      vertex 20.4902 11.6186 3
    endloop
  endfacet
  facet normal 0.707097 0.707117 -0
    outer loop
      vertex 16.9645 15.1442 0
      vertex 16.9645 15.1442 3
      vertex 20.4902 11.6186 0
    endloop
  endfacet
  facet normal 0.707097 0.707117 0
    outer loop
      vertex 20.4902 11.6186 3
      vertex 20.4902 11.6186 0
      vertex 16.9645 15.1442 3
    endloop
  endfacet
  facet normal 0.707129 -0.707085 0
    outer loop
      vertex 18.553 16.7328 0
      vertex 18.553 16.7328 3
      vertex 16.9645 15.1442 0
    endloop
  endfacet
  facet normal 0.707129 -0.707085 0
    outer loop
      vertex 16.9645 15.1442 3
      vertex 16.9645 15.1442 0
      vertex 18.553 16.7328 3
    endloop
  endfacet
  facet normal -0.707099 -0.707114 0
    outer loop
      vertex 23.2796 12.0063 0
      vertex 23.2796 12.0063 3
      vertex 18.553 16.7328 0
    endloop
  endfacet
  facet normal -0.707099 -0.707114 -0
    outer loop
      vertex 18.553 16.7328 3
      vertex 18.553 16.7328 0
      vertex 23.2796 12.0063 3
    endloop
  endfacet
  facet normal 0.707126 -0.707087 0
    outer loop
      vertex 25.0829 13.8097 0
      vertex 25.0829 13.8097 3
      vertex 23.2796 12.0063 0
    endloop
  endfacet
  facet normal 0.707126 -0.707087 0
    outer loop
      vertex 23.2796 12.0063 3
      vertex 23.2796 12.0063 0
      vertex 25.0829 13.8097 3
    endloop
  endfacet
  facet normal 0.707099 0.707114 -0
    outer loop
      vertex 20.3564 18.5361 0
      vertex 20.3564 18.5361 3
      vertex 25.0829 13.8097 0
    endloop
  endfacet
  facet normal 0.707099 0.707114 0
    outer loop
      vertex 25.0829 13.8097 3
      vertex 25.0829 13.8097 0
      vertex 20.3564 18.5361 3
    endloop
  endfacet
  facet normal 0.70721 -0.707004 0
    outer loop
      vertex 23.45 21.6306 0
      vertex 23.45 21.6306 3
      vertex 20.3564 18.5361 0
    endloop
  endfacet
  facet normal 0.70721 -0.707004 0
    outer loop
      vertex 20.3564 18.5361 3
      vertex 20.3564 18.5361 0
      vertex 23.45 21.6306 3
    endloop
  endfacet
  facet normal -0.572448 -0.819941 0
    outer loop
      vertex 24.1719 21.1266 0
      vertex 24.1719 21.1266 3
      vertex 23.45 21.6306 0
    endloop
  endfacet
  facet normal -0.572448 -0.819941 -0
    outer loop
      vertex 23.45 21.6306 3
      vertex 23.45 21.6306 0
      vertex 24.1719 21.1266 3
    endloop
  endfacet
  facet normal -0.499325 -0.866415 0
    outer loop
      vertex 24.9385 20.6848 0
      vertex 24.9385 20.6848 3
      vertex 24.1719 21.1266 0
    endloop
  endfacet
  facet normal -0.499325 -0.866415 -0
    outer loop
      vertex 24.1719 21.1266 3
      vertex 24.1719 21.1266 0
      vertex 24.9385 20.6848 3
    endloop
  endfacet
  facet normal -0.424629 -0.905367 0
    outer loop
      vertex 25.7453 20.3064 0
      vertex 25.7453 20.3064 3
      vertex 24.9385 20.6848 0
    endloop
  endfacet
  facet normal -0.424629 -0.905367 -0
    outer loop
      vertex 24.9385 20.6848 3
      vertex 24.9385 20.6848 0
      vertex 25.7453 20.3064 3
    endloop
  endfacet
  facet normal -0.348293 -0.937386 0
    outer loop
      vertex 26.5877 19.9934 0
      vertex 26.5877 19.9934 3
      vertex 25.7453 20.3064 0
    endloop
  endfacet
  facet normal -0.348293 -0.937386 -0
    outer loop
      vertex 25.7453 20.3064 3
      vertex 25.7453 20.3064 0
      vertex 26.5877 19.9934 3
    endloop
  endfacet
  facet normal -0.271444 -0.962454 0
    outer loop
      vertex 27.461 19.7471 0
      vertex 27.461 19.7471 3
      vertex 26.5877 19.9934 0
    endloop
  endfacet
  facet normal -0.271444 -0.962454 -0
    outer loop
      vertex 26.5877 19.9934 3
      vertex 26.5877 19.9934 0
      vertex 27.461 19.7471 3
    endloop
  endfacet
  facet normal -0.194123 -0.980977 0
    outer loop
      vertex 28.3605 19.5691 0
      vertex 28.3605 19.5691 3
      vertex 27.461 19.7471 0
    endloop
  endfacet
  facet normal -0.194123 -0.980977 -0
    outer loop
      vertex 27.461 19.7471 3
      vertex 27.461 19.7471 0
      vertex 28.3605 19.5691 3
    endloop
  endfacet
  facet normal -0.116228 -0.993223 0
    outer loop
      vertex 29.2817 19.4613 0
      vertex 29.2817 19.4613 3
      vertex 28.3605 19.5691 0
    endloop
  endfacet
  facet normal -0.116228 -0.993223 -0
    outer loop
      vertex 28.3605 19.5691 3
      vertex 28.3605 19.5691 0
      vertex 29.2817 19.4613 3
    endloop
  endfacet
  facet normal -0.038654 -0.999253 0
    outer loop
      vertex 30.2201 19.425 0
      vertex 30.2201 19.425 3
      vertex 29.2817 19.4613 0
    endloop
  endfacet
  facet normal -0.038654 -0.999253 -0
    outer loop
      vertex 29.2817 19.4613 3
      vertex 29.2817 19.4613 0
      vertex 30.2201 19.425 3
    endloop
  endfacet
  facet normal 0 -1 0
    outer loop
      vertex 30.2482 19.425 0
      vertex 30.2482 19.425 3
      vertex 30.2201 19.425 0
    endloop
  endfacet
  facet normal 0 -1 0
    outer loop
      vertex 30.2201 19.425 3
      vertex 30.2201 19.425 0
      vertex 30.2482 19.425 3
    endloop
  endfacet
  facet normal 0.0365457 -0.999332 0
    outer loop
      vertex 31.1287 19.4572 0
      vertex 31.1287 19.4572 3
      vertex 30.2482 19.425 0
    endloop
  endfacet
  facet normal 0.0365457 -0.999332 0
    outer loop
      vertex 30.2482 19.425 3
      vertex 30.2482 19.425 0
      vertex 31.1287 19.4572 3
    endloop
  endfacet
  facet normal 0.103836 -0.994594 0
    outer loop
      vertex 32.0128 19.5495 0
      vertex 32.0128 19.5495 3
      vertex 31.1287 19.4572 0
    endloop
  endfacet
  facet normal 0.103836 -0.994594 0
    outer loop
      vertex 31.1287 19.4572 3
      vertex 31.1287 19.4572 0
      vertex 32.0128 19.5495 3
    endloop
  endfacet
  facet normal 0.168429 -0.985714 0
    outer loop
      vertex 32.8971 19.7006 0
      vertex 32.8971 19.7006 3
      vertex 32.0128 19.5495 0
    endloop
  endfacet
  facet normal 0.168429 -0.985714 0
    outer loop
      vertex 32.0128 19.5495 3
      vertex 32.0128 19.5495 0
      vertex 32.8971 19.7006 3
    endloop
  endfacet
  facet normal 0.230695 -0.973026 0
    outer loop
      vertex 33.7782 19.9095 0
      vertex 33.7782 19.9095 3
      vertex 32.8971 19.7006 0
    endloop
  endfacet
  facet normal 0.230695 -0.973026 0
    outer loop
      vertex 32.8971 19.7006 3
      vertex 32.8971 19.7006 0
      vertex 33.7782 19.9095 3
    endloop
  endfacet
  facet normal 0.290478 -0.956882 0
    outer loop
      vertex 34.6528 20.175 0
      vertex 34.6528 20.175 3
      vertex 33.7782 19.9095 0
    endloop
  endfacet
  facet normal 0.290478 -0.956882 0
    outer loop
      vertex 33.7782 19.9095 3
      vertex 33.7782 19.9095 0
      vertex 34.6528 20.175 3
    endloop
  endfacet
  facet normal 0.34789 -0.937535 0
    outer loop
      vertex 35.5176 20.4959 0
      vertex 35.5176 20.4959 3
      vertex 34.6528 20.175 0
    endloop
  endfacet
  facet normal 0.34789 -0.937535 0
    outer loop
      vertex 34.6528 20.175 3
      vertex 34.6528 20.175 0
      vertex 35.5176 20.4959 3
    endloop
  endfacet
  facet normal 0.403455 -0.914999 0
    outer loop
      vertex 36.3692 20.8714 0
      vertex 36.3692 20.8714 3
      vertex 35.5176 20.4959 0
    endloop
  endfacet
  facet normal 0.403455 -0.914999 0
    outer loop
      vertex 35.5176 20.4959 3
      vertex 35.5176 20.4959 0
      vertex 36.3692 20.8714 3
    endloop
  endfacet
  facet normal 0.456524 -0.889711 0
    outer loop
      vertex 37.2041 21.2998 0
      vertex 37.2041 21.2998 3
      vertex 36.3692 20.8714 0
    endloop
  endfacet
  facet normal 0.456524 -0.889711 0
    outer loop
      vertex 36.3692 20.8714 3
      vertex 36.3692 20.8714 0
      vertex 37.2041 21.2998 3
    endloop
  endfacet
  facet normal -0.882347 -0.4706 0
    outer loop
      vertex 38.4787 18.91 0
      vertex 38.4787 18.91 3
      vertex 37.2041 21.2998 0
    endloop
  endfacet
  facet normal -0.882347 -0.4706 -0
    outer loop
      vertex 37.2041 21.2998 3
      vertex 37.2041 21.2998 0
      vertex 38.4787 18.91 3
    endloop
  endfacet
  facet normal -0.910419 -0.413687 0
    outer loop
      vertex 39.604 16.4335 0
      vertex 39.604 16.4335 3
      vertex 38.4787 18.91 0
    endloop
  endfacet
  facet normal -0.910419 -0.413687 -0
    outer loop
      vertex 38.4787 18.91 3
      vertex 38.4787 18.91 0
      vertex 39.604 16.4335 3
    endloop
  endfacet
  facet normal -0.935025 -0.354583 0
    outer loop
      vertex 40.5739 13.8759 0
      vertex 40.5739 13.8759 3
      vertex 39.604 16.4335 0
    endloop
  endfacet
  facet normal -0.935025 -0.354583 -0
    outer loop
      vertex 39.604 16.4335 3
      vertex 39.604 16.4335 0
      vertex 40.5739 13.8759 3
    endloop
  endfacet
  facet normal -0.955916 -0.293642 0
    outer loop
      vertex 41.3825 11.2436 0
      vertex 41.3825 11.2436 3
      vertex 40.5739 13.8759 0
    endloop
  endfacet
  facet normal -0.955916 -0.293642 -0
    outer loop
      vertex 40.5739 13.8759 3
      vertex 40.5739 13.8759 0
      vertex 41.3825 11.2436 3
    endloop
  endfacet
  facet normal -0.308261 0.951302 0
    outer loop
      vertex 40.4678 10.9472 0
      vertex 40.4678 10.9472 3
      vertex 41.3825 11.2436 0
    endloop
  endfacet
  facet normal -0.308261 0.951302 0
    outer loop
      vertex 41.3825 11.2436 3
      vertex 41.3825 11.2436 0
      vertex 40.4678 10.9472 3
    endloop
  endfacet
  facet normal -0.365162 0.930944 0
    outer loop
      vertex 39.5801 10.599 0
      vertex 39.5801 10.599 3
      vertex 40.4678 10.9472 0
    endloop
  endfacet
  facet normal -0.365162 0.930944 0
    outer loop
      vertex 40.4678 10.9472 3
      vertex 40.4678 10.9472 0
      vertex 39.5801 10.599 3
    endloop
  endfacet
  facet normal -0.421506 0.906826 0
    outer loop
      vertex 38.7232 10.2007 0
      vertex 38.7232 10.2007 3
      vertex 39.5801 10.599 0
    endloop
  endfacet
  facet normal -0.421506 0.906826 0
    outer loop
      vertex 39.5801 10.599 3
      vertex 39.5801 10.599 0
      vertex 38.7232 10.2007 3
    endloop
  endfacet
  facet normal -0.477019 0.878893 0
    outer loop
      vertex 37.9005 9.75418 0
      vertex 37.9005 9.75418 3
      vertex 38.7232 10.2007 0
    endloop
  endfacet
  facet normal -0.477019 0.878893 0
    outer loop
      vertex 38.7232 10.2007 3
      vertex 38.7232 10.2007 0
      vertex 37.9005 9.75418 3
    endloop
  endfacet
  facet normal -0.531706 0.846929 0
    outer loop
      vertex 37.1154 9.26129 0
      vertex 37.1154 9.26129 3
      vertex 37.9005 9.75418 0
    endloop
  endfacet
  facet normal -0.531706 0.846929 0
    outer loop
      vertex 37.9005 9.75418 3
      vertex 37.9005 9.75418 0
      vertex 37.1154 9.26129 3
    endloop
  endfacet
  facet normal -0.585715 0.810517 0
    outer loop
      vertex 36.3717 8.72386 0
      vertex 36.3717 8.72386 3
      vertex 37.1154 9.26129 0
    endloop
  endfacet
  facet normal -0.585715 0.810517 0
    outer loop
      vertex 37.1154 9.26129 3
      vertex 37.1154 9.26129 0
      vertex 36.3717 8.72386 3
    endloop
  endfacet
  facet normal -0.638758 0.769408 0
    outer loop
      vertex 35.6729 8.14372 0
      vertex 35.6729 8.14372 3
      vertex 36.3717 8.72386 0
    endloop
  endfacet
  facet normal -0.638758 0.769408 0
    outer loop
      vertex 36.3717 8.72386 3
      vertex 36.3717 8.72386 0
      vertex 35.6729 8.14372 3
    endloop
  endfacet
  facet normal -0.690466 0.723365 0
    outer loop
      vertex 35.0223 7.52271 0
      vertex 35.0223 7.52271 3
      vertex 35.6729 8.14372 0
    endloop
  endfacet
  facet normal -0.690466 0.723365 0
    outer loop
      vertex 35.6729 8.14372 3
      vertex 35.6729 8.14372 0
      vertex 35.0223 7.52271 3
    endloop
  endfacet
  facet normal -0.74215 0.670234 0
    outer loop
      vertex 34.4018 6.83563 0
      vertex 34.4018 6.83563 3
      vertex 35.0223 7.52271 0
    endloop
  endfacet
  facet normal -0.74215 0.670234 0
    outer loop
      vertex 35.0223 7.52271 3
      vertex 35.0223 7.52271 0
      vertex 34.4018 6.83563 3
    endloop
  endfacet
  facet normal -0.791778 0.610809 0
    outer loop
      vertex 33.8428 6.11101 0
      vertex 33.8428 6.11101 3
      vertex 34.4018 6.83563 0
    endloop
  endfacet
  facet normal -0.791778 0.610809 0
    outer loop
      vertex 34.4018 6.83563 3
      vertex 34.4018 6.83563 0
      vertex 33.8428 6.11101 3
    endloop
  endfacet
  facet normal -0.837023 0.547167 0
    outer loop
      vertex 33.3475 5.35333 0
      vertex 33.3475 5.35333 3
      vertex 33.8428 6.11101 0
    endloop
  endfacet
  facet normal -0.837023 0.547167 0
    outer loop
      vertex 33.8428 6.11101 3
      vertex 33.8428 6.11101 0
      vertex 33.3475 5.35333 3
    endloop
  endfacet
  facet normal -0.877541 0.479501 0
    outer loop
      vertex 32.9178 4.56693 0
      vertex 32.9178 4.56693 3
      vertex 33.3475 5.35333 0
    endloop
  endfacet
  facet normal -0.877541 0.479501 0
    outer loop
      vertex 33.3475 5.35333 3
      vertex 33.3475 5.35333 0
      vertex 32.9178 4.56693 3
    endloop
  endfacet
  facet normal -0.913178 0.407561 0
    outer loop
      vertex 32.5559 3.75606 0
      vertex 32.5559 3.75606 3
      vertex 32.9178 4.56693 0
    endloop
  endfacet
  facet normal -0.913178 0.407561 0
    outer loop
      vertex 32.9178 4.56693 3
      vertex 32.9178 4.56693 0
      vertex 32.5559 3.75606 3
    endloop
  endfacet
  facet normal -0.943406 0.331639 0
    outer loop
      vertex 32.2638 2.92513 0
      vertex 32.2638 2.92513 3
      vertex 32.5559 3.75606 0
    endloop
  endfacet
  facet normal -0.943406 0.331639 0
    outer loop
      vertex 32.5559 3.75606 3
      vertex 32.5559 3.75606 0
      vertex 32.2638 2.92513 3
    endloop
  endfacet
  facet normal -0.967776 0.251811 0
    outer loop
      vertex 32.0435 2.07846 0
      vertex 32.0435 2.07846 3
      vertex 32.2638 2.92513 0
    endloop
  endfacet
  facet normal -0.967776 0.251811 0
    outer loop
      vertex 32.2638 2.92513 3
      vertex 32.2638 2.92513 0
      vertex 32.0435 2.07846 3
    endloop
  endfacet
  facet normal -0.98577 0.168098 0
    outer loop
      vertex 31.8972 1.22052 0
      vertex 31.8972 1.22052 3
      vertex 32.0435 2.07846 0
    endloop
  endfacet
  facet normal -0.98577 0.168098 0
    outer loop
      vertex 32.0435 2.07846 3
      vertex 32.0435 2.07846 0
      vertex 31.8972 1.22052 3
    endloop
  endfacet
  facet normal 0 1 0
    outer loop
      vertex 27.5305 1.22052 0
      vertex 27.5305 1.22052 3
      vertex 31.8972 1.22052 0
    endloop
  endfacet
  facet normal 0 1 0
    outer loop
      vertex 31.8972 1.22052 3
      vertex 31.8972 1.22052 0
      vertex 27.5305 1.22052 3
    endloop
  endfacet
  facet normal 1 0 -0
    outer loop
      vertex 27.5305 7.9045 0
      vertex 27.5305 7.9045 3
      vertex 27.5305 1.22052 0
    endloop
  endfacet
  facet normal 1 -0 0
    outer loop
      vertex 27.5305 1.22052 3
      vertex 27.5305 1.22052 0
      vertex 27.5305 7.9045 3
    endloop
  endfacet
  facet normal 0 1 0
    outer loop
      vertex 24.9797 7.9045 0
      vertex 24.9797 7.9045 3
      vertex 27.5305 7.9045 0
    endloop
  endfacet
  facet normal 0 1 0
    outer loop
      vertex 27.5305 7.9045 3
      vertex 27.5305 7.9045 0
      vertex 24.9797 7.9045 3
    endloop
  endfacet
  facet normal -1 0 0
    outer loop
      vertex 24.9797 1.22052 0
      vertex 24.9797 1.22052 3
      vertex 24.9797 7.9045 0
    endloop
  endfacet
  facet normal -1 -0 -0
    outer loop
      vertex 24.9797 7.9045 3
      vertex 24.9797 7.9045 0
      vertex 24.9797 1.22052 3
    endloop
  endfacet
  facet normal 0 1 0
    outer loop
      vertex 22.7332 1.22052 0
      vertex 22.7332 1.22052 3
      vertex 24.9797 1.22052 0
    endloop
  endfacet
  facet normal 0 1 0
    outer loop
      vertex 24.9797 1.22052 3
      vertex 24.9797 1.22052 0
      vertex 22.7332 1.22052 3
    endloop
  endfacet
  facet normal 1 0 -0
    outer loop
      vertex 22.7332 6.32275 0
      vertex 22.7332 6.32275 3
      vertex 22.7332 1.22052 0
    endloop
  endfacet
  facet normal 1 -0 0
    outer loop
      vertex 22.7332 1.22052 3
      vertex 22.7332 1.22052 0
      vertex 22.7332 6.32275 3
    endloop
  endfacet
  facet normal 0 1 0
    outer loop
      vertex 20.1825 6.32275 0
      vertex 20.1825 6.32275 3
      vertex 22.7332 6.32275 0
    endloop
  endfacet
  facet normal 0 1 0
    outer loop
      vertex 22.7332 6.32275 3
      vertex 22.7332 6.32275 0
      vertex 20.1825 6.32275 3
    endloop
  endfacet
  facet normal -1 0 0
    outer loop
      vertex 20.1825 1.22052 0
      vertex 20.1825 1.22052 3
      vertex 20.1825 6.32275 0
    endloop
  endfacet
  facet normal -1 -0 -0
    outer loop
      vertex 20.1825 6.32275 3
      vertex 20.1825 6.32275 0
      vertex 20.1825 1.22052 3
    endloop
  endfacet
  facet normal 0 1 0
    outer loop
      vertex 17.9361 1.22052 0
      vertex 17.9361 1.22052 3
      vertex 20.1825 1.22052 0
    endloop
  endfacet
  facet normal 0 1 0
    outer loop
      vertex 20.1825 1.22052 3
      vertex 20.1825 1.22052 0
      vertex 17.9361 1.22052 3
    endloop
  endfacet
  facet normal 1 0 -0
    outer loop
      vertex 17.9361 4.74103 0
      vertex 17.9361 4.74103 3
      vertex 17.9361 1.22052 0
    endloop
  endfacet
  facet normal 1 -0 0
    outer loop
      vertex 17.9361 1.22052 3
      vertex 17.9361 1.22052 0
      vertex 17.9361 4.74103 3
    endloop
  endfacet
  facet normal 0 1 0
    outer loop
      vertex 15.3853 4.74103 0
      vertex 15.3853 4.74103 3
      vertex 17.9361 4.74103 0
    endloop
  endfacet
  facet normal 0 1 0
    outer loop
      vertex 17.9361 4.74103 3
      vertex 17.9361 4.74103 0
      vertex 15.3853 4.74103 3
    endloop
  endfacet
  facet normal -1 0 0
    outer loop
      vertex 15.3853 1.22052 0
      vertex 15.3853 1.22052 3
      vertex 15.3853 4.74103 0
    endloop
  endfacet
  facet normal -1 -0 -0
    outer loop
      vertex 15.3853 4.74103 3
      vertex 15.3853 4.74103 0
      vertex 15.3853 1.22052 3
    endloop
  endfacet
  facet normal 0 1 0
    outer loop
      vertex 10.0069 1.22052 0
      vertex 10.0069 1.22052 3
      vertex 15.3853 1.22052 0
    endloop
  endfacet
  facet normal 0 1 0
    outer loop
      vertex 15.3853 1.22052 3
      vertex 15.3853 1.22052 0
      vertex 10.0069 1.22052 3
    endloop
  endfacet
  facet normal 0.98454 0.175158 -0
    outer loop
      vertex -32.1371 2.08546 0
      vertex -32.1371 2.08546 3
      vertex -31.9823 1.21535 0
    endloop
  endfacet
  facet normal 0.98454 0.175158 0
    outer loop
      vertex -31.9823 1.21535 3
      vertex -31.9823 1.21535 0
      vertex -32.1371 2.08546 3
    endloop
  endfacet
  facet normal 0.965643 0.259871 -0
    outer loop
      vertex -32.3679 2.94308 0
      vertex -32.3679 2.94308 3
      vertex -32.1371 2.08546 0
    endloop
  endfacet
  facet normal 0.965643 0.259871 0
    outer loop
      vertex -32.1371 2.08546 3
      vertex -32.1371 2.08546 0
      vertex -32.3679 2.94308 3
    endloop
  endfacet
  facet normal 0.940217 0.340576 -0
    outer loop
      vertex -32.6725 3.78398 0
      vertex -32.6725 3.78398 3
      vertex -32.3679 2.94308 0
    endloop
  endfacet
  facet normal 0.940217 0.340576 0
    outer loop
      vertex -32.3679 2.94308 3
      vertex -32.3679 2.94308 0
      vertex -32.6725 3.78398 3
    endloop
  endfacet
  facet normal 0.9087 0.417449 -0
    outer loop
      vertex -33.0491 4.60376 0
      vertex -33.0491 4.60376 3
      vertex -32.6725 3.78398 0
    endloop
  endfacet
  facet normal 0.9087 0.417449 0
    outer loop
      vertex -32.6725 3.78398 3
      vertex -32.6725 3.78398 0
      vertex -33.0491 4.60376 3
    endloop
  endfacet
  facet normal 0.871851 0.489772 -0
    outer loop
      vertex -33.4952 5.39787 0
      vertex -33.4952 5.39787 3
      vertex -33.0491 4.60376 0
    endloop
  endfacet
  facet normal 0.871851 0.489772 0
    outer loop
      vertex -33.0491 4.60376 3
      vertex -33.0491 4.60376 0
      vertex -33.4952 5.39787 3
    endloop
  endfacet
  facet normal 0.829979 0.557795 -0
    outer loop
      vertex -34.0087 6.16194 0
      vertex -34.0087 6.16194 3
      vertex -33.4952 5.39787 0
    endloop
  endfacet
  facet normal 0.829979 0.557795 0
    outer loop
      vertex -33.4952 5.39787 3
      vertex -33.4952 5.39787 0
      vertex -34.0087 6.16194 3
    endloop
  endfacet
  facet normal 0.783508 0.621382 -0
    outer loop
      vertex -34.5874 6.89163 0
      vertex -34.5874 6.89163 3
      vertex -34.0087 6.16194 0
    endloop
  endfacet
  facet normal 0.783508 0.621382 0
    outer loop
      vertex -34.0087 6.16194 3
      vertex -34.0087 6.16194 0
      vertex -34.5874 6.89163 3
    endloop
  endfacet
  facet normal 0.73252 0.680746 -0
    outer loop
      vertex -35.2293 7.58235 0
      vertex -35.2293 7.58235 3
      vertex -34.5874 6.89163 0
    endloop
  endfacet
  facet normal 0.73252 0.680746 0
    outer loop
      vertex -34.5874 6.89163 3
      vertex -34.5874 6.89163 0
      vertex -35.2293 7.58235 3
    endloop
  endfacet
  facet normal 0.68091 0.732367 -0
    outer loop
      vertex -35.8749 8.18259 0
      vertex -35.8749 8.18259 3
      vertex -35.2293 7.58235 0
    endloop
  endfacet
  facet normal 0.68091 0.732367 0
    outer loop
      vertex -35.2293 7.58235 3
      vertex -35.2293 7.58235 0
      vertex -35.8749 8.18259 3
    endloop
  endfacet
  facet normal 0.62994 0.776643 -0
    outer loop
      vertex -36.5655 8.74274 0
      vertex -36.5655 8.74274 3
      vertex -35.8749 8.18259 0
    endloop
  endfacet
  facet normal 0.62994 0.776643 0
    outer loop
      vertex -35.8749 8.18259 3
      vertex -35.8749 8.18259 0
      vertex -36.5655 8.74274 3
    endloop
  endfacet
  facet normal 0.577873 0.816127 -0
    outer loop
      vertex -37.298 9.2614 0
      vertex -37.298 9.2614 3
      vertex -36.5655 8.74274 0
    endloop
  endfacet
  facet normal 0.577873 0.816127 0
    outer loop
      vertex -36.5655 8.74274 3
      vertex -36.5655 8.74274 0
      vertex -37.298 9.2614 3
    endloop
  endfacet
  facet normal 0.524797 0.851228 -0
    outer loop
      vertex -38.0693 9.73692 0
      vertex -38.0693 9.73692 3
      vertex -37.298 9.2614 0
    endloop
  endfacet
  facet normal 0.524797 0.851228 0
    outer loop
      vertex -37.298 9.2614 3
      vertex -37.298 9.2614 0
      vertex -38.0693 9.73692 3
    endloop
  endfacet
  facet normal 0.471002 0.882132 -0
    outer loop
      vertex -38.8761 10.1677 0
      vertex -38.8761 10.1677 3
      vertex -38.0693 9.73692 0
    endloop
  endfacet
  facet normal 0.471002 0.882132 0
    outer loop
      vertex -38.0693 9.73692 3
      vertex -38.0693 9.73692 0
      vertex -38.8761 10.1677 3
    endloop
  endfacet
  facet normal 0.416617 0.909082 -0
    outer loop
      vertex -39.7151 10.5522 0
      vertex -39.7151 10.5522 3
      vertex -38.8761 10.1677 0
    endloop
  endfacet
  facet normal 0.416617 0.909082 0
    outer loop
      vertex -38.8761 10.1677 3
      vertex -38.8761 10.1677 0
      vertex -39.7151 10.5522 3
    endloop
  endfacet
  facet normal 0.361741 0.932279 -0
    outer loop
      vertex -40.5831 10.889 0
      vertex -40.5831 10.889 3
      vertex -39.7151 10.5522 0
    endloop
  endfacet
  facet normal 0.361741 0.932279 0
    outer loop
      vertex -39.7151 10.5522 3
      vertex -39.7151 10.5522 0
      vertex -40.5831 10.889 3
    endloop
  endfacet
  facet normal 0.305889 0.952067 -0
    outer loop
      vertex -41.477 11.1762 0
      vertex -41.477 11.1762 3
      vertex -40.5831 10.889 0
    endloop
  endfacet
  facet normal 0.305889 0.952067 0
    outer loop
      vertex -40.5831 10.889 3
      vertex -40.5831 10.889 0
      vertex -41.477 11.1762 3
    endloop
  endfacet
  facet normal 0.956326 -0.292302 0
    outer loop
      vertex -40.6721 13.8096 0
      vertex -40.6721 13.8096 3
      vertex -41.477 11.1762 0
    endloop
  endfacet
  facet normal 0.956326 -0.292302 0
    outer loop
      vertex -41.477 11.1762 3
      vertex -41.477 11.1762 0
      vertex -40.6721 13.8096 3
    endloop
  endfacet
  facet normal 0.935539 -0.353222 0
    outer loop
      vertex -39.706 16.3684 0
      vertex -39.706 16.3684 3
      vertex -40.6721 13.8096 0
    endloop
  endfacet
  facet normal 0.935539 -0.353222 0
    outer loop
      vertex -40.6721 13.8096 3
      vertex -40.6721 13.8096 0
      vertex -39.706 16.3684 3
    endloop
  endfacet
  facet normal 0.911078 -0.412235 0
    outer loop
      vertex -38.5846 18.8468 0
      vertex -38.5846 18.8468 3
      vertex -39.706 16.3684 0
    endloop
  endfacet
  facet normal 0.911078 -0.412235 0
    outer loop
      vertex -39.706 16.3684 3
      vertex -39.706 16.3684 0
      vertex -38.5846 18.8468 3
    endloop
  endfacet
  facet normal 0.883099 -0.469187 0
    outer loop
      vertex -37.3139 21.2385 0
      vertex -37.3139 21.2385 3
      vertex -38.5846 18.8468 0
    endloop
  endfacet
  facet normal 0.883099 -0.469187 0
    outer loop
      vertex -38.5846 18.8468 3
      vertex -38.5846 18.8468 0
      vertex -37.3139 21.2385 3
    endloop
  endfacet
  facet normal -0.455149 -0.890416 0
    outer loop
      vertex -36.4764 20.8104 0
      vertex -36.4764 20.8104 3
      vertex -37.3139 21.2385 0
    endloop
  endfacet
  facet normal -0.455149 -0.890416 -0
    outer loop
      vertex -37.3139 21.2385 3
      vertex -37.3139 21.2385 0
      vertex -36.4764 20.8104 3
    endloop
  endfacet
  facet normal -0.401707 -0.915768 0
    outer loop
      vertex -35.6222 20.4357 0
      vertex -35.6222 20.4357 3
      vertex -36.4764 20.8104 0
    endloop
  endfacet
  facet normal -0.401707 -0.915768 -0
    outer loop
      vertex -36.4764 20.8104 3
      vertex -36.4764 20.8104 0
      vertex -35.6222 20.4357 3
    endloop
  endfacet
  facet normal -0.345976 -0.938243 0
    outer loop
      vertex -34.7544 20.1157 0
      vertex -34.7544 20.1157 3
      vertex -35.6222 20.4357 0
    endloop
  endfacet
  facet normal -0.345976 -0.938243 -0
    outer loop
      vertex -35.6222 20.4357 3
      vertex -35.6222 20.4357 0
      vertex -34.7544 20.1157 3
    endloop
  endfacet
  facet normal -0.288499 -0.95748 0
    outer loop
      vertex -33.8769 19.8513 0
      vertex -33.8769 19.8513 3
      vertex -34.7544 20.1157 0
    endloop
  endfacet
  facet normal -0.288499 -0.95748 -0
    outer loop
      vertex -34.7544 20.1157 3
      vertex -34.7544 20.1157 0
      vertex -33.8769 19.8513 3
    endloop
  endfacet
  facet normal -0.228671 -0.973504 0
    outer loop
      vertex -32.9931 19.6437 0
      vertex -32.9931 19.6437 3
      vertex -33.8769 19.8513 0
    endloop
  endfacet
  facet normal -0.228671 -0.973504 -0
    outer loop
      vertex -33.8769 19.8513 3
      vertex -33.8769 19.8513 0
      vertex -32.9931 19.6437 3
    endloop
  endfacet
  facet normal -0.166401 -0.986058 0
    outer loop
      vertex -32.1066 19.4941 0
      vertex -32.1066 19.4941 3
      vertex -32.9931 19.6437 0
    endloop
  endfacet
  facet normal -0.166401 -0.986058 -0
    outer loop
      vertex -32.9931 19.6437 3
      vertex -32.9931 19.6437 0
      vertex -32.1066 19.4941 3
    endloop
  endfacet
  facet normal -0.101895 -0.994795 0
    outer loop
      vertex -31.2211 19.4034 0
      vertex -31.2211 19.4034 3
      vertex -32.1066 19.4941 0
    endloop
  endfacet
  facet normal -0.101895 -0.994795 -0
    outer loop
      vertex -32.1066 19.4941 3
      vertex -32.1066 19.4941 0
      vertex -31.2211 19.4034 3
    endloop
  endfacet
  facet normal -0.0345951 -0.999401 0
    outer loop
      vertex -30.34 19.3729 0
      vertex -30.34 19.3729 3
      vertex -31.2211 19.4034 0
    endloop
  endfacet
  facet normal -0.0345951 -0.999401 -0
    outer loop
      vertex -31.2211 19.4034 3
      vertex -31.2211 19.4034 0
      vertex -30.34 19.3729 3
    endloop
  endfacet
  facet normal 0.00593657 -0.999982 0
    outer loop
      vertex -30.1884 19.3738 0
      vertex -30.1884 19.3738 3
      vertex -30.34 19.3729 0
    endloop
  endfacet
  facet normal 0.00593657 -0.999982 0
    outer loop
      vertex -30.34 19.3729 3
      vertex -30.34 19.3729 0
      vertex -30.1884 19.3738 3
    endloop
  endfacet
  facet normal 0.0509079 -0.998703 0
    outer loop
      vertex -29.2644 19.4209 0
      vertex -29.2644 19.4209 3
      vertex -30.1884 19.3738 0
    endloop
  endfacet
  facet normal 0.0509079 -0.998703 0
    outer loop
      vertex -30.1884 19.3738 3
      vertex -30.1884 19.3738 0
      vertex -29.2644 19.4209 3
    endloop
  endfacet
  facet normal 0.128124 -0.991758 0
    outer loop
      vertex -28.3572 19.5381 0
      vertex -28.3572 19.5381 3
      vertex -29.2644 19.4209 0
    endloop
  endfacet
  facet normal 0.128124 -0.991758 0
    outer loop
      vertex -29.2644 19.4209 3
      vertex -29.2644 19.4209 0
      vertex -28.3572 19.5381 3
    endloop
  endfacet
  facet normal 0.205331 -0.978693 0
    outer loop
      vertex -27.4716 19.7239 0
      vertex -27.4716 19.7239 3
      vertex -28.3572 19.5381 0
    endloop
  endfacet
  facet normal 0.205331 -0.978693 0
    outer loop
      vertex -28.3572 19.5381 3
      vertex -28.3572 19.5381 0
      vertex -27.4716 19.7239 3
    endloop
  endfacet
  facet normal 0.281731 -0.959493 0
    outer loop
      vertex -26.612 19.9763 0
      vertex -26.612 19.9763 3
      vertex -27.4716 19.7239 0
    endloop
  endfacet
  facet normal 0.281731 -0.959493 0
    outer loop
      vertex -27.4716 19.7239 3
      vertex -27.4716 19.7239 0
      vertex -26.612 19.9763 3
    endloop
  endfacet
  facet normal 0.357877 -0.933769 0
    outer loop
      vertex -25.7828 20.2941 0
      vertex -25.7828 20.2941 3
      vertex -26.612 19.9763 0
    endloop
  endfacet
  facet normal 0.357877 -0.933769 0
    outer loop
      vertex -26.612 19.9763 3
      vertex -26.612 19.9763 0
      vertex -25.7828 20.2941 3
    endloop
  endfacet
  facet normal 0.432805 -0.901488 0
    outer loop
      vertex -24.9888 20.6753 0
      vertex -24.9888 20.6753 3
      vertex -25.7828 20.2941 0
    endloop
  endfacet
  facet normal 0.432805 -0.901488 0
    outer loop
      vertex -25.7828 20.2941 3
      vertex -25.7828 20.2941 0
      vertex -24.9888 20.6753 3
    endloop
  endfacet
  facet normal 0.506491 -0.862245 0
    outer loop
      vertex -24.2343 21.1185 0
      vertex -24.2343 21.1185 3
      vertex -24.9888 20.6753 0
    endloop
  endfacet
  facet normal 0.506491 -0.862245 0
    outer loop
      vertex -24.9888 20.6753 3
      vertex -24.9888 20.6753 0
      vertex -24.2343 21.1185 3
    endloop
  endfacet
  facet normal 0.578224 -0.815878 0
    outer loop
      vertex -23.524 21.6219 0
      vertex -23.524 21.6219 3
      vertex -24.2343 21.1185 0
    endloop
  endfacet
  facet normal 0.578224 -0.815878 0
    outer loop
      vertex -24.2343 21.1185 3
      vertex -24.2343 21.1185 0
      vertex -23.524 21.6219 3
    endloop
  endfacet
  facet normal -0.707095 -0.707118 0
    outer loop
      vertex -20.4346 18.5326 0
      vertex -20.4346 18.5326 3
      vertex -23.524 21.6219 0
    endloop
  endfacet
  facet normal -0.707095 -0.707118 -0
    outer loop
      vertex -23.524 21.6219 3
      vertex -23.524 21.6219 0
      vertex -20.4346 18.5326 3
    endloop
  endfacet
  facet normal -0.707099 0.707114 0
    outer loop
      vertex -25.1611 13.8062 0
      vertex -25.1611 13.8062 3
      vertex -20.4346 18.5326 0
    endloop
  endfacet
  facet normal -0.707099 0.707114 0
    outer loop
      vertex -20.4346 18.5326 3
      vertex -20.4346 18.5326 0
      vertex -25.1611 13.8062 3
    endloop
  endfacet
  facet normal -0.707107 -0.707107 0
    outer loop
      vertex -23.3578 12.0029 0
      vertex -23.3578 12.0029 3
      vertex -25.1611 13.8062 0
    endloop
  endfacet
  facet normal -0.707107 -0.707107 -0
    outer loop
      vertex -25.1611 13.8062 3
      vertex -25.1611 13.8062 0
      vertex -23.3578 12.0029 3
    endloop
  endfacet
  facet normal 0.707099 -0.707114 0
    outer loop
      vertex -18.6313 16.7293 0
      vertex -18.6313 16.7293 3
      vertex -23.3578 12.0029 0
    endloop
  endfacet
  facet normal 0.707099 -0.707114 0
    outer loop
      vertex -23.3578 12.0029 3
      vertex -23.3578 12.0029 0
      vertex -18.6313 16.7293 3
    endloop
  endfacet
  facet normal -0.707085 -0.707129 0
    outer loop
      vertex -17.0427 15.1408 0
      vertex -17.0427 15.1408 3
      vertex -18.6313 16.7293 0
    endloop
  endfacet
  facet normal -0.707085 -0.707129 -0
    outer loop
      vertex -18.6313 16.7293 3
      vertex -18.6313 16.7293 0
      vertex -17.0427 15.1408 3
    endloop
  endfacet
  facet normal -0.707185 0.707028 0
    outer loop
      vertex -20.6503 11.5324 0
      vertex -20.6503 11.5324 3
      vertex -17.0427 15.1408 0
    endloop
  endfacet
  facet normal -0.707185 0.707028 0
    outer loop
      vertex -17.0427 15.1408 3
      vertex -17.0427 15.1408 0
      vertex -20.6503 11.5324 3
    endloop
  endfacet
  facet normal -0.707105 -0.707109 0
    outer loop
      vertex -18.847 9.72911 0
      vertex -18.847 9.72911 3
      vertex -20.6503 11.5324 0
    endloop
  endfacet
  facet normal -0.707105 -0.707109 -0
    outer loop
      vertex -20.6503 11.5324 3
      vertex -20.6503 11.5324 0
      vertex -18.847 9.72911 3
    endloop
  endfacet
  facet normal 0.707106 -0.707108 0
    outer loop
      vertex -15.2394 13.3367 0
      vertex -15.2394 13.3367 3
      vertex -18.847 9.72911 0
    endloop
  endfacet
  facet normal 0.707106 -0.707108 0
    outer loop
      vertex -18.847 9.72911 3
      vertex -18.847 9.72911 0
      vertex -15.2394 13.3367 3
    endloop
  endfacet
  facet normal -0.707151 -0.707062 0
    outer loop
      vertex -13.6509 11.748 0
      vertex -13.6509 11.748 3
      vertex -15.2394 13.3367 0
    endloop
  endfacet
  facet normal -0.707151 -0.707062 -0
    outer loop
      vertex -15.2394 13.3367 3
      vertex -15.2394 13.3367 0
      vertex -13.6509 11.748 3
    endloop
  endfacet
  facet normal -0.707087 0.707127 0
    outer loop
      vertex -16.1403 9.25874 0
      vertex -16.1403 9.25874 3
      vertex -13.6509 11.748 0
    endloop
  endfacet
  facet normal -0.707087 0.707127 0
    outer loop
      vertex -13.6509 11.748 3
      vertex -13.6509 11.748 0
      vertex -16.1403 9.25874 3
    endloop
  endfacet
  facet normal -0.707087 -0.707126 0
    outer loop
      vertex -14.3369 7.45544 0
      vertex -14.3369 7.45544 3
      vertex -16.1403 9.25874 0
    endloop
  endfacet
  facet normal -0.707087 -0.707126 -0
    outer loop
      vertex -16.1403 9.25874 3
      vertex -16.1403 9.25874 0
      vertex -14.3369 7.45544 3
    endloop
  endfacet
  facet normal 0.707101 -0.707112 0
    outer loop
      vertex -11.8476 9.9447 0
      vertex -11.8476 9.9447 3
      vertex -14.3369 7.45544 0
    endloop
  endfacet
  facet normal 0.707101 -0.707112 0
    outer loop
      vertex -14.3369 7.45544 3
      vertex -14.3369 7.45544 0
      vertex -11.8476 9.9447 3
    endloop
  endfacet
  facet normal -0.707103 -0.70711 0
    outer loop
      vertex -8.04156 6.1387 0
      vertex -8.04156 6.1387 3
      vertex -11.8476 9.9447 0
    endloop
  endfacet
  facet normal -0.707103 -0.70711 -0
    outer loop
      vertex -11.8476 9.9447 3
      vertex -11.8476 9.9447 0
      vertex -8.04156 6.1387 3
    endloop
  endfacet
  facet normal -0.828586 0.559862 0
    outer loop
      vertex -8.79996 5.01628 0
      vertex -8.79996 5.01628 3
      vertex -8.04156 6.1387 0
    endloop
  endfacet
  facet normal -0.828586 0.559862 0
    outer loop
      vertex -8.04156 6.1387 3
      vertex -8.04156 6.1387 0
      vertex -8.79996 5.01628 3
    endloop
  endfacet
  facet normal -0.895858 0.444341 0
    outer loop
      vertex -9.39684 3.81288 0
      vertex -9.39684 3.81288 3
      vertex -8.79996 5.01628 0
    endloop
  endfacet
  facet normal -0.895858 0.444341 0
    outer loop
      vertex -8.79996 5.01628 3
      vertex -8.79996 5.01628 0
      vertex -9.39684 3.81288 3
    endloop
  endfacet
  facet normal -0.947285 0.320392 0
    outer loop
      vertex -9.82681 2.54161 0
      vertex -9.82681 2.54161 3
      vertex -9.39684 3.81288 0
    endloop
  endfacet
  facet normal -0.947285 0.320392 0
    outer loop
      vertex -9.39684 3.81288 3
      vertex -9.39684 3.81288 0
      vertex -9.82681 2.54161 3
    endloop
  endfacet
  facet normal -0.98167 0.190589 0
    outer loop
      vertex -10.0843 1.21535 0
      vertex -10.0843 1.21535 3
      vertex -9.82681 2.54161 0
    endloop
  endfacet
  facet normal -0.98167 0.190589 0
    outer loop
      vertex -9.82681 2.54161 3
      vertex -9.82681 2.54161 0
      vertex -10.0843 1.21535 3
    endloop
  endfacet
  facet normal 0 1 0
    outer loop
      vertex -15.4619 1.21535 0
      vertex -15.4619 1.21535 3
      vertex -10.0843 1.21535 0
    endloop
  endfacet
  facet normal 0 1 0
    outer loop
      vertex -10.0843 1.21535 3
      vertex -10.0843 1.21535 0
      vertex -15.4619 1.21535 3
    endloop
  endfacet
  facet normal 1 0 -0
    outer loop
      vertex -15.4619 4.50331 0
      vertex -15.4619 4.50331 3
      vertex -15.4619 1.21535 0
    endloop
  endfacet
  facet normal 1 -0 0
    outer loop
      vertex -15.4619 1.21535 3
      vertex -15.4619 1.21535 0
      vertex -15.4619 4.50331 3
    endloop
  endfacet
  facet normal 0 1 0
    outer loop
      vertex -18.0126 4.50331 0
      vertex -18.0126 4.50331 3
      vertex -15.4619 4.50331 0
    endloop
  endfacet
  facet normal 0 1 0
    outer loop
      vertex -15.4619 4.50331 3
      vertex -15.4619 4.50331 0
      vertex -18.0126 4.50331 3
    endloop
  endfacet
  facet normal -1 0 0
    outer loop
      vertex -18.0126 1.21535 0
      vertex -18.0126 1.21535 3
      vertex -18.0126 4.50331 0
    endloop
  endfacet
  facet normal -1 -0 -0
    outer loop
      vertex -18.0126 4.50331 3
      vertex -18.0126 4.50331 0
      vertex -18.0126 1.21535 3
    endloop
  endfacet
  facet normal 0 1 0
    outer loop
      vertex -20.259 1.21535 0
      vertex -20.259 1.21535 3
      vertex -18.0126 1.21535 0
    endloop
  endfacet
  facet normal 0 1 0
    outer loop
      vertex -18.0126 1.21535 3
      vertex -18.0126 1.21535 0
      vertex -20.259 1.21535 3
    endloop
  endfacet
  facet normal 1 0 -0
    outer loop
      vertex -20.259 6.20181 0
      vertex -20.259 6.20181 3
      vertex -20.259 1.21535 0
    endloop
  endfacet
  facet normal 1 -0 0
    outer loop
      vertex -20.259 1.21535 3
      vertex -20.259 1.21535 0
      vertex -20.259 6.20181 3
    endloop
  endfacet
  facet normal 0 1 0
    outer loop
      vertex -22.8098 6.20181 0
      vertex -22.8098 6.20181 3
      vertex -20.259 6.20181 0
    endloop
  endfacet
  facet normal 0 1 0
    outer loop
      vertex -20.259 6.20181 3
      vertex -20.259 6.20181 0
      vertex -22.8098 6.20181 3
    endloop
  endfacet
  facet normal -1 0 0
    outer loop
      vertex -22.8098 1.21535 0
      vertex -22.8098 1.21535 3
      vertex -22.8098 6.20181 0
    endloop
  endfacet
  facet normal -1 -0 -0
    outer loop
      vertex -22.8098 6.20181 3
      vertex -22.8098 6.20181 0
      vertex -22.8098 1.21535 3
    endloop
  endfacet
  facet normal 0 1 0
    outer loop
      vertex -25.0563 1.21535 0
      vertex -25.0563 1.21535 3
      vertex -22.8098 1.21535 0
    endloop
  endfacet
  facet normal 0 1 0
    outer loop
      vertex -22.8098 1.21535 3
      vertex -22.8098 1.21535 0
      vertex -25.0563 1.21535 3
    endloop
  endfacet
  facet normal 1 0 -0
    outer loop
      vertex -25.0563 7.89941 0
      vertex -25.0563 7.89941 3
      vertex -25.0563 1.21535 0
    endloop
  endfacet
  facet normal 1 -0 0
    outer loop
      vertex -25.0563 1.21535 3
      vertex -25.0563 1.21535 0
      vertex -25.0563 7.89941 3
    endloop
  endfacet
  facet normal 0 1 0
    outer loop
      vertex -27.6069 7.89941 0
      vertex -27.6069 7.89941 3
      vertex -25.0563 7.89941 0
    endloop
  endfacet
  facet normal 0 1 0
    outer loop
      vertex -25.0563 7.89941 3
      vertex -25.0563 7.89941 0
      vertex -27.6069 7.89941 3
    endloop
  endfacet
  facet normal -1 0 0
    outer loop
      vertex -27.6069 1.21535 0
      vertex -27.6069 1.21535 3
      vertex -27.6069 7.89941 0
    endloop
  endfacet
  facet normal -1 -0 -0
    outer loop
      vertex -27.6069 7.89941 3
      vertex -27.6069 7.89941 0
      vertex -27.6069 1.21535 3
    endloop
  endfacet
  facet normal 0 1 0
    outer loop
      vertex -31.9823 1.21535 0
      vertex -31.9823 1.21535 3
      vertex -27.6069 1.21535 0
    endloop
  endfacet
  facet normal 0 1 0
    outer loop
      vertex -27.6069 1.21535 3
      vertex -27.6069 1.21535 0
      vertex -31.9823 1.21535 3
    endloop
  endfacet
  facet normal 0.979032 -0.203707 0
    outer loop
      vertex 34.6044 1.86073 0
      vertex 34.6044 1.86073 3
      vertex 34.471 1.2196 0
    endloop
  endfacet
  facet normal 0.979032 -0.203707 0
    outer loop
      vertex 34.471 1.2196 3
      vertex 34.471 1.2196 0
      vertex 34.6044 1.86073 3
    endloop
  endfacet
  facet normal 0.958371 -0.285526 0
    outer loop
      vertex 34.7909 2.48672 0
      vertex 34.7909 2.48672 3
      vertex 34.6044 1.86073 0
    endloop
  endfacet
  facet normal 0.958371 -0.285526 0
    outer loop
      vertex 34.6044 1.86073 3
      vertex 34.6044 1.86073 0
      vertex 34.7909 2.48672 3
    endloop
  endfacet
  facet normal 0.931721 -0.363175 0
    outer loop
      vertex 35.0285 3.09628 0
      vertex 35.0285 3.09628 3
      vertex 34.7909 2.48672 0
    endloop
  endfacet
  facet normal 0.931721 -0.363175 0
    outer loop
      vertex 34.7909 2.48672 3
      vertex 34.7909 2.48672 0
      vertex 35.0285 3.09628 3
    endloop
  endfacet
  facet normal 0.899573 -0.436771 0
    outer loop
      vertex 35.3156 3.68759 0
      vertex 35.3156 3.68759 3
      vertex 35.0285 3.09628 0
    endloop
  endfacet
  facet normal 0.899573 -0.436771 0
    outer loop
      vertex 35.0285 3.09628 3
      vertex 35.0285 3.09628 0
      vertex 35.3156 3.68759 3
    endloop
  endfacet
  facet normal 0.862834 -0.505488 0
    outer loop
      vertex 35.6503 4.2589 0
      vertex 35.6503 4.2589 3
      vertex 35.3156 3.68759 0
    endloop
  endfacet
  facet normal 0.862834 -0.505488 0
    outer loop
      vertex 35.3156 3.68759 3
      vertex 35.3156 3.68759 0
      vertex 35.6503 4.2589 3
    endloop
  endfacet
  facet normal 0.822117 -0.569318 0
    outer loop
      vertex 36.0311 4.80879 0
      vertex 36.0311 4.80879 3
      vertex 35.6503 4.2589 0
    endloop
  endfacet
  facet normal 0.822117 -0.569318 0
    outer loop
      vertex 35.6503 4.2589 3
      vertex 35.6503 4.2589 0
      vertex 36.0311 4.80879 3
    endloop
  endfacet
  facet normal 0.778429 -0.627732 0
    outer loop
      vertex 36.4559 5.33557 0
      vertex 36.4559 5.33557 3
      vertex 36.0311 4.80879 0
    endloop
  endfacet
  facet normal 0.778429 -0.627732 0
    outer loop
      vertex 36.0311 4.80879 3
      vertex 36.0311 4.80879 0
      vertex 36.4559 5.33557 3
    endloop
  endfacet
  facet normal 0.731891 -0.681422 0
    outer loop
      vertex 36.9232 5.83748 0
      vertex 36.9232 5.83748 3
      vertex 36.4559 5.33557 0
    endloop
  endfacet
  facet normal 0.731891 -0.681422 0
    outer loop
      vertex 36.4559 5.33557 3
      vertex 36.4559 5.33557 0
      vertex 36.9232 5.83748 3
    endloop
  endfacet
  facet normal 0.658392 -0.752675 0
    outer loop
      vertex 37.9781 6.76024 0
      vertex 37.9781 6.76024 3
      vertex 36.9232 5.83748 0
    endloop
  endfacet
  facet normal 0.658392 -0.752675 0
    outer loop
      vertex 36.9232 5.83748 3
      vertex 36.9232 5.83748 0
      vertex 37.9781 6.76024 3
    endloop
  endfacet
  facet normal 0.555473 -0.831534 0
    outer loop
      vertex 39.1816 7.56419 0
      vertex 39.1816 7.56419 3
      vertex 37.9781 6.76024 0
    endloop
  endfacet
  facet normal 0.555473 -0.831534 0
    outer loop
      vertex 37.9781 6.76024 3
      vertex 37.9781 6.76024 0
      vertex 39.1816 7.56419 3
    endloop
  endfacet
  facet normal 0.448741 -0.893662 0
    outer loop
      vertex 40.5196 8.23605 0
      vertex 40.5196 8.23605 3
      vertex 39.1816 7.56419 0
    endloop
  endfacet
  facet normal 0.448741 -0.893662 0
    outer loop
      vertex 39.1816 7.56419 3
      vertex 39.1816 7.56419 0
      vertex 40.5196 8.23605 3
    endloop
  endfacet
  facet normal 0.339603 -0.940569 0
    outer loop
      vertex 41.9783 8.76273 0
      vertex 41.9783 8.76273 3
      vertex 40.5196 8.23605 0
    endloop
  endfacet
  facet normal 0.339603 -0.940569 0
    outer loop
      vertex 40.5196 8.23605 3
      vertex 40.5196 8.23605 0
      vertex 41.9783 8.76273 3
    endloop
  endfacet
  facet normal -0.983152 -0.182789 0
    outer loop
      vertex 42.3218 6.91518 0
      vertex 42.3218 6.91518 3
      vertex 41.9783 8.76273 0
    endloop
  endfacet
  facet normal -0.983152 -0.182789 -0
    outer loop
      vertex 41.9783 8.76273 3
      vertex 41.9783 8.76273 0
      vertex 42.3218 6.91518 3
    endloop
  endfacet
  facet normal -0.990238 -0.139385 0
    outer loop
      vertex 42.5856 5.04105 0
      vertex 42.5856 5.04105 3
      vertex 42.3218 6.91518 0
    endloop
  endfacet
  facet normal -0.990238 -0.139385 -0
    outer loop
      vertex 42.3218 6.91518 3
      vertex 42.3218 6.91518 0
      vertex 42.5856 5.04105 3
    endloop
  endfacet
  facet normal -0.995434 -0.0954542 0
    outer loop
      vertex 42.7677 3.14204 0
      vertex 42.7677 3.14204 3
      vertex 42.5856 5.04105 0
    endloop
  endfacet
  facet normal -0.995434 -0.0954542 -0
    outer loop
      vertex 42.5856 5.04105 3
      vertex 42.5856 5.04105 0
      vertex 42.7677 3.14204 3
    endloop
  endfacet
  facet normal -0.998687 -0.0512217 0
    outer loop
      vertex 42.8663 1.2196 0
      vertex 42.8663 1.2196 3
      vertex 42.7677 3.14204 0
    endloop
  endfacet
  facet normal -0.998687 -0.0512217 -0
    outer loop
      vertex 42.7677 3.14204 3
      vertex 42.7677 3.14204 0
      vertex 42.8663 1.2196 3
    endloop
  endfacet
  facet normal 0 1 0
    outer loop
      vertex 34.471 1.2196 0
      vertex 34.471 1.2196 3
      vertex 42.8663 1.2196 0
    endloop
  endfacet
  facet normal 0 1 0
    outer loop
      vertex 42.8663 1.2196 3
      vertex 42.8663 1.2196 0
      vertex 34.471 1.2196 3
    endloop
  endfacet
  facet normal 0.998701 -0.0509635 0
    outer loop
      vertex -42.8457 3.12103 0
      vertex -42.8457 3.12103 3
      vertex -42.9429 1.21626 0
    endloop
  endfacet
  facet normal 0.998701 -0.0509635 0
    outer loop
      vertex -42.9429 1.21626 3
      vertex -42.9429 1.21626 0
      vertex -42.8457 3.12103 3
    endloop
  endfacet
  facet normal 0.995497 -0.0947911 0
    outer loop
      vertex -42.6665 5.00299 0
      vertex -42.6665 5.00299 3
      vertex -42.8457 3.12103 0
    endloop
  endfacet
  facet normal 0.995497 -0.0947911 0
    outer loop
      vertex -42.8457 3.12103 3
      vertex -42.8457 3.12103 0
      vertex -42.6665 5.00299 3
    endloop
  endfacet
  facet normal 0.990397 -0.138249 0
    outer loop
      vertex -42.4072 6.86058 0
      vertex -42.4072 6.86058 3
      vertex -42.6665 5.00299 0
    endloop
  endfacet
  facet normal 0.990397 -0.138249 0
    outer loop
      vertex -42.6665 5.00299 3
      vertex -42.6665 5.00299 0
      vertex -42.4072 6.86058 3
    endloop
  endfacet
  facet normal 0.983402 -0.181439 0
    outer loop
      vertex -42.0693 8.692 0
      vertex -42.0693 8.692 3
      vertex -42.4072 6.86058 0
    endloop
  endfacet
  facet normal 0.983402 -0.181439 0
    outer loop
      vertex -42.4072 6.86058 3
      vertex -42.4072 6.86058 0
      vertex -42.0693 8.692 3
    endloop
  endfacet
  facet normal -0.34208 -0.939671 0
    outer loop
      vertex -40.634 8.16949 0
      vertex -40.634 8.16949 3
      vertex -42.0693 8.692 0
    endloop
  endfacet
  facet normal -0.34208 -0.939671 -0
    outer loop
      vertex -42.0693 8.692 3
      vertex -42.0693 8.692 0
      vertex -40.634 8.16949 3
    endloop
  endfacet
  facet normal -0.450388 -0.892833 0
    outer loop
      vertex -39.31 7.5016 0
      vertex -39.31 7.5016 3
      vertex -40.634 8.16949 0
    endloop
  endfacet
  facet normal -0.450388 -0.892833 -0
    outer loop
      vertex -40.634 8.16949 3
      vertex -40.634 8.16949 0
      vertex -39.31 7.5016 3
    endloop
  endfacet
  facet normal -0.555208 -0.831711 0
    outer loop
      vertex -38.1125 6.70221 0
      vertex -38.1125 6.70221 3
      vertex -39.31 7.5016 0
    endloop
  endfacet
  facet normal -0.555208 -0.831711 -0
    outer loop
      vertex -39.31 7.5016 3
      vertex -39.31 7.5016 0
      vertex -38.1125 6.70221 3
    endloop
  endfacet
  facet normal -0.65599 -0.754769 0
    outer loop
      vertex -37.0572 5.78502 0
      vertex -37.0572 5.78502 3
      vertex -38.1125 6.70221 0
    endloop
  endfacet
  facet normal -0.65599 -0.754769 -0
    outer loop
      vertex -38.1125 6.70221 3
      vertex -38.1125 6.70221 0
      vertex -37.0572 5.78502 3
    endloop
  endfacet
  facet normal -0.750806 -0.660523 0
    outer loop
      vertex -36.159 4.76405 0
      vertex -36.159 4.76405 3
      vertex -37.0572 5.78502 0
    endloop
  endfacet
  facet normal -0.750806 -0.660523 -0
    outer loop
      vertex -37.0572 5.78502 3
      vertex -37.0572 5.78502 0
      vertex -36.159 4.76405 3
    endloop
  endfacet
  facet normal -0.816613 -0.577185 0
    outer loop
      vertex -35.7737 4.21892 0
      vertex -35.7737 4.21892 3
      vertex -36.159 4.76405 0
    endloop
  endfacet
  facet normal -0.816613 -0.577185 -0
    outer loop
      vertex -36.159 4.76405 3
      vertex -36.159 4.76405 0
      vertex -35.7737 4.21892 3
    endloop
  endfacet
  facet normal -0.857068 -0.515204 0
    outer loop
      vertex -35.4335 3.65298 0
      vertex -35.4335 3.65298 3
      vertex -35.7737 4.21892 0
    endloop
  endfacet
  facet normal -0.857068 -0.515204 -0
    outer loop
      vertex -35.7737 4.21892 3
      vertex -35.7737 4.21892 0
      vertex -35.4335 3.65298 3
    endloop
  endfacet
  facet normal -0.893971 -0.448124 0
    outer loop
      vertex -35.1403 3.06807 0
      vertex -35.1403 3.06807 3
      vertex -35.4335 3.65298 0
    endloop
  endfacet
  facet normal -0.893971 -0.448124 -0
    outer loop
      vertex -35.4335 3.65298 3
      vertex -35.4335 3.65298 0
      vertex -35.1403 3.06807 3
    endloop
  endfacet
  facet normal -0.926662 -0.375896 0
    outer loop
      vertex -34.896 2.46582 0
      vertex -34.896 2.46582 3
      vertex -35.1403 3.06807 0
    endloop
  endfacet
  facet normal -0.926662 -0.375896 -0
    outer loop
      vertex -35.1403 3.06807 3
      vertex -35.1403 3.06807 0
      vertex -34.896 2.46582 3
    endloop
  endfacet
  facet normal -0.954341 -0.298719 0
    outer loop
      vertex -34.7026 1.84795 0
      vertex -34.7026 1.84795 3
      vertex -34.896 2.46582 0
    endloop
  endfacet
  facet normal -0.954341 -0.298719 -0
    outer loop
      vertex -34.896 2.46582 3
      vertex -34.896 2.46582 0
      vertex -34.7026 1.84795 3
    endloop
  endfacet
  facet normal -0.976114 -0.217261 0
    outer loop
      vertex -34.562 1.21626 0
      vertex -34.562 1.21626 3
      vertex -34.7026 1.84795 0
    endloop
  endfacet
  facet normal -0.976114 -0.217261 -0
    outer loop
      vertex -34.7026 1.84795 3
      vertex -34.7026 1.84795 0
      vertex -34.562 1.21626 3
    endloop
  endfacet
  facet normal 0 1 0
    outer loop
      vertex -42.9429 1.21626 0
      vertex -42.9429 1.21626 3
      vertex -34.562 1.21626 0
    endloop
  endfacet
  facet normal 0 1 0
    outer loop
      vertex -34.562 1.21626 3
      vertex -34.562 1.21626 0
      vertex -42.9429 1.21626 3
    endloop
  endfacet
  facet normal -0.223082 -0.9748 0
    outer loop
      vertex 2.05959 7.22238 0
      vertex 2.05959 7.22238 3
      vertex 1.23494 7.4111 0
    endloop
  endfacet
  facet normal -0.223082 -0.9748 -0
    outer loop
      vertex 1.23494 7.4111 3
      vertex 1.23494 7.4111 0
      vertex 2.05959 7.22238 3
    endloop
  endfacet
  facet normal -0.331164 -0.943573 0
    outer loop
      vertex 2.85573 6.94296 0
      vertex 2.85573 6.94296 3
      vertex 2.05959 7.22238 0
    endloop
  endfacet
  facet normal -0.331164 -0.943573 -0
    outer loop
      vertex 2.05959 7.22238 3
      vertex 2.05959 7.22238 0
      vertex 2.85573 6.94296 3
    endloop
  endfacet
  facet normal -0.434627 -0.900611 0
    outer loop
      vertex 3.61656 6.57579 0
      vertex 3.61656 6.57579 3
      vertex 2.85573 6.94296 0
    endloop
  endfacet
  facet normal -0.434627 -0.900611 -0
    outer loop
      vertex 2.85573 6.94296 3
      vertex 2.85573 6.94296 0
      vertex 3.61656 6.57579 3
    endloop
  endfacet
  facet normal -0.532656 -0.846332 0
    outer loop
      vertex 4.33539 6.12338 0
      vertex 4.33539 6.12338 3
      vertex 3.61656 6.57579 0
    endloop
  endfacet
  facet normal -0.532656 -0.846332 -0
    outer loop
      vertex 3.61656 6.57579 3
      vertex 3.61656 6.57579 0
      vertex 4.33539 6.12338 3
    endloop
  endfacet
  facet normal -0.707107 0.707107 0
    outer loop
      vertex 1.23494 3.02293 0
      vertex 1.23494 3.02293 3
      vertex 4.33539 6.12338 0
    endloop
  endfacet
  facet normal -0.707107 0.707107 0
    outer loop
      vertex 4.33539 6.12338 3
      vertex 4.33539 6.12338 0
      vertex 1.23494 3.02293 3
    endloop
  endfacet
  facet normal 1 0 -0
    outer loop
      vertex 1.23494 7.4111 0
      vertex 1.23494 7.4111 3
      vertex 1.23494 3.02293 0
    endloop
  endfacet
  facet normal 1 -0 0
    outer loop
      vertex 1.23494 3.02293 3
      vertex 1.23494 3.02293 0
      vertex 1.23494 7.4111 3
    endloop
  endfacet
  facet normal 0.533251 -0.845957 0
    outer loop
      vertex -3.69661 6.57385 0
      vertex -3.69661 6.57385 3
      vertex -4.41524 6.12086 0
    endloop
  endfacet
  facet normal 0.533251 -0.845957 0
    outer loop
      vertex -4.41524 6.12086 3
      vertex -4.41524 6.12086 0
      vertex -3.69661 6.57385 3
    endloop
  endfacet
  facet normal 0.435329 -0.900271 0
    outer loop
      vertex -2.93599 6.94165 0
      vertex -2.93599 6.94165 3
      vertex -3.69661 6.57385 0
    endloop
  endfacet
  facet normal 0.435329 -0.900271 0
    outer loop
      vertex -3.69661 6.57385 3
      vertex -3.69661 6.57385 0
      vertex -2.93599 6.94165 3
    endloop
  endfacet
  facet normal 0.331514 -0.94345 0
    outer loop
      vertex -2.13994 7.22137 0
      vertex -2.13994 7.22137 3
      vertex -2.93599 6.94165 0
    endloop
  endfacet
  facet normal 0.331514 -0.94345 0
    outer loop
      vertex -2.93599 6.94165 3
      vertex -2.93599 6.94165 0
      vertex -2.13994 7.22137 3
    endloop
  endfacet
  facet normal 0.223088 -0.974798 0
    outer loop
      vertex -1.31488 7.41019 0
      vertex -1.31488 7.41019 3
      vertex -2.13994 7.22137 0
    endloop
  endfacet
  facet normal 0.223088 -0.974798 0
    outer loop
      vertex -2.13994 7.22137 3
      vertex -2.13994 7.22137 0
      vertex -1.31488 7.41019 3
    endloop
  endfacet
  facet normal -1 0 0
    outer loop
      vertex -1.31488 3.02039 0
      vertex -1.31488 3.02039 3
      vertex -1.31488 7.41019 0
    endloop
  endfacet
  facet normal -1 -0 -0
    outer loop
      vertex -1.31488 7.41019 3
      vertex -1.31488 7.41019 0
      vertex -1.31488 3.02039 3
    endloop
  endfacet
  facet normal 0.707119 0.707094 -0
    outer loop
      vertex -4.41524 6.12086 0
      vertex -4.41524 6.12086 3
      vertex -1.31488 3.02039 0
    endloop
  endfacet
  facet normal 0.707119 0.707094 0
    outer loop
      vertex -1.31488 3.02039 3
      vertex -1.31488 3.02039 0
      vertex -4.41524 6.12086 3
    endloop
  endfacet
  facet normal 0.707215 -0.706998 0
    outer loop
      vertex 6.13951 4.32008 0
      vertex 6.13951 4.32008 3
      vertex 3.03998 1.2196 0
    endloop
  endfacet
  facet normal 0.707215 -0.706998 0
    outer loop
      vertex 3.03998 1.2196 3
      vertex 3.03998 1.2196 0
      vertex 6.13951 4.32008 3
    endloop
  endfacet
  facet normal -0.845975 -0.533223 0
    outer loop
      vertex 6.59253 3.60135 0
      vertex 6.59253 3.60135 3
      vertex 6.13951 4.32008 0
    endloop
  endfacet
  facet normal -0.845975 -0.533223 -0
    outer loop
      vertex 6.13951 4.32008 3
      vertex 6.13951 4.32008 0
      vertex 6.59253 3.60135 3
    endloop
  endfacet
  facet normal -0.900328 -0.435212 0
    outer loop
      vertex 6.96031 2.84052 0
      vertex 6.96031 2.84052 3
      vertex 6.59253 3.60135 0
    endloop
  endfacet
  facet normal -0.900328 -0.435212 -0
    outer loop
      vertex 6.59253 3.60135 3
      vertex 6.59253 3.60135 0
      vertex 6.96031 2.84052 3
    endloop
  endfacet
  facet normal -0.94346 -0.331488 0
    outer loop
      vertex 7.24004 2.04437 0
      vertex 7.24004 2.04437 3
      vertex 6.96031 2.84052 0
    endloop
  endfacet
  facet normal -0.94346 -0.331488 -0
    outer loop
      vertex 6.96031 2.84052 3
      vertex 6.96031 2.84052 0
      vertex 7.24004 2.04437 3
    endloop
  endfacet
  facet normal -0.974755 -0.223275 0
    outer loop
      vertex 7.42896 1.2196 0
      vertex 7.42896 1.2196 3
      vertex 7.24004 2.04437 0
    endloop
  endfacet
  facet normal -0.974755 -0.223275 -0
    outer loop
      vertex 7.24004 2.04437 3
      vertex 7.24004 2.04437 0
      vertex 7.42896 1.2196 3
    endloop
  endfacet
  facet normal 0 1 0
    outer loop
      vertex 3.03998 1.2196 0
      vertex 3.03998 1.2196 3
      vertex 7.42896 1.2196 0
    endloop
  endfacet
  facet normal 0 1 0
    outer loop
      vertex 7.42896 1.2196 3
      vertex 7.42896 1.2196 0
      vertex 3.03998 1.2196 3
    endloop
  endfacet
  facet normal 0.9748 -0.223079 0
    outer loop
      vertex -7.31674 2.04092 0
      vertex -7.31674 2.04092 3
      vertex -7.50546 1.21626 0
    endloop
  endfacet
  facet normal 0.9748 -0.223079 0
    outer loop
      vertex -7.50546 1.21626 3
      vertex -7.50546 1.21626 0
      vertex -7.31674 2.04092 3
    endloop
  endfacet
  facet normal 0.943615 -0.331045 0
    outer loop
      vertex -7.03743 2.83707 0
      vertex -7.03743 2.83707 3
      vertex -7.31674 2.04092 0
    endloop
  endfacet
  facet normal 0.943615 -0.331045 0
    outer loop
      vertex -7.31674 2.04092 3
      vertex -7.31674 2.04092 0
      vertex -7.03743 2.83707 3
    endloop
  endfacet
  facet normal 0.900557 -0.434737 0
    outer loop
      vertex -6.67015 3.59789 0
      vertex -6.67015 3.59789 3
      vertex -7.03743 2.83707 0
    endloop
  endfacet
  facet normal 0.900557 -0.434737 0
    outer loop
      vertex -7.03743 2.83707 3
      vertex -7.03743 2.83707 0
      vertex -6.67015 3.59789 3
    endloop
  endfacet
  facet normal 0.846299 -0.532709 0
    outer loop
      vertex -6.21774 4.31662 0
      vertex -6.21774 4.31662 3
      vertex -6.67015 3.59789 0
    endloop
  endfacet
  facet normal 0.846299 -0.532709 0
    outer loop
      vertex -6.67015 3.59789 3
      vertex -6.67015 3.59789 0
      vertex -6.21774 4.31662 3
    endloop
  endfacet
  facet normal -0.707108 -0.707106 0
    outer loop
      vertex -3.11739 1.21626 0
      vertex -3.11739 1.21626 3
      vertex -6.21774 4.31662 0
    endloop
  endfacet
  facet normal -0.707108 -0.707106 -0
    outer loop
      vertex -6.21774 4.31662 3
      vertex -6.21774 4.31662 0
      vertex -3.11739 1.21626 3
    endloop
  endfacet
  facet normal 0 1 0
    outer loop
      vertex -7.50546 1.21626 0
      vertex -7.50546 1.21626 3
      vertex -3.11739 1.21626 0
    endloop
  endfacet
  facet normal 0 1 0
    outer loop
      vertex -3.11739 1.21626 3
      vertex -3.11739 1.21626 0
      vertex -7.50546 1.21626 3
    endloop
  endfacet
  facet normal 0.709019 -0.705189 0
    outer loop
      vertex 25.1034 -13.7583 0
      vertex 25.1034 -13.7583 3
      vertex 20.3898 -18.4975 0
    endloop
  endfacet
  facet normal 0.709019 -0.705189 0
    outer loop
      vertex 20.3898 -18.4975 3
      vertex 20.3898 -18.4975 0
      vertex 25.1034 -13.7583 3
    endloop
  endfacet
  facet normal 0.705183 0.709026 -0
    outer loop
      vertex 23.2952 -11.9599 0
      vertex 23.2952 -11.9599 3
      vertex 25.1034 -13.7583 0
    endloop
  endfacet
  facet normal 0.705183 0.709026 0
    outer loop
      vertex 25.1034 -13.7583 3
      vertex 25.1034 -13.7583 0
      vertex 23.2952 -11.9599 3
    endloop
  endfacet
  facet normal -0.709027 0.705182 0
    outer loop
      vertex 18.5816 -16.6992 0
      vertex 18.5816 -16.6992 3
      vertex 23.2952 -11.9599 0
    endloop
  endfacet
  facet normal -0.709027 0.705182 0
    outer loop
      vertex 23.2952 -11.9599 3
      vertex 23.2952 -11.9599 0
      vertex 18.5816 -16.6992 3
    endloop
  endfacet
  facet normal 0.70519 0.709018 -0
    outer loop
      vertex 16.9888 -15.115 0
      vertex 16.9888 -15.115 3
      vertex 18.5816 -16.6992 0
    endloop
  endfacet
  facet normal 0.70519 0.709018 0
    outer loop
      vertex 18.5816 -16.6992 3
      vertex 18.5816 -16.6992 0
      vertex 16.9888 -15.115 3
    endloop
  endfacet
  facet normal 0.709123 -0.705085 0
    outer loop
      vertex 20.5864 -11.4968 0
      vertex 20.5864 -11.4968 3
      vertex 16.9888 -15.115 0
    endloop
  endfacet
  facet normal 0.709123 -0.705085 0
    outer loop
      vertex 16.9888 -15.115 3
      vertex 16.9888 -15.115 0
      vertex 20.5864 -11.4968 3
    endloop
  endfacet
  facet normal 0.705169 0.709039 -0
    outer loop
      vertex 18.7782 -9.69847 0
      vertex 18.7782 -9.69847 3
      vertex 20.5864 -11.4968 0
    endloop
  endfacet
  facet normal 0.705169 0.709039 0
    outer loop
      vertex 20.5864 -11.4968 3
      vertex 20.5864 -11.4968 0
      vertex 18.7782 -9.69847 3
    endloop
  endfacet
  facet normal -0.709038 0.70517 0
    outer loop
      vertex 15.1806 -13.3158 0
      vertex 15.1806 -13.3158 3
      vertex 18.7782 -9.69847 0
    endloop
  endfacet
  facet normal -0.709038 0.70517 0
    outer loop
      vertex 18.7782 -9.69847 3
      vertex 18.7782 -9.69847 0
      vertex 15.1806 -13.3158 3
    endloop
  endfacet
  facet normal 0.705146 0.709063 -0
    outer loop
      vertex 13.5876 -11.7316 0
      vertex 13.5876 -11.7316 3
      vertex 15.1806 -13.3158 0
    endloop
  endfacet
  facet normal 0.705146 0.709063 0
    outer loop
      vertex 15.1806 -13.3158 3
      vertex 15.1806 -13.3158 0
      vertex 13.5876 -11.7316 3
    endloop
  endfacet
  facet normal 0.709048 -0.70516 0
    outer loop
      vertex 16.0701 -9.23541 0
      vertex 16.0701 -9.23541 3
      vertex 13.5876 -11.7316 0
    endloop
  endfacet
  facet normal 0.709048 -0.70516 0
    outer loop
      vertex 13.5876 -11.7316 3
      vertex 13.5876 -11.7316 0
      vertex 16.0701 -9.23541 3
    endloop
  endfacet
  facet normal 0.70521 0.708998 -0
    outer loop
      vertex 14.262 -7.43697 0
      vertex 14.262 -7.43697 3
      vertex 16.0701 -9.23541 0
    endloop
  endfacet
  facet normal 0.70521 0.708998 0
    outer loop
      vertex 16.0701 -9.23541 3
      vertex 16.0701 -9.23541 0
      vertex 14.262 -7.43697 3
    endloop
  endfacet
  facet normal -0.709046 0.705163 0
    outer loop
      vertex 11.7795 -9.93314 0
      vertex 11.7795 -9.93314 3
      vertex 14.262 -7.43697 0
    endloop
  endfacet
  facet normal -0.709046 0.705163 0
    outer loop
      vertex 14.262 -7.43697 3
      vertex 14.262 -7.43697 0
      vertex 11.7795 -9.93314 3
    endloop
  endfacet
  facet normal 0.705096 0.709112 -0
    outer loop
      vertex 7.96222 -6.13748 0
      vertex 7.96222 -6.13748 3
      vertex 11.7795 -9.93314 0
    endloop
  endfacet
  facet normal 0.705096 0.709112 0
    outer loop
      vertex 11.7795 -9.93314 3
      vertex 11.7795 -9.93314 0
      vertex 7.96222 -6.13748 3
    endloop
  endfacet
  facet normal 0.830147 -0.557545 0
    outer loop
      vertex 8.71756 -5.01283 0
      vertex 8.71756 -5.01283 3
      vertex 7.96222 -6.13748 0
    endloop
  endfacet
  facet normal 0.830147 -0.557545 0
    outer loop
      vertex 7.96222 -6.13748 3
      vertex 7.96222 -6.13748 0
      vertex 8.71756 -5.01283 3
    endloop
  endfacet
  facet normal 0.897075 -0.441879 0
    outer loop
      vertex 9.31122 -3.80762 0
      vertex 9.31122 -3.80762 3
      vertex 8.71756 -5.01283 0
    endloop
  endfacet
  facet normal 0.897075 -0.441879 0
    outer loop
      vertex 8.71756 -5.01283 3
      vertex 8.71756 -5.01283 0
      vertex 9.31122 -3.80762 3
    endloop
  endfacet
  facet normal 0.948181 -0.31773 0
    outer loop
      vertex 9.73763 -2.53511 0
      vertex 9.73763 -2.53511 3
      vertex 9.31122 -3.80762 0
    endloop
  endfacet
  facet normal 0.948181 -0.31773 0
    outer loop
      vertex 9.31122 -3.80762 3
      vertex 9.31122 -3.80762 0
      vertex 9.73763 -2.53511 3
    endloop
  endfacet
  facet normal 0.982165 -0.188022 0
    outer loop
      vertex 9.99158 -1.20856 0
      vertex 9.99158 -1.20856 3
      vertex 9.73763 -2.53511 0
    endloop
  endfacet
  facet normal 0.982165 -0.188022 0
    outer loop
      vertex 9.73763 -2.53511 3
      vertex 9.73763 -2.53511 0
      vertex 9.99158 -1.20856 3
    endloop
  endfacet
  facet normal 0.00271866 -0.999996 0
    outer loop
      vertex 15.3692 -1.19394 0
      vertex 15.3692 -1.19394 3
      vertex 9.99158 -1.20856 0
    endloop
  endfacet
  facet normal 0.00271866 -0.999996 0
    outer loop
      vertex 9.99158 -1.20856 3
      vertex 9.99158 -1.20856 0
      vertex 15.3692 -1.19394 3
    endloop
  endfacet
  facet normal -0.999996 -0.00270692 0
    outer loop
      vertex 15.3781 -4.4818 0
      vertex 15.3781 -4.4818 3
      vertex 15.3692 -1.19394 0
    endloop
  endfacet
  facet normal -0.999996 -0.00270692 -0
    outer loop
      vertex 15.3692 -1.19394 3
      vertex 15.3692 -1.19394 0
      vertex 15.3781 -4.4818 3
    endloop
  endfacet
  facet normal 0.00270513 -0.999996 0
    outer loop
      vertex 17.9288 -4.4749 0
      vertex 17.9288 -4.4749 3
      vertex 15.3781 -4.4818 0
    endloop
  endfacet
  facet normal 0.00270513 -0.999996 0
    outer loop
      vertex 15.3781 -4.4818 3
      vertex 15.3781 -4.4818 0
      vertex 17.9288 -4.4749 3
    endloop
  endfacet
  facet normal 0.999996 0.00273735 -0
    outer loop
      vertex 17.9198 -1.18706 0
      vertex 17.9198 -1.18706 3
      vertex 17.9288 -4.4749 0
    endloop
  endfacet
  facet normal 0.999996 0.00273735 0
    outer loop
      vertex 17.9288 -4.4749 3
      vertex 17.9288 -4.4749 0
      vertex 17.9198 -1.18706 3
    endloop
  endfacet
  facet normal 0.00275996 -0.999996 0
    outer loop
      vertex 20.1662 -1.18086 0
      vertex 20.1662 -1.18086 3
      vertex 17.9198 -1.18706 0
    endloop
  endfacet
  facet normal 0.00275996 -0.999996 0
    outer loop
      vertex 17.9198 -1.18706 3
      vertex 17.9198 -1.18706 0
      vertex 20.1662 -1.18086 3
    endloop
  endfacet
  facet normal -0.999996 -0.00272743 0
    outer loop
      vertex 20.1798 -6.16722 0
      vertex 20.1798 -6.16722 3
      vertex 20.1662 -1.18086 0
    endloop
  endfacet
  facet normal -0.999996 -0.00272743 -0
    outer loop
      vertex 20.1662 -1.18086 3
      vertex 20.1662 -1.18086 0
      vertex 20.1798 -6.16722 3
    endloop
  endfacet
  facet normal 0.00270502 -0.999996 0
    outer loop
      vertex 22.7306 -6.16032 0
      vertex 22.7306 -6.16032 3
      vertex 20.1798 -6.16722 0
    endloop
  endfacet
  facet normal 0.00270502 -0.999996 0
    outer loop
      vertex 20.1798 -6.16722 3
      vertex 20.1798 -6.16722 0
      vertex 22.7306 -6.16032 3
    endloop
  endfacet
  facet normal 0.999996 0.00272742 -0
    outer loop
      vertex 22.717 -1.17395 0
      vertex 22.717 -1.17395 3
      vertex 22.7306 -6.16032 0
    endloop
  endfacet
  facet normal 0.999996 0.00272742 0
    outer loop
      vertex 22.7306 -6.16032 3
      vertex 22.7306 -6.16032 0
      vertex 22.717 -1.17395 3
    endloop
  endfacet
  facet normal 0.00270197 -0.999996 0
    outer loop
      vertex 24.9635 -1.16788 0
      vertex 24.9635 -1.16788 3
      vertex 22.717 -1.17395 0
    endloop
  endfacet
  facet normal 0.00270197 -0.999996 0
    outer loop
      vertex 22.717 -1.17395 3
      vertex 22.717 -1.17395 0
      vertex 24.9635 -1.16788 3
    endloop
  endfacet
  facet normal -0.999996 -0.00272293 0
    outer loop
      vertex 24.9817 -7.85184 0
      vertex 24.9817 -7.85184 3
      vertex 24.9635 -1.16788 0
    endloop
  endfacet
  facet normal -0.999996 -0.00272293 -0
    outer loop
      vertex 24.9635 -1.16788 3
      vertex 24.9635 -1.16788 0
      vertex 24.9817 -7.85184 3
    endloop
  endfacet
  facet normal 0.00275218 -0.999996 0
    outer loop
      vertex 27.5324 -7.84482 0
      vertex 27.5324 -7.84482 3
      vertex 24.9817 -7.85184 0
    endloop
  endfacet
  facet normal 0.00275218 -0.999996 0
    outer loop
      vertex 24.9817 -7.85184 3
      vertex 24.9817 -7.85184 0
      vertex 27.5324 -7.84482 3
    endloop
  endfacet
  facet normal 0.999996 0.00273789 -0
    outer loop
      vertex 27.5141 -1.16087 0
      vertex 27.5141 -1.16087 3
      vertex 27.5324 -7.84482 0
    endloop
  endfacet
  facet normal 0.999996 0.00273789 0
    outer loop
      vertex 27.5324 -7.84482 3
      vertex 27.5324 -7.84482 0
      vertex 27.5141 -1.16087 3
    endloop
  endfacet
  facet normal 0.00271288 -0.999996 0
    outer loop
      vertex 31.8895 -1.149 0
      vertex 31.8895 -1.149 3
      vertex 27.5141 -1.16087 0
    endloop
  endfacet
  facet normal 0.00271288 -0.999996 0
    outer loop
      vertex 27.5141 -1.16087 3
      vertex 27.5141 -1.16087 0
      vertex 31.8895 -1.149 3
    endloop
  endfacet
  facet normal -0.98406 -0.177839 0
    outer loop
      vertex 32.0466 -2.0183 0
      vertex 32.0466 -2.0183 3
      vertex 31.8895 -1.149 0
    endloop
  endfacet
  facet normal -0.98406 -0.177839 -0
    outer loop
      vertex 31.8895 -1.149 3
      vertex 31.8895 -1.149 0
      vertex 32.0466 -2.0183 3
    endloop
  endfacet
  facet normal -0.964928 -0.262514 0
    outer loop
      vertex 32.2797 -2.87511 0
      vertex 32.2797 -2.87511 3
      vertex 32.0466 -2.0183 0
    endloop
  endfacet
  facet normal -0.964928 -0.262514 -0
    outer loop
      vertex 32.0466 -2.0183 3
      vertex 32.0466 -2.0183 0
      vertex 32.2797 -2.87511 3
    endloop
  endfacet
  facet normal -0.939199 -0.343375 0
    outer loop
      vertex 32.5868 -3.71509 0
      vertex 32.5868 -3.71509 3
      vertex 32.2797 -2.87511 0
    endloop
  endfacet
  facet normal -0.939199 -0.343375 -0
    outer loop
      vertex 32.2797 -2.87511 3
      vertex 32.2797 -2.87511 0
      vertex 32.5868 -3.71509 3
    endloop
  endfacet
  facet normal -0.907578 -0.419883 0
    outer loop
      vertex 32.9655 -4.53365 0
      vertex 32.9655 -4.53365 3
      vertex 32.5868 -3.71509 0
    endloop
  endfacet
  facet normal -0.907578 -0.419883 -0
    outer loop
      vertex 32.5868 -3.71509 3
      vertex 32.5868 -3.71509 0
      vertex 32.9655 -4.53365 3
    endloop
  endfacet
  facet normal -0.870544 -0.49209 0
    outer loop
      vertex 33.4137 -5.32655 0
      vertex 33.4137 -5.32655 3
      vertex 32.9655 -4.53365 0
    endloop
  endfacet
  facet normal -0.870544 -0.49209 -0
    outer loop
      vertex 32.9655 -4.53365 3
      vertex 32.9655 -4.53365 0
      vertex 33.4137 -5.32655 3
    endloop
  endfacet
  facet normal -0.82844 -0.560078 0
    outer loop
      vertex 33.9293 -6.0892 0
      vertex 33.9293 -6.0892 3
      vertex 33.4137 -5.32655 0
    endloop
  endfacet
  facet normal -0.82844 -0.560078 -0
    outer loop
      vertex 33.4137 -5.32655 3
      vertex 33.4137 -5.32655 0
      vertex 33.9293 -6.0892 3
    endloop
  endfacet
  facet normal -0.781792 -0.623539 0
    outer loop
      vertex 34.51 -6.81728 0
      vertex 34.51 -6.81728 3
      vertex 33.9293 -6.0892 0
    endloop
  endfacet
  facet normal -0.781792 -0.623539 -0
    outer loop
      vertex 33.9293 -6.0892 3
      vertex 33.9293 -6.0892 0
      vertex 34.51 -6.81728 3
    endloop
  endfacet
  facet normal -0.730662 -0.682739 0
    outer loop
      vertex 35.1538 -7.50627 0
      vertex 35.1538 -7.50627 3
      vertex 34.51 -6.81728 0
    endloop
  endfacet
  facet normal -0.730662 -0.682739 -0
    outer loop
      vertex 34.51 -6.81728 3
      vertex 34.51 -6.81728 0
      vertex 35.1538 -7.50627 3
    endloop
  endfacet
  facet normal -0.678755 -0.734365 0
    outer loop
      vertex 35.801 -8.10446 0
      vertex 35.801 -8.10446 3
      vertex 35.1538 -7.50627 0
    endloop
  endfacet
  facet normal -0.678755 -0.734365 -0
    outer loop
      vertex 35.1538 -7.50627 3
      vertex 35.1538 -7.50627 0
      vertex 35.801 -8.10446 3
    endloop
  endfacet
  facet normal -0.627755 -0.778411 0
    outer loop
      vertex 36.4932 -8.66269 0
      vertex 36.4932 -8.66269 3
      vertex 35.801 -8.10446 0
    endloop
  endfacet
  facet normal -0.627755 -0.778411 -0
    outer loop
      vertex 35.801 -8.10446 3
      vertex 35.801 -8.10446 0
      vertex 36.4932 -8.66269 3
    endloop
  endfacet
  facet normal -0.575621 -0.817716 0
    outer loop
      vertex 37.2271 -9.17931 0
      vertex 37.2271 -9.17931 3
      vertex 36.4932 -8.66269 0
    endloop
  endfacet
  facet normal -0.575621 -0.817716 -0
    outer loop
      vertex 36.4932 -8.66269 3
      vertex 36.4932 -8.66269 0
      vertex 37.2271 -9.17931 3
    endloop
  endfacet
  facet normal -0.522508 -0.852635 0
    outer loop
      vertex 37.9996 -9.65271 0
      vertex 37.9996 -9.65271 3
      vertex 37.2271 -9.17931 0
    endloop
  endfacet
  facet normal -0.522508 -0.852635 -0
    outer loop
      vertex 37.2271 -9.17931 3
      vertex 37.2271 -9.17931 0
      vertex 37.9996 -9.65271 3
    endloop
  endfacet
  facet normal -0.468678 -0.883369 0
    outer loop
      vertex 38.8076 -10.0814 0
      vertex 38.8076 -10.0814 3
      vertex 37.9996 -9.65271 0
    endloop
  endfacet
  facet normal -0.468678 -0.883369 -0
    outer loop
      vertex 37.9996 -9.65271 3
      vertex 37.9996 -9.65271 0
      vertex 38.8076 -10.0814 3
    endloop
  endfacet
  facet normal -0.414325 -0.910129 0
    outer loop
      vertex 39.6476 -10.4638 0
      vertex 39.6476 -10.4638 3
      vertex 38.8076 -10.0814 0
    endloop
  endfacet
  facet normal -0.414325 -0.910129 -0
    outer loop
      vertex 38.8076 -10.0814 3
      vertex 38.8076 -10.0814 0
      vertex 39.6476 -10.4638 3
    endloop
  endfacet
  facet normal -0.359137 -0.933285 0
    outer loop
      vertex 40.5166 -10.7982 0
      vertex 40.5166 -10.7982 3
      vertex 39.6476 -10.4638 0
    endloop
  endfacet
  facet normal -0.359137 -0.933285 -0
    outer loop
      vertex 39.6476 -10.4638 3
      vertex 39.6476 -10.4638 0
      vertex 40.5166 -10.7982 3
    endloop
  endfacet
  facet normal -0.30345 -0.952847 0
    outer loop
      vertex 41.4112 -11.0831 0
      vertex 41.4112 -11.0831 3
      vertex 40.5166 -10.7982 0
    endloop
  endfacet
  facet normal -0.30345 -0.952847 -0
    outer loop
      vertex 40.5166 -10.7982 3
      vertex 40.5166 -10.7982 0
      vertex 41.4112 -11.0831 3
    endloop
  endfacet
  facet normal -0.957194 0.289446 0
    outer loop
      vertex 40.6141 -13.7191 0
      vertex 40.6141 -13.7191 3
      vertex 41.4112 -11.0831 0
    endloop
  endfacet
  facet normal -0.957194 0.289446 0
    outer loop
      vertex 41.4112 -11.0831 3
      vertex 41.4112 -11.0831 0
      vertex 40.6141 -13.7191 3
    endloop
  endfacet
  facet normal -0.936526 0.350599 0
    outer loop
      vertex 39.6551 -16.2808 0
      vertex 39.6551 -16.2808 3
      vertex 40.6141 -13.7191 0
    endloop
  endfacet
  facet normal -0.936526 0.350599 0
    outer loop
      vertex 40.6141 -13.7191 3
      vertex 40.6141 -13.7191 0
      vertex 39.6551 -16.2808 3
    endloop
  endfacet
  facet normal -0.912214 0.409713 0
    outer loop
      vertex 38.5406 -18.7622 0
      vertex 38.5406 -18.7622 3
      vertex 39.6551 -16.2808 0
    endloop
  endfacet
  facet normal -0.912214 0.409713 0
    outer loop
      vertex 39.6551 -16.2808 3
      vertex 39.6551 -16.2808 0
      vertex 38.5406 -18.7622 3
    endloop
  endfacet
  facet normal -0.884367 0.466792 0
    outer loop
      vertex 37.2763 -21.1575 0
      vertex 37.2763 -21.1575 3
      vertex 38.5406 -18.7622 0
    endloop
  endfacet
  facet normal -0.884367 0.466792 0
    outer loop
      vertex 38.5406 -18.7622 3
      vertex 38.5406 -18.7622 0
      vertex 37.2763 -21.1575 3
    endloop
  endfacet
  facet normal 0.452201 0.891916 -0
    outer loop
      vertex 36.4191 -20.7229 0
      vertex 36.4191 -20.7229 3
      vertex 37.2763 -21.1575 0
    endloop
  endfacet
  facet normal 0.452201 0.891916 0
    outer loop
      vertex 37.2763 -21.1575 3
      vertex 37.2763 -21.1575 0
      vertex 36.4191 -20.7229 3
    endloop
  endfacet
  facet normal 0.397298 0.91769 -0
    outer loop
      vertex 35.5446 -20.3443 0
      vertex 35.5446 -20.3443 3
      vertex 36.4191 -20.7229 0
    endloop
  endfacet
  facet normal 0.397298 0.91769 0
    outer loop
      vertex 36.4191 -20.7229 3
      vertex 36.4191 -20.7229 0
      vertex 35.5446 -20.3443 3
    endloop
  endfacet
  facet normal 0.340519 0.940238 -0
    outer loop
      vertex 34.6566 -20.0227 0
      vertex 34.6566 -20.0227 3
      vertex 35.5446 -20.3443 0
    endloop
  endfacet
  facet normal 0.340519 0.940238 0
    outer loop
      vertex 35.5446 -20.3443 3
      vertex 35.5446 -20.3443 0
      vertex 34.6566 -20.0227 3
    endloop
  endfacet
  facet normal 0.281617 0.959527 -0
    outer loop
      vertex 33.7588 -19.7592 0
      vertex 33.7588 -19.7592 3
      vertex 34.6566 -20.0227 0
    endloop
  endfacet
  facet normal 0.281617 0.959527 0
    outer loop
      vertex 34.6566 -20.0227 3
      vertex 34.6566 -20.0227 0
      vertex 33.7588 -19.7592 3
    endloop
  endfacet
  facet normal 0.220152 0.975466 -0
    outer loop
      vertex 32.8549 -19.5552 0
      vertex 32.8549 -19.5552 3
      vertex 33.7588 -19.7592 0
    endloop
  endfacet
  facet normal 0.220152 0.975466 0
    outer loop
      vertex 33.7588 -19.7592 3
      vertex 33.7588 -19.7592 0
      vertex 32.8549 -19.5552 3
    endloop
  endfacet
  facet normal 0.156243 0.987719 -0
    outer loop
      vertex 31.949 -19.4119 0
      vertex 31.949 -19.4119 3
      vertex 32.8549 -19.5552 0
    endloop
  endfacet
  facet normal 0.156243 0.987719 0
    outer loop
      vertex 32.8549 -19.5552 3
      vertex 32.8549 -19.5552 0
      vertex 31.949 -19.4119 3
    endloop
  endfacet
  facet normal 0.0895426 0.995983 -0
    outer loop
      vertex 31.0447 -19.3306 0
      vertex 31.0447 -19.3306 3
      vertex 31.949 -19.4119 0
    endloop
  endfacet
  facet normal 0.0895426 0.995983 0
    outer loop
      vertex 31.949 -19.4119 3
      vertex 31.949 -19.4119 0
      vertex 31.0447 -19.3306 3
    endloop
  endfacet
  facet normal 0.0203517 0.999793 -0
    outer loop
      vertex 30.1457 -19.3123 0
      vertex 30.1457 -19.3123 3
      vertex 31.0447 -19.3306 0
    endloop
  endfacet
  facet normal 0.0203517 0.999793 0
    outer loop
      vertex 31.0447 -19.3306 3
      vertex 31.0447 -19.3306 0
      vertex 30.1457 -19.3123 3
    endloop
  endfacet
  facet normal -0.053512 0.998567 0
    outer loop
      vertex 29.222 -19.3618 0
      vertex 29.222 -19.3618 3
      vertex 30.1457 -19.3123 0
    endloop
  endfacet
  facet normal -0.053512 0.998567 0
    outer loop
      vertex 30.1457 -19.3123 3
      vertex 30.1457 -19.3123 0
      vertex 29.222 -19.3618 3
    endloop
  endfacet
  facet normal -0.130975 0.991386 0
    outer loop
      vertex 28.3152 -19.4816 0
      vertex 28.3152 -19.4816 3
      vertex 29.222 -19.3618 0
    endloop
  endfacet
  facet normal -0.130975 0.991386 0
    outer loop
      vertex 29.222 -19.3618 3
      vertex 29.222 -19.3618 0
      vertex 28.3152 -19.4816 3
    endloop
  endfacet
  facet normal -0.207876 0.978155 0
    outer loop
      vertex 27.4301 -19.6697 0
      vertex 27.4301 -19.6697 3
      vertex 28.3152 -19.4816 0
    endloop
  endfacet
  facet normal -0.207876 0.978155 0
    outer loop
      vertex 28.3152 -19.4816 3
      vertex 28.3152 -19.4816 0
      vertex 27.4301 -19.6697 3
    endloop
  endfacet
  facet normal -0.284408 0.958703 0
    outer loop
      vertex 26.5712 -19.9245 0
      vertex 26.5712 -19.9245 3
      vertex 27.4301 -19.6697 0
    endloop
  endfacet
  facet normal -0.284408 0.958703 0
    outer loop
      vertex 27.4301 -19.6697 3
      vertex 27.4301 -19.6697 0
      vertex 26.5712 -19.9245 3
    endloop
  endfacet
  facet normal -0.360277 0.932845 0
    outer loop
      vertex 25.7429 -20.2444 0
      vertex 25.7429 -20.2444 3
      vertex 26.5712 -19.9245 0
    endloop
  endfacet
  facet normal -0.360277 0.932845 0
    outer loop
      vertex 26.5712 -19.9245 3
      vertex 26.5712 -19.9245 0
      vertex 25.7429 -20.2444 3
    endloop
  endfacet
  facet normal -0.435368 0.900253 0
    outer loop
      vertex 24.9499 -20.6279 0
      vertex 24.9499 -20.6279 3
      vertex 25.7429 -20.2444 0
    endloop
  endfacet
  facet normal -0.435368 0.900253 0
    outer loop
      vertex 25.7429 -20.2444 3
      vertex 25.7429 -20.2444 0
      vertex 24.9499 -20.6279 3
    endloop
  endfacet
  facet normal -0.508652 0.860972 0
    outer loop
      vertex 24.1965 -21.073 0
      vertex 24.1965 -21.073 3
      vertex 24.9499 -20.6279 0
    endloop
  endfacet
  facet normal -0.508652 0.860972 0
    outer loop
      vertex 24.9499 -20.6279 3
      vertex 24.9499 -20.6279 0
      vertex 24.1965 -21.073 3
    endloop
  endfacet
  facet normal -0.580532 0.814238 0
    outer loop
      vertex 23.4875 -21.5785 0
      vertex 23.4875 -21.5785 3
      vertex 24.1965 -21.073 0
    endloop
  endfacet
  facet normal -0.580532 0.814238 0
    outer loop
      vertex 24.1965 -21.073 3
      vertex 24.1965 -21.073 0
      vertex 23.4875 -21.5785 3
    endloop
  endfacet
  facet normal 0.705193 0.709015 -0
    outer loop
      vertex 20.3898 -18.4975 0
      vertex 20.3898 -18.4975 3
      vertex 23.4875 -21.5785 0
    endloop
  endfacet
  facet normal 0.705193 0.709015 0
    outer loop
      vertex 23.4875 -21.5785 3
      vertex 23.4875 -21.5785 0
      vertex 20.3898 -18.4975 3
    endloop
  endfacet
  facet normal 0 -1 0
    outer loop
      vertex 7.42978 -1.3302 0
      vertex 7.42978 -1.3302 3
      vertex 3.04169 -1.3302 0
    endloop
  endfacet
  facet normal 0 -1 0
    outer loop
      vertex 3.04169 -1.3302 3
      vertex 3.04169 -1.3302 0
      vertex 7.42978 -1.3302 3
    endloop
  endfacet
  facet normal -0.9748 0.223082 0
    outer loop
      vertex 7.24106 -2.15485 0
      vertex 7.24106 -2.15485 3
      vertex 7.42978 -1.3302 0
    endloop
  endfacet
  facet normal -0.9748 0.223082 0
    outer loop
      vertex 7.42978 -1.3302 3
      vertex 7.42978 -1.3302 0
      vertex 7.24106 -2.15485 3
    endloop
  endfacet
  facet normal -0.943615 0.331045 0
    outer loop
      vertex 6.96175 -2.951 0
      vertex 6.96175 -2.951 3
      vertex 7.24106 -2.15485 0
    endloop
  endfacet
  facet normal -0.943615 0.331045 0
    outer loop
      vertex 7.24106 -2.15485 3
      vertex 7.24106 -2.15485 0
      vertex 6.96175 -2.951 3
    endloop
  endfacet
  facet normal -0.900562 0.434728 0
    outer loop
      vertex 6.59447 -3.71184 0
      vertex 6.59447 -3.71184 3
      vertex 6.96175 -2.951 0
    endloop
  endfacet
  facet normal -0.900562 0.434728 0
    outer loop
      vertex 6.96175 -2.951 3
      vertex 6.96175 -2.951 0
      vertex 6.59447 -3.71184 3
    endloop
  endfacet
  facet normal -0.846299 0.532709 0
    outer loop
      vertex 6.14206 -4.43057 0
      vertex 6.14206 -4.43057 3
      vertex 6.59447 -3.71184 0
    endloop
  endfacet
  facet normal -0.846299 0.532709 0
    outer loop
      vertex 6.59447 -3.71184 3
      vertex 6.59447 -3.71184 0
      vertex 6.14206 -4.43057 3
    endloop
  endfacet
  facet normal 0.707107 0.707107 -0
    outer loop
      vertex 3.04169 -1.3302 0
      vertex 3.04169 -1.3302 3
      vertex 6.14206 -4.43057 0
    endloop
  endfacet
  facet normal 0.707107 0.707107 0
    outer loop
      vertex 6.14206 -4.43057 3
      vertex 6.14206 -4.43057 0
      vertex 3.04169 -1.3302 3
    endloop
  endfacet
  facet normal 0.450383 0.892836 -0
    outer loop
      vertex 39.2334 -7.61552 0
      vertex 39.2334 -7.61552 3
      vertex 40.5575 -8.28345 0
    endloop
  endfacet
  facet normal 0.450383 0.892836 0
    outer loop
      vertex 40.5575 -8.28345 3
      vertex 40.5575 -8.28345 0
      vertex 39.2334 -7.61552 3
    endloop
  endfacet
  facet normal 0.555231 0.831696 -0
    outer loop
      vertex 38.036 -6.81615 0
      vertex 38.036 -6.81615 3
      vertex 39.2334 -7.61552 0
    endloop
  endfacet
  facet normal 0.555231 0.831696 0
    outer loop
      vertex 39.2334 -7.61552 3
      vertex 39.2334 -7.61552 0
      vertex 38.036 -6.81615 3
    endloop
  endfacet
  facet normal 0.655951 0.754803 -0
    outer loop
      vertex 36.9806 -5.89897 0
      vertex 36.9806 -5.89897 3
      vertex 38.036 -6.81615 0
    endloop
  endfacet
  facet normal 0.655951 0.754803 0
    outer loop
      vertex 38.036 -6.81615 3
      vertex 38.036 -6.81615 0
      vertex 36.9806 -5.89897 3
    endloop
  endfacet
  facet normal 0.750846 0.660478 -0
    outer loop
      vertex 36.0825 -4.87799 0
      vertex 36.0825 -4.87799 3
      vertex 36.9806 -5.89897 0
    endloop
  endfacet
  facet normal 0.750846 0.660478 0
    outer loop
      vertex 36.9806 -5.89897 3
      vertex 36.9806 -5.89897 0
      vertex 36.0825 -4.87799 3
    endloop
  endfacet
  facet normal 0.816538 0.577292 -0
    outer loop
      vertex 35.6971 -4.33287 0
      vertex 35.6971 -4.33287 3
      vertex 36.0825 -4.87799 0
    endloop
  endfacet
  facet normal 0.816538 0.577292 0
    outer loop
      vertex 36.0825 -4.87799 3
      vertex 36.0825 -4.87799 0
      vertex 35.6971 -4.33287 3
    endloop
  endfacet
  facet normal 0.857064 0.51521 -0
    outer loop
      vertex 35.3569 -3.76694 0
      vertex 35.3569 -3.76694 3
      vertex 35.6971 -4.33287 0
    endloop
  endfacet
  facet normal 0.857064 0.51521 0
    outer loop
      vertex 35.6971 -4.33287 3
      vertex 35.6971 -4.33287 0
      vertex 35.3569 -3.76694 3
    endloop
  endfacet
  facet normal 0.893974 0.448118 -0
    outer loop
      vertex 35.0637 -3.18202 0
      vertex 35.0637 -3.18202 3
      vertex 35.3569 -3.76694 0
    endloop
  endfacet
  facet normal 0.893974 0.448118 0
    outer loop
      vertex 35.3569 -3.76694 3
      vertex 35.3569 -3.76694 0
      vertex 35.0637 -3.18202 3
    endloop
  endfacet
  facet normal 0.926718 0.375759 -0
    outer loop
      vertex 34.8195 -2.57976 0
      vertex 34.8195 -2.57976 3
      vertex 35.0637 -3.18202 0
    endloop
  endfacet
  facet normal 0.926718 0.375759 0
    outer loop
      vertex 35.0637 -3.18202 3
      vertex 35.0637 -3.18202 0
      vertex 34.8195 -2.57976 3
    endloop
  endfacet
  facet normal 0.954344 0.29871 -0
    outer loop
      vertex 34.6261 -1.96187 0
      vertex 34.6261 -1.96187 3
      vertex 34.8195 -2.57976 0
    endloop
  endfacet
  facet normal 0.954344 0.29871 0
    outer loop
      vertex 34.8195 -2.57976 3
      vertex 34.8195 -2.57976 0
      vertex 34.6261 -1.96187 3
    endloop
  endfacet
  facet normal 0.976112 0.217267 -0
    outer loop
      vertex 34.4855 -1.3302 0
      vertex 34.4855 -1.3302 3
      vertex 34.6261 -1.96187 0
    endloop
  endfacet
  facet normal 0.976112 0.217267 0
    outer loop
      vertex 34.6261 -1.96187 3
      vertex 34.6261 -1.96187 0
      vertex 34.4855 -1.3302 3
    endloop
  endfacet
  facet normal 0 -1 0
    outer loop
      vertex 42.8663 -1.3302 0
      vertex 42.8663 -1.3302 3
      vertex 34.4855 -1.3302 0
    endloop
  endfacet
  facet normal 0 -1 0
    outer loop
      vertex 34.4855 -1.3302 3
      vertex 34.4855 -1.3302 0
      vertex 42.8663 -1.3302 3
    endloop
  endfacet
  facet normal -0.998701 0.0509635 0
    outer loop
      vertex 42.7691 -3.23497 0
      vertex 42.7691 -3.23497 3
      vertex 42.8663 -1.3302 0
    endloop
  endfacet
  facet normal -0.998701 0.0509635 0
    outer loop
      vertex 42.8663 -1.3302 3
      vertex 42.8663 -1.3302 0
      vertex 42.7691 -3.23497 3
    endloop
  endfacet
  facet normal -0.995502 0.0947387 0
    outer loop
      vertex 42.59 -5.11693 0
      vertex 42.59 -5.11693 3
      vertex 42.7691 -3.23497 0
    endloop
  endfacet
  facet normal -0.995502 0.0947387 0
    outer loop
      vertex 42.7691 -3.23497 3
      vertex 42.7691 -3.23497 0
      vertex 42.59 -5.11693 3
    endloop
  endfacet
  facet normal -0.99039 0.138301 0
    outer loop
      vertex 42.3306 -6.97453 0
      vertex 42.3306 -6.97453 3
      vertex 42.59 -5.11693 0
    endloop
  endfacet
  facet normal -0.99039 0.138301 0
    outer loop
      vertex 42.59 -5.11693 3
      vertex 42.59 -5.11693 0
      vertex 42.3306 -6.97453 3
    endloop
  endfacet
  facet normal -0.983402 0.181439 0
    outer loop
      vertex 41.9927 -8.80595 0
      vertex 41.9927 -8.80595 3
      vertex 42.3306 -6.97453 0
    endloop
  endfacet
  facet normal -0.983402 0.181439 0
    outer loop
      vertex 42.3306 -6.97453 3
      vertex 42.3306 -6.97453 0
      vertex 41.9927 -8.80595 3
    endloop
  endfacet
  facet normal 0.342095 0.939665 -0
    outer loop
      vertex 40.5575 -8.28345 0
      vertex 40.5575 -8.28345 3
      vertex 41.9927 -8.80595 0
    endloop
  endfacet
  facet normal 0.342095 0.939665 0
    outer loop
      vertex 41.9927 -8.80595 3
      vertex 41.9927 -8.80595 0
      vertex 40.5575 -8.28345 3
    endloop
  endfacet
  facet normal 0.90042 0.435022 -0
    outer loop
      vertex -7.03612 -2.95476 0
      vertex -7.03612 -2.95476 3
      vertex -6.66864 -3.71538 0
    endloop
  endfacet
  facet normal 0.90042 0.435022 0
    outer loop
      vertex -6.66864 -3.71538 3
      vertex -6.66864 -3.71538 0
      vertex -7.03612 -2.95476 3
    endloop
  endfacet
  facet normal 0.943506 0.331354 -0
    outer loop
      vertex -7.31572 -2.15862 0
      vertex -7.31572 -2.15862 3
      vertex -7.03612 -2.95476 0
    endloop
  endfacet
  facet normal 0.943506 0.331354 0
    outer loop
      vertex -7.03612 -2.95476 3
      vertex -7.03612 -2.95476 0
      vertex -7.31572 -2.15862 3
    endloop
  endfacet
  facet normal 0.974772 0.223201 -0
    outer loop
      vertex -7.50464 -1.33356 0
      vertex -7.50464 -1.33356 3
      vertex -7.31572 -2.15862 0
    endloop
  endfacet
  facet normal 0.974772 0.223201 0
    outer loop
      vertex -7.31572 -2.15862 3
      vertex -7.31572 -2.15862 0
      vertex -7.50464 -1.33356 3
    endloop
  endfacet
  facet normal 0 -1 0
    outer loop
      vertex -3.11566 -1.33356 0
      vertex -3.11566 -1.33356 3
      vertex -7.50464 -1.33356 0
    endloop
  endfacet
  facet normal 0 -1 0
    outer loop
      vertex -7.50464 -1.33356 3
      vertex -7.50464 -1.33356 0
      vertex -3.11566 -1.33356 3
    endloop
  endfacet
  facet normal -0.707117 0.707097 0
    outer loop
      vertex -6.21602 -4.43401 0
      vertex -6.21602 -4.43401 3
      vertex -3.11566 -1.33356 0
    endloop
  endfacet
  facet normal -0.707117 0.707097 0
    outer loop
      vertex -3.11566 -1.33356 3
      vertex -3.11566 -1.33356 0
      vertex -6.21602 -4.43401 3
    endloop
  endfacet
  facet normal 0.846154 0.532939 -0
    outer loop
      vertex -6.66864 -3.71538 0
      vertex -6.66864 -3.71538 3
      vertex -6.21602 -4.43401 0
    endloop
  endfacet
  facet normal 0.846154 0.532939 0
    outer loop
      vertex -6.21602 -4.43401 3
      vertex -6.21602 -4.43401 0
      vertex -6.66864 -3.71538 3
    endloop
  endfacet
  facet normal 0.499409 0.866366 -0
    outer loop
      vertex -25.0142 -20.7978 0
      vertex -25.0142 -20.7978 3
      vertex -24.2476 -21.2397 0
    endloop
  endfacet
  facet normal 0.499409 0.866366 0
    outer loop
      vertex -24.2476 -21.2397 3
      vertex -24.2476 -21.2397 0
      vertex -25.0142 -20.7978 3
    endloop
  endfacet
  facet normal 0.424445 0.905454 -0
    outer loop
      vertex -25.821 -20.4196 0
      vertex -25.821 -20.4196 3
      vertex -25.0142 -20.7978 0
    endloop
  endfacet
  facet normal 0.424445 0.905454 0
    outer loop
      vertex -25.0142 -20.7978 3
      vertex -25.0142 -20.7978 0
      vertex -25.821 -20.4196 3
    endloop
  endfacet
  facet normal 0.34839 0.937349 -0
    outer loop
      vertex -26.6634 -20.1065 0
      vertex -26.6634 -20.1065 3
      vertex -25.821 -20.4196 0
    endloop
  endfacet
  facet normal 0.34839 0.937349 0
    outer loop
      vertex -25.821 -20.4196 3
      vertex -25.821 -20.4196 0
      vertex -26.6634 -20.1065 3
    endloop
  endfacet
  facet normal 0.271444 0.962454 -0
    outer loop
      vertex -27.5367 -19.8602 0
      vertex -27.5367 -19.8602 3
      vertex -26.6634 -20.1065 0
    endloop
  endfacet
  facet normal 0.271444 0.962454 0
    outer loop
      vertex -26.6634 -20.1065 3
      vertex -26.6634 -20.1065 0
      vertex -27.5367 -19.8602 3
    endloop
  endfacet
  facet normal 0.194018 0.980998 -0
    outer loop
      vertex -28.4362 -19.6823 0
      vertex -28.4362 -19.6823 3
      vertex -27.5367 -19.8602 0
    endloop
  endfacet
  facet normal 0.194018 0.980998 0
    outer loop
      vertex -27.5367 -19.8602 3
      vertex -27.5367 -19.8602 0
      vertex -28.4362 -19.6823 3
    endloop
  endfacet
  facet normal 0.116335 0.99321 -0
    outer loop
      vertex -29.3574 -19.5744 0
      vertex -29.3574 -19.5744 3
      vertex -28.4362 -19.6823 0
    endloop
  endfacet
  facet normal 0.116335 0.99321 0
    outer loop
      vertex -28.4362 -19.6823 3
      vertex -28.4362 -19.6823 0
      vertex -29.3574 -19.5744 3
    endloop
  endfacet
  facet normal 0.0387603 0.999249 -0
    outer loop
      vertex -30.2958 -19.538 0
      vertex -30.2958 -19.538 3
      vertex -29.3574 -19.5744 0
    endloop
  endfacet
  facet normal 0.0387603 0.999249 0
    outer loop
      vertex -29.3574 -19.5744 3
      vertex -29.3574 -19.5744 0
      vertex -30.2958 -19.538 3
    endloop
  endfacet
  facet normal 0 1 0
    outer loop
      vertex -30.3239 -19.538 0
      vertex -30.3239 -19.538 3
      vertex -30.2958 -19.538 0
    endloop
  endfacet
  facet normal 0 1 0
    outer loop
      vertex -30.2958 -19.538 3
      vertex -30.2958 -19.538 0
      vertex -30.3239 -19.538 3
    endloop
  endfacet
  facet normal 0.707107 0.707107 -0
    outer loop
      vertex -30.3247 -19.5372 0
      vertex -30.3247 -19.5372 3
      vertex -30.3239 -19.538 0
    endloop
  endfacet
  facet normal 0.707107 0.707107 0
    outer loop
      vertex -30.3239 -19.538 3
      vertex -30.3239 -19.538 0
      vertex -30.3247 -19.5372 3
    endloop
  endfacet
  facet normal -0.0368815 0.99932 0
    outer loop
      vertex -31.2053 -19.5697 0
      vertex -31.2053 -19.5697 3
      vertex -30.3247 -19.5372 0
    endloop
  endfacet
  facet normal -0.0368815 0.99932 0
    outer loop
      vertex -30.3247 -19.5372 3
      vertex -30.3247 -19.5372 0
      vertex -31.2053 -19.5697 3
    endloop
  endfacet
  facet normal -0.104181 0.994558 0
    outer loop
      vertex -32.0893 -19.6623 0
      vertex -32.0893 -19.6623 3
      vertex -31.2053 -19.5697 0
    endloop
  endfacet
  facet normal -0.104181 0.994558 0
    outer loop
      vertex -31.2053 -19.5697 3
      vertex -31.2053 -19.5697 0
      vertex -32.0893 -19.6623 3
    endloop
  endfacet
  facet normal -0.168645 0.985677 0
    outer loop
      vertex -32.9736 -19.8136 0
      vertex -32.9736 -19.8136 3
      vertex -32.0893 -19.6623 0
    endloop
  endfacet
  facet normal -0.168645 0.985677 0
    outer loop
      vertex -32.0893 -19.6623 3
      vertex -32.0893 -19.6623 0
      vertex -32.9736 -19.8136 3
    endloop
  endfacet
  facet normal -0.230775 0.973007 0
    outer loop
      vertex -33.8548 -20.0226 0
      vertex -33.8548 -20.0226 3
      vertex -32.9736 -19.8136 0
    endloop
  endfacet
  facet normal -0.230775 0.973007 0
    outer loop
      vertex -32.9736 -19.8136 3
      vertex -32.9736 -19.8136 0
      vertex -33.8548 -20.0226 3
    endloop
  endfacet
  facet normal -0.290478 0.956882 0
    outer loop
      vertex -34.7294 -20.2881 0
      vertex -34.7294 -20.2881 3
      vertex -33.8548 -20.0226 0
    endloop
  endfacet
  facet normal -0.290478 0.956882 0
    outer loop
      vertex -33.8548 -20.0226 3
      vertex -33.8548 -20.0226 0
      vertex -34.7294 -20.2881 3
    endloop
  endfacet
  facet normal -0.34802 0.937487 0
    outer loop
      vertex -35.5941 -20.6091 0
      vertex -35.5941 -20.6091 3
      vertex -34.7294 -20.2881 0
    endloop
  endfacet
  facet normal -0.34802 0.937487 0
    outer loop
      vertex -34.7294 -20.2881 3
      vertex -34.7294 -20.2881 0
      vertex -35.5941 -20.6091 3
    endloop
  endfacet
  facet normal -0.403275 0.915079 0
    outer loop
      vertex -36.4457 -20.9844 0
      vertex -36.4457 -20.9844 3
      vertex -35.5941 -20.6091 0
    endloop
  endfacet
  facet normal -0.403275 0.915079 0
    outer loop
      vertex -35.5941 -20.6091 3
      vertex -35.5941 -20.6091 0
      vertex -36.4457 -20.9844 3
    endloop
  endfacet
  facet normal -0.456609 0.889668 0
    outer loop
      vertex -37.2806 -21.4129 0
      vertex -37.2806 -21.4129 3
      vertex -36.4457 -20.9844 0
    endloop
  endfacet
  facet normal -0.456609 0.889668 0
    outer loop
      vertex -36.4457 -20.9844 3
      vertex -36.4457 -20.9844 0
      vertex -37.2806 -21.4129 3
    endloop
  endfacet
  facet normal 0.882331 0.470628 -0
    outer loop
      vertex -38.5553 -19.0231 0
      vertex -38.5553 -19.0231 3
      vertex -37.2806 -21.4129 0
    endloop
  endfacet
  facet normal 0.882331 0.470628 0
    outer loop
      vertex -37.2806 -21.4129 3
      vertex -37.2806 -21.4129 0
      vertex -38.5553 -19.0231 3
    endloop
  endfacet
  facet normal 0.910439 0.413642 -0
    outer loop
      vertex -39.6805 -16.5465 0
      vertex -39.6805 -16.5465 3
      vertex -38.5553 -19.0231 0
    endloop
  endfacet
  facet normal 0.910439 0.413642 0
    outer loop
      vertex -38.5553 -19.0231 3
      vertex -38.5553 -19.0231 0
      vertex -39.6805 -16.5465 3
    endloop
  endfacet
  facet normal 0.93502 0.354595 -0
    outer loop
      vertex -40.6504 -13.989 0
      vertex -40.6504 -13.989 3
      vertex -39.6805 -16.5465 0
    endloop
  endfacet
  facet normal 0.93502 0.354595 0
    outer loop
      vertex -39.6805 -16.5465 3
      vertex -39.6805 -16.5465 0
      vertex -40.6504 -13.989 3
    endloop
  endfacet
  facet normal 0.955905 0.293675 -0
    outer loop
      vertex -41.4591 -11.3567 0
      vertex -41.4591 -11.3567 3
      vertex -40.6504 -13.989 0
    endloop
  endfacet
  facet normal 0.955905 0.293675 0
    outer loop
      vertex -40.6504 -13.989 3
      vertex -40.6504 -13.989 0
      vertex -41.4591 -11.3567 3
    endloop
  endfacet
  facet normal 0.308261 -0.951302 0
    outer loop
      vertex -40.5444 -11.0603 0
      vertex -40.5444 -11.0603 3
      vertex -41.4591 -11.3567 0
    endloop
  endfacet
  facet normal 0.308261 -0.951302 0
    outer loop
      vertex -41.4591 -11.3567 3
      vertex -41.4591 -11.3567 0
      vertex -40.5444 -11.0603 3
    endloop
  endfacet
  facet normal 0.365162 -0.930944 0
    outer loop
      vertex -39.6567 -10.7121 0
      vertex -39.6567 -10.7121 3
      vertex -40.5444 -11.0603 0
    endloop
  endfacet
  facet normal 0.365162 -0.930944 0
    outer loop
      vertex -40.5444 -11.0603 3
      vertex -40.5444 -11.0603 0
      vertex -39.6567 -10.7121 3
    endloop
  endfacet
  facet normal 0.421466 -0.906844 0
    outer loop
      vertex -38.7997 -10.3138 0
      vertex -38.7997 -10.3138 3
      vertex -39.6567 -10.7121 0
    endloop
  endfacet
  facet normal 0.421466 -0.906844 0
    outer loop
      vertex -39.6567 -10.7121 3
      vertex -39.6567 -10.7121 0
      vertex -38.7997 -10.3138 3
    endloop
  endfacet
  facet normal 0.477011 -0.878898 0
    outer loop
      vertex -37.977 -9.86729 0
      vertex -37.977 -9.86729 3
      vertex -38.7997 -10.3138 0
    endloop
  endfacet
  facet normal 0.477011 -0.878898 0
    outer loop
      vertex -38.7997 -10.3138 3
      vertex -38.7997 -10.3138 0
      vertex -37.977 -9.86729 3
    endloop
  endfacet
  facet normal 0.531755 -0.846898 0
    outer loop
      vertex -37.192 -9.3744 0
      vertex -37.192 -9.3744 3
      vertex -37.977 -9.86729 0
    endloop
  endfacet
  facet normal 0.531755 -0.846898 0
    outer loop
      vertex -37.977 -9.86729 3
      vertex -37.977 -9.86729 0
      vertex -37.192 -9.3744 3
    endloop
  endfacet
  facet normal 0.585765 -0.810481 0
    outer loop
      vertex -36.4483 -8.8369 0
      vertex -36.4483 -8.8369 3
      vertex -37.192 -9.3744 0
    endloop
  endfacet
  facet normal 0.585765 -0.810481 0
    outer loop
      vertex -37.192 -9.3744 3
      vertex -37.192 -9.3744 0
      vertex -36.4483 -8.8369 3
    endloop
  endfacet
  facet normal 0.638717 -0.769442 0
    outer loop
      vertex -35.7494 -8.25674 0
      vertex -35.7494 -8.25674 3
      vertex -36.4483 -8.8369 0
    endloop
  endfacet
  facet normal 0.638717 -0.769442 0
    outer loop
      vertex -36.4483 -8.8369 3
      vertex -36.4483 -8.8369 0
      vertex -35.7494 -8.25674 3
    endloop
  endfacet
  facet normal 0.690463 -0.723368 0
    outer loop
      vertex -35.0989 -7.63583 0
      vertex -35.0989 -7.63583 3
      vertex -35.7494 -8.25674 0
    endloop
  endfacet
  facet normal 0.690463 -0.723368 0
    outer loop
      vertex -35.7494 -8.25674 3
      vertex -35.7494 -8.25674 0
      vertex -35.0989 -7.63583 3
    endloop
  endfacet
  facet normal 0.74215 -0.670234 0
    outer loop
      vertex -34.4783 -6.94864 0
      vertex -34.4783 -6.94864 3
      vertex -35.0989 -7.63583 0
    endloop
  endfacet
  facet normal 0.74215 -0.670234 0
    outer loop
      vertex -35.0989 -7.63583 3
      vertex -35.0989 -7.63583 0
      vertex -34.4783 -6.94864 3
    endloop
  endfacet
  facet normal 0.791864 -0.610698 0
    outer loop
      vertex -33.9194 -6.22394 0
      vertex -33.9194 -6.22394 3
      vertex -34.4783 -6.94864 0
    endloop
  endfacet
  facet normal 0.791864 -0.610698 0
    outer loop
      vertex -34.4783 -6.94864 3
      vertex -34.4783 -6.94864 0
      vertex -33.9194 -6.22394 3
    endloop
  endfacet
  facet normal 0.837012 -0.547184 0
    outer loop
      vertex -33.424 -5.46614 0
      vertex -33.424 -5.46614 3
      vertex -33.9194 -6.22394 0
    endloop
  endfacet
  facet normal 0.837012 -0.547184 0
    outer loop
      vertex -33.9194 -6.22394 3
      vertex -33.9194 -6.22394 0
      vertex -33.424 -5.46614 3
    endloop
  endfacet
  facet normal 0.877614 -0.479368 0
    outer loop
      vertex -32.9944 -4.67964 0
      vertex -32.9944 -4.67964 3
      vertex -33.424 -5.46614 0
    endloop
  endfacet
  facet normal 0.877614 -0.479368 0
    outer loop
      vertex -33.424 -5.46614 3
      vertex -33.424 -5.46614 0
      vertex -32.9944 -4.67964 3
    endloop
  endfacet
  facet normal 0.913178 -0.407561 0
    outer loop
      vertex -32.6325 -3.86877 0
      vertex -32.6325 -3.86877 3
      vertex -32.9944 -4.67964 0
    endloop
  endfacet
  facet normal 0.913178 -0.407561 0
    outer loop
      vertex -32.9944 -4.67964 3
      vertex -32.9944 -4.67964 0
      vertex -32.6325 -3.86877 3
    endloop
  endfacet
  facet normal 0.943371 -0.33174 0
    outer loop
      vertex -32.3403 -3.03784 0
      vertex -32.3403 -3.03784 3
      vertex -32.6325 -3.86877 0
    endloop
  endfacet
  facet normal 0.943371 -0.33174 0
    outer loop
      vertex -32.6325 -3.86877 3
      vertex -32.6325 -3.86877 0
      vertex -32.3403 -3.03784 3
    endloop
  endfacet
  facet normal 0.967788 -0.251766 0
    outer loop
      vertex -32.1201 -2.19139 0
      vertex -32.1201 -2.19139 3
      vertex -32.3403 -3.03784 0
    endloop
  endfacet
  facet normal 0.967788 -0.251766 0
    outer loop
      vertex -32.3403 -3.03784 3
      vertex -32.3403 -3.03784 0
      vertex -32.1201 -2.19139 3
    endloop
  endfacet
  facet normal 0.985763 -0.168138 0
    outer loop
      vertex -31.9738 -1.33366 0
      vertex -31.9738 -1.33366 3
      vertex -32.1201 -2.19139 0
    endloop
  endfacet
  facet normal 0.985763 -0.168138 0
    outer loop
      vertex -32.1201 -2.19139 3
      vertex -32.1201 -2.19139 0
      vertex -31.9738 -1.33366 3
    endloop
  endfacet
  facet normal 0 -1 0
    outer loop
      vertex -27.6069 -1.33366 0
      vertex -27.6069 -1.33366 3
      vertex -31.9738 -1.33366 0
    endloop
  endfacet
  facet normal 0 -1 0
    outer loop
      vertex -31.9738 -1.33366 3
      vertex -31.9738 -1.33366 0
      vertex -27.6069 -1.33366 3
    endloop
  endfacet
  facet normal -1 0 0
    outer loop
      vertex -27.6069 -8.01761 0
      vertex -27.6069 -8.01761 3
      vertex -27.6069 -1.33366 0
    endloop
  endfacet
  facet normal -1 -0 -0
    outer loop
      vertex -27.6069 -1.33366 3
      vertex -27.6069 -1.33366 0
      vertex -27.6069 -8.01761 3
    endloop
  endfacet
  facet normal 0 -1 0
    outer loop
      vertex -25.0563 -8.01761 0
      vertex -25.0563 -8.01761 3
      vertex -27.6069 -8.01761 0
    endloop
  endfacet
  facet normal 0 -1 0
    outer loop
      vertex -27.6069 -8.01761 3
      vertex -27.6069 -8.01761 0
      vertex -25.0563 -8.01761 3
    endloop
  endfacet
  facet normal 1 0 -0
    outer loop
      vertex -25.0563 -1.33366 0
      vertex -25.0563 -1.33366 3
      vertex -25.0563 -8.01761 0
    endloop
  endfacet
  facet normal 1 -0 0
    outer loop
      vertex -25.0563 -8.01761 3
      vertex -25.0563 -8.01761 0
      vertex -25.0563 -1.33366 3
    endloop
  endfacet
  facet normal 0 -1 0
    outer loop
      vertex -22.8098 -1.33366 0
      vertex -22.8098 -1.33366 3
      vertex -25.0563 -1.33366 0
    endloop
  endfacet
  facet normal 0 -1 0
    outer loop
      vertex -25.0563 -1.33366 3
      vertex -25.0563 -1.33366 0
      vertex -22.8098 -1.33366 3
    endloop
  endfacet
  facet normal -1 0 0
    outer loop
      vertex -22.8098 -6.43588 0
      vertex -22.8098 -6.43588 3
      vertex -22.8098 -1.33366 0
    endloop
  endfacet
  facet normal -1 -0 -0
    outer loop
      vertex -22.8098 -1.33366 3
      vertex -22.8098 -1.33366 0
      vertex -22.8098 -6.43588 3
    endloop
  endfacet
  facet normal 0 -1 0
    outer loop
      vertex -20.259 -6.43588 0
      vertex -20.259 -6.43588 3
      vertex -22.8098 -6.43588 0
    endloop
  endfacet
  facet normal 0 -1 0
    outer loop
      vertex -22.8098 -6.43588 3
      vertex -22.8098 -6.43588 0
      vertex -20.259 -6.43588 3
    endloop
  endfacet
  facet normal 1 0 -0
    outer loop
      vertex -20.259 -1.33366 0
      vertex -20.259 -1.33366 3
      vertex -20.259 -6.43588 0
    endloop
  endfacet
  facet normal 1 -0 0
    outer loop
      vertex -20.259 -6.43588 3
      vertex -20.259 -6.43588 0
      vertex -20.259 -1.33366 3
    endloop
  endfacet
  facet normal 0 -1 0
    outer loop
      vertex -18.0126 -1.33366 0
      vertex -18.0126 -1.33366 3
      vertex -20.259 -1.33366 0
    endloop
  endfacet
  facet normal 0 -1 0
    outer loop
      vertex -20.259 -1.33366 3
      vertex -20.259 -1.33366 0
      vertex -18.0126 -1.33366 3
    endloop
  endfacet
  facet normal -1 0 0
    outer loop
      vertex -18.0126 -4.85416 0
      vertex -18.0126 -4.85416 3
      vertex -18.0126 -1.33366 0
    endloop
  endfacet
  facet normal -1 -0 -0
    outer loop
      vertex -18.0126 -1.33366 3
      vertex -18.0126 -1.33366 0
      vertex -18.0126 -4.85416 3
    endloop
  endfacet
  facet normal 0 -1 0
    outer loop
      vertex -15.4619 -4.85416 0
      vertex -15.4619 -4.85416 3
      vertex -18.0126 -4.85416 0
    endloop
  endfacet
  facet normal 0 -1 0
    outer loop
      vertex -18.0126 -4.85416 3
      vertex -18.0126 -4.85416 0
      vertex -15.4619 -4.85416 3
    endloop
  endfacet
  facet normal 1 0 -0
    outer loop
      vertex -15.4619 -1.33366 0
      vertex -15.4619 -1.33366 3
      vertex -15.4619 -4.85416 0
    endloop
  endfacet
  facet normal 1 -0 0
    outer loop
      vertex -15.4619 -4.85416 3
      vertex -15.4619 -4.85416 0
      vertex -15.4619 -1.33366 3
    endloop
  endfacet
  facet normal 0 -1 0
    outer loop
      vertex -10.0834 -1.33366 0
      vertex -10.0834 -1.33366 3
      vertex -15.4619 -1.33366 0
    endloop
  endfacet
  facet normal 0 -1 0
    outer loop
      vertex -15.4619 -1.33366 3
      vertex -15.4619 -1.33366 0
      vertex -10.0834 -1.33366 3
    endloop
  endfacet
  facet normal -0.981596 -0.190967 0
    outer loop
      vertex -9.8255 -2.6593 0
      vertex -9.8255 -2.6593 3
      vertex -10.0834 -1.33366 0
    endloop
  endfacet
  facet normal -0.981596 -0.190967 -0
    outer loop
      vertex -10.0834 -1.33366 3
      vertex -10.0834 -1.33366 0
      vertex -9.8255 -2.6593 3
    endloop
  endfacet
  facet normal -0.947199 -0.320646 0
    outer loop
      vertex -9.39522 -3.93036 0
      vertex -9.39522 -3.93036 3
      vertex -9.8255 -2.6593 0
    endloop
  endfacet
  facet normal -0.947199 -0.320646 -0
    outer loop
      vertex -9.8255 -2.6593 3
      vertex -9.8255 -2.6593 0
      vertex -9.39522 -3.93036 3
    endloop
  endfacet
  facet normal -0.895723 -0.444612 0
    outer loop
      vertex -8.79793 -5.13367 0
      vertex -8.79793 -5.13367 3
      vertex -9.39522 -3.93036 0
    endloop
  endfacet
  facet normal -0.895723 -0.444612 -0
    outer loop
      vertex -9.39522 -3.93036 3
      vertex -9.39522 -3.93036 0
      vertex -8.79793 -5.13367 3
    endloop
  endfacet
  facet normal -0.828376 -0.560172 0
    outer loop
      vertex -8.03891 -6.2561 0
      vertex -8.03891 -6.2561 3
      vertex -8.79793 -5.13367 0
    endloop
  endfacet
  facet normal -0.828376 -0.560172 -0
    outer loop
      vertex -8.79793 -5.13367 3
      vertex -8.79793 -5.13367 0
      vertex -8.03891 -6.2561 3
    endloop
  endfacet
  facet normal -0.707098 0.707115 0
    outer loop
      vertex -11.845 -10.0621 0
      vertex -11.845 -10.0621 3
      vertex -8.03891 -6.2561 0
    endloop
  endfacet
  facet normal -0.707098 0.707115 0
    outer loop
      vertex -8.03891 -6.2561 3
      vertex -8.03891 -6.2561 0
      vertex -11.845 -10.0621 3
    endloop
  endfacet
  facet normal 0.707093 0.70712 -0
    outer loop
      vertex -14.1699 -7.73729 0
      vertex -14.1699 -7.73729 3
      vertex -11.845 -10.0621 0
    endloop
  endfacet
  facet normal 0.707093 0.70712 0
    outer loop
      vertex -11.845 -10.0621 3
      vertex -11.845 -10.0621 0
      vertex -14.1699 -7.73729 3
    endloop
  endfacet
  facet normal -0.707071 0.707142 0
    outer loop
      vertex -15.9733 -9.54051 0
      vertex -15.9733 -9.54051 3
      vertex -14.1699 -7.73729 0
    endloop
  endfacet
  facet normal -0.707071 0.707142 0
    outer loop
      vertex -14.1699 -7.73729 3
      vertex -14.1699 -7.73729 0
      vertex -15.9733 -9.54051 3
    endloop
  endfacet
  facet normal -0.70709 -0.707124 0
    outer loop
      vertex -13.6483 -11.8654 0
      vertex -13.6483 -11.8654 3
      vertex -15.9733 -9.54051 0
    endloop
  endfacet
  facet normal -0.70709 -0.707124 -0
    outer loop
      vertex -15.9733 -9.54051 3
      vertex -15.9733 -9.54051 0
      vertex -13.6483 -11.8654 3
    endloop
  endfacet
  facet normal -0.707085 0.707129 0
    outer loop
      vertex -15.2369 -13.4539 0
      vertex -15.2369 -13.4539 3
      vertex -13.6483 -11.8654 0
    endloop
  endfacet
  facet normal -0.707085 0.707129 0
    outer loop
      vertex -13.6483 -11.8654 3
      vertex -13.6483 -11.8654 0
      vertex -15.2369 -13.4539 3
    endloop
  endfacet
  facet normal 0.707109 0.707105 -0
    outer loop
      vertex -18.7625 -9.92828 0
      vertex -18.7625 -9.92828 3
      vertex -15.2369 -13.4539 0
    endloop
  endfacet
  facet normal 0.707109 0.707105 0
    outer loop
      vertex -15.2369 -13.4539 3
      vertex -15.2369 -13.4539 0
      vertex -18.7625 -9.92828 3
    endloop
  endfacet
  facet normal -0.707091 0.707122 0
    outer loop
      vertex -20.5659 -11.7316 0
      vertex -20.5659 -11.7316 3
      vertex -18.7625 -9.92828 0
    endloop
  endfacet
  facet normal -0.707091 0.707122 0
    outer loop
      vertex -18.7625 -9.92828 3
      vertex -18.7625 -9.92828 0
      vertex -20.5659 -11.7316 3
    endloop
  endfacet
  facet normal -0.707107 -0.707107 0
    outer loop
      vertex -17.0402 -15.2573 0
      vertex -17.0402 -15.2573 3
      vertex -20.5659 -11.7316 0
    endloop
  endfacet
  facet normal -0.707107 -0.707107 -0
    outer loop
      vertex -20.5659 -11.7316 3
      vertex -20.5659 -11.7316 0
      vertex -17.0402 -15.2573 3
    endloop
  endfacet
  facet normal -0.707129 0.707085 0
    outer loop
      vertex -18.6287 -16.8459 0
      vertex -18.6287 -16.8459 3
      vertex -17.0402 -15.2573 0
    endloop
  endfacet
  facet normal -0.707129 0.707085 0
    outer loop
      vertex -17.0402 -15.2573 3
      vertex -17.0402 -15.2573 0
      vertex -18.6287 -16.8459 3
    endloop
  endfacet
  facet normal 0.707099 0.707114 -0
    outer loop
      vertex -23.3553 -12.1194 0
      vertex -23.3553 -12.1194 3
      vertex -18.6287 -16.8459 0
    endloop
  endfacet
  facet normal 0.707099 0.707114 0
    outer loop
      vertex -18.6287 -16.8459 3
      vertex -18.6287 -16.8459 0
      vertex -23.3553 -12.1194 3
    endloop
  endfacet
  facet normal -0.707107 0.707107 0
    outer loop
      vertex -25.1586 -13.9227 0
      vertex -25.1586 -13.9227 3
      vertex -23.3553 -12.1194 0
    endloop
  endfacet
  facet normal -0.707107 0.707107 0
    outer loop
      vertex -23.3553 -12.1194 3
      vertex -23.3553 -12.1194 0
      vertex -25.1586 -13.9227 3
    endloop
  endfacet
  facet normal -0.707092 -0.707122 0
    outer loop
      vertex -20.432 -18.6491 0
      vertex -20.432 -18.6491 3
      vertex -25.1586 -13.9227 0
    endloop
  endfacet
  facet normal -0.707092 -0.707122 -0
    outer loop
      vertex -25.1586 -13.9227 3
      vertex -25.1586 -13.9227 0
      vertex -20.432 -18.6491 3
    endloop
  endfacet
  facet normal -0.70721 0.707004 0
    outer loop
      vertex -23.5256 -21.7436 0
      vertex -23.5256 -21.7436 3
      vertex -20.432 -18.6491 0
    endloop
  endfacet
  facet normal -0.70721 0.707004 0
    outer loop
      vertex -20.432 -18.6491 3
      vertex -20.432 -18.6491 0
      vertex -23.5256 -21.7436 3
    endloop
  endfacet
  facet normal 0.572318 0.820032 -0
    outer loop
      vertex -24.2476 -21.2397 0
      vertex -24.2476 -21.2397 3
      vertex -23.5256 -21.7436 0
    endloop
  endfacet
  facet normal 0.572318 0.820032 0
    outer loop
      vertex -23.5256 -21.7436 3
      vertex -23.5256 -21.7436 0
      vertex -24.2476 -21.2397 3
    endloop
  endfacet
  facet normal 0.990244 0.139347 -0
    outer loop
      vertex -42.6612 -5.15569 0
      vertex -42.6612 -5.15569 3
      vertex -42.3975 -7.02962 0
    endloop
  endfacet
  facet normal 0.990244 0.139347 0
    outer loop
      vertex -42.3975 -7.02962 3
      vertex -42.3975 -7.02962 0
      vertex -42.6612 -5.15569 3
    endloop
  endfacet
  facet normal 0.995433 0.0954597 -0
    outer loop
      vertex -42.8433 -3.25679 0
      vertex -42.8433 -3.25679 3
      vertex -42.6612 -5.15569 0
    endloop
  endfacet
  facet normal 0.995433 0.0954597 0
    outer loop
      vertex -42.6612 -5.15569 3
      vertex -42.6612 -5.15569 0
      vertex -42.8433 -3.25679 3
    endloop
  endfacet
  facet normal 0.998685 0.0512764 -0
    outer loop
      vertex -42.942 -1.33446 0
      vertex -42.942 -1.33446 3
      vertex -42.8433 -3.25679 0
    endloop
  endfacet
  facet normal 0.998685 0.0512764 0
    outer loop
      vertex -42.8433 -3.25679 3
      vertex -42.8433 -3.25679 0
      vertex -42.942 -1.33446 3
    endloop
  endfacet
  facet normal 0 -1 0
    outer loop
      vertex -34.5467 -1.33446 0
      vertex -34.5467 -1.33446 3
      vertex -42.942 -1.33446 0
    endloop
  endfacet
  facet normal 0 -1 0
    outer loop
      vertex -42.942 -1.33446 3
      vertex -42.942 -1.33446 0
      vertex -34.5467 -1.33446 3
    endloop
  endfacet
  facet normal -0.979018 0.203774 0
    outer loop
      vertex -34.6801 -1.97537 0
      vertex -34.6801 -1.97537 3
      vertex -34.5467 -1.33446 0
    endloop
  endfacet
  facet normal -0.979018 0.203774 0
    outer loop
      vertex -34.5467 -1.33446 3
      vertex -34.5467 -1.33446 0
      vertex -34.6801 -1.97537 3
    endloop
  endfacet
  facet normal -0.95836 0.285563 0
    outer loop
      vertex -34.8666 -2.60127 0
      vertex -34.8666 -2.60127 3
      vertex -34.6801 -1.97537 0
    endloop
  endfacet
  facet normal -0.95836 0.285563 0
    outer loop
      vertex -34.6801 -1.97537 3
      vertex -34.6801 -1.97537 0
      vertex -34.8666 -2.60127 3
    endloop
  endfacet
  facet normal -0.931703 0.363221 0
    outer loop
      vertex -35.1042 -3.21074 0
      vertex -35.1042 -3.21074 3
      vertex -34.8666 -2.60127 0
    endloop
  endfacet
  facet normal -0.931703 0.363221 0
    outer loop
      vertex -34.8666 -2.60127 3
      vertex -34.8666 -2.60127 0
      vertex -35.1042 -3.21074 3
    endloop
  endfacet
  facet normal -0.899506 0.436909 0
    outer loop
      vertex -35.3913 -3.80182 0
      vertex -35.3913 -3.80182 3
      vertex -35.1042 -3.21074 0
    endloop
  endfacet
  facet normal -0.899506 0.436909 0
    outer loop
      vertex -35.1042 -3.21074 3
      vertex -35.1042 -3.21074 0
      vertex -35.3913 -3.80182 3
    endloop
  endfacet
  facet normal -0.862837 0.505482 0
    outer loop
      vertex -35.726 -4.37314 0
      vertex -35.726 -4.37314 3
      vertex -35.3913 -3.80182 0
    endloop
  endfacet
  facet normal -0.862837 0.505482 0
    outer loop
      vertex -35.3913 -3.80182 3
      vertex -35.3913 -3.80182 0
      vertex -35.726 -4.37314 3
    endloop
  endfacet
  facet normal -0.822069 0.569388 0
    outer loop
      vertex -36.1068 -4.92293 0
      vertex -36.1068 -4.92293 3
      vertex -35.726 -4.37314 0
    endloop
  endfacet
  facet normal -0.822069 0.569388 0
    outer loop
      vertex -35.726 -4.37314 3
      vertex -35.726 -4.37314 0
      vertex -36.1068 -4.92293 3
    endloop
  endfacet
  facet normal -0.778365 0.627812 0
    outer loop
      vertex -36.5316 -5.4496 0
      vertex -36.5316 -5.4496 3
      vertex -36.1068 -4.92293 0
    endloop
  endfacet
  facet normal -0.778365 0.627812 0
    outer loop
      vertex -36.1068 -4.92293 3
      vertex -36.1068 -4.92293 0
      vertex -36.5316 -5.4496 3
    endloop
  endfacet
  facet normal -0.731897 0.681415 0
    outer loop
      vertex -36.9989 -5.95152 0
      vertex -36.9989 -5.95152 3
      vertex -36.5316 -5.4496 0
    endloop
  endfacet
  facet normal -0.731897 0.681415 0
    outer loop
      vertex -36.5316 -5.4496 3
      vertex -36.5316 -5.4496 0
      vertex -36.9989 -5.95152 3
    endloop
  endfacet
  facet normal -0.658392 0.752675 0
    outer loop
      vertex -38.0538 -6.87428 0
      vertex -38.0538 -6.87428 3
      vertex -36.9989 -5.95152 0
    endloop
  endfacet
  facet normal -0.658392 0.752675 0
    outer loop
      vertex -36.9989 -5.95152 3
      vertex -36.9989 -5.95152 0
      vertex -38.0538 -6.87428 3
    endloop
  endfacet
  facet normal -0.555425 0.831566 0
    outer loop
      vertex -39.2573 -7.67813 0
      vertex -39.2573 -7.67813 3
      vertex -38.0538 -6.87428 0
    endloop
  endfacet
  facet normal -0.555425 0.831566 0
    outer loop
      vertex -38.0538 -6.87428 3
      vertex -38.0538 -6.87428 0
      vertex -39.2573 -7.67813 3
    endloop
  endfacet
  facet normal -0.448741 0.893662 0
    outer loop
      vertex -40.5953 -8.34999 0
      vertex -40.5953 -8.34999 3
      vertex -39.2573 -7.67813 0
    endloop
  endfacet
  facet normal -0.448741 0.893662 0
    outer loop
      vertex -39.2573 -7.67813 3
      vertex -39.2573 -7.67813 0
      vertex -40.5953 -8.34999 3
    endloop
  endfacet
  facet normal -0.339597 0.940571 0
    outer loop
      vertex -42.054 -8.87666 0
      vertex -42.054 -8.87666 3
      vertex -40.5953 -8.34999 0
    endloop
  endfacet
  facet normal -0.339597 0.940571 0
    outer loop
      vertex -40.5953 -8.34999 3
      vertex -40.5953 -8.34999 0
      vertex -42.054 -8.87666 3
    endloop
  endfacet
  facet normal 0.983143 0.182838 -0
    outer loop
      vertex -42.3975 -7.02962 0
      vertex -42.3975 -7.02962 3
      vertex -42.054 -8.87666 0
    endloop
  endfacet
  facet normal 0.983143 0.182838 0
    outer loop
      vertex -42.054 -8.87666 3
      vertex -42.054 -8.87666 0
      vertex -42.3975 -7.02962 3
    endloop
  endfacet
  facet normal -0.707106 -0.707108 0
    outer loop
      vertex 4.33966 -6.23479 0
      vertex 4.33966 -6.23479 3
      vertex 1.2392 -3.13434 0
    endloop
  endfacet
  facet normal -0.707106 -0.707108 -0
    outer loop
      vertex 1.2392 -3.13434 3
      vertex 1.2392 -3.13434 0
      vertex 4.33966 -6.23479 3
    endloop
  endfacet
  facet normal -0.533165 0.846011 0
    outer loop
      vertex 3.62082 -6.68781 0
      vertex 3.62082 -6.68781 3
      vertex 4.33966 -6.23479 0
    endloop
  endfacet
  facet normal -0.533165 0.846011 0
    outer loop
      vertex 4.33966 -6.23479 3
      vertex 4.33966 -6.23479 0
      vertex 3.62082 -6.68781 3
    endloop
  endfacet
  facet normal -0.435212 0.900328 0
    outer loop
      vertex 2.85999 -7.05559 0
      vertex 2.85999 -7.05559 3
      vertex 3.62082 -6.68781 0
    endloop
  endfacet
  facet normal -0.435212 0.900328 0
    outer loop
      vertex 3.62082 -6.68781 3
      vertex 3.62082 -6.68781 0
      vertex 2.85999 -7.05559 3
    endloop
  endfacet
  facet normal -0.331477 0.943463 0
    outer loop
      vertex 2.06384 -7.33531 0
      vertex 2.06384 -7.33531 3
      vertex 2.85999 -7.05559 0
    endloop
  endfacet
  facet normal -0.331477 0.943463 0
    outer loop
      vertex 2.85999 -7.05559 3
      vertex 2.85999 -7.05559 0
      vertex 2.06384 -7.33531 3
    endloop
  endfacet
  facet normal -0.223298 0.97475 0
    outer loop
      vertex 1.2392 -7.52422 0
      vertex 1.2392 -7.52422 3
      vertex 2.06384 -7.33531 0
    endloop
  endfacet
  facet normal -0.223298 0.97475 0
    outer loop
      vertex 2.06384 -7.33531 3
      vertex 2.06384 -7.33531 0
      vertex 1.2392 -7.52422 3
    endloop
  endfacet
  facet normal 1 0 -0
    outer loop
      vertex 1.2392 -3.13434 0
      vertex 1.2392 -3.13434 3
      vertex 1.2392 -7.52422 0
    endloop
  endfacet
  facet normal 1 -0 0
    outer loop
      vertex 1.2392 -7.52422 3
      vertex 1.2392 -7.52422 0
      vertex 1.2392 -3.13434 3
    endloop
  endfacet
  facet normal 0.331179 0.943568 -0
    outer loop
      vertex -2.93233 -7.0569 0
      vertex -2.93233 -7.0569 3
      vertex -2.1362 -7.33633 0
    endloop
  endfacet
  facet normal 0.331179 0.943568 0
    outer loop
      vertex -2.1362 -7.33633 3
      vertex -2.1362 -7.33633 0
      vertex -2.93233 -7.0569 3
    endloop
  endfacet
  facet normal 0.434627 0.900611 -0
    outer loop
      vertex -3.69316 -6.68973 0
      vertex -3.69316 -6.68973 3
      vertex -2.93233 -7.0569 0
    endloop
  endfacet
  facet normal 0.434627 0.900611 0
    outer loop
      vertex -2.93233 -7.0569 3
      vertex -2.93233 -7.0569 0
      vertex -3.69316 -6.68973 3
    endloop
  endfacet
  facet normal 0.532704 0.846302 -0
    outer loop
      vertex -4.4119 -6.23732 0
      vertex -4.4119 -6.23732 3
      vertex -3.69316 -6.68973 0
    endloop
  endfacet
  facet normal 0.532704 0.846302 0
    outer loop
      vertex -3.69316 -6.68973 3
      vertex -3.69316 -6.68973 0
      vertex -4.4119 -6.23732 3
    endloop
  endfacet
  facet normal 0.707105 -0.707109 0
    outer loop
      vertex -1.31143 -3.13687 0
      vertex -1.31143 -3.13687 3
      vertex -4.4119 -6.23732 0
    endloop
  endfacet
  facet normal 0.707105 -0.707109 0
    outer loop
      vertex -4.4119 -6.23732 3
      vertex -4.4119 -6.23732 0
      vertex -1.31143 -3.13687 3
    endloop
  endfacet
  facet normal -1 0 0
    outer loop
      vertex -1.31143 -7.52502 0
      vertex -1.31143 -7.52502 3
      vertex -1.31143 -3.13687 0
    endloop
  endfacet
  facet normal -1 -0 -0
    outer loop
      vertex -1.31143 -3.13687 3
      vertex -1.31143 -3.13687 0
      vertex -1.31143 -7.52502 3
    endloop
  endfacet
  facet normal 0.223017 0.974815 -0
    outer loop
      vertex -2.1362 -7.33633 0
      vertex -2.1362 -7.33633 3
      vertex -1.31143 -7.52502 0
    endloop
  endfacet
  facet normal 0.223017 0.974815 0
    outer loop
      vertex -1.31143 -7.52502 3
      vertex -1.31143 -7.52502 0
      vertex -2.1362 -7.33633 3
    endloop
  endfacet
  facet normal 0.353154 0.935565 -0
    outer loop
      vertex -16.4635 -39.7238 0
      vertex -16.4635 -39.7238 3
      vertex -13.9044 -40.6898 0
    endloop
  endfacet
  facet normal 0.353154 0.935565 0
    outer loop
      vertex -13.9044 -40.6898 3
      vertex -13.9044 -40.6898 0
      vertex -16.4635 -39.7238 3
    endloop
  endfacet
  facet normal 0.41219 0.911098 -0
    outer loop
      vertex -18.942 -38.6025 0
      vertex -18.942 -38.6025 3
      vertex -16.4635 -39.7238 0
    endloop
  endfacet
  facet normal 0.41219 0.911098 0
    outer loop
      vertex -16.4635 -39.7238 3
      vertex -16.4635 -39.7238 0
      vertex -18.942 -38.6025 3
    endloop
  endfacet
  facet normal 0.469216 0.883084 -0
    outer loop
      vertex -21.3337 -37.3317 0
      vertex -21.3337 -37.3317 3
      vertex -18.942 -38.6025 0
    endloop
  endfacet
  facet normal 0.469216 0.883084 0
    outer loop
      vertex -18.942 -38.6025 3
      vertex -18.942 -38.6025 0
      vertex -21.3337 -37.3317 3
    endloop
  endfacet
  facet normal 0.890692 -0.454607 0
    outer loop
      vertex -20.8968 -36.4757 0
      vertex -20.8968 -36.4757 3
      vertex -21.3337 -37.3317 0
    endloop
  endfacet
  facet normal 0.890692 -0.454607 0
    outer loop
      vertex -21.3337 -37.3317 3
      vertex -21.3337 -37.3317 0
      vertex -20.8968 -36.4757 3
    endloop
  endfacet
  facet normal 0.916547 -0.399927 0
    outer loop
      vertex -20.5157 -35.6023 0
      vertex -20.5157 -35.6023 3
      vertex -20.8968 -36.4757 0
    endloop
  endfacet
  facet normal 0.916547 -0.399927 0
    outer loop
      vertex -20.8968 -36.4757 3
      vertex -20.8968 -36.4757 0
      vertex -20.5157 -35.6023 3
    endloop
  endfacet
  facet normal 0.939335 -0.343001 0
    outer loop
      vertex -20.1917 -34.715 0
      vertex -20.1917 -34.715 3
      vertex -20.5157 -35.6023 0
    endloop
  endfacet
  facet normal 0.939335 -0.343001 0
    outer loop
      vertex -20.5157 -35.6023 3
      vertex -20.5157 -35.6023 0
      vertex -20.1917 -34.715 3
    endloop
  endfacet
  facet normal 0.958809 -0.284052 0
    outer loop
      vertex -19.9259 -33.8178 0
      vertex -19.9259 -33.8178 3
      vertex -20.1917 -34.715 0
    endloop
  endfacet
  facet normal 0.958809 -0.284052 0
    outer loop
      vertex -20.1917 -34.715 3
      vertex -20.1917 -34.715 0
      vertex -19.9259 -33.8178 3
    endloop
  endfacet
  facet normal 0.974846 -0.22288 0
    outer loop
      vertex -19.7194 -32.9146 0
      vertex -19.7194 -32.9146 3
      vertex -19.9259 -33.8178 0
    endloop
  endfacet
  facet normal 0.974846 -0.22288 0
    outer loop
      vertex -19.9259 -33.8178 3
      vertex -19.9259 -33.8178 0
      vertex -19.7194 -32.9146 3
    endloop
  endfacet
  facet normal 0.987304 -0.158845 0
    outer loop
      vertex -19.5737 -32.009 0
      vertex -19.5737 -32.009 3
      vertex -19.7194 -32.9146 0
    endloop
  endfacet
  facet normal 0.987304 -0.158845 0
    outer loop
      vertex -19.7194 -32.9146 3
      vertex -19.7194 -32.9146 0
      vertex -19.5737 -32.009 3
    endloop
  endfacet
  facet normal 0.995721 -0.0924126 0
    outer loop
      vertex -19.4898 -31.105 0
      vertex -19.4898 -31.105 3
      vertex -19.5737 -32.009 0
    endloop
  endfacet
  facet normal 0.995721 -0.0924126 0
    outer loop
      vertex -19.5737 -32.009 3
      vertex -19.5737 -32.009 0
      vertex -19.4898 -31.105 3
    endloop
  endfacet
  facet normal 0.999732 -0.0231358 0
    outer loop
      vertex -19.469 -30.2062 0
      vertex -19.469 -30.2062 3
      vertex -19.4898 -31.105 0
    endloop
  endfacet
  facet normal 0.999732 -0.0231358 0
    outer loop
      vertex -19.4898 -31.105 3
      vertex -19.4898 -31.105 0
      vertex -19.469 -30.2062 3
    endloop
  endfacet
  facet normal 0.998698 0.0510157 -0
    outer loop
      vertex -19.5162 -29.2822 0
      vertex -19.5162 -29.2822 3
      vertex -19.469 -30.2062 0
    endloop
  endfacet
  facet normal 0.998698 0.0510157 0
    outer loop
      vertex -19.469 -30.2062 3
      vertex -19.469 -30.2062 0
      vertex -19.5162 -29.2822 3
    endloop
  endfacet
  facet normal 0.991756 0.128138 -0
    outer loop
      vertex -19.6334 -28.3751 0
      vertex -19.6334 -28.3751 3
      vertex -19.5162 -29.2822 0
    endloop
  endfacet
  facet normal 0.991756 0.128138 0
    outer loop
      vertex -19.5162 -29.2822 3
      vertex -19.5162 -29.2822 0
      vertex -19.6334 -28.3751 3
    endloop
  endfacet
  facet normal 0.978737 0.205119 -0
    outer loop
      vertex -19.819 -27.4895 0
      vertex -19.819 -27.4895 3
      vertex -19.6334 -28.3751 0
    endloop
  endfacet
  facet normal 0.978737 0.205119 0
    outer loop
      vertex -19.6334 -28.3751 3
      vertex -19.6334 -28.3751 0
      vertex -19.819 -27.4895 3
    endloop
  endfacet
  facet normal 0.959442 0.281907 -0
    outer loop
      vertex -20.0716 -26.6298 0
      vertex -20.0716 -26.6298 3
      vertex -19.819 -27.4895 0
    endloop
  endfacet
  facet normal 0.959442 0.281907 0
    outer loop
      vertex -19.819 -27.4895 3
      vertex -19.819 -27.4895 0
      vertex -20.0716 -26.6298 3
    endloop
  endfacet
  facet normal 0.933792 0.357817 -0
    outer loop
      vertex -20.3893 -25.8007 0
      vertex -20.3893 -25.8007 3
      vertex -20.0716 -26.6298 0
    endloop
  endfacet
  facet normal 0.933792 0.357817 0
    outer loop
      vertex -20.0716 -26.6298 3
      vertex -20.0716 -26.6298 0
      vertex -20.3893 -25.8007 3
    endloop
  endfacet
  facet normal 0.901488 0.432805 -0
    outer loop
      vertex -20.7705 -25.0067 0
      vertex -20.7705 -25.0067 3
      vertex -20.3893 -25.8007 0
    endloop
  endfacet
  facet normal 0.901488 0.432805 0
    outer loop
      vertex -20.3893 -25.8007 3
      vertex -20.3893 -25.8007 0
      vertex -20.7705 -25.0067 3
    endloop
  endfacet
  facet normal 0.862225 0.506526 -0
    outer loop
      vertex -21.2138 -24.2521 0
      vertex -21.2138 -24.2521 3
      vertex -20.7705 -25.0067 0
    endloop
  endfacet
  facet normal 0.862225 0.506526 0
    outer loop
      vertex -20.7705 -25.0067 3
      vertex -20.7705 -25.0067 0
      vertex -21.2138 -24.2521 3
    endloop
  endfacet
  facet normal 0.815878 0.578224 -0
    outer loop
      vertex -21.7172 -23.5418 0
      vertex -21.7172 -23.5418 3
      vertex -21.2138 -24.2521 0
    endloop
  endfacet
  facet normal 0.815878 0.578224 0
    outer loop
      vertex -21.2138 -24.2521 3
      vertex -21.2138 -24.2521 0
      vertex -21.7172 -23.5418 3
    endloop
  endfacet
  facet normal 0.707107 -0.707107 0
    outer loop
      vertex -18.6279 -20.4525 0
      vertex -18.6279 -20.4525 3
      vertex -21.7172 -23.5418 0
    endloop
  endfacet
  facet normal 0.707107 -0.707107 0
    outer loop
      vertex -21.7172 -23.5418 3
      vertex -21.7172 -23.5418 0
      vertex -18.6279 -20.4525 3
    endloop
  endfacet
  facet normal -0.707107 -0.707107 0
    outer loop
      vertex -13.9014 -25.179 0
      vertex -13.9014 -25.179 3
      vertex -18.6279 -20.4525 0
    endloop
  endfacet
  facet normal -0.707107 -0.707107 -0
    outer loop
      vertex -18.6279 -20.4525 3
      vertex -18.6279 -20.4525 0
      vertex -13.9014 -25.179 3
    endloop
  endfacet
  facet normal 0.707146 -0.707068 0
    outer loop
      vertex -12.0982 -23.3756 0
      vertex -12.0982 -23.3756 3
      vertex -13.9014 -25.179 0
    endloop
  endfacet
  facet normal 0.707146 -0.707068 0
    outer loop
      vertex -13.9014 -25.179 3
      vertex -13.9014 -25.179 0
      vertex -12.0982 -23.3756 3
    endloop
  endfacet
  facet normal 0.707107 0.707107 -0
    outer loop
      vertex -16.8246 -18.6492 0
      vertex -16.8246 -18.6492 3
      vertex -12.0982 -23.3756 0
    endloop
  endfacet
  facet normal 0.707107 0.707107 0
    outer loop
      vertex -12.0982 -23.3756 3
      vertex -12.0982 -23.3756 0
      vertex -16.8246 -18.6492 3
    endloop
  endfacet
  facet normal 0.707129 -0.707085 0
    outer loop
      vertex -15.2361 -17.0606 0
      vertex -15.2361 -17.0606 3
      vertex -16.8246 -18.6492 0
    endloop
  endfacet
  facet normal 0.707129 -0.707085 0
    outer loop
      vertex -16.8246 -18.6492 3
      vertex -16.8246 -18.6492 0
      vertex -15.2361 -17.0606 3
    endloop
  endfacet
  facet normal -0.707097 -0.707117 0
    outer loop
      vertex -11.6277 -20.6689 0
      vertex -11.6277 -20.6689 3
      vertex -15.2361 -17.0606 0
    endloop
  endfacet
  facet normal -0.707097 -0.707117 -0
    outer loop
      vertex -15.2361 -17.0606 3
      vertex -15.2361 -17.0606 0
      vertex -11.6277 -20.6689 3
    endloop
  endfacet
  facet normal 0.707105 -0.707109 0
    outer loop
      vertex -9.82439 -18.8656 0
      vertex -9.82439 -18.8656 3
      vertex -11.6277 -20.6689 0
    endloop
  endfacet
  facet normal 0.707105 -0.707109 0
    outer loop
      vertex -11.6277 -20.6689 3
      vertex -11.6277 -20.6689 0
      vertex -9.82439 -18.8656 3
    endloop
  endfacet
  facet normal 0.707018 0.707196 -0
    outer loop
      vertex -13.4327 -15.2582 0
      vertex -13.4327 -15.2582 3
      vertex -9.82439 -18.8656 0
    endloop
  endfacet
  facet normal 0.707018 0.707196 0
    outer loop
      vertex -9.82439 -18.8656 3
      vertex -9.82439 -18.8656 0
      vertex -13.4327 -15.2582 3
    endloop
  endfacet
  facet normal 0.707129 -0.707085 0
    outer loop
      vertex -11.8442 -13.6696 0
      vertex -11.8442 -13.6696 3
      vertex -13.4327 -15.2582 0
    endloop
  endfacet
  facet normal 0.707129 -0.707085 0
    outer loop
      vertex -13.4327 -15.2582 3
      vertex -13.4327 -15.2582 0
      vertex -11.8442 -13.6696 3
    endloop
  endfacet
  facet normal -0.707098 -0.707115 0
    outer loop
      vertex -9.35484 -16.1589 0
      vertex -9.35484 -16.1589 3
      vertex -11.8442 -13.6696 0
    endloop
  endfacet
  facet normal -0.707098 -0.707115 -0
    outer loop
      vertex -11.8442 -13.6696 3
      vertex -11.8442 -13.6696 0
      vertex -9.35484 -16.1589 3
    endloop
  endfacet
  facet normal 0.707101 -0.707113 0
    outer loop
      vertex -7.55151 -14.3556 0
      vertex -7.55151 -14.3556 3
      vertex -9.35484 -16.1589 0
    endloop
  endfacet
  facet normal 0.707101 -0.707113 0
    outer loop
      vertex -9.35484 -16.1589 3
      vertex -9.35484 -16.1589 0
      vertex -7.55151 -14.3556 3
    endloop
  endfacet
  facet normal 0.707108 0.707105 -0
    outer loop
      vertex -10.0408 -11.8663 0
      vertex -10.0408 -11.8663 3
      vertex -7.55151 -14.3556 0
    endloop
  endfacet
  facet normal 0.707108 0.707105 0
    outer loop
      vertex -7.55151 -14.3556 3
      vertex -7.55151 -14.3556 0
      vertex -10.0408 -11.8663 3
    endloop
  endfacet
  facet normal 0.842271 -0.539054 0
    outer loop
      vertex -10.0392 -11.8638 0
      vertex -10.0392 -11.8638 3
      vertex -10.0408 -11.8663 0
    endloop
  endfacet
  facet normal 0.842271 -0.539054 0
    outer loop
      vertex -10.0408 -11.8663 3
      vertex -10.0408 -11.8663 0
      vertex -10.0392 -11.8638 3
    endloop
  endfacet
  facet normal 0.707104 -0.70711 0
    outer loop
      vertex -6.23306 -8.05769 0
      vertex -6.23306 -8.05769 3
      vertex -10.0392 -11.8638 0
    endloop
  endfacet
  facet normal 0.707104 -0.70711 0
    outer loop
      vertex -10.0392 -11.8638 3
      vertex -10.0392 -11.8638 0
      vertex -6.23306 -8.05769 3
    endloop
  endfacet
  facet normal -0.559858 -0.828589 0
    outer loop
      vertex -5.11063 -8.81609 0
      vertex -5.11063 -8.81609 3
      vertex -6.23306 -8.05769 0
    endloop
  endfacet
  facet normal -0.559858 -0.828589 -0
    outer loop
      vertex -6.23306 -8.05769 3
      vertex -6.23306 -8.05769 0
      vertex -5.11063 -8.81609 3
    endloop
  endfacet
  facet normal -0.444403 -0.895827 0
    outer loop
      vertex -3.90724 -9.41307 0
      vertex -3.90724 -9.41307 3
      vertex -5.11063 -8.81609 0
    endloop
  endfacet
  facet normal -0.444403 -0.895827 -0
    outer loop
      vertex -5.11063 -8.81609 3
      vertex -5.11063 -8.81609 0
      vertex -3.90724 -9.41307 3
    endloop
  endfacet
  facet normal -0.320405 -0.947281 0
    outer loop
      vertex -2.63597 -9.84306 0
      vertex -2.63597 -9.84306 3
      vertex -3.90724 -9.41307 0
    endloop
  endfacet
  facet normal -0.320405 -0.947281 -0
    outer loop
      vertex -3.90724 -9.41307 3
      vertex -3.90724 -9.41307 0
      vertex -2.63597 -9.84306 3
    endloop
  endfacet
  facet normal -0.190494 -0.981688 0
    outer loop
      vertex -1.3098 -10.1004 0
      vertex -1.3098 -10.1004 3
      vertex -2.63597 -9.84306 0
    endloop
  endfacet
  facet normal -0.190494 -0.981688 -0
    outer loop
      vertex -2.63597 -9.84306 3
      vertex -2.63597 -9.84306 0
      vertex -1.3098 -10.1004 3
    endloop
  endfacet
  facet normal -1 0 0
    outer loop
      vertex -1.3098 -15.478 0
      vertex -1.3098 -15.478 3
      vertex -1.3098 -10.1004 0
    endloop
  endfacet
  facet normal -1 -0 -0
    outer loop
      vertex -1.3098 -10.1004 3
      vertex -1.3098 -10.1004 0
      vertex -1.3098 -15.478 3
    endloop
  endfacet
  facet normal 0 1 0
    outer loop
      vertex -4.59766 -15.478 0
      vertex -4.59766 -15.478 3
      vertex -1.3098 -15.478 0
    endloop
  endfacet
  facet normal 0 1 0
    outer loop
      vertex -1.3098 -15.478 3
      vertex -1.3098 -15.478 0
      vertex -4.59766 -15.478 3
    endloop
  endfacet
  facet normal -1 0 0
    outer loop
      vertex -4.59766 -18.0288 0
      vertex -4.59766 -18.0288 3
      vertex -4.59766 -15.478 0
    endloop
  endfacet
  facet normal -1 -0 -0
    outer loop
      vertex -4.59766 -15.478 3
      vertex -4.59766 -15.478 0
      vertex -4.59766 -18.0288 3
    endloop
  endfacet
  facet normal 0 -1 0
    outer loop
      vertex -1.3098 -18.0288 0
      vertex -1.3098 -18.0288 3
      vertex -4.59766 -18.0288 0
    endloop
  endfacet
  facet normal 0 -1 0
    outer loop
      vertex -4.59766 -18.0288 3
      vertex -4.59766 -18.0288 0
      vertex -1.3098 -18.0288 3
    endloop
  endfacet
  facet normal -1 0 0
    outer loop
      vertex -1.3098 -20.2752 0
      vertex -1.3098 -20.2752 3
      vertex -1.3098 -18.0288 0
    endloop
  endfacet
  facet normal -1 -0 -0
    outer loop
      vertex -1.3098 -18.0288 3
      vertex -1.3098 -18.0288 0
      vertex -1.3098 -20.2752 3
    endloop
  endfacet
  facet normal 0 1 0
    outer loop
      vertex -6.29617 -20.2752 0
      vertex -6.29617 -20.2752 3
      vertex -1.3098 -20.2752 0
    endloop
  endfacet
  facet normal 0 1 0
    outer loop
      vertex -1.3098 -20.2752 3
      vertex -1.3098 -20.2752 0
      vertex -6.29617 -20.2752 3
    endloop
  endfacet
  facet normal -1 0 0
    outer loop
      vertex -6.29617 -22.8259 0
      vertex -6.29617 -22.8259 3
      vertex -6.29617 -20.2752 0
    endloop
  endfacet
  facet normal -1 -0 -0
    outer loop
      vertex -6.29617 -20.2752 3
      vertex -6.29617 -20.2752 0
      vertex -6.29617 -22.8259 3
    endloop
  endfacet
  facet normal 0 -1 0
    outer loop
      vertex -1.3098 -22.8259 0
      vertex -1.3098 -22.8259 3
      vertex -6.29617 -22.8259 0
    endloop
  endfacet
  facet normal 0 -1 0
    outer loop
      vertex -6.29617 -22.8259 3
      vertex -6.29617 -22.8259 0
      vertex -1.3098 -22.8259 3
    endloop
  endfacet
  facet normal -1 0 0
    outer loop
      vertex -1.3098 -25.0724 0
      vertex -1.3098 -25.0724 3
      vertex -1.3098 -22.8259 0
    endloop
  endfacet
  facet normal -1 -0 -0
    outer loop
      vertex -1.3098 -22.8259 3
      vertex -1.3098 -22.8259 0
      vertex -1.3098 -25.0724 3
    endloop
  endfacet
  facet normal 0 1 0
    outer loop
      vertex -7.99377 -25.0724 0
      vertex -7.99377 -25.0724 3
      vertex -1.3098 -25.0724 0
    endloop
  endfacet
  facet normal 0 1 0
    outer loop
      vertex -1.3098 -25.0724 3
      vertex -1.3098 -25.0724 0
      vertex -7.99377 -25.0724 3
    endloop
  endfacet
  facet normal -1 0 0
    outer loop
      vertex -7.99377 -27.6232 0
      vertex -7.99377 -27.6232 3
      vertex -7.99377 -25.0724 0
    endloop
  endfacet
  facet normal -1 -0 -0
    outer loop
      vertex -7.99377 -25.0724 3
      vertex -7.99377 -25.0724 0
      vertex -7.99377 -27.6232 3
    endloop
  endfacet
  facet normal 0 -1 0
    outer loop
      vertex -1.3098 -27.6232 0
      vertex -1.3098 -27.6232 3
      vertex -7.99377 -27.6232 0
    endloop
  endfacet
  facet normal 0 -1 0
    outer loop
      vertex -7.99377 -27.6232 3
      vertex -7.99377 -27.6232 0
      vertex -1.3098 -27.6232 3
    endloop
  endfacet
  facet normal -1 0 0
    outer loop
      vertex -1.3098 -31.9985 0
      vertex -1.3098 -31.9985 3
      vertex -1.3098 -27.6232 0
    endloop
  endfacet
  facet normal -1 -0 -0
    outer loop
      vertex -1.3098 -27.6232 3
      vertex -1.3098 -27.6232 0
      vertex -1.3098 -31.9985 3
    endloop
  endfacet
  facet normal -0.175027 0.984564 0
    outer loop
      vertex -2.18002 -32.1532 0
      vertex -2.18002 -32.1532 3
      vertex -1.3098 -31.9985 0
    endloop
  endfacet
  facet normal -0.175027 0.984564 0
    outer loop
      vertex -1.3098 -31.9985 3
      vertex -1.3098 -31.9985 0
      vertex -2.18002 -32.1532 3
    endloop
  endfacet
  facet normal -0.259814 0.965659 0
    outer loop
      vertex -3.03784 -32.384 0
      vertex -3.03784 -32.384 3
      vertex -2.18002 -32.1532 0
    endloop
  endfacet
  facet normal -0.259814 0.965659 0
    outer loop
      vertex -2.18002 -32.1532 3
      vertex -2.18002 -32.1532 0
      vertex -3.03784 -32.384 3
    endloop
  endfacet
  facet normal -0.340773 0.940145 0
    outer loop
      vertex -3.87874 -32.6888 0
      vertex -3.87874 -32.6888 3
      vertex -3.03784 -32.384 0
    endloop
  endfacet
  facet normal -0.340773 0.940145 0
    outer loop
      vertex -3.03784 -32.384 3
      vertex -3.03784 -32.384 0
      vertex -3.87874 -32.6888 3
    endloop
  endfacet
  facet normal -0.417312 0.908763 0
    outer loop
      vertex -4.69841 -33.0652 0
      vertex -4.69841 -33.0652 3
      vertex -3.87874 -32.6888 0
    endloop
  endfacet
  facet normal -0.417312 0.908763 0
    outer loop
      vertex -3.87874 -32.6888 3
      vertex -3.87874 -32.6888 0
      vertex -4.69841 -33.0652 3
    endloop
  endfacet
  facet normal -0.489814 0.871827 0
    outer loop
      vertex -5.49243 -33.5113 0
      vertex -5.49243 -33.5113 3
      vertex -4.69841 -33.0652 0
    endloop
  endfacet
  facet normal -0.489814 0.871827 0
    outer loop
      vertex -4.69841 -33.0652 3
      vertex -4.69841 -33.0652 0
      vertex -5.49243 -33.5113 3
    endloop
  endfacet
  facet normal -0.557795 0.829979 0
    outer loop
      vertex -6.2565 -34.0248 0
      vertex -6.2565 -34.0248 3
      vertex -5.49243 -33.5113 0
    endloop
  endfacet
  facet normal -0.557795 0.829979 0
    outer loop
      vertex -5.49243 -33.5113 3
      vertex -5.49243 -33.5113 0
      vertex -6.2565 -34.0248 3
    endloop
  endfacet
  facet normal -0.621552 0.783373 0
    outer loop
      vertex -6.98599 -34.6036 0
      vertex -6.98599 -34.6036 3
      vertex -6.2565 -34.0248 0
    endloop
  endfacet
  facet normal -0.621552 0.783373 0
    outer loop
      vertex -6.2565 -34.0248 3
      vertex -6.2565 -34.0248 0
      vertex -6.98599 -34.6036 3
    endloop
  endfacet
  facet normal -0.680689 0.732573 0
    outer loop
      vertex -7.67671 -35.2454 0
      vertex -7.67671 -35.2454 3
      vertex -6.98599 -34.6036 0
    endloop
  endfacet
  facet normal -0.680689 0.732573 0
    outer loop
      vertex -6.98599 -34.6036 3
      vertex -6.98599 -34.6036 0
      vertex -7.67671 -35.2454 3
    endloop
  endfacet
  facet normal -0.732649 0.680607 0
    outer loop
      vertex -8.27673 -35.8913 0
      vertex -8.27673 -35.8913 3
      vertex -7.67671 -35.2454 0
    endloop
  endfacet
  facet normal -0.732649 0.680607 0
    outer loop
      vertex -7.67671 -35.2454 3
      vertex -7.67671 -35.2454 0
      vertex -8.27673 -35.8913 3
    endloop
  endfacet
  facet normal -0.776827 0.629714 0
    outer loop
      vertex -8.83679 -36.5822 0
      vertex -8.83679 -36.5822 3
      vertex -8.27673 -35.8913 0
    endloop
  endfacet
  facet normal -0.776827 0.629714 0
    outer loop
      vertex -8.27673 -35.8913 3
      vertex -8.27673 -35.8913 0
      vertex -8.83679 -36.5822 3
    endloop
  endfacet
  facet normal -0.816206 0.577761 0
    outer loop
      vertex -9.35544 -37.3149 0
      vertex -9.35544 -37.3149 3
      vertex -8.83679 -36.5822 0
    endloop
  endfacet
  facet normal -0.816206 0.577761 0
    outer loop
      vertex -8.83679 -36.5822 3
      vertex -8.83679 -36.5822 0
      vertex -9.35544 -37.3149 3
    endloop
  endfacet
  facet normal -0.851248 0.524763 0
    outer loop
      vertex -9.83098 -38.0863 0
      vertex -9.83098 -38.0863 3
      vertex -9.35544 -37.3149 0
    endloop
  endfacet
  facet normal -0.851248 0.524763 0
    outer loop
      vertex -9.35544 -37.3149 3
      vertex -9.35544 -37.3149 0
      vertex -9.83098 -38.0863 3
    endloop
  endfacet
  facet normal -0.882068 0.471122 0
    outer loop
      vertex -10.2619 -38.8931 0
      vertex -10.2619 -38.8931 3
      vertex -9.83098 -38.0863 0
    endloop
  endfacet
  facet normal -0.882068 0.471122 0
    outer loop
      vertex -9.83098 -38.0863 3
      vertex -9.83098 -38.0863 0
      vertex -10.2619 -38.8931 3
    endloop
  endfacet
  facet normal -0.909041 0.416707 0
    outer loop
      vertex -10.6465 -39.7321 0
      vertex -10.6465 -39.7321 3
      vertex -10.2619 -38.8931 0
    endloop
  endfacet
  facet normal -0.909041 0.416707 0
    outer loop
      vertex -10.2619 -38.8931 3
      vertex -10.2619 -38.8931 0
      vertex -10.6465 -39.7321 3
    endloop
  endfacet
  facet normal -0.932371 0.361503 0
    outer loop
      vertex -10.9832 -40.6005 0
      vertex -10.9832 -40.6005 3
      vertex -10.6465 -39.7321 0
    endloop
  endfacet
  facet normal -0.932371 0.361503 0
    outer loop
      vertex -10.6465 -39.7321 3
      vertex -10.6465 -39.7321 0
      vertex -10.9832 -40.6005 3
    endloop
  endfacet
  facet normal -0.952005 0.306082 0
    outer loop
      vertex -11.2706 -41.4944 0
      vertex -11.2706 -41.4944 3
      vertex -10.9832 -40.6005 0
    endloop
  endfacet
  facet normal -0.952005 0.306082 0
    outer loop
      vertex -10.9832 -40.6005 3
      vertex -10.9832 -40.6005 0
      vertex -11.2706 -41.4944 3
    endloop
  endfacet
  facet normal 0.292161 0.956369 -0
    outer loop
      vertex -13.9044 -40.6898 0
      vertex -13.9044 -40.6898 3
      vertex -11.2706 -41.4944 0
    endloop
  endfacet
  facet normal 0.292161 0.956369 0
    outer loop
      vertex -11.2706 -41.4944 3
      vertex -11.2706 -41.4944 0
      vertex -13.9044 -40.6898 3
    endloop
  endfacet
  facet normal 0.930894 0.365289 -0
    outer loop
      vertex 10.6177 -39.6754 0
      vertex 10.6177 -39.6754 3
      vertex 10.966 -40.563 0
    endloop
  endfacet
  facet normal 0.930894 0.365289 0
    outer loop
      vertex 10.966 -40.563 3
      vertex 10.966 -40.563 0
      vertex 10.6177 -39.6754 3
    endloop
  endfacet
  facet normal 0.906866 0.421419 -0
    outer loop
      vertex 10.2195 -38.8185 0
      vertex 10.2195 -38.8185 3
      vertex 10.6177 -39.6754 0
    endloop
  endfacet
  facet normal 0.906866 0.421419 0
    outer loop
      vertex 10.6177 -39.6754 3
      vertex 10.6177 -39.6754 0
      vertex 10.2195 -38.8185 3
    endloop
  endfacet
  facet normal 0.878904 0.476999 -0
    outer loop
      vertex 9.77295 -37.9957 0
      vertex 9.77295 -37.9957 3
      vertex 10.2195 -38.8185 0
    endloop
  endfacet
  facet normal 0.878904 0.476999 0
    outer loop
      vertex 10.2195 -38.8185 3
      vertex 10.2195 -38.8185 0
      vertex 9.77295 -37.9957 3
    endloop
  endfacet
  facet normal 0.846845 0.53184 -0
    outer loop
      vertex 9.27995 -37.2107 0
      vertex 9.27995 -37.2107 3
      vertex 9.77295 -37.9957 0
    endloop
  endfacet
  facet normal 0.846845 0.53184 0
    outer loop
      vertex 9.77295 -37.9957 3
      vertex 9.77295 -37.9957 0
      vertex 9.27995 -37.2107 3
    endloop
  endfacet
  facet normal 0.810527 0.585701 -0
    outer loop
      vertex 8.74254 -36.467 0
      vertex 8.74254 -36.467 3
      vertex 9.27995 -37.2107 0
    endloop
  endfacet
  facet normal 0.810527 0.585701 0
    outer loop
      vertex 9.27995 -37.2107 3
      vertex 9.27995 -37.2107 0
      vertex 8.74254 -36.467 3
    endloop
  endfacet
  facet normal 0.769453 0.638704 -0
    outer loop
      vertex 8.1624 -35.7681 0
      vertex 8.1624 -35.7681 3
      vertex 8.74254 -36.467 0
    endloop
  endfacet
  facet normal 0.769453 0.638704 0
    outer loop
      vertex 8.74254 -36.467 3
      vertex 8.74254 -36.467 0
      vertex 8.1624 -35.7681 3
    endloop
  endfacet
  facet normal 0.723357 0.690475 -0
    outer loop
      vertex 7.54147 -35.1176 0
      vertex 7.54147 -35.1176 3
      vertex 8.1624 -35.7681 0
    endloop
  endfacet
  facet normal 0.723357 0.690475 0
    outer loop
      vertex 8.1624 -35.7681 3
      vertex 8.1624 -35.7681 0
      vertex 7.54147 -35.1176 3
    endloop
  endfacet
  facet normal 0.670191 0.742189 -0
    outer loop
      vertex 6.85431 -34.4971 0
      vertex 6.85431 -34.4971 3
      vertex 7.54147 -35.1176 0
    endloop
  endfacet
  facet normal 0.670191 0.742189 0
    outer loop
      vertex 7.54147 -35.1176 3
      vertex 7.54147 -35.1176 0
      vertex 6.85431 -34.4971 3
    endloop
  endfacet
  facet normal 0.610819 0.79177 -0
    outer loop
      vertex 6.12958 -33.938 0
      vertex 6.12958 -33.938 3
      vertex 6.85431 -34.4971 0
    endloop
  endfacet
  facet normal 0.610819 0.79177 0
    outer loop
      vertex 6.85431 -34.4971 3
      vertex 6.85431 -34.4971 0
      vertex 6.12958 -33.938 3
    endloop
  endfacet
  facet normal 0.547107 0.837063 -0
    outer loop
      vertex 5.37178 -33.4427 0
      vertex 5.37178 -33.4427 3
      vertex 6.12958 -33.938 0
    endloop
  endfacet
  facet normal 0.547107 0.837063 0
    outer loop
      vertex 6.12958 -33.938 3
      vertex 6.12958 -33.938 0
      vertex 5.37178 -33.4427 3
    endloop
  endfacet
  facet normal 0.479454 0.877567 -0
    outer loop
      vertex 4.58528 -33.013 0
      vertex 4.58528 -33.013 3
      vertex 5.37178 -33.4427 0
    endloop
  endfacet
  facet normal 0.479454 0.877567 0
    outer loop
      vertex 5.37178 -33.4427 3
      vertex 5.37178 -33.4427 0
      vertex 4.58528 -33.013 3
    endloop
  endfacet
  facet normal 0.407532 0.913191 -0
    outer loop
      vertex 3.77434 -32.6511 0
      vertex 3.77434 -32.6511 3
      vertex 4.58528 -33.013 0
    endloop
  endfacet
  facet normal 0.407532 0.913191 0
    outer loop
      vertex 4.58528 -33.013 3
      vertex 4.58528 -33.013 0
      vertex 3.77434 -32.6511 3
    endloop
  endfacet
  facet normal 0.33157 0.943431 -0
    outer loop
      vertex 2.9435 -32.3591 0
      vertex 2.9435 -32.3591 3
      vertex 3.77434 -32.6511 0
    endloop
  endfacet
  facet normal 0.33157 0.943431 0
    outer loop
      vertex 3.77434 -32.6511 3
      vertex 3.77434 -32.6511 0
      vertex 2.9435 -32.3591 3
    endloop
  endfacet
  facet normal 0.251867 0.967762 -0
    outer loop
      vertex 2.09703 -32.1388 0
      vertex 2.09703 -32.1388 3
      vertex 2.9435 -32.3591 0
    endloop
  endfacet
  facet normal 0.251867 0.967762 0
    outer loop
      vertex 2.9435 -32.3591 3
      vertex 2.9435 -32.3591 0
      vertex 2.09703 -32.1388 3
    endloop
  endfacet
  facet normal 0.168119 0.985767 -0
    outer loop
      vertex 1.2392 -31.9925 0
      vertex 1.2392 -31.9925 3
      vertex 2.09703 -32.1388 0
    endloop
  endfacet
  facet normal 0.168119 0.985767 0
    outer loop
      vertex 2.09703 -32.1388 3
      vertex 2.09703 -32.1388 0
      vertex 1.2392 -31.9925 3
    endloop
  endfacet
  facet normal 1 0 -0
    outer loop
      vertex 1.2392 -27.6257 0
      vertex 1.2392 -27.6257 3
      vertex 1.2392 -31.9925 0
    endloop
  endfacet
  facet normal 1 -0 0
    outer loop
      vertex 1.2392 -31.9925 3
      vertex 1.2392 -31.9925 0
      vertex 1.2392 -27.6257 3
    endloop
  endfacet
  facet normal 0 -1 0
    outer loop
      vertex 7.92325 -27.6257 0
      vertex 7.92325 -27.6257 3
      vertex 1.2392 -27.6257 0
    endloop
  endfacet
  facet normal 0 -1 0
    outer loop
      vertex 1.2392 -27.6257 3
      vertex 1.2392 -27.6257 0
      vertex 7.92325 -27.6257 3
    endloop
  endfacet
  facet normal 1 0 -0
    outer loop
      vertex 7.92325 -25.075 0
      vertex 7.92325 -25.075 3
      vertex 7.92325 -27.6257 0
    endloop
  endfacet
  facet normal 1 -0 0
    outer loop
      vertex 7.92325 -27.6257 3
      vertex 7.92325 -27.6257 0
      vertex 7.92325 -25.075 3
    endloop
  endfacet
  facet normal 0 1 0
    outer loop
      vertex 1.2392 -25.075 0
      vertex 1.2392 -25.075 3
      vertex 7.92325 -25.075 0
    endloop
  endfacet
  facet normal 0 1 0
    outer loop
      vertex 7.92325 -25.075 3
      vertex 7.92325 -25.075 0
      vertex 1.2392 -25.075 3
    endloop
  endfacet
  facet normal 1 0 -0
    outer loop
      vertex 1.2392 -22.8285 0
      vertex 1.2392 -22.8285 3
      vertex 1.2392 -25.075 0
    endloop
  endfacet
  facet normal 1 -0 0
    outer loop
      vertex 1.2392 -25.075 3
      vertex 1.2392 -25.075 0
      vertex 1.2392 -22.8285 3
    endloop
  endfacet
  facet normal 0 -1 0
    outer loop
      vertex 6.34154 -22.8285 0
      vertex 6.34154 -22.8285 3
      vertex 1.2392 -22.8285 0
    endloop
  endfacet
  facet normal 0 -1 0
    outer loop
      vertex 1.2392 -22.8285 3
      vertex 1.2392 -22.8285 0
      vertex 6.34154 -22.8285 3
    endloop
  endfacet
  facet normal 1 0 -0
    outer loop
      vertex 6.34154 -20.2778 0
      vertex 6.34154 -20.2778 3
      vertex 6.34154 -22.8285 0
    endloop
  endfacet
  facet normal 1 -0 0
    outer loop
      vertex 6.34154 -22.8285 3
      vertex 6.34154 -22.8285 0
      vertex 6.34154 -20.2778 3
    endloop
  endfacet
  facet normal 0 1 0
    outer loop
      vertex 1.2392 -20.2778 0
      vertex 1.2392 -20.2778 3
      vertex 6.34154 -20.2778 0
    endloop
  endfacet
  facet normal 0 1 0
    outer loop
      vertex 6.34154 -20.2778 3
      vertex 6.34154 -20.2778 0
      vertex 1.2392 -20.2778 3
    endloop
  endfacet
  facet normal 1 0 -0
    outer loop
      vertex 1.2392 -18.0313 0
      vertex 1.2392 -18.0313 3
      vertex 1.2392 -20.2778 0
    endloop
  endfacet
  facet normal 1 -0 0
    outer loop
      vertex 1.2392 -20.2778 3
      vertex 1.2392 -20.2778 0
      vertex 1.2392 -18.0313 3
    endloop
  endfacet
  facet normal 0 -1 0
    outer loop
      vertex 4.7598 -18.0313 0
      vertex 4.7598 -18.0313 3
      vertex 1.2392 -18.0313 0
    endloop
  endfacet
  facet normal 0 -1 0
    outer loop
      vertex 1.2392 -18.0313 3
      vertex 1.2392 -18.0313 0
      vertex 4.7598 -18.0313 3
    endloop
  endfacet
  facet normal 1 0 -0
    outer loop
      vertex 4.7598 -15.4806 0
      vertex 4.7598 -15.4806 3
      vertex 4.7598 -18.0313 0
    endloop
  endfacet
  facet normal 1 -0 0
    outer loop
      vertex 4.7598 -18.0313 3
      vertex 4.7598 -18.0313 0
      vertex 4.7598 -15.4806 3
    endloop
  endfacet
  facet normal 0 1 0
    outer loop
      vertex 1.2392 -15.4806 0
      vertex 1.2392 -15.4806 3
      vertex 4.7598 -15.4806 0
    endloop
  endfacet
  facet normal 0 1 0
    outer loop
      vertex 4.7598 -15.4806 3
      vertex 4.7598 -15.4806 0
      vertex 1.2392 -15.4806 3
    endloop
  endfacet
  facet normal 1 0 -0
    outer loop
      vertex 1.2392 -10.1022 0
      vertex 1.2392 -10.1022 3
      vertex 1.2392 -15.4806 0
    endloop
  endfacet
  facet normal 1 -0 0
    outer loop
      vertex 1.2392 -15.4806 3
      vertex 1.2392 -15.4806 0
      vertex 1.2392 -10.1022 3
    endloop
  endfacet
  facet normal 0.191117 -0.981567 0
    outer loop
      vertex 2.56494 -9.84407 0
      vertex 2.56494 -9.84407 3
      vertex 1.2392 -10.1022 0
    endloop
  endfacet
  facet normal 0.191117 -0.981567 0
    outer loop
      vertex 1.2392 -10.1022 3
      vertex 1.2392 -10.1022 0
      vertex 2.56494 -9.84407 3
    endloop
  endfacet
  facet normal 0.320812 -0.947143 0
    outer loop
      vertex 3.83592 -9.41357 0
      vertex 3.83592 -9.41357 3
      vertex 2.56494 -9.84407 0
    endloop
  endfacet
  facet normal 0.320812 -0.947143 0
    outer loop
      vertex 2.56494 -9.84407 3
      vertex 2.56494 -9.84407 0
      vertex 3.83592 -9.41357 3
    endloop
  endfacet
  facet normal 0.444669 -0.895695 0
    outer loop
      vertex 5.03922 -8.81619 0
      vertex 5.03922 -8.81619 3
      vertex 3.83592 -9.41357 0
    endloop
  endfacet
  facet normal 0.444669 -0.895695 0
    outer loop
      vertex 3.83592 -9.41357 3
      vertex 3.83592 -9.41357 0
      vertex 5.03922 -8.81619 3
    endloop
  endfacet
  facet normal 0.559912 -0.828552 0
    outer loop
      vertex 6.16164 -8.05769 0
      vertex 6.16164 -8.05769 3
      vertex 5.03922 -8.81619 0
    endloop
  endfacet
  facet normal 0.559912 -0.828552 0
    outer loop
      vertex 5.03922 -8.81619 3
      vertex 5.03922 -8.81619 0
      vertex 6.16164 -8.05769 3
    endloop
  endfacet
  facet normal -0.707098 -0.707115 0
    outer loop
      vertex 9.96774 -11.8637 0
      vertex 9.96774 -11.8637 3
      vertex 6.16164 -8.05769 0
    endloop
  endfacet
  facet normal -0.707098 -0.707115 -0
    outer loop
      vertex 6.16164 -8.05769 3
      vertex 6.16164 -8.05769 0
      vertex 9.96774 -11.8637 3
    endloop
  endfacet
  facet normal -0.707104 0.70711 0
    outer loop
      vertex 7.64282 -14.1886 0
      vertex 7.64282 -14.1886 3
      vertex 9.96774 -11.8637 0
    endloop
  endfacet
  facet normal -0.707104 0.70711 0
    outer loop
      vertex 9.96774 -11.8637 3
      vertex 9.96774 -11.8637 0
      vertex 7.64282 -14.1886 3
    endloop
  endfacet
  facet normal -0.707101 -0.707113 0
    outer loop
      vertex 9.44615 -15.9919 0
      vertex 9.44615 -15.9919 3
      vertex 7.64282 -14.1886 0
    endloop
  endfacet
  facet normal -0.707101 -0.707113 -0
    outer loop
      vertex 7.64282 -14.1886 3
      vertex 7.64282 -14.1886 0
      vertex 9.44615 -15.9919 3
    endloop
  endfacet
  facet normal 0.707099 -0.707114 0
    outer loop
      vertex 11.7711 -13.667 0
      vertex 11.7711 -13.667 3
      vertex 9.44615 -15.9919 0
    endloop
  endfacet
  facet normal 0.707099 -0.707114 0
    outer loop
      vertex 9.44615 -15.9919 3
      vertex 9.44615 -15.9919 0
      vertex 11.7711 -13.667 3
    endloop
  endfacet
  facet normal -0.707129 -0.707085 0
    outer loop
      vertex 13.3596 -15.2556 0
      vertex 13.3596 -15.2556 3
      vertex 11.7711 -13.667 0
    endloop
  endfacet
  facet normal -0.707129 -0.707085 -0
    outer loop
      vertex 11.7711 -13.667 3
      vertex 11.7711 -13.667 0
      vertex 13.3596 -15.2556 3
    endloop
  endfacet
  facet normal -0.707109 0.707105 0
    outer loop
      vertex 9.83392 -18.7813 0
      vertex 9.83392 -18.7813 3
      vertex 13.3596 -15.2556 0
    endloop
  endfacet
  facet normal -0.707109 0.707105 0
    outer loop
      vertex 13.3596 -15.2556 3
      vertex 13.3596 -15.2556 0
      vertex 9.83392 -18.7813 3
    endloop
  endfacet
  facet normal -0.707091 -0.707122 0
    outer loop
      vertex 11.6372 -20.5845 0
      vertex 11.6372 -20.5845 3
      vertex 9.83392 -18.7813 0
    endloop
  endfacet
  facet normal -0.707091 -0.707122 -0
    outer loop
      vertex 9.83392 -18.7813 3
      vertex 9.83392 -18.7813 0
      vertex 11.6372 -20.5845 3
    endloop
  endfacet
  facet normal 0.707087 -0.707127 0
    outer loop
      vertex 15.1629 -17.059 0
      vertex 15.1629 -17.059 3
      vertex 11.6372 -20.5845 0
    endloop
  endfacet
  facet normal 0.707087 -0.707127 0
    outer loop
      vertex 11.6372 -20.5845 3
      vertex 11.6372 -20.5845 0
      vertex 15.1629 -17.059 3
    endloop
  endfacet
  facet normal -0.707107 -0.707107 0
    outer loop
      vertex 16.7514 -18.6475 0
      vertex 16.7514 -18.6475 3
      vertex 15.1629 -17.059 0
    endloop
  endfacet
  facet normal -0.707107 -0.707107 -0
    outer loop
      vertex 15.1629 -17.059 3
      vertex 15.1629 -17.059 0
      vertex 16.7514 -18.6475 3
    endloop
  endfacet
  facet normal -0.707107 0.707107 0
    outer loop
      vertex 12.025 -23.3739 0
      vertex 12.025 -23.3739 3
      vertex 16.7514 -18.6475 0
    endloop
  endfacet
  facet normal -0.707107 0.707107 0
    outer loop
      vertex 16.7514 -18.6475 3
      vertex 16.7514 -18.6475 0
      vertex 12.025 -23.3739 3
    endloop
  endfacet
  facet normal -0.707107 -0.707107 0
    outer loop
      vertex 13.8283 -25.1772 0
      vertex 13.8283 -25.1772 3
      vertex 12.025 -23.3739 0
    endloop
  endfacet
  facet normal -0.707107 -0.707107 -0
    outer loop
      vertex 12.025 -23.3739 3
      vertex 12.025 -23.3739 0
      vertex 13.8283 -25.1772 3
    endloop
  endfacet
  facet normal 0.707107 -0.707107 0
    outer loop
      vertex 18.5547 -20.4508 0
      vertex 18.5547 -20.4508 3
      vertex 13.8283 -25.1772 0
    endloop
  endfacet
  facet normal 0.707107 -0.707107 0
    outer loop
      vertex 13.8283 -25.1772 3
      vertex 13.8283 -25.1772 0
      vertex 18.5547 -20.4508 3
    endloop
  endfacet
  facet normal -0.707095 -0.707118 0
    outer loop
      vertex 21.6492 -23.5452 0
      vertex 21.6492 -23.5452 3
      vertex 18.5547 -20.4508 0
    endloop
  endfacet
  facet normal -0.707095 -0.707118 -0
    outer loop
      vertex 18.5547 -20.4508 3
      vertex 18.5547 -20.4508 0
      vertex 21.6492 -23.5452 3
    endloop
  endfacet
  facet normal -0.820145 0.572155 0
    outer loop
      vertex 21.1437 -24.2698 0
      vertex 21.1437 -24.2698 3
      vertex 21.6492 -23.5452 0
    endloop
  endfacet
  facet normal -0.820145 0.572155 0
    outer loop
      vertex 21.6492 -23.5452 3
      vertex 21.6492 -23.5452 0
      vertex 21.1437 -24.2698 3
    endloop
  endfacet
  facet normal -0.866603 0.498998 0
    outer loop
      vertex 20.7005 -25.0395 0
      vertex 20.7005 -25.0395 3
      vertex 21.1437 -24.2698 0
    endloop
  endfacet
  facet normal -0.866603 0.498998 0
    outer loop
      vertex 21.1437 -24.2698 3
      vertex 21.1437 -24.2698 0
      vertex 20.7005 -25.0395 3
    endloop
  endfacet
  facet normal -0.905711 0.423895 0
    outer loop
      vertex 20.3214 -25.8495 0
      vertex 20.3214 -25.8495 3
      vertex 20.7005 -25.0395 0
    endloop
  endfacet
  facet normal -0.905711 0.423895 0
    outer loop
      vertex 20.7005 -25.0395 3
      vertex 20.7005 -25.0395 0
      vertex 20.3214 -25.8495 3
    endloop
  endfacet
  facet normal -0.937675 0.347513 0
    outer loop
      vertex 20.0079 -26.6954 0
      vertex 20.0079 -26.6954 3
      vertex 20.3214 -25.8495 0
    endloop
  endfacet
  facet normal -0.937675 0.347513 0
    outer loop
      vertex 20.3214 -25.8495 3
      vertex 20.3214 -25.8495 0
      vertex 20.0079 -26.6954 3
    endloop
  endfacet
  facet normal -0.96281 0.27018 0
    outer loop
      vertex 19.7618 -27.5724 0
      vertex 19.7618 -27.5724 3
      vertex 20.0079 -26.6954 0
    endloop
  endfacet
  facet normal -0.96281 0.27018 0
    outer loop
      vertex 20.0079 -26.6954 3
      vertex 20.0079 -26.6954 0
      vertex 19.7618 -27.5724 3
    endloop
  endfacet
  facet normal -0.981321 0.192375 0
    outer loop
      vertex 19.5847 -28.4758 0
      vertex 19.5847 -28.4758 3
      vertex 19.7618 -27.5724 0
    endloop
  endfacet
  facet normal -0.981321 0.192375 0
    outer loop
      vertex 19.7618 -27.5724 3
      vertex 19.7618 -27.5724 0
      vertex 19.5847 -28.4758 3
    endloop
  endfacet
  facet normal -0.993416 0.114567 0
    outer loop
      vertex 19.478 -29.401 0
      vertex 19.478 -29.401 3
      vertex 19.5847 -28.4758 0
    endloop
  endfacet
  facet normal -0.993416 0.114567 0
    outer loop
      vertex 19.5847 -28.4758 3
      vertex 19.5847 -28.4758 0
      vertex 19.478 -29.401 3
    endloop
  endfacet
  facet normal -0.999334 0.0364783 0
    outer loop
      vertex 19.4436 -30.3434 0
      vertex 19.4436 -30.3434 3
      vertex 19.478 -29.401 0
    endloop
  endfacet
  facet normal -0.999334 0.0364783 0
    outer loop
      vertex 19.478 -29.401 3
      vertex 19.478 -29.401 0
      vertex 19.4436 -30.3434 3
    endloop
  endfacet
  facet normal -0.999328 -0.036659 0
    outer loop
      vertex 19.4759 -31.2239 0
      vertex 19.4759 -31.2239 3
      vertex 19.4436 -30.3434 0
    endloop
  endfacet
  facet normal -0.999328 -0.036659 -0
    outer loop
      vertex 19.4436 -30.3434 3
      vertex 19.4436 -30.3434 0
      vertex 19.4759 -31.2239 3
    endloop
  endfacet
  facet normal -0.994594 -0.103836 0
    outer loop
      vertex 19.5682 -32.108 0
      vertex 19.5682 -32.108 3
      vertex 19.4759 -31.2239 0
    endloop
  endfacet
  facet normal -0.994594 -0.103836 -0
    outer loop
      vertex 19.4759 -31.2239 3
      vertex 19.4759 -31.2239 0
      vertex 19.5682 -32.108 3
    endloop
  endfacet
  facet normal -0.985699 -0.168518 0
    outer loop
      vertex 19.7194 -32.9924 0
      vertex 19.7194 -32.9924 3
      vertex 19.5682 -32.108 0
    endloop
  endfacet
  facet normal -0.985699 -0.168518 -0
    outer loop
      vertex 19.5682 -32.108 3
      vertex 19.5682 -32.108 0
      vertex 19.7194 -32.9924 3
    endloop
  endfacet
  facet normal -0.97302 -0.23072 0
    outer loop
      vertex 19.9283 -33.8734 0
      vertex 19.9283 -33.8734 3
      vertex 19.7194 -32.9924 0
    endloop
  endfacet
  facet normal -0.97302 -0.23072 -0
    outer loop
      vertex 19.7194 -32.9924 3
      vertex 19.7194 -32.9924 0
      vertex 19.9283 -33.8734 3
    endloop
  endfacet
  facet normal -0.956921 -0.290347 0
    outer loop
      vertex 20.1937 -34.7481 0
      vertex 20.1937 -34.7481 3
      vertex 19.9283 -33.8734 0
    endloop
  endfacet
  facet normal -0.956921 -0.290347 -0
    outer loop
      vertex 19.9283 -33.8734 3
      vertex 19.9283 -33.8734 0
      vertex 20.1937 -34.7481 3
    endloop
  endfacet
  facet normal -0.9375 -0.347985 0
    outer loop
      vertex 20.5147 -35.6129 0
      vertex 20.5147 -35.6129 3
      vertex 20.1937 -34.7481 0
    endloop
  endfacet
  facet normal -0.9375 -0.347985 -0
    outer loop
      vertex 20.1937 -34.7481 3
      vertex 20.1937 -34.7481 0
      vertex 20.5147 -35.6129 3
    endloop
  endfacet
  facet normal -0.915079 -0.403275 0
    outer loop
      vertex 20.89 -36.4645 0
      vertex 20.89 -36.4645 3
      vertex 20.5147 -35.6129 0
    endloop
  endfacet
  facet normal -0.915079 -0.403275 -0
    outer loop
      vertex 20.5147 -35.6129 3
      vertex 20.5147 -35.6129 0
      vertex 20.89 -36.4645 3
    endloop
  endfacet
  facet normal -0.889602 -0.456736 0
    outer loop
      vertex 21.3186 -37.2993 0
      vertex 21.3186 -37.2993 3
      vertex 20.89 -36.4645 0
    endloop
  endfacet
  facet normal -0.889602 -0.456736 -0
    outer loop
      vertex 20.89 -36.4645 3
      vertex 20.89 -36.4645 0
      vertex 21.3186 -37.2993 3
    endloop
  endfacet
  facet normal -0.470613 0.88234 0
    outer loop
      vertex 18.9287 -38.574 0
      vertex 18.9287 -38.574 3
      vertex 21.3186 -37.2993 0
    endloop
  endfacet
  facet normal -0.470613 0.88234 0
    outer loop
      vertex 21.3186 -37.2993 3
      vertex 21.3186 -37.2993 0
      vertex 18.9287 -38.574 3
    endloop
  endfacet
  facet normal -0.413612 0.910453 0
    outer loop
      vertex 16.4521 -39.6991 0
      vertex 16.4521 -39.6991 3
      vertex 18.9287 -38.574 0
    endloop
  endfacet
  facet normal -0.413612 0.910453 0
    outer loop
      vertex 18.9287 -38.574 3
      vertex 18.9287 -38.574 0
      vertex 16.4521 -39.6991 3
    endloop
  endfacet
  facet normal -0.354767 0.934955 0
    outer loop
      vertex 13.8947 -40.6695 0
      vertex 13.8947 -40.6695 3
      vertex 16.4521 -39.6991 0
    endloop
  endfacet
  facet normal -0.354767 0.934955 0
    outer loop
      vertex 16.4521 -39.6991 3
      vertex 16.4521 -39.6991 0
      vertex 13.8947 -40.6695 3
    endloop
  endfacet
  facet normal -0.293621 0.955922 0
    outer loop
      vertex 11.2622 -41.4781 0
      vertex 11.2622 -41.4781 3
      vertex 13.8947 -40.6695 0
    endloop
  endfacet
  facet normal -0.293621 0.955922 0
    outer loop
      vertex 13.8947 -40.6695 3
      vertex 13.8947 -40.6695 0
      vertex 11.2622 -41.4781 3
    endloop
  endfacet
  facet normal 0.951402 0.30795 -0
    outer loop
      vertex 10.966 -40.563 0
      vertex 10.966 -40.563 3
      vertex 11.2622 -41.4781 0
    endloop
  endfacet
  facet normal 0.951402 0.30795 0
    outer loop
      vertex 11.2622 -41.4781 3
      vertex 11.2622 -41.4781 0
      vertex 10.966 -40.563 3
    endloop
  endfacet
  facet normal 0.547982 -0.83649 0
    outer loop
      vertex 25.8143 -23.1968 0
      vertex 25.8143 -23.1968 3
      vertex 25.2669 -23.5554 0
    endloop
  endfacet
  facet normal 0.547982 -0.83649 0
    outer loop
      vertex 25.2669 -23.5554 3
      vertex 25.2669 -23.5554 0
      vertex 25.8143 -23.1968 3
    endloop
  endfacet
  facet normal 0.476081 -0.879402 0
    outer loop
      vertex 26.3884 -22.886 0
      vertex 26.3884 -22.886 3
      vertex 25.8143 -23.1968 0
    endloop
  endfacet
  facet normal 0.476081 -0.879402 0
    outer loop
      vertex 25.8143 -23.1968 3
      vertex 25.8143 -23.1968 0
      vertex 26.3884 -22.886 3
    endloop
  endfacet
  facet normal 0.401934 -0.915669 0
    outer loop
      vertex 26.9871 -22.6232 0
      vertex 26.9871 -22.6232 3
      vertex 26.3884 -22.886 0
    endloop
  endfacet
  facet normal 0.401934 -0.915669 0
    outer loop
      vertex 26.3884 -22.886 3
      vertex 26.3884 -22.886 0
      vertex 26.9871 -22.6232 3
    endloop
  endfacet
  facet normal 0.32721 -0.944952 0
    outer loop
      vertex 27.608 -22.4082 0
      vertex 27.608 -22.4082 3
      vertex 26.9871 -22.6232 0
    endloop
  endfacet
  facet normal 0.32721 -0.944952 0
    outer loop
      vertex 26.9871 -22.6232 3
      vertex 26.9871 -22.6232 0
      vertex 27.608 -22.4082 3
    endloop
  endfacet
  facet normal 0.252582 -0.967576 0
    outer loop
      vertex 28.2485 -22.241 0
      vertex 28.2485 -22.241 3
      vertex 27.608 -22.4082 0
    endloop
  endfacet
  facet normal 0.252582 -0.967576 0
    outer loop
      vertex 27.608 -22.4082 3
      vertex 27.608 -22.4082 0
      vertex 28.2485 -22.241 3
    endloop
  endfacet
  facet normal 0.178912 -0.983865 0
    outer loop
      vertex 28.9062 -22.1214 0
      vertex 28.9062 -22.1214 3
      vertex 28.2485 -22.241 0
    endloop
  endfacet
  facet normal 0.178912 -0.983865 0
    outer loop
      vertex 28.2485 -22.241 3
      vertex 28.2485 -22.241 0
      vertex 28.9062 -22.1214 3
    endloop
  endfacet
  facet normal 0.106424 -0.994321 0
    outer loop
      vertex 29.5789 -22.0494 0
      vertex 29.5789 -22.0494 3
      vertex 28.9062 -22.1214 0
    endloop
  endfacet
  facet normal 0.106424 -0.994321 0
    outer loop
      vertex 28.9062 -22.1214 3
      vertex 28.9062 -22.1214 0
      vertex 29.5789 -22.0494 3
    endloop
  endfacet
  facet normal 0.0358893 -0.999356 0
    outer loop
      vertex 30.2639 -22.0248 0
      vertex 30.2639 -22.0248 3
      vertex 29.5789 -22.0494 0
    endloop
  endfacet
  facet normal 0.0358893 -0.999356 0
    outer loop
      vertex 29.5789 -22.0494 3
      vertex 29.5789 -22.0494 0
      vertex 30.2639 -22.0248 3
    endloop
  endfacet
  facet normal -0.066519 -0.997785 0
    outer loop
      vertex 31.6619 -22.118 0
      vertex 31.6619 -22.118 3
      vertex 30.2639 -22.0248 0
    endloop
  endfacet
  facet normal -0.066519 -0.997785 -0
    outer loop
      vertex 30.2639 -22.0248 3
      vertex 30.2639 -22.0248 0
      vertex 31.6619 -22.118 3
    endloop
  endfacet
  facet normal -0.194973 -0.980809 0
    outer loop
      vertex 33.081 -22.4001 0
      vertex 33.081 -22.4001 3
      vertex 31.6619 -22.118 0
    endloop
  endfacet
  facet normal -0.194973 -0.980809 -0
    outer loop
      vertex 31.6619 -22.118 3
      vertex 31.6619 -22.118 0
      vertex 33.081 -22.4001 3
    endloop
  endfacet
  facet normal -0.314423 -0.949283 0
    outer loop
      vertex 34.5018 -22.8707 0
      vertex 34.5018 -22.8707 3
      vertex 33.081 -22.4001 0
    endloop
  endfacet
  facet normal -0.314423 -0.949283 -0
    outer loop
      vertex 33.081 -22.4001 3
      vertex 33.081 -22.4001 0
      vertex 34.5018 -22.8707 3
    endloop
  endfacet
  facet normal -0.42465 -0.905357 0
    outer loop
      vertex 35.9053 -23.529 0
      vertex 35.9053 -23.529 3
      vertex 34.5018 -22.8707 0
    endloop
  endfacet
  facet normal -0.42465 -0.905357 -0
    outer loop
      vertex 34.5018 -22.8707 3
      vertex 34.5018 -22.8707 0
      vertex 35.9053 -23.529 3
    endloop
  endfacet
  facet normal -0.824394 0.566016 0
    outer loop
      vertex 34.8275 -25.0988 0
      vertex 34.8275 -25.0988 3
      vertex 35.9053 -23.529 0
    endloop
  endfacet
  facet normal -0.824394 0.566016 0
    outer loop
      vertex 35.9053 -23.529 3
      vertex 35.9053 -23.529 0
      vertex 34.8275 -25.0988 3
    endloop
  endfacet
  facet normal -0.798603 0.601858 0
    outer loop
      vertex 33.6831 -26.6173 0
      vertex 33.6831 -26.6173 3
      vertex 34.8275 -25.0988 0
    endloop
  endfacet
  facet normal -0.798603 0.601858 0
    outer loop
      vertex 34.8275 -25.0988 3
      vertex 34.8275 -25.0988 0
      vertex 33.6831 -26.6173 3
    endloop
  endfacet
  facet normal -0.771298 0.636475 0
    outer loop
      vertex 32.4741 -28.0824 0
      vertex 32.4741 -28.0824 3
      vertex 33.6831 -26.6173 0
    endloop
  endfacet
  facet normal -0.771298 0.636475 0
    outer loop
      vertex 33.6831 -26.6173 3
      vertex 33.6831 -26.6173 0
      vertex 32.4741 -28.0824 3
    endloop
  endfacet
  facet normal -0.742594 0.669741 0
    outer loop
      vertex 31.2027 -29.4921 0
      vertex 31.2027 -29.4921 3
      vertex 32.4741 -28.0824 0
    endloop
  endfacet
  facet normal -0.742594 0.669741 0
    outer loop
      vertex 32.4741 -28.0824 3
      vertex 32.4741 -28.0824 0
      vertex 31.2027 -29.4921 3
    endloop
  endfacet
  facet normal 0.70716 0.707053 -0
    outer loop
      vertex 25.2669 -23.5554 0
      vertex 25.2669 -23.5554 3
      vertex 31.2027 -29.4921 0
    endloop
  endfacet
  facet normal 0.70716 0.707053 0
    outer loop
      vertex 31.2027 -29.4921 3
      vertex 31.2027 -29.4921 0
      vertex 25.2669 -23.5554 3
    endloop
  endfacet
  facet normal 0.770884 0.636976 -0
    outer loop
      vertex -33.7356 -26.6456 0
      vertex -33.7356 -26.6456 3
      vertex -32.5364 -28.0969 0
    endloop
  endfacet
  facet normal 0.770884 0.636976 0
    outer loop
      vertex -32.5364 -28.0969 3
      vertex -32.5364 -28.0969 0
      vertex -33.7356 -26.6456 3
    endloop
  endfacet
  facet normal 0.797926 0.602756 -0
    outer loop
      vertex -34.8715 -25.1419 0
      vertex -34.8715 -25.1419 3
      vertex -33.7356 -26.6456 0
    endloop
  endfacet
  facet normal 0.797926 0.602756 0
    outer loop
      vertex -33.7356 -26.6456 3
      vertex -33.7356 -26.6456 0
      vertex -34.8715 -25.1419 3
    endloop
  endfacet
  facet normal 0.823607 0.567161 -0
    outer loop
      vertex -35.9417 -23.5878 0
      vertex -35.9417 -23.5878 3
      vertex -34.8715 -25.1419 0
    endloop
  endfacet
  facet normal 0.823607 0.567161 0
    outer loop
      vertex -34.8715 -25.1419 3
      vertex -34.8715 -25.1419 0
      vertex -35.9417 -23.5878 3
    endloop
  endfacet
  facet normal 0.423387 -0.905949 0
    outer loop
      vertex -34.5669 -22.9453 0
      vertex -34.5669 -22.9453 3
      vertex -35.9417 -23.5878 0
    endloop
  endfacet
  facet normal 0.423387 -0.905949 0
    outer loop
      vertex -35.9417 -23.5878 3
      vertex -35.9417 -23.5878 0
      vertex -34.5669 -22.9453 3
    endloop
  endfacet
  facet normal 0.314633 -0.949213 0
    outer loop
      vertex -33.1559 -22.4776 0
      vertex -33.1559 -22.4776 3
      vertex -34.5669 -22.9453 0
    endloop
  endfacet
  facet normal 0.314633 -0.949213 0
    outer loop
      vertex -34.5669 -22.9453 3
      vertex -34.5669 -22.9453 0
      vertex -33.1559 -22.4776 3
    endloop
  endfacet
  facet normal 0.196632 -0.980477 0
    outer loop
      vertex -31.7298 -22.1916 0
      vertex -31.7298 -22.1916 3
      vertex -33.1559 -22.4776 0
    endloop
  endfacet
  facet normal 0.196632 -0.980477 0
    outer loop
      vertex -33.1559 -22.4776 3
      vertex -33.1559 -22.4776 0
      vertex -31.7298 -22.1916 3
    endloop
  endfacet
  facet normal 0.068062 -0.997681 0
    outer loop
      vertex -30.3094 -22.0947 0
      vertex -30.3094 -22.0947 3
      vertex -31.7298 -22.1916 0
    endloop
  endfacet
  facet normal 0.068062 -0.997681 0
    outer loop
      vertex -31.7298 -22.1916 3
      vertex -31.7298 -22.1916 0
      vertex -30.3094 -22.0947 3
    endloop
  endfacet
  facet normal -0.0345366 -0.999403 0
    outer loop
      vertex -29.6149 -22.1187 0
      vertex -29.6149 -22.1187 3
      vertex -30.3094 -22.0947 0
    endloop
  endfacet
  facet normal -0.0345366 -0.999403 -0
    outer loop
      vertex -30.3094 -22.0947 3
      vertex -30.3094 -22.0947 0
      vertex -29.6149 -22.1187 3
    endloop
  endfacet
  facet normal -0.104042 -0.994573 0
    outer loop
      vertex -28.9381 -22.1895 0
      vertex -28.9381 -22.1895 3
      vertex -29.6149 -22.1187 0
    endloop
  endfacet
  facet normal -0.104042 -0.994573 -0
    outer loop
      vertex -29.6149 -22.1187 3
      vertex -29.6149 -22.1187 0
      vertex -28.9381 -22.1895 3
    endloop
  endfacet
  facet normal -0.175511 -0.984478 0
    outer loop
      vertex -28.2807 -22.3067 0
      vertex -28.2807 -22.3067 3
      vertex -28.9381 -22.1895 0
    endloop
  endfacet
  facet normal -0.175511 -0.984478 -0
    outer loop
      vertex -28.9381 -22.1895 3
      vertex -28.9381 -22.1895 0
      vertex -28.2807 -22.3067 3
    endloop
  endfacet
  facet normal -0.248302 -0.968683 0
    outer loop
      vertex -27.6448 -22.4697 0
      vertex -27.6448 -22.4697 3
      vertex -28.2807 -22.3067 0
    endloop
  endfacet
  facet normal -0.248302 -0.968683 -0
    outer loop
      vertex -28.2807 -22.3067 3
      vertex -28.2807 -22.3067 0
      vertex -27.6448 -22.4697 3
    endloop
  endfacet
  facet normal -0.321645 -0.94686 0
    outer loop
      vertex -27.0319 -22.6779 0
      vertex -27.0319 -22.6779 3
      vertex -27.6448 -22.4697 0
    endloop
  endfacet
  facet normal -0.321645 -0.94686 -0
    outer loop
      vertex -27.6448 -22.4697 3
      vertex -27.6448 -22.4697 0
      vertex -27.0319 -22.6779 3
    endloop
  endfacet
  facet normal -0.395164 -0.918611 0
    outer loop
      vertex -26.444 -22.9308 0
      vertex -26.444 -22.9308 3
      vertex -27.0319 -22.6779 0
    endloop
  endfacet
  facet normal -0.395164 -0.918611 -0
    outer loop
      vertex -27.0319 -22.6779 3
      vertex -27.0319 -22.6779 0
      vertex -26.444 -22.9308 3
    endloop
  endfacet
  facet normal -0.4677 -0.883888 0
    outer loop
      vertex -25.8829 -23.2277 0
      vertex -25.8829 -23.2277 3
      vertex -26.444 -22.9308 0
    endloop
  endfacet
  facet normal -0.4677 -0.883888 -0
    outer loop
      vertex -26.444 -22.9308 3
      vertex -26.444 -22.9308 0
      vertex -25.8829 -23.2277 3
    endloop
  endfacet
  facet normal -0.538573 -0.842579 0
    outer loop
      vertex -25.3502 -23.5682 0
      vertex -25.3502 -23.5682 3
      vertex -25.8829 -23.2277 0
    endloop
  endfacet
  facet normal -0.538573 -0.842579 -0
    outer loop
      vertex -25.8829 -23.2277 3
      vertex -25.8829 -23.2277 0
      vertex -25.3502 -23.5682 3
    endloop
  endfacet
  facet normal -0.707107 0.707107 0
    outer loop
      vertex -31.2758 -29.4938 0
      vertex -31.2758 -29.4938 3
      vertex -25.3502 -23.5682 0
    endloop
  endfacet
  facet normal -0.707107 0.707107 0
    outer loop
      vertex -25.3502 -23.5682 3
      vertex -25.3502 -23.5682 0
      vertex -31.2758 -29.4938 3
    endloop
  endfacet
  facet normal 0.742398 0.66996 -0
    outer loop
      vertex -32.5364 -28.0969 0
      vertex -32.5364 -28.0969 3
      vertex -31.2758 -29.4938 0
    endloop
  endfacet
  facet normal 0.742398 0.66996 0
    outer loop
      vertex -31.2758 -29.4938 3
      vertex -31.2758 -29.4938 0
      vertex -32.5364 -28.0969 3
    endloop
  endfacet
  facet normal 0.601766 0.798673 -0
    outer loop
      vertex -26.5978 -33.7782 0
      vertex -26.5978 -33.7782 3
      vertex -25.0792 -34.9224 0
    endloop
  endfacet
  facet normal 0.601766 0.798673 0
    outer loop
      vertex -25.0792 -34.9224 3
      vertex -25.0792 -34.9224 0
      vertex -26.5978 -33.7782 3
    endloop
  endfacet
  facet normal 0.636438 0.771328 -0
    outer loop
      vertex -28.0628 -32.5694 0
      vertex -28.0628 -32.5694 3
      vertex -26.5978 -33.7782 0
    endloop
  endfacet
  facet normal 0.636438 0.771328 0
    outer loop
      vertex -26.5978 -33.7782 3
      vertex -26.5978 -33.7782 0
      vertex -28.0628 -32.5694 3
    endloop
  endfacet
  facet normal 0.66977 0.742568 -0
    outer loop
      vertex -29.4725 -31.2979 0
      vertex -29.4725 -31.2979 3
      vertex -28.0628 -32.5694 0
    endloop
  endfacet
  facet normal 0.66977 0.742568 0
    outer loop
      vertex -28.0628 -32.5694 3
      vertex -28.0628 -32.5694 0
      vertex -29.4725 -31.2979 3
    endloop
  endfacet
  facet normal 0.707101 -0.707113 0
    outer loop
      vertex -23.5358 -25.3613 0
      vertex -23.5358 -25.3613 3
      vertex -29.4725 -31.2979 0
    endloop
  endfacet
  facet normal 0.707101 -0.707113 0
    outer loop
      vertex -29.4725 -31.2979 3
      vertex -29.4725 -31.2979 0
      vertex -23.5358 -25.3613 3
    endloop
  endfacet
  facet normal -0.836444 -0.548052 0
    outer loop
      vertex -23.1772 -25.9086 0
      vertex -23.1772 -25.9086 3
      vertex -23.5358 -25.3613 0
    endloop
  endfacet
  facet normal -0.836444 -0.548052 -0
    outer loop
      vertex -23.5358 -25.3613 3
      vertex -23.5358 -25.3613 0
      vertex -23.1772 -25.9086 3
    endloop
  endfacet
  facet normal -0.8795 -0.475898 0
    outer loop
      vertex -22.8665 -26.4828 0
      vertex -22.8665 -26.4828 3
      vertex -23.1772 -25.9086 0
    endloop
  endfacet
  facet normal -0.8795 -0.475898 -0
    outer loop
      vertex -23.1772 -25.9086 3
      vertex -23.1772 -25.9086 0
      vertex -22.8665 -26.4828 3
    endloop
  endfacet
  facet normal -0.915693 -0.401877 0
    outer loop
      vertex -22.6037 -27.0816 0
      vertex -22.6037 -27.0816 3
      vertex -22.8665 -26.4828 0
    endloop
  endfacet
  facet normal -0.915693 -0.401877 -0
    outer loop
      vertex -22.8665 -26.4828 3
      vertex -22.8665 -26.4828 0
      vertex -22.6037 -27.0816 3
    endloop
  endfacet
  facet normal -0.944919 -0.327304 0
    outer loop
      vertex -22.3887 -27.7023 0
      vertex -22.3887 -27.7023 3
      vertex -22.6037 -27.0816 0
    endloop
  endfacet
  facet normal -0.944919 -0.327304 -0
    outer loop
      vertex -22.6037 -27.0816 3
      vertex -22.6037 -27.0816 0
      vertex -22.3887 -27.7023 3
    endloop
  endfacet
  facet normal -0.967576 -0.252582 0
    outer loop
      vertex -22.2215 -28.3428 0
      vertex -22.2215 -28.3428 3
      vertex -22.3887 -27.7023 0
    endloop
  endfacet
  facet normal -0.967576 -0.252582 -0
    outer loop
      vertex -22.3887 -27.7023 3
      vertex -22.3887 -27.7023 0
      vertex -22.2215 -28.3428 3
    endloop
  endfacet
  facet normal -0.983844 -0.17903 0
    outer loop
      vertex -22.1018 -29.0006 0
      vertex -22.1018 -29.0006 3
      vertex -22.2215 -28.3428 0
    endloop
  endfacet
  facet normal -0.983844 -0.17903 -0
    outer loop
      vertex -22.2215 -28.3428 3
      vertex -22.2215 -28.3428 0
      vertex -22.1018 -29.0006 3
    endloop
  endfacet
  facet normal -0.994319 -0.106439 0
    outer loop
      vertex -22.0298 -29.6732 0
      vertex -22.0298 -29.6732 3
      vertex -22.1018 -29.0006 0
    endloop
  endfacet
  facet normal -0.994319 -0.106439 -0
    outer loop
      vertex -22.1018 -29.0006 3
      vertex -22.1018 -29.0006 0
      vertex -22.0298 -29.6732 3
    endloop
  endfacet
  facet normal -0.999356 -0.0358788 0
    outer loop
      vertex -22.0052 -30.3584 0
      vertex -22.0052 -30.3584 3
      vertex -22.0298 -29.6732 0
    endloop
  endfacet
  facet normal -0.999356 -0.0358788 -0
    outer loop
      vertex -22.0298 -29.6732 3
      vertex -22.0298 -29.6732 0
      vertex -22.0052 -30.3584 3
    endloop
  endfacet
  facet normal -0.997785 0.066519 0
    outer loop
      vertex -22.0984 -31.7564 0
      vertex -22.0984 -31.7564 3
      vertex -22.0052 -30.3584 0
    endloop
  endfacet
  facet normal -0.997785 0.066519 0
    outer loop
      vertex -22.0052 -30.3584 3
      vertex -22.0052 -30.3584 0
      vertex -22.0984 -31.7564 3
    endloop
  endfacet
  facet normal -0.980793 0.195053 0
    outer loop
      vertex -22.3806 -33.1754 0
      vertex -22.3806 -33.1754 3
      vertex -22.0984 -31.7564 0
    endloop
  endfacet
  facet normal -0.980793 0.195053 0
    outer loop
      vertex -22.0984 -31.7564 3
      vertex -22.0984 -31.7564 0
      vertex -22.3806 -33.1754 3
    endloop
  endfacet
  facet normal -0.949309 0.314343 0
    outer loop
      vertex -22.8511 -34.5963 0
      vertex -22.8511 -34.5963 3
      vertex -22.3806 -33.1754 0
    endloop
  endfacet
  facet normal -0.949309 0.314343 0
    outer loop
      vertex -22.3806 -33.1754 3
      vertex -22.3806 -33.1754 0
      vertex -22.8511 -34.5963 3
    endloop
  endfacet
  facet normal -0.905321 0.424728 0
    outer loop
      vertex -23.5095 -35.9997 0
      vertex -23.5095 -35.9997 3
      vertex -22.8511 -34.5963 0
    endloop
  endfacet
  facet normal -0.905321 0.424728 0
    outer loop
      vertex -22.8511 -34.5963 3
      vertex -22.8511 -34.5963 0
      vertex -23.5095 -35.9997 3
    endloop
  endfacet
  facet normal 0.565862 0.8245 -0
    outer loop
      vertex -25.0792 -34.9224 0
      vertex -25.0792 -34.9224 3
      vertex -23.5095 -35.9997 0
    endloop
  endfacet
  facet normal 0.565862 0.8245 0
    outer loop
      vertex -23.5095 -35.9997 3
      vertex -23.5095 -35.9997 0
      vertex -25.0792 -34.9224 3
    endloop
  endfacet
  facet normal 0.949857 0.312684 -0
    outer loop
      vertex 22.386 -33.1685 0
      vertex 22.386 -33.1685 3
      vertex 22.8495 -34.5765 0
    endloop
  endfacet
  facet normal 0.949857 0.312684 0
    outer loop
      vertex 22.8495 -34.5765 3
      vertex 22.8495 -34.5765 0
      vertex 22.386 -33.1685 3
    endloop
  endfacet
  facet normal 0.980743 0.195301 -0
    outer loop
      vertex 22.1049 -31.7569 0
      vertex 22.1049 -31.7569 3
      vertex 22.386 -33.1685 0
    endloop
  endfacet
  facet normal 0.980743 0.195301 0
    outer loop
      vertex 22.386 -33.1685 3
      vertex 22.386 -33.1685 0
      vertex 22.1049 -31.7569 3
    endloop
  endfacet
  facet normal 0.997555 0.0698896 -0
    outer loop
      vertex 22.0072 -30.3624 0
      vertex 22.0072 -30.3624 3
      vertex 22.1049 -31.7569 0
    endloop
  endfacet
  facet normal 0.997555 0.0698896 0
    outer loop
      vertex 22.1049 -31.7569 3
      vertex 22.1049 -31.7569 0
      vertex 22.0072 -30.3624 3
    endloop
  endfacet
  facet normal 0.997959 -0.0638529 0
    outer loop
      vertex 22.094 -29.0058 0
      vertex 22.094 -29.0058 3
      vertex 22.0072 -30.3624 0
    endloop
  endfacet
  facet normal 0.997959 -0.0638529 0
    outer loop
      vertex 22.0072 -30.3624 3
      vertex 22.0072 -30.3624 0
      vertex 22.094 -29.0058 3
    endloop
  endfacet
  facet normal 0.985564 -0.169305 0
    outer loop
      vertex 22.207 -28.348 0
      vertex 22.207 -28.348 3
      vertex 22.094 -29.0058 0
    endloop
  endfacet
  facet normal 0.985564 -0.169305 0
    outer loop
      vertex 22.094 -29.0058 3
      vertex 22.094 -29.0058 0
      vertex 22.207 -28.348 3
    endloop
  endfacet
  facet normal 0.970365 -0.241644 0
    outer loop
      vertex 22.3665 -27.7075 0
      vertex 22.3665 -27.7075 3
      vertex 22.207 -28.348 0
    endloop
  endfacet
  facet normal 0.970365 -0.241644 0
    outer loop
      vertex 22.207 -28.348 3
      vertex 22.207 -28.348 0
      vertex 22.3665 -27.7075 3
    endloop
  endfacet
  facet normal 0.948958 -0.315402 0
    outer loop
      vertex 22.5728 -27.0868 0
      vertex 22.5728 -27.0868 3
      vertex 22.3665 -27.7075 0
    endloop
  endfacet
  facet normal 0.948958 -0.315402 0
    outer loop
      vertex 22.3665 -27.7075 3
      vertex 22.3665 -27.7075 0
      vertex 22.5728 -27.0868 3
    endloop
  endfacet
  facet normal 0.921061 -0.389419 0
    outer loop
      vertex 22.8258 -26.4884 0
      vertex 22.8258 -26.4884 3
      vertex 22.5728 -27.0868 0
    endloop
  endfacet
  facet normal 0.921061 -0.389419 0
    outer loop
      vertex 22.5728 -27.0868 3
      vertex 22.5728 -27.0868 0
      vertex 22.8258 -26.4884 3
    endloop
  endfacet
  facet normal 0.886088 -0.463516 0
    outer loop
      vertex 23.1258 -25.9149 0
      vertex 23.1258 -25.9149 3
      vertex 22.8258 -26.4884 0
    endloop
  endfacet
  facet normal 0.886088 -0.463516 0
    outer loop
      vertex 22.8258 -26.4884 3
      vertex 22.8258 -26.4884 0
      vertex 23.1258 -25.9149 3
    endloop
  endfacet
  facet normal 0.843865 -0.536555 0
    outer loop
      vertex 23.4729 -25.369 0
      vertex 23.4729 -25.369 3
      vertex 23.1258 -25.9149 0
    endloop
  endfacet
  facet normal 0.843865 -0.536555 0
    outer loop
      vertex 23.1258 -25.9149 3
      vertex 23.1258 -25.9149 0
      vertex 23.4729 -25.369 3
    endloop
  endfacet
  facet normal -0.707101 -0.707113 0
    outer loop
      vertex 29.3994 -31.2954 0
      vertex 29.3994 -31.2954 3
      vertex 23.4729 -25.369 0
    endloop
  endfacet
  facet normal -0.707101 -0.707113 -0
    outer loop
      vertex 23.4729 -25.369 3
      vertex 23.4729 -25.369 0
      vertex 29.3994 -31.2954 3
    endloop
  endfacet
  facet normal -0.669787 0.742554 0
    outer loop
      vertex 28.0024 -32.5555 0
      vertex 28.0024 -32.5555 3
      vertex 29.3994 -31.2954 0
    endloop
  endfacet
  facet normal -0.669787 0.742554 0
    outer loop
      vertex 29.3994 -31.2954 3
      vertex 29.3994 -31.2954 0
      vertex 28.0024 -32.5555 3
    endloop
  endfacet
  facet normal -0.636991 0.770871 0
    outer loop
      vertex 26.5514 -33.7545 0
      vertex 26.5514 -33.7545 3
      vertex 28.0024 -32.5555 0
    endloop
  endfacet
  facet normal -0.636991 0.770871 0
    outer loop
      vertex 28.0024 -32.5555 3
      vertex 28.0024 -32.5555 0
      vertex 26.5514 -33.7545 3
    endloop
  endfacet
  facet normal -0.602765 0.797919 0
    outer loop
      vertex 25.048 -34.8902 0
      vertex 25.048 -34.8902 3
      vertex 26.5514 -33.7545 0
    endloop
  endfacet
  facet normal -0.602765 0.797919 0
    outer loop
      vertex 26.5514 -33.7545 3
      vertex 26.5514 -33.7545 0
      vertex 25.048 -34.8902 3
    endloop
  endfacet
  facet normal -0.567271 0.823531 0
    outer loop
      vertex 23.4942 -35.9605 0
      vertex 23.4942 -35.9605 3
      vertex 25.048 -34.8902 0
    endloop
  endfacet
  facet normal -0.567271 0.823531 0
    outer loop
      vertex 25.048 -34.8902 3
      vertex 25.048 -34.8902 0
      vertex 23.4942 -35.9605 3
    endloop
  endfacet
  facet normal 0.906476 0.422258 -0
    outer loop
      vertex 22.8495 -34.5765 0
      vertex 22.8495 -34.5765 3
      vertex 23.4942 -35.9605 0
    endloop
  endfacet
  facet normal 0.906476 0.422258 0
    outer loop
      vertex 23.4942 -35.9605 3
      vertex 23.4942 -35.9605 0
      vertex 22.8495 -34.5765 3
    endloop
  endfacet
  facet normal -0.203777 -0.979017 0
    outer loop
      vertex 1.8801 -34.6997 0
      vertex 1.8801 -34.6997 3
      vertex 1.2392 -34.5663 0
    endloop
  endfacet
  facet normal -0.203777 -0.979017 -0
    outer loop
      vertex 1.2392 -34.5663 3
      vertex 1.2392 -34.5663 0
      vertex 1.8801 -34.6997 3
    endloop
  endfacet
  facet normal -0.285521 -0.958372 0
    outer loop
      vertex 2.5061 -34.8862 0
      vertex 2.5061 -34.8862 3
      vertex 1.8801 -34.6997 0
    endloop
  endfacet
  facet normal -0.285521 -0.958372 -0
    outer loop
      vertex 1.8801 -34.6997 3
      vertex 1.8801 -34.6997 0
      vertex 2.5061 -34.8862 3
    endloop
  endfacet
  facet normal -0.363232 -0.931699 0
    outer loop
      vertex 3.11555 -35.1238 0
      vertex 3.11555 -35.1238 3
      vertex 2.5061 -34.8862 0
    endloop
  endfacet
  facet normal -0.363232 -0.931699 -0
    outer loop
      vertex 2.5061 -34.8862 3
      vertex 2.5061 -34.8862 0
      vertex 3.11555 -35.1238 3
    endloop
  endfacet
  facet normal -0.436831 -0.899544 0
    outer loop
      vertex 3.70676 -35.4109 0
      vertex 3.70676 -35.4109 3
      vertex 3.11555 -35.1238 0
    endloop
  endfacet
  facet normal -0.436831 -0.899544 -0
    outer loop
      vertex 3.11555 -35.1238 3
      vertex 3.11555 -35.1238 0
      vertex 3.70676 -35.4109 3
    endloop
  endfacet
  facet normal -0.505482 -0.862837 0
    outer loop
      vertex 4.27808 -35.7456 0
      vertex 4.27808 -35.7456 3
      vertex 3.70676 -35.4109 0
    endloop
  endfacet
  facet normal -0.505482 -0.862837 -0
    outer loop
      vertex 3.70676 -35.4109 3
      vertex 3.70676 -35.4109 0
      vertex 4.27808 -35.7456 3
    endloop
  endfacet
  facet normal -0.569217 -0.822187 0
    outer loop
      vertex 4.82797 -36.1263 0
      vertex 4.82797 -36.1263 3
      vertex 4.27808 -35.7456 0
    endloop
  endfacet
  facet normal -0.569217 -0.822187 -0
    outer loop
      vertex 4.27808 -35.7456 3
      vertex 4.27808 -35.7456 0
      vertex 4.82797 -36.1263 3
    endloop
  endfacet
  facet normal -0.627829 -0.778351 0
    outer loop
      vertex 5.35474 -36.5512 0
      vertex 5.35474 -36.5512 3
      vertex 4.82797 -36.1263 0
    endloop
  endfacet
  facet normal -0.627829 -0.778351 -0
    outer loop
      vertex 4.82797 -36.1263 3
      vertex 4.82797 -36.1263 0
      vertex 5.35474 -36.5512 3
    endloop
  endfacet
  facet normal -0.681415 -0.731897 0
    outer loop
      vertex 5.85666 -37.0185 0
      vertex 5.85666 -37.0185 3
      vertex 5.35474 -36.5512 0
    endloop
  endfacet
  facet normal -0.681415 -0.731897 -0
    outer loop
      vertex 5.35474 -36.5512 3
      vertex 5.35474 -36.5512 0
      vertex 5.85666 -37.0185 3
    endloop
  endfacet
  facet normal -0.752604 -0.658473 0
    outer loop
      vertex 6.77962 -38.0734 0
      vertex 6.77962 -38.0734 3
      vertex 5.85666 -37.0185 0
    endloop
  endfacet
  facet normal -0.752604 -0.658473 -0
    outer loop
      vertex 5.85666 -37.0185 3
      vertex 5.85666 -37.0185 0
      vertex 6.77962 -38.0734 3
    endloop
  endfacet
  facet normal -0.831506 -0.555516 0
    outer loop
      vertex 7.58366 -39.2769 0
      vertex 7.58366 -39.2769 3
      vertex 6.77962 -38.0734 0
    endloop
  endfacet
  facet normal -0.831506 -0.555516 -0
    outer loop
      vertex 6.77962 -38.0734 3
      vertex 6.77962 -38.0734 0
      vertex 7.58366 -39.2769 3
    endloop
  endfacet
  facet normal -0.893605 -0.448853 0
    outer loop
      vertex 8.25563 -40.6147 0
      vertex 8.25563 -40.6147 3
      vertex 7.58366 -39.2769 0
    endloop
  endfacet
  facet normal -0.893605 -0.448853 -0
    outer loop
      vertex 7.58366 -39.2769 3
      vertex 7.58366 -39.2769 0
      vertex 8.25563 -40.6147 3
    endloop
  endfacet
  facet normal -0.940593 -0.339535 0
    outer loop
      vertex 8.7823 -42.0737 0
      vertex 8.7823 -42.0737 3
      vertex 8.25563 -40.6147 0
    endloop
  endfacet
  facet normal -0.940593 -0.339535 -0
    outer loop
      vertex 8.25563 -40.6147 3
      vertex 8.25563 -40.6147 0
      vertex 8.7823 -42.0737 3
    endloop
  endfacet
  facet normal -0.182471 0.983211 0
    outer loop
      vertex 6.93465 -42.4166 0
      vertex 6.93465 -42.4166 3
      vertex 8.7823 -42.0737 0
    endloop
  endfacet
  facet normal -0.182471 0.983211 0
    outer loop
      vertex 8.7823 -42.0737 3
      vertex 8.7823 -42.0737 0
      vertex 6.93465 -42.4166 3
    endloop
  endfacet
  facet normal -0.139392 0.990237 0
    outer loop
      vertex 5.06062 -42.6804 0
      vertex 5.06062 -42.6804 3
      vertex 6.93465 -42.4166 0
    endloop
  endfacet
  facet normal -0.139392 0.990237 0
    outer loop
      vertex 6.93465 -42.4166 3
      vertex 6.93465 -42.4166 0
      vertex 5.06062 -42.6804 3
    endloop
  endfacet
  facet normal -0.0957089 0.995409 0
    outer loop
      vertex 3.16151 -42.863 0
      vertex 3.16151 -42.863 3
      vertex 5.06062 -42.6804 0
    endloop
  endfacet
  facet normal -0.0957089 0.995409 0
    outer loop
      vertex 5.06062 -42.6804 3
      vertex 5.06062 -42.6804 0
      vertex 3.16151 -42.863 3
    endloop
  endfacet
  facet normal -0.0511215 0.998692 0
    outer loop
      vertex 1.2392 -42.9614 0
      vertex 1.2392 -42.9614 3
      vertex 3.16151 -42.863 0
    endloop
  endfacet
  facet normal -0.0511215 0.998692 0
    outer loop
      vertex 3.16151 -42.863 3
      vertex 3.16151 -42.863 0
      vertex 1.2392 -42.9614 3
    endloop
  endfacet
  facet normal 1 0 -0
    outer loop
      vertex 1.2392 -34.5663 0
      vertex 1.2392 -34.5663 3
      vertex 1.2392 -42.9614 0
    endloop
  endfacet
  facet normal 1 -0 0
    outer loop
      vertex 1.2392 -42.9614 3
      vertex 1.2392 -42.9614 0
      vertex 1.2392 -34.5663 3
    endloop
  endfacet
  facet normal 0.0944197 0.995532 -0
    outer loop
      vertex -5.09827 -42.6855 0
      vertex -5.09827 -42.6855 3
      vertex -3.21622 -42.864 0
    endloop
  endfacet
  facet normal 0.0944197 0.995532 0
    outer loop
      vertex -3.21622 -42.864 3
      vertex -3.21622 -42.864 0
      vertex -5.09827 -42.6855 3
    endloop
  endfacet
  facet normal 0.138519 0.99036 -0
    outer loop
      vertex -6.95575 -42.4257 0
      vertex -6.95575 -42.4257 3
      vertex -5.09827 -42.6855 0
    endloop
  endfacet
  facet normal 0.138519 0.99036 0
    outer loop
      vertex -5.09827 -42.6855 3
      vertex -5.09827 -42.6855 0
      vertex -6.95575 -42.4257 3
    endloop
  endfacet
  facet normal 0.181387 0.983412 -0
    outer loop
      vertex -8.78717 -42.0879 0
      vertex -8.78717 -42.0879 3
      vertex -6.95575 -42.4257 0
    endloop
  endfacet
  facet normal 0.181387 0.983412 0
    outer loop
      vertex -6.95575 -42.4257 3
      vertex -6.95575 -42.4257 0
      vertex -8.78717 -42.0879 3
    endloop
  endfacet
  facet normal 0.939725 -0.341932 0
    outer loop
      vertex -8.26477 -40.6522 0
      vertex -8.26477 -40.6522 3
      vertex -8.78717 -42.0879 0
    endloop
  endfacet
  facet normal 0.939725 -0.341932 0
    outer loop
      vertex -8.78717 -42.0879 3
      vertex -8.78717 -42.0879 0
      vertex -8.26477 -40.6522 3
    endloop
  endfacet
  facet normal 0.892759 -0.450535 0
    outer loop
      vertex -7.59686 -39.3287 0
      vertex -7.59686 -39.3287 3
      vertex -8.26477 -40.6522 0
    endloop
  endfacet
  facet normal 0.892759 -0.450535 0
    outer loop
      vertex -8.26477 -40.6522 3
      vertex -8.26477 -40.6522 0
      vertex -7.59686 -39.3287 3
    endloop
  endfacet
  facet normal 0.831661 -0.555283 0
    outer loop
      vertex -6.79738 -38.1313 0
      vertex -6.79738 -38.1313 3
      vertex -7.59686 -39.3287 0
    endloop
  endfacet
  facet normal 0.831661 -0.555283 0
    outer loop
      vertex -7.59686 -39.3287 3
      vertex -7.59686 -39.3287 0
      vertex -6.79738 -38.1313 3
    endloop
  endfacet
  facet normal 0.754835 -0.655914 0
    outer loop
      vertex -5.88029 -37.0759 0
      vertex -5.88029 -37.0759 3
      vertex -6.79738 -38.1313 0
    endloop
  endfacet
  facet normal 0.754835 -0.655914 0
    outer loop
      vertex -6.79738 -38.1313 3
      vertex -6.79738 -38.1313 0
      vertex -5.88029 -37.0759 3
    endloop
  endfacet
  facet normal 0.660528 -0.750802 0
    outer loop
      vertex -4.85922 -36.1776 0
      vertex -4.85922 -36.1776 3
      vertex -5.88029 -37.0759 0
    endloop
  endfacet
  facet normal 0.660528 -0.750802 0
    outer loop
      vertex -5.88029 -37.0759 3
      vertex -5.88029 -37.0759 0
      vertex -4.85922 -36.1776 3
    endloop
  endfacet
  facet normal 0.577156 -0.816634 0
    outer loop
      vertex -4.31419 -35.7924 0
      vertex -4.31419 -35.7924 3
      vertex -4.85922 -36.1776 0
    endloop
  endfacet
  facet normal 0.577156 -0.816634 0
    outer loop
      vertex -4.85922 -36.1776 3
      vertex -4.85922 -36.1776 0
      vertex -4.31419 -35.7924 3
    endloop
  endfacet
  facet normal 0.51521 -0.857064 0
    outer loop
      vertex -3.74826 -35.4522 0
      vertex -3.74826 -35.4522 3
      vertex -4.31419 -35.7924 0
    endloop
  endfacet
  facet normal 0.51521 -0.857064 0
    outer loop
      vertex -4.31419 -35.7924 3
      vertex -4.31419 -35.7924 0
      vertex -3.74826 -35.4522 3
    endloop
  endfacet
  facet normal 0.448063 -0.894002 0
    outer loop
      vertex -3.16325 -35.159 0
      vertex -3.16325 -35.159 3
      vertex -3.74826 -35.4522 0
    endloop
  endfacet
  facet normal 0.448063 -0.894002 0
    outer loop
      vertex -3.74826 -35.4522 3
      vertex -3.74826 -35.4522 0
      vertex -3.16325 -35.159 3
    endloop
  endfacet
  facet normal 0.375759 -0.926718 0
    outer loop
      vertex -2.56099 -34.9148 0
      vertex -2.56099 -34.9148 3
      vertex -3.16325 -35.159 0
    endloop
  endfacet
  facet normal 0.375759 -0.926718 0
    outer loop
      vertex -3.16325 -35.159 3
      vertex -3.16325 -35.159 0
      vertex -2.56099 -34.9148 3
    endloop
  endfacet
  facet normal 0.298763 -0.954327 0
    outer loop
      vertex -1.94322 -34.7214 0
      vertex -1.94322 -34.7214 3
      vertex -2.56099 -34.9148 0
    endloop
  endfacet
  facet normal 0.298763 -0.954327 0
    outer loop
      vertex -2.56099 -34.9148 3
      vertex -2.56099 -34.9148 0
      vertex -1.94322 -34.7214 3
    endloop
  endfacet
  facet normal 0.217375 -0.976088 0
    outer loop
      vertex -1.31143 -34.5807 0
      vertex -1.31143 -34.5807 3
      vertex -1.94322 -34.7214 0
    endloop
  endfacet
  facet normal 0.217375 -0.976088 0
    outer loop
      vertex -1.94322 -34.7214 3
      vertex -1.94322 -34.7214 0
      vertex -1.31143 -34.5807 3
    endloop
  endfacet
  facet normal -1 0 0
    outer loop
      vertex -1.31143 -42.9614 0
      vertex -1.31143 -42.9614 3
      vertex -1.31143 -34.5807 0
    endloop
  endfacet
  facet normal -1 -0 -0
    outer loop
      vertex -1.31143 -34.5807 3
      vertex -1.31143 -34.5807 0
      vertex -1.31143 -42.9614 3
    endloop
  endfacet
  facet normal 0.0510675 0.998695 -0
    outer loop
      vertex -3.21622 -42.864 0
      vertex -3.21622 -42.864 3
      vertex -1.31143 -42.9614 0
    endloop
  endfacet
  facet normal 0.0510675 0.998695 0
    outer loop
      vertex -1.31143 -42.9614 3
      vertex -1.31143 -42.9614 0
      vertex -3.21622 -42.864 3
    endloop
  endfacet
endsolid OpenSCAD_Model
