solid OpenSCAD_Model
  facet normal 0 0 -1
    outer loop
      vertex -16.051 2.41713 0
      vertex -16.5411 2.50861 0
      vertex -16.6704 7.72466 0
    endloop
  endfacet
  facet normal -0 0 -1
    outer loop
      vertex 22.0968 -34.1481 0
      vertex 20.7925 -34.9877 0
      vertex 21.0762 -33.1487 0
    endloop
  endfacet
  facet normal -0 0 -1
    outer loop
      vertex 23.192 -34.9667 0
      vertex 21.7151 -35.6777 0
      vertex 22.0968 -34.1481 0
    endloop
  endfacet
  facet normal 0 0 -1
    outer loop
      vertex 22.6912 -36.525 0
      vertex 21.7151 -35.6777 0
      vertex 23.192 -34.9667 0
    endloop
  endfacet
  facet normal 0 0 -1
    outer loop
      vertex 22.6912 -36.525 0
      vertex 23.192 -34.9667 0
      vertex 24.1851 -35.5535 0
    endloop
  endfacet
  facet normal 0 0 -1
    outer loop
      vertex 33.0656 -37.5055 0
      vertex 28.7083 -32.0125 0
      vertex 34.2273 -36.4484 0
    endloop
  endfacet
  facet normal 0 0 -1
    outer loop
      vertex 19.8857 -16.3137 0
      vertex 17.973 -19.0086 0
      vertex 17.2783 -18.2045 0
    endloop
  endfacet
  facet normal 0 0 -1
    outer loop
      vertex 19.1734 -24.5064 0
      vertex 16.3661 -24.3036 0
      vertex 18.9112 -23.976 0
    endloop
  endfacet
  facet normal 0 0 -1
    outer loop
      vertex 18.8745 -19.4651 0
      vertex 17.973 -19.0086 0
      vertex 19.8857 -16.3137 0
    endloop
  endfacet
  facet normal -0 0 -1
    outer loop
      vertex 27.8971 -20.4655 0
      vertex 25.0614 -21.9757 0
      vertex 25.2353 -18.6685 0
    endloop
  endfacet
  facet normal 0 0 -1
    outer loop
      vertex 27.5102 -16.5317 0
      vertex 29.7168 -17.1637 0
      vertex 28.0951 -17.3707 0
    endloop
  endfacet
  facet normal 0 0 -1
    outer loop
      vertex 31.0435 -29.7534 0
      vertex 32.1455 -28.5593 0
      vertex 36.4484 -34.2273 0
    endloop
  endfacet
  facet normal 0 -0 -1
    outer loop
      vertex 31.0435 -29.7534 0
      vertex 35.3553 -35.3553 0
      vertex 29.8973 -30.905 0
    endloop
  endfacet
  facet normal 0 0 -1
    outer loop
      vertex 25.0258 -12.4359 0
      vertex 28.8642 -14.2861 0
      vertex 26.4504 -15.6734 0
    endloop
  endfacet
  facet normal 0 0 -1
    outer loop
      vertex 38.5257 -31.8712 0
      vertex 32.1455 -28.5593 0
      vertex 33.5263 -26.9249 0
    endloop
  endfacet
  facet normal 0 0 -1
    outer loop
      vertex 43.0371 -25.4521 0
      vertex 37.288 -21.4143 0
      vertex 43.8153 -24.0877 0
    endloop
  endfacet
  facet normal 0 0 -1
    outer loop
      vertex 28.8642 -14.2861 0
      vertex 27.5102 -16.5317 0
      vertex 26.4504 -15.6734 0
    endloop
  endfacet
  facet normal 0 0 -1
    outer loop
      vertex 12.0366 5.65154 0
      vertex 11.1922 6.53223 0
      vertex 13.2351 5.15218 0
    endloop
  endfacet
  facet normal -0 0 -1
    outer loop
      vertex 31.026 -24.0578 0
      vertex 29.1964 -24.5182 0
      vertex 29.7715 -23.0607 0
    endloop
  endfacet
  facet normal 0 0 -1
    outer loop
      vertex 29.9577 -25.6144 0
      vertex 31.9371 -25.3645 0
      vertex 30.8737 -27.1109 0
    endloop
  endfacet
  facet normal -0 0 -1
    outer loop
      vertex 49.3844 -7.82172 0
      vertex 42.2277 -8.11241 0
      vertex 42.64 -5.55273 0
    endloop
  endfacet
  facet normal 0 -0 -1
    outer loop
      vertex 37.2977 21.3973 0
      vertex 37.2977 20.1443 0
      vertex 34.5089 20.7787 0
    endloop
  endfacet
  facet normal 0 0 -1
    outer loop
      vertex 39.3017 -17.4454 0
      vertex 40.0787 -15.5779 0
      vertex 45.8877 -19.8574 0
    endloop
  endfacet
  facet normal 0 0 -1
    outer loop
      vertex 24.9286 -2.59007 0
      vertex 27.0002 -3.55795 0
      vertex 25.22 -3.94545 0
    endloop
  endfacet
  facet normal -0 0 -1
    outer loop
      vertex 45.2413 -21.289 0
      vertex 44.5503 -22.6995 0
      vertex 38.3463 -19.4559 0
    endloop
  endfacet
  facet normal 0 -0 -1
    outer loop
      vertex 40.9446 -13.1341 0
      vertex 47.044 -16.9369 0
      vertex 40.0787 -15.5779 0
    endloop
  endfacet
  facet normal 0 0 -1
    outer loop
      vertex 49.1143 -9.36906 0
      vertex 42.2277 -8.11241 0
      vertex 49.3844 -7.82172 0
    endloop
  endfacet
  facet normal 0 0 -1
    outer loop
      vertex 48.7958 -10.9072 0
      vertex 41.6616 -10.6426 0
      vertex 42.2277 -8.11241 0
    endloop
  endfacet
  facet normal 0 0 -1
    outer loop
      vertex 47.5528 -15.4508 0
      vertex 40.9446 -13.1341 0
      vertex 48.0147 -13.9496 0
    endloop
  endfacet
  facet normal 0 0 -1
    outer loop
      vertex 41.6616 -10.6426 0
      vertex 48.4292 -12.4345 0
      vertex 48.0147 -13.9496 0
    endloop
  endfacet
  facet normal 0 0 -1
    outer loop
      vertex 21.7617 2.46927 0
      vertex 25.6105 1.62999 0
      vertex 23.0506 -0.387573 0
    endloop
  endfacet
  facet normal 0 0 -1
    outer loop
      vertex 24.9286 -2.59007 0
      vertex 26.6243 -1.94691 0
      vertex 27.0002 -3.55795 0
    endloop
  endfacet
  facet normal 0 -0 -1
    outer loop
      vertex 48.7958 10.9072 0
      vertex 49.1143 9.36906 0
      vertex 41.9853 9.28435 0
    endloop
  endfacet
  facet normal 0 0 -1
    outer loop
      vertex 42.64 -5.55273 0
      vertex 42.8966 -2.97282 0
      vertex 49.7781 -4.70541 0
    endloop
  endfacet
  facet normal 0 0 -1
    outer loop
      vertex 42.8966 -2.97282 0
      vertex 49.9013 -3.13951 0
      vertex 49.7781 -4.70541 0
    endloop
  endfacet
  facet normal 0 0 -1
    outer loop
      vertex 42.8966 -2.97282 0
      vertex 42.986 -1.07249 0
      vertex 49.9753 -1.57053 0
    endloop
  endfacet
  facet normal 0 0 -1
    outer loop
      vertex 42.8 4.13628 0
      vertex 49.9013 3.13951 0
      vertex 42.9726 1.53473 0
    endloop
  endfacet
  facet normal 0 0 -1
    outer loop
      vertex 50 0 0
      vertex 49.9753 -1.57053 0
      vertex 42.986 -1.07249 0
    endloop
  endfacet
  facet normal -0 0 -1
    outer loop
      vertex 37.6752 4.83266 0
      vertex 35.4253 3.10027 0
      vertex 35.6853 5.23329 0
    endloop
  endfacet
  facet normal 0 0 -1
    outer loop
      vertex 41.3455 11.8119 0
      vertex 48.0147 13.9496 0
      vertex 48.4292 12.4345 0
    endloop
  endfacet
  facet normal -0 0 -1
    outer loop
      vertex 47.044 16.9369 0
      vertex 40.5536 14.296 0
      vertex 46.4888 18.4062 0
    endloop
  endfacet
  facet normal 0 -0 -1
    outer loop
      vertex 34.2273 36.4484 0
      vertex 35.3553 35.3553 0
      vertex 30.0654 30.7414 0
    endloop
  endfacet
  facet normal 0 0 -1
    outer loop
      vertex 30.2392 15.5377 0
      vertex 32.32 14.8811 0
      vertex 31.9018 13.4872 0
    endloop
  endfacet
  facet normal 0 0 -1
    outer loop
      vertex 30.2392 15.5377 0
      vertex 30.5603 16.6124 0
      vertex 32.32 14.8811 0
    endloop
  endfacet
  facet normal 0 0 -1
    outer loop
      vertex 39.6126 16.7275 0
      vertex 38.526 19.0975 0
      vertex 45.2413 21.289 0
    endloop
  endfacet
  facet normal 0 0 -1
    outer loop
      vertex 35.068 18.3261 0
      vertex 34.5089 20.7787 0
      vertex 36.3332 19.0169 0
    endloop
  endfacet
  facet normal 0 -0 -1
    outer loop
      vertex 33.7967 19.633 0
      vertex 35.068 18.3261 0
      vertex 32.8389 18.739 0
    endloop
  endfacet
  facet normal 0 0 -1
    outer loop
      vertex 30.0654 30.7414 0
      vertex 35.3553 35.3553 0
      vertex 36.4484 34.2273 0
    endloop
  endfacet
  facet normal 0 0 -1
    outer loop
      vertex 35.2807 24.5813 0
      vertex 41.354 28.1042 0
      vertex 42.2164 26.7913 0
    endloop
  endfacet
  facet normal 0 -0 -1
    outer loop
      vertex 34.7705 21.744 0
      vertex 37.2977 21.3973 0
      vertex 34.5089 20.7787 0
    endloop
  endfacet
  facet normal 0 0 -1
    outer loop
      vertex 34.9455 23.2766 0
      vertex 34.9455 23.6781 0
      vertex 35.2807 24.5813 0
    endloop
  endfacet
  facet normal 0 -0 -1
    outer loop
      vertex 34.9455 23.2766 0
      vertex 37.2977 21.3973 0
      vertex 34.7705 22.631 0
    endloop
  endfacet
  facet normal -0 0 -1
    outer loop
      vertex 41.354 28.1042 0
      vertex 35.2807 24.5813 0
      vertex 40.4508 29.3893 0
    endloop
  endfacet
  facet normal 0 0 -1
    outer loop
      vertex 33.6722 26.7423 0
      vertex 38.5257 31.8712 0
      vertex 39.5077 30.6453 0
    endloop
  endfacet
  facet normal 0 0 -1
    outer loop
      vertex 31.9314 28.7983 0
      vertex 36.4484 34.2273 0
      vertex 37.5055 33.0656 0
    endloop
  endfacet
  facet normal -0 0 -1
    outer loop
      vertex 38.5257 31.8712 0
      vertex 31.9314 28.7983 0
      vertex 37.5055 33.0656 0
    endloop
  endfacet
  facet normal -0 0 -1
    outer loop
      vertex 40.4508 29.3893 0
      vertex 33.6722 26.7423 0
      vertex 39.5077 30.6453 0
    endloop
  endfacet
  facet normal -0 0 -1
    outer loop
      vertex 25.6793 -0.435135 0
      vertex 24.2442 -1.23839 0
      vertex 23.0506 -0.387573 0
    endloop
  endfacet
  facet normal 0 0 -1
    outer loop
      vertex 21.5012 37.2379 0
      vertex 26.7913 42.2164 0
      vertex 23.7909 35.8184 0
    endloop
  endfacet
  facet normal -0 0 -1
    outer loop
      vertex 34.2273 36.4484 0
      vertex 28.0814 32.5638 0
      vertex 33.0656 37.5055 0
    endloop
  endfacet
  facet normal 0 -0 -1
    outer loop
      vertex 28.1042 41.354 0
      vertex 29.3893 40.4508 0
      vertex 23.7909 35.8184 0
    endloop
  endfacet
  facet normal 0 -0 -1
    outer loop
      vertex 26.7913 42.2164 0
      vertex 28.1042 41.354 0
      vertex 23.7909 35.8184 0
    endloop
  endfacet
  facet normal 0 0 -1
    outer loop
      vertex 28.0814 32.5638 0
      vertex 31.8712 38.5257 0
      vertex 33.0656 37.5055 0
    endloop
  endfacet
  facet normal -0 0 -1
    outer loop
      vertex 2.37778 37.1826 0
      vertex -0.842667 36.8861 0
      vertex 1.8185 38.8024 0
    endloop
  endfacet
  facet normal 0 0 -1
    outer loop
      vertex 15.0708 40.272 0
      vertex 18.4062 46.4888 0
      vertex 16.6781 39.6335 0
    endloop
  endfacet
  facet normal 0 0 -1
    outer loop
      vertex 16.6781 39.6335 0
      vertex 19.8574 45.8877 0
      vertex 21.289 45.2413 0
    endloop
  endfacet
  facet normal 0 0 -1
    outer loop
      vertex 16.6781 39.6335 0
      vertex 18.4062 46.4888 0
      vertex 19.8574 45.8877 0
    endloop
  endfacet
  facet normal 0 -0 -1
    outer loop
      vertex 6.00253 41.4719 0
      vertex 6.50952 38.9403 0
      vertex 5.11264 40.6474 0
    endloop
  endfacet
  facet normal -0 0 -1
    outer loop
      vertex 13.9496 48.0147 0
      vertex 11.0287 41.5613 0
      vertex 12.4345 48.4292 0
    endloop
  endfacet
  facet normal 0 0 -1
    outer loop
      vertex 6.00253 41.4719 0
      vertex 7.50055 42.3405 0
      vertex 7.62531 39.9176 0
    endloop
  endfacet
  facet normal 0 0 -1
    outer loop
      vertex 13.0657 40.9665 0
      vertex 16.9369 47.044 0
      vertex 15.0708 40.272 0
    endloop
  endfacet
  facet normal 0 -0 -1
    outer loop
      vertex 15.4508 47.5528 0
      vertex 16.9369 47.044 0
      vertex 13.0657 40.9665 0
    endloop
  endfacet
  facet normal 0 0 -1
    outer loop
      vertex 24.0877 43.8153 0
      vertex 21.5012 37.2379 0
      vertex 19.1272 38.5113 0
    endloop
  endfacet
  facet normal 0 0 -1
    outer loop
      vertex 10.9072 48.7958 0
      vertex 12.4345 48.4292 0
      vertex 11.0287 41.5613 0
    endloop
  endfacet
  facet normal 0 0 -1
    outer loop
      vertex 5.40471 42.6586 0
      vertex 7.82172 49.3844 0
      vertex 7.50055 42.3405 0
    endloop
  endfacet
  facet normal 0 0 -1
    outer loop
      vertex 8.96483 42.0547 0
      vertex 7.50055 42.3405 0
      vertex 9.36906 49.1143 0
    endloop
  endfacet
  facet normal 0 0 -1
    outer loop
      vertex 7.50055 42.3405 0
      vertex 7.82172 49.3844 0
      vertex 9.36906 49.1143 0
    endloop
  endfacet
  facet normal 0 0 -1
    outer loop
      vertex 5.40471 42.6586 0
      vertex 4.70541 49.7781 0
      vertex 6.26665 49.6057 0
    endloop
  endfacet
  facet normal 0 0 -1
    outer loop
      vertex 1.17874 42.9834 0
      vertex 1.57053 49.9753 0
      vertex 3.13951 49.9013 0
    endloop
  endfacet
  facet normal 0 -0 -1
    outer loop
      vertex 4.70541 49.7781 0
      vertex 5.40471 42.6586 0
      vertex 3.29575 42.8732 0
    endloop
  endfacet
  facet normal 0 0 -1
    outer loop
      vertex 3.29575 42.8732 0
      vertex 1.17874 42.9834 0
      vertex 3.13951 49.9013 0
    endloop
  endfacet
  facet normal 0 0 -1
    outer loop
      vertex 1.17874 42.9834 0
      vertex 0 50 0
      vertex 1.57053 49.9753 0
    endloop
  endfacet
  facet normal 0 0 -1
    outer loop
      vertex -15.4508 47.5528 0
      vertex -13.9496 48.0147 0
      vertex -12.8977 41.0197 0
    endloop
  endfacet
  facet normal 0 0 -1
    outer loop
      vertex -0.941025 42.9893 0
      vertex 0 50 0
      vertex 1.17874 42.9834 0
    endloop
  endfacet
  facet normal 0 0 -1
    outer loop
      vertex -1.57053 49.9753 0
      vertex 0 50 0
      vertex -0.941025 42.9893 0
    endloop
  endfacet
  facet normal 0 0 -1
    outer loop
      vertex 34.8748 -25.1538 0
      vertex 40.4508 -29.3893 0
      vertex 39.5077 -30.6453 0
    endloop
  endfacet
  facet normal 0 -0 -1
    outer loop
      vertex -25.4521 43.0371 0
      vertex -22.3445 36.7382 0
      vertex -26.7913 42.2164 0
    endloop
  endfacet
  facet normal 0 0 -1
    outer loop
      vertex -6.54332 42.4988 0
      vertex -5.14108 42.6912 0
      vertex -6.3244 41.4264 0
    endloop
  endfacet
  facet normal 0 0 -1
    outer loop
      vertex -4.70541 49.7781 0
      vertex -3.40128 42.8649 0
      vertex -4.27203 42.7869 0
    endloop
  endfacet
  facet normal 0 0 -1
    outer loop
      vertex -2.22557 41.3054 0
      vertex -2.52899 42.9252 0
      vertex -0.941025 42.9893 0
    endloop
  endfacet
  facet normal 0 0 -1
    outer loop
      vertex -26.7512 33.6652 0
      vertex -29.3893 40.4508 0
      vertex -24.5959 35.2705 0
    endloop
  endfacet
  facet normal 0 0 -1
    outer loop
      vertex -2.22557 41.3054 0
      vertex 0.118652 41.6971 0
      vertex -1.17435 39.0957 0
    endloop
  endfacet
  facet normal 0 0 -1
    outer loop
      vertex -1.17435 39.0957 0
      vertex 1.02304 40.3605 0
      vertex 1.8185 38.8024 0
    endloop
  endfacet
  facet normal 0 0 -1
    outer loop
      vertex -35.8068 23.8084 0
      vertex -41.354 28.1042 0
      vertex -40.4508 29.3893 0
    endloop
  endfacet
  facet normal 0 -0 -1
    outer loop
      vertex -36.4484 34.2273 0
      vertex -32.5585 28.0876 0
      vertex -37.5055 33.0656 0
    endloop
  endfacet
  facet normal 0 -0 -1
    outer loop
      vertex -5.14108 42.6912 0
      vertex -4.80779 41.5249 0
      vertex -6.3244 41.4264 0
    endloop
  endfacet
  facet normal -0 0 -1
    outer loop
      vertex -10.7423 40.553 0
      vertex -12.2373 38.9159 0
      vertex -12.8977 41.0197 0
    endloop
  endfacet
  facet normal 0 -0 -1
    outer loop
      vertex -10.3153 39.508 0
      vertex -9.86295 38.6706 0
      vertex -12.2373 38.9159 0
    endloop
  endfacet
  facet normal 0 -0 -1
    outer loop
      vertex 2.37778 37.1826 0
      vertex 2.76643 35.8968 0
      vertex -0.842667 36.8861 0
    endloop
  endfacet
  facet normal -0 -0 -1
    outer loop
      vertex 2.76643 35.8968 0
      vertex 3.42015 34.8725 0
      vertex -0.842667 36.8861 0
    endloop
  endfacet
  facet normal 0 0 -1
    outer loop
      vertex -35.8068 23.8084 0
      vertex -40.4508 29.3893 0
      vertex -34.2496 25.9987 0
    endloop
  endfacet
  facet normal 0 -0 -1
    outer loop
      vertex -38.5257 31.8712 0
      vertex -34.2496 25.9987 0
      vertex -39.5077 30.6453 0
    endloop
  endfacet
  facet normal 0 0 -1
    outer loop
      vertex -38.5257 31.8712 0
      vertex -37.5055 33.0656 0
      vertex -32.5585 28.0876 0
    endloop
  endfacet
  facet normal 0 0 -1
    outer loop
      vertex -9.9953 -16.7102 0
      vertex -10.3975 -15.2553 0
      vertex -8.15775 -17.4977 0
    endloop
  endfacet
  facet normal 0 0 -1
    outer loop
      vertex -43.0371 25.4521 0
      vertex -42.2164 26.7913 0
      vertex -37.2242 21.525 0
    endloop
  endfacet
  facet normal 0 0 -1
    outer loop
      vertex -15.5138 37.6192 0
      vertex -15.7816 39.9989 0
      vertex -13.4538 38.9784 0
    endloop
  endfacet
  facet normal 0 0 -1
    outer loop
      vertex -12.4408 35.9275 0
      vertex -13.4538 38.9784 0
      vertex -12.2373 38.9159 0
    endloop
  endfacet
  facet normal 0 0 -1
    outer loop
      vertex -16.557 38.2567 0
      vertex -17.5891 39.2377 0
      vertex -15.7816 39.9989 0
    endloop
  endfacet
  facet normal 0 0 -1
    outer loop
      vertex -42.2164 26.7913 0
      vertex -35.8068 23.8084 0
      vertex -37.2242 21.525 0
    endloop
  endfacet
  facet normal 0 -0 -1
    outer loop
      vertex -41.354 28.1042 0
      vertex -35.8068 23.8084 0
      vertex -42.2164 26.7913 0
    endloop
  endfacet
  facet normal 0 0 -1
    outer loop
      vertex -5.26709 35.4659 0
      vertex -3.34833 39.3611 0
      vertex -1.95004 37.7536 0
    endloop
  endfacet
  facet normal -0 -0 -1
    outer loop
      vertex -31.9952 7.88463 0
      vertex -31.8643 6.03438 0
      vertex -33.124 8.41252 0
    endloop
  endfacet
  facet normal 0 0 -1
    outer loop
      vertex -27.0791 -33.4019 0
      vertex -30.6453 -39.5077 0
      vertex -31.8712 -38.5257 0
    endloop
  endfacet
  facet normal -0 0 -1
    outer loop
      vertex -38.4961 19.1576 0
      vertex -39.6178 16.7153 0
      vertex -45.2413 21.289 0
    endloop
  endfacet
  facet normal 0 0 -1
    outer loop
      vertex -49.9013 -3.13951 0
      vertex -42.9652 -1.72084 0
      vertex -42.7773 -4.36719 0
    endloop
  endfacet
  facet normal 0 -0 -1
    outer loop
      vertex -34.7345 -4.70433 0
      vertex -34.4188 -6.15305 0
      vertex -35.398 -5.87654 0
    endloop
  endfacet
  facet normal 0 0 -1
    outer loop
      vertex -47.044 -16.9369 0
      vertex -47.5528 -15.4508 0
      vertex -40.4656 -14.5432 0
    endloop
  endfacet
  facet normal 0 0 -1
    outer loop
      vertex -48.7958 -10.9072 0
      vertex -42.2734 -7.86971 0
      vertex -41.7905 -10.1254 0
    endloop
  endfacet
  facet normal 0 -0 -1
    outer loop
      vertex -43.8153 24.0877 0
      vertex -38.4961 19.1576 0
      vertex -44.5503 22.6995 0
    endloop
  endfacet
  facet normal 0 0 -1
    outer loop
      vertex 12.4317 13.6531 0
      vertex 13.2742 13.0711 0
      vertex 13.7449 12.1256 0
    endloop
  endfacet
  facet normal 0 -0 -1
    outer loop
      vertex -36.6922 -22.4198 0
      vertex -35.539 -24.2064 0
      vertex -42.2164 -26.7913 0
    endloop
  endfacet
  facet normal 0 0 -1
    outer loop
      vertex -6.97525 31.7353 0
      vertex -5.26709 35.4659 0
      vertex -5.23804 29.8211 0
    endloop
  endfacet
  facet normal -0 0 -1
    outer loop
      vertex -35.8736 5.67238 0
      vertex -37.4985 4.85233 0
      vertex -37.6951 6.66252 0
    endloop
  endfacet
  facet normal 0 0 -1
    outer loop
      vertex -31.8643 6.03438 0
      vertex -31.9952 7.88463 0
      vertex -30.5388 7.37491 0
    endloop
  endfacet
  facet normal 0 -0 -1
    outer loop
      vertex -37.64 -20.7894 0
      vertex -36.6922 -22.4198 0
      vertex -43.0371 -25.4521 0
    endloop
  endfacet
  facet normal 0 -0 -1
    outer loop
      vertex -35.236 -21.4095 0
      vertex -33.1955 -22.7071 0
      vertex -35.4983 -24.1836 0
    endloop
  endfacet
  facet normal 0 0 -1
    outer loop
      vertex -12.8163 23.3836 0
      vertex -12.0405 21.9649 0
      vertex -12.2962 21.782 0
    endloop
  endfacet
  facet normal 0 0 -1
    outer loop
      vertex -41.354 -28.1042 0
      vertex -42.2164 -26.7913 0
      vertex -35.539 -24.2064 0
    endloop
  endfacet
  facet normal 0 0 -1
    outer loop
      vertex -39.8932 -9.85545 0
      vertex -35.7389 -9.47672 0
      vertex -34.2617 -12.4983 0
    endloop
  endfacet
  facet normal 0 0 -1
    outer loop
      vertex -40.4508 -29.3893 0
      vertex -35.539 -24.2064 0
      vertex -34.0675 -26.2368 0
    endloop
  endfacet
  facet normal -0 -0 -1
    outer loop
      vertex -34.6825 -9.75208 0
      vertex -34.2617 -12.4983 0
      vertex -35.7389 -9.47672 0
    endloop
  endfacet
  facet normal 0 -0 -1
    outer loop
      vertex -33.7161 -9.81654 0
      vertex -32.276 -10.0584 0
      vertex -34.2617 -12.4983 0
    endloop
  endfacet
  facet normal 0 0 -1
    outer loop
      vertex -37.1734 -18.0292 0
      vertex -38.3004 -15.6911 0
      vertex -35.5804 -16.068 0
    endloop
  endfacet
  facet normal 0 0 -1
    outer loop
      vertex -33.0656 -37.5055 0
      vertex -27.0791 -33.4019 0
      vertex -31.8712 -38.5257 0
    endloop
  endfacet
  facet normal 0 0 -1
    outer loop
      vertex -32.0204 3.11403 0
      vertex -31.8643 5.70413 0
      vertex -29.5603 3.29922 0
    endloop
  endfacet
  facet normal 0 0 -1
    outer loop
      vertex -36.4484 -34.2273 0
      vertex -37.5055 -33.0656 0
      vertex -32.4803 -28.178 0
    endloop
  endfacet
  facet normal -0 0 -1
    outer loop
      vertex 9.36906 -49.1143 0
      vertex 7.82172 -49.3844 0
      vertex 8.32686 -42.1857 0
    endloop
  endfacet
  facet normal 0 0 -1
    outer loop
      vertex 11.4625 13.9006 0
      vertex 12.4317 13.6531 0
      vertex 13.7449 12.1256 0
    endloop
  endfacet
  facet normal 0 0 -1
    outer loop
      vertex -29.3893 -40.4508 0
      vertex -25.086 -34.9236 0
      vertex -28.1042 -41.354 0
    endloop
  endfacet
  facet normal 0 0 -1
    outer loop
      vertex -5.80249 -40.4128 0
      vertex -5.25009 -38.6315 0
      vertex -3.56393 -39.8608 0
    endloop
  endfacet
  facet normal 0 0 -1
    outer loop
      vertex -19.0375 -38.5557 0
      vertex -21.289 -45.2413 0
      vertex -22.6995 -44.5503 0
    endloop
  endfacet
  facet normal 0 0 -1
    outer loop
      vertex -18.5849 14.8979 0
      vertex -19.2888 15.3833 0
      vertex -19.1221 16.9747 0
    endloop
  endfacet
  facet normal 0 -0 -1
    outer loop
      vertex -11.5387 -41.4225 0
      vertex -8.93639 -42.0605 0
      vertex -12.4345 -48.4292 0
    endloop
  endfacet
  facet normal 0 0 -1
    outer loop
      vertex -6.26665 -49.6057 0
      vertex -4.60667 -42.7517 0
      vertex -4.70541 -49.7781 0
    endloop
  endfacet
  facet normal 0 0 -1
    outer loop
      vertex -10.9072 -48.7958 0
      vertex -8.93639 -42.0605 0
      vertex -9.36906 -49.1143 0
    endloop
  endfacet
  facet normal 0 0 -1
    outer loop
      vertex -21.1474 8.32632 0
      vertex -18.3377 7.55225 0
      vertex -20.0735 2.32555 0
    endloop
  endfacet
  facet normal 0 -0 -1
    outer loop
      vertex 7.09482 -34.2229 0
      vertex 7.7048 -36.418 0
      vertex 6.23434 -35.9422 0
    endloop
  endfacet
  facet normal 0 0 -1
    outer loop
      vertex 3.02881 -30.33 0
      vertex 3.02881 -29.0175 0
      vertex 5.52034 -30.4334 0
    endloop
  endfacet
  facet normal 0 0 -1
    outer loop
      vertex 4.19826 -42.7938 0
      vertex 6.12703 -42.5612 0
      vertex 6.26665 -49.6057 0
    endloop
  endfacet
  facet normal 0 0 -1
    outer loop
      vertex -4.25531 -41.0006 0
      vertex -4.60667 -42.7517 0
      vertex -6.2778 -42.4191 0
    endloop
  endfacet
  facet normal 0 0 -1
    outer loop
      vertex -2.50531 -9.57401 0
      vertex -1.92545 -8.11948 0
      vertex -0.866013 -9.91742 0
    endloop
  endfacet
  facet normal 0 -0 -1
    outer loop
      vertex -5.448 19.1513 0
      vertex 7.63942 16.7251 0
      vertex -6.99072 16.2841 0
    endloop
  endfacet
  facet normal 0 0 -1
    outer loop
      vertex 8.38579 8.24744 0
      vertex 6.60287 8.32999 0
      vertex 9.48494 14.9643 0
    endloop
  endfacet
  facet normal 0 0 -1
    outer loop
      vertex 26.2042 -31.2485 0
      vertex 28.3827 -31.9464 0
      vertex 27.4519 -33.0961 0
    endloop
  endfacet
  facet normal 0 0 -1
    outer loop
      vertex 10.5168 -36.7192 0
      vertex 11.0265 -34.7565 0
      vertex 11.7917 -36.9029 0
    endloop
  endfacet
  facet normal -0 0 -1
    outer loop
      vertex 16.6469 -28.7823 0
      vertex 14.9805 -30.854 0
      vertex 14.9754 -28.2943 0
    endloop
  endfacet
  facet normal 0 0 -1
    outer loop
      vertex 14.9805 -30.854 0
      vertex 16.6469 -28.7823 0
      vertex 15.7677 -31.0167 0
    endloop
  endfacet
  facet normal 0 0 -1
    outer loop
      vertex 18.4062 -46.4888 0
      vertex 16.4576 -39.7255 0
      vertex 19.8574 -45.8877 0
    endloop
  endfacet
  facet normal 0 -0 -1
    outer loop
      vertex 10.4061 -28.467 0
      vertex 11.7693 -31.0606 0
      vertex 8.91887 -30.41 0
    endloop
  endfacet
  facet normal 0 0 -1
    outer loop
      vertex 12.5396 -28.2943 0
      vertex 13.6063 -28.2079 0
      vertex 13.8063 -30.7353 0
    endloop
  endfacet
  facet normal -0 0 -1
    outer loop
      vertex 13.8063 -30.7353 0
      vertex 12.7467 -30.9728 0
      vertex 12.5396 -28.2943 0
    endloop
  endfacet
  facet normal 0 0 -1
    outer loop
      vertex 6.96381 1.67523 0
      vertex 6.60287 3.22894 0
      vertex 7.00208 1.7491 0
    endloop
  endfacet
  facet normal 0 0 -1
    outer loop
      vertex 13.7808 -13.5867 0
      vertex 13.0806 -12.9383 0
      vertex 16.6441 -12.6432 0
    endloop
  endfacet
  facet normal 0 0 -1
    outer loop
      vertex 19.9032 -34.4921 0
      vertex 18.4683 -33.2466 0
      vertex 21.0762 -33.1487 0
    endloop
  endfacet
  facet normal 0 0 -1
    outer loop
      vertex 25.4521 -43.0371 0
      vertex 20.6724 -37.7044 0
      vertex 22.6912 -36.525 0
    endloop
  endfacet
  facet normal -0 0 -1
    outer loop
      vertex 25.4521 -43.0371 0
      vertex 24.0877 -43.8153 0
      vertex 20.6724 -37.7044 0
    endloop
  endfacet
  facet normal 0 0 -1
    outer loop
      vertex 18.5925 -38.7722 0
      vertex 20.6724 -37.7044 0
      vertex 22.6995 -44.5503 0
    endloop
  endfacet
  facet normal -0 0 -1
    outer loop
      vertex 9.48494 14.9643 0
      vertex 6.60287 8.32999 0
      vertex 8.61598 15.641 0
    endloop
  endfacet
  facet normal 0 0 -1
    outer loop
      vertex -18.8125 2.09018 0
      vertex -20.0735 2.32555 0
      vertex -18.3377 7.55225 0
    endloop
  endfacet
  facet normal -0 0 -1
    outer loop
      vertex 11.4625 13.9006 0
      vertex 8.38579 8.24744 0
      vertex 10.5142 14.3244 0
    endloop
  endfacet
  facet normal 0 -0 -1
    outer loop
      vertex -18.3377 7.55225 0
      vertex -17.4117 2.32555 0
      vertex -18.8125 2.09018 0
    endloop
  endfacet
  facet normal 0 0 -1
    outer loop
      vertex 21.5012 37.2379 0
      vertex 24.0877 43.8153 0
      vertex 25.4521 43.0371 0
    endloop
  endfacet
  facet normal 0 0 -1
    outer loop
      vertex -12.4408 35.9275 0
      vertex -15.5138 37.6192 0
      vertex -13.4538 38.9784 0
    endloop
  endfacet
  facet normal 0 -0 -1
    outer loop
      vertex 4.35358 39.4961 0
      vertex 6.09384 37.8319 0
      vertex 3.7834 38.0142 0
    endloop
  endfacet
  facet normal 0 0 -1
    outer loop
      vertex -1.57053 49.9753 0
      vertex -2.52899 42.9252 0
      vertex -3.13951 49.9013 0
    endloop
  endfacet
  facet normal 0 0 -1
    outer loop
      vertex -6.26665 49.6057 0
      vertex -4.70541 49.7781 0
      vertex -5.14108 42.6912 0
    endloop
  endfacet
  facet normal 0 0 -1
    outer loop
      vertex -5.14108 42.6912 0
      vertex -4.70541 49.7781 0
      vertex -4.27203 42.7869 0
    endloop
  endfacet
  facet normal -0 0 -1
    outer loop
      vertex 4.70541 49.7781 0
      vertex 3.29575 42.8732 0
      vertex 3.13951 49.9013 0
    endloop
  endfacet
  facet normal -0 0 -1
    outer loop
      vertex -9.81627 41.8642 0
      vertex -11.4319 41.4522 0
      vertex -12.4345 48.4292 0
    endloop
  endfacet
  facet normal 0 -0 -1
    outer loop
      vertex 6.26665 49.6057 0
      vertex 7.82172 49.3844 0
      vertex 5.40471 42.6586 0
    endloop
  endfacet
  facet normal -0 0 -1
    outer loop
      vertex 10.9072 48.7958 0
      vertex 8.96483 42.0547 0
      vertex 9.36906 49.1143 0
    endloop
  endfacet
  facet normal 0 0 -1
    outer loop
      vertex 13.0657 40.9665 0
      vertex 11.0287 41.5613 0
      vertex 13.9496 48.0147 0
    endloop
  endfacet
  facet normal 0 0 -1
    outer loop
      vertex 6.26886 36.5192 0
      vertex 3.7834 38.0142 0
      vertex 6.09384 37.8319 0
    endloop
  endfacet
  facet normal -0 0 -1
    outer loop
      vertex 7.53944 21.1235 0
      vertex 7.17038 20.2084 0
      vertex 6.94745 24.1893 0
    endloop
  endfacet
  facet normal 0 0 -1
    outer loop
      vertex 6.94745 24.1893 0
      vertex 7.74594 23.4339 0
      vertex 7.53944 21.1235 0
    endloop
  endfacet
  facet normal 0 -0 -1
    outer loop
      vertex -6.48608 40.0292 0
      vertex -4.28732 40.6521 0
      vertex -6.50584 38.5065 0
    endloop
  endfacet
  facet normal 0 0 -1
    outer loop
      vertex -38.5257 31.8712 0
      vertex -32.5585 28.0876 0
      vertex -34.2496 25.9987 0
    endloop
  endfacet
  facet normal 0 0 -1
    outer loop
      vertex -0.842667 36.8861 0
      vertex -1.17435 39.0957 0
      vertex 1.8185 38.8024 0
    endloop
  endfacet
  facet normal 0 0 -1
    outer loop
      vertex -16.9369 47.044 0
      vertex -13.867 40.7023 0
      vertex -14.8284 40.362 0
    endloop
  endfacet
  facet normal 0 -0 -1
    outer loop
      vertex -6.26665 49.6057 0
      vertex -5.14108 42.6912 0
      vertex -6.54332 42.4988 0
    endloop
  endfacet
  facet normal 0 -0 -1
    outer loop
      vertex -0.941025 42.9893 0
      vertex 0.118652 41.6971 0
      vertex -2.22557 41.3054 0
    endloop
  endfacet
  facet normal 0 -0 -1
    outer loop
      vertex -10.9072 48.7958 0
      vertex -9.81627 41.8642 0
      vertex -12.4345 48.4292 0
    endloop
  endfacet
  facet normal 0 0 -1
    outer loop
      vertex -6.26665 49.6057 0
      vertex -6.54332 42.4988 0
      vertex -7.82172 49.3844 0
    endloop
  endfacet
  facet normal 0 0 -1
    outer loop
      vertex -8.186 42.2133 0
      vertex -9.36906 49.1143 0
      vertex -7.82172 49.3844 0
    endloop
  endfacet
  facet normal 0 0 -1
    outer loop
      vertex -4.70541 49.7781 0
      vertex -3.13951 49.9013 0
      vertex -3.40128 42.8649 0
    endloop
  endfacet
  facet normal 0 0 -1
    outer loop
      vertex -3.40128 42.8649 0
      vertex -3.13951 49.9013 0
      vertex -2.52899 42.9252 0
    endloop
  endfacet
  facet normal 0 0 -1
    outer loop
      vertex -2.52899 42.9252 0
      vertex -1.57053 49.9753 0
      vertex -0.941025 42.9893 0
    endloop
  endfacet
  facet normal -0 0 -1
    outer loop
      vertex 1.02304 40.3605 0
      vertex -1.17435 39.0957 0
      vertex 0.118652 41.6971 0
    endloop
  endfacet
  facet normal -0 0 -1
    outer loop
      vertex -0.842667 36.8861 0
      vertex -5.26709 35.4659 0
      vertex -1.95004 37.7536 0
    endloop
  endfacet
  facet normal -0 0 -1
    outer loop
      vertex -41.9296 9.53279 0
      vertex -42.2519 7.9839 0
      vertex -48.7958 10.9072 0
    endloop
  endfacet
  facet normal 0 -0 -1
    outer loop
      vertex -9.86295 38.6706 0
      vertex -9.25815 37.8358 0
      vertex -12.4408 35.9275 0
    endloop
  endfacet
  facet normal 0 -0 -1
    outer loop
      vertex -4.28732 40.6521 0
      vertex -3.34833 39.3611 0
      vertex -6.50584 38.5065 0
    endloop
  endfacet
  facet normal 0 -0 -1
    outer loop
      vertex -30.6453 39.5077 0
      vertex -26.7512 33.6652 0
      vertex -31.8712 38.5257 0
    endloop
  endfacet
  facet normal 0 0 -1
    outer loop
      vertex -3.34833 39.3611 0
      vertex -5.26709 35.4659 0
      vertex -6.50584 38.5065 0
    endloop
  endfacet
  facet normal 0 -0 -1
    outer loop
      vertex -10.7423 40.553 0
      vertex -10.3153 39.508 0
      vertex -12.2373 38.9159 0
    endloop
  endfacet
  facet normal 0 -0 -1
    outer loop
      vertex -4.80779 41.5249 0
      vertex -4.28732 40.6521 0
      vertex -6.48608 40.0292 0
    endloop
  endfacet
  facet normal 0 0 -1
    outer loop
      vertex -22.3445 36.7382 0
      vertex -24.0877 43.8153 0
      vertex -20.0058 38.0622 0
    endloop
  endfacet
  facet normal 0 0 -1
    outer loop
      vertex -10.7423 40.553 0
      vertex -12.8977 41.0197 0
      vertex -11.4319 41.4522 0
    endloop
  endfacet
  facet normal 0 -0 -1
    outer loop
      vertex -19.8574 45.8877 0
      vertex -17.5891 39.2377 0
      vertex -21.289 45.2413 0
    endloop
  endfacet
  facet normal 0 0 -1
    outer loop
      vertex -20.0058 38.0622 0
      vertex -22.6995 44.5503 0
      vertex -21.289 45.2413 0
    endloop
  endfacet
  facet normal 0 0 -1
    outer loop
      vertex -19.8574 45.8877 0
      vertex -18.4062 46.4888 0
      vertex -15.7816 39.9989 0
    endloop
  endfacet
  facet normal 0 0 -1
    outer loop
      vertex -11.4319 41.4522 0
      vertex -13.9496 48.0147 0
      vertex -12.4345 48.4292 0
    endloop
  endfacet
  facet normal 0 0 -1
    outer loop
      vertex -14.8284 40.362 0
      vertex -18.4062 46.4888 0
      vertex -16.9369 47.044 0
    endloop
  endfacet
  facet normal 0 0 -1
    outer loop
      vertex -15.7816 39.9989 0
      vertex -18.4062 46.4888 0
      vertex -14.8284 40.362 0
    endloop
  endfacet
  facet normal -0 0 -1
    outer loop
      vertex -8.186 42.2133 0
      vertex -9.81627 41.8642 0
      vertex -10.9072 48.7958 0
    endloop
  endfacet
  facet normal 0 -0 -1
    outer loop
      vertex -9.36906 49.1143 0
      vertex -8.186 42.2133 0
      vertex -10.9072 48.7958 0
    endloop
  endfacet
  facet normal 0 -0 -1
    outer loop
      vertex -7.82172 49.3844 0
      vertex -6.54332 42.4988 0
      vertex -8.186 42.2133 0
    endloop
  endfacet
  facet normal 0 0 -1
    outer loop
      vertex -6.48608 40.0292 0
      vertex -6.3244 41.4264 0
      vertex -4.80779 41.5249 0
    endloop
  endfacet
  facet normal -0 0 -1
    outer loop
      vertex 24.0877 43.8153 0
      vertex 19.1272 38.5113 0
      vertex 22.6995 44.5503 0
    endloop
  endfacet
  facet normal -0 0 -1
    outer loop
      vertex 16.6781 39.6335 0
      vertex 14.9085 38.6581 0
      vertex 15.0708 40.272 0
    endloop
  endfacet
  facet normal 0 -0 -1
    outer loop
      vertex 3.7834 38.0142 0
      vertex 6.26886 36.5192 0
      vertex 3.71069 34.9379 0
    endloop
  endfacet
  facet normal 0 -0 -1
    outer loop
      vertex 6.26886 36.5192 0
      vertex 7.50136 35.9431 0
      vertex 3.71069 34.9379 0
    endloop
  endfacet
  facet normal 0 0 -1
    outer loop
      vertex 6.50952 38.9403 0
      vertex 4.35358 39.4961 0
      vertex 5.11264 40.6474 0
    endloop
  endfacet
  facet normal 0 0 -1
    outer loop
      vertex 6.09384 37.8319 0
      vertex 4.35358 39.4961 0
      vertex 6.50952 38.9403 0
    endloop
  endfacet
  facet normal -0 0 -1
    outer loop
      vertex 7.62531 39.9176 0
      vertex 6.50952 38.9403 0
      vertex 6.00253 41.4719 0
    endloop
  endfacet
  facet normal -0 0 -1
    outer loop
      vertex 15.4508 47.5528 0
      vertex 13.0657 40.9665 0
      vertex 13.9496 48.0147 0
    endloop
  endfacet
  facet normal 0 0 -1
    outer loop
      vertex 7.50055 42.3405 0
      vertex 8.5515 41.1427 0
      vertex 7.62531 39.9176 0
    endloop
  endfacet
  facet normal 0 0 -1
    outer loop
      vertex 11.0287 41.5613 0
      vertex 8.96483 42.0547 0
      vertex 10.9072 48.7958 0
    endloop
  endfacet
  facet normal -0 0 -1
    outer loop
      vertex 8.96483 42.0547 0
      vertex 8.5515 41.1427 0
      vertex 7.50055 42.3405 0
    endloop
  endfacet
  facet normal -0 0 -1
    outer loop
      vertex 18.4062 46.4888 0
      vertex 15.0708 40.272 0
      vertex 16.9369 47.044 0
    endloop
  endfacet
  facet normal 0 0 -1
    outer loop
      vertex 19.1272 38.5113 0
      vertex 16.6781 39.6335 0
      vertex 21.289 45.2413 0
    endloop
  endfacet
  facet normal 0 -0 -1
    outer loop
      vertex 29.3893 40.4508 0
      vertex 30.6453 39.5077 0
      vertex 25.9872 34.2583 0
    endloop
  endfacet
  facet normal 0 0 -1
    outer loop
      vertex 21.5012 37.2379 0
      vertex 25.4521 43.0371 0
      vertex 26.7913 42.2164 0
    endloop
  endfacet
  facet normal 0 0 -1
    outer loop
      vertex -0.842667 36.8861 0
      vertex -5.23804 29.8211 0
      vertex -5.26709 35.4659 0
    endloop
  endfacet
  facet normal 0 -0 -1
    outer loop
      vertex 30.6453 39.5077 0
      vertex 31.8712 38.5257 0
      vertex 25.9872 34.2583 0
    endloop
  endfacet
  facet normal 0 -0 -1
    outer loop
      vertex -31.8712 38.5257 0
      vertex -28.802 31.9282 0
      vertex -33.0656 37.5055 0
    endloop
  endfacet
  facet normal 0 -0 -1
    outer loop
      vertex -12.2373 38.9159 0
      vertex -9.86295 38.6706 0
      vertex -12.4408 35.9275 0
    endloop
  endfacet
  facet normal -0 0 -1
    outer loop
      vertex -28.802 31.9282 0
      vertex -30.7403 30.0666 0
      vertex -34.2273 36.4484 0
    endloop
  endfacet
  facet normal 0 0 -1
    outer loop
      vertex -36.4484 34.2273 0
      vertex -35.3553 35.3553 0
      vertex -30.7403 30.0666 0
    endloop
  endfacet
  facet normal 0 0 -1
    outer loop
      vertex -24.5959 35.2705 0
      vertex -28.1042 41.354 0
      vertex -26.7913 42.2164 0
    endloop
  endfacet
  facet normal 0 0 -1
    outer loop
      vertex -16.9369 47.044 0
      vertex -15.4508 47.5528 0
      vertex -13.867 40.7023 0
    endloop
  endfacet
  facet normal 0 0 -1
    outer loop
      vertex -13.867 40.7023 0
      vertex -15.4508 47.5528 0
      vertex -12.8977 41.0197 0
    endloop
  endfacet
  facet normal 0 0 -1
    outer loop
      vertex -12.8977 41.0197 0
      vertex -13.9496 48.0147 0
      vertex -11.4319 41.4522 0
    endloop
  endfacet
  facet normal -0 0 -1
    outer loop
      vertex 50 0 0
      vertex 42.986 -1.07249 0
      vertex 42.9726 1.53473 0
    endloop
  endfacet
  facet normal 0 0 -1
    outer loop
      vertex -9.25815 37.8358 0
      vertex -10.5339 34.7622 0
      vertex -12.4408 35.9275 0
    endloop
  endfacet
  facet normal 0 0 -1
    outer loop
      vertex -37.3052 11.1799 0
      vertex -37.9173 9.63295 0
      vertex -38.5774 10.458 0
    endloop
  endfacet
  facet normal 0 0 -1
    outer loop
      vertex -46.4888 -18.4062 0
      vertex -39.3167 -17.4118 0
      vertex -45.8877 -19.8574 0
    endloop
  endfacet
  facet normal 0 0 -1
    outer loop
      vertex -42.7773 -4.36719 0
      vertex -41.8148 -5.00104 0
      vertex -42.2734 -7.86971 0
    endloop
  endfacet
  facet normal 0 0 -1
    outer loop
      vertex -36.3828 10.4637 0
      vertex -36.9335 8.81415 0
      vertex -37.9173 9.63295 0
    endloop
  endfacet
  facet normal 0 0 -1
    outer loop
      vertex -8.69037 33.2734 0
      vertex -10.5339 34.7622 0
      vertex -7.69183 36.4633 0
    endloop
  endfacet
  facet normal 0 0 -1
    outer loop
      vertex -50 0 0
      vertex -42.9895 0.931992 0
      vertex -42.9652 -1.72084 0
    endloop
  endfacet
  facet normal -0 0 -1
    outer loop
      vertex -6.62183 35.8326 0
      vertex -8.69037 33.2734 0
      vertex -7.69183 36.4633 0
    endloop
  endfacet
  facet normal 0 0 -1
    outer loop
      vertex -48.4292 12.4345 0
      vertex -41.5506 11.0687 0
      vertex -41.9296 9.53279 0
    endloop
  endfacet
  facet normal 0 0 -1
    outer loop
      vertex -39.6178 16.7153 0
      vertex -45.8877 19.8574 0
      vertex -45.2413 21.289 0
    endloop
  endfacet
  facet normal 0 0 -1
    outer loop
      vertex -38.4961 19.1576 0
      vertex -45.2413 21.289 0
      vertex -44.5503 22.6995 0
    endloop
  endfacet
  facet normal 0 0 -1
    outer loop
      vertex -5.23804 29.8211 0
      vertex 3.42015 34.8725 0
      vertex -4.3307 28.1171 0
    endloop
  endfacet
  facet normal 0 0 -1
    outer loop
      vertex 7.13156 31.5405 0
      vertex 3.42015 34.8725 0
      vertex 3.71069 34.9379 0
    endloop
  endfacet
  facet normal 0 0 -1
    outer loop
      vertex 8.58066 36.3296 0
      vertex 11.1876 38.4534 0
      vertex 10.9826 34.912 0
    endloop
  endfacet
  facet normal 0 -0 -1
    outer loop
      vertex 7.74594 23.4339 0
      vertex 8.34689 21.977 0
      vertex 7.53944 21.1235 0
    endloop
  endfacet
  facet normal -0 -0 -1
    outer loop
      vertex 6.94745 24.1893 0
      vertex 7.17038 20.2084 0
      vertex 6.06764 25.262 0
    endloop
  endfacet
  facet normal -0 0 -1
    outer loop
      vertex 3.42015 34.8725 0
      vertex -5.23804 29.8211 0
      vertex -0.842667 36.8861 0
    endloop
  endfacet
  facet normal 0 0 -1
    outer loop
      vertex -6.97525 31.7353 0
      vertex -6.62183 35.8326 0
      vertex -5.26709 35.4659 0
    endloop
  endfacet
  facet normal 0 0 -1
    outer loop
      vertex -8.69037 33.2734 0
      vertex -6.62183 35.8326 0
      vertex -6.97525 31.7353 0
    endloop
  endfacet
  facet normal 0 0 -1
    outer loop
      vertex 6.36731 29.4726 0
      vertex 3.42015 34.8725 0
      vertex 7.13156 31.5405 0
    endloop
  endfacet
  facet normal 0 0 -1
    outer loop
      vertex 5.63312 28.109 0
      vertex 3.42015 34.8725 0
      vertex 6.36731 29.4726 0
    endloop
  endfacet
  facet normal 0 0 -1
    outer loop
      vertex 7.13156 31.5405 0
      vertex 3.71069 34.9379 0
      vertex 7.71088 32.6163 0
    endloop
  endfacet
  facet normal 0 0 -1
    outer loop
      vertex 3.71069 34.9379 0
      vertex 7.50136 35.9431 0
      vertex 7.71088 32.6163 0
    endloop
  endfacet
  facet normal 0 0 -1
    outer loop
      vertex 8.64799 33.7081 0
      vertex 7.50136 35.9431 0
      vertex 8.58066 36.3296 0
    endloop
  endfacet
  facet normal 0 0 -1
    outer loop
      vertex 7.71088 32.6163 0
      vertex 7.50136 35.9431 0
      vertex 8.64799 33.7081 0
    endloop
  endfacet
  facet normal 0 0 -1
    outer loop
      vertex 9.84372 34.5374 0
      vertex 8.58066 36.3296 0
      vertex 10.9826 34.912 0
    endloop
  endfacet
  facet normal 0 0 -1
    outer loop
      vertex 8.64799 33.7081 0
      vertex 8.58066 36.3296 0
      vertex 9.84372 34.5374 0
    endloop
  endfacet
  facet normal 0 0 -1
    outer loop
      vertex 10.9826 34.912 0
      vertex 11.1876 38.4534 0
      vertex 14.9085 38.6581 0
    endloop
  endfacet
  facet normal -0 0 -1
    outer loop
      vertex 14.9085 38.6581 0
      vertex 11.1876 38.4534 0
      vertex 13.9263 39.6332 0
    endloop
  endfacet
  facet normal 0 0 -1
    outer loop
      vertex 15.0708 40.272 0
      vertex 14.9085 38.6581 0
      vertex 13.9263 39.6332 0
    endloop
  endfacet
  facet normal 0 0 -1
    outer loop
      vertex 23.7909 35.8184 0
      vertex 29.3893 40.4508 0
      vertex 25.9872 34.2583 0
    endloop
  endfacet
  facet normal 0 0 -1
    outer loop
      vertex 19.1272 38.5113 0
      vertex 21.289 45.2413 0
      vertex 22.6995 44.5503 0
    endloop
  endfacet
  facet normal 0 0 -1
    outer loop
      vertex 31.8712 38.5257 0
      vertex 28.0814 32.5638 0
      vertex 25.9872 34.2583 0
    endloop
  endfacet
  facet normal 0 0 -1
    outer loop
      vertex 34.2273 36.4484 0
      vertex 30.0654 30.7414 0
      vertex 28.0814 32.5638 0
    endloop
  endfacet
  facet normal 0 0 -1
    outer loop
      vertex 36.4484 34.2273 0
      vertex 31.9314 28.7983 0
      vertex 30.0654 30.7414 0
    endloop
  endfacet
  facet normal 0 0 -1
    outer loop
      vertex 38.5257 31.8712 0
      vertex 33.6722 26.7423 0
      vertex 31.9314 28.7983 0
    endloop
  endfacet
  facet normal 0 0 -1
    outer loop
      vertex 40.4508 29.3893 0
      vertex 35.2807 24.5813 0
      vertex 33.6722 26.7423 0
    endloop
  endfacet
  facet normal 0 0 -1
    outer loop
      vertex 42.2164 26.7913 0
      vertex 37.2977 21.3973 0
      vertex 35.2807 24.5813 0
    endloop
  endfacet
  facet normal 0 0 -1
    outer loop
      vertex 34.9455 23.2766 0
      vertex 35.2807 24.5813 0
      vertex 37.2977 21.3973 0
    endloop
  endfacet
  facet normal 0 -0 -1
    outer loop
      vertex 43.0371 25.4521 0
      vertex 43.8153 24.0877 0
      vertex 37.2977 21.3973 0
    endloop
  endfacet
  facet normal -0 0 -1
    outer loop
      vertex 44.5503 22.6995 0
      vertex 38.526 19.0975 0
      vertex 43.8153 24.0877 0
    endloop
  endfacet
  facet normal -0 0 -1
    outer loop
      vertex 45.2413 21.289 0
      vertex 38.526 19.0975 0
      vertex 44.5503 22.6995 0
    endloop
  endfacet
  facet normal 0 -0 -1
    outer loop
      vertex 45.8877 19.8574 0
      vertex 46.4888 18.4062 0
      vertex 39.6126 16.7275 0
    endloop
  endfacet
  facet normal -0 0 -1
    outer loop
      vertex 32.9322 16.0376 0
      vertex 32.32 14.8811 0
      vertex 30.5603 16.6124 0
    endloop
  endfacet
  facet normal 0 -0 -1
    outer loop
      vertex 39.9268 4.13806 0
      vertex 40.8665 3.52737 0
      vertex 39.4922 3.0627 0
    endloop
  endfacet
  facet normal -0 0 -1
    outer loop
      vertex 40.9025 3.35147 0
      vertex 39.4922 3.0627 0
      vertex 40.8665 3.52737 0
    endloop
  endfacet
  facet normal 0 -0 -1
    outer loop
      vertex 30.2392 15.5377 0
      vertex 31.9018 13.4872 0
      vertex 29.5958 14.3223 0
    endloop
  endfacet
  facet normal 0 0 -1
    outer loop
      vertex 40.5536 14.296 0
      vertex 47.5528 15.4508 0
      vertex 41.3455 11.8119 0
    endloop
  endfacet
  facet normal 0 0 -1
    outer loop
      vertex 41.9853 9.28435 0
      vertex 48.4292 12.4345 0
      vertex 48.7958 10.9072 0
    endloop
  endfacet
  facet normal 0 0 -1
    outer loop
      vertex 42.8 4.13628 0
      vertex 49.6057 6.26665 0
      vertex 49.7781 4.70541 0
    endloop
  endfacet
  facet normal 0 0 -1
    outer loop
      vertex 26.8122 0.0132141 0
      vertex 26.6243 1.49316 0
      vertex 27.5988 1.49316 0
    endloop
  endfacet
  facet normal 0 0 -1
    outer loop
      vertex 50 0 0
      vertex 42.9726 1.53473 0
      vertex 49.9753 1.57053 0
    endloop
  endfacet
  facet normal 0 0 -1
    outer loop
      vertex 42.8966 -2.97282 0
      vertex 42.0515 -2.12738 0
      vertex 42.986 -1.07249 0
    endloop
  endfacet
  facet normal 0 0 -1
    outer loop
      vertex 49.3844 -7.82172 0
      vertex 42.64 -5.55273 0
      vertex 49.6057 -6.26665 0
    endloop
  endfacet
  facet normal 0 0 -1
    outer loop
      vertex 38.9209 -0.867523 0
      vertex 39.1104 1.40239 0
      vertex 39.874 0.437195 0
    endloop
  endfacet
  facet normal 0 0 -1
    outer loop
      vertex 46.4888 -18.4062 0
      vertex 40.0787 -15.5779 0
      vertex 47.044 -16.9369 0
    endloop
  endfacet
  facet normal 0 0 -1
    outer loop
      vertex -34.2588 9.06795 0
      vertex -34.5089 7.77321 0
      vertex -35.6007 8.39526 0
    endloop
  endfacet
  facet normal 0 0 -1
    outer loop
      vertex -6.31018 21.8155 0
      vertex -5.6917 25.8708 0
      vertex -5.24536 21.2425 0
    endloop
  endfacet
  facet normal 0 0 -1
    outer loop
      vertex -42.4717 6.19759 0
      vertex -40.4561 7.25282 0
      vertex -40.5139 5.57248 0
    endloop
  endfacet
  facet normal 0 0 -1
    outer loop
      vertex -26.5774 11.1028 0
      vertex -27.4998 12.0804 0
      vertex -26.3694 13.4095 0
    endloop
  endfacet
  facet normal 0 0 -1
    outer loop
      vertex -49.3844 7.82172 0
      vertex -42.2519 7.9839 0
      vertex -42.5478 6.2169 0
    endloop
  endfacet
  facet normal 0 0 -1
    outer loop
      vertex -26.5774 11.1028 0
      vertex -25.2733 12.7381 0
      vertex -24.4718 11.6831 0
    endloop
  endfacet
  facet normal 0 -0 -1
    outer loop
      vertex -49.3844 7.82172 0
      vertex -42.5478 6.2169 0
      vertex -49.6057 6.26665 0
    endloop
  endfacet
  facet normal 0 -0 -1
    outer loop
      vertex -40.5845 14.2078 0
      vertex -40.5148 14.187 0
      vertex -41.0463 12.5716 0
    endloop
  endfacet
  facet normal 0 0 -1
    outer loop
      vertex -41.0463 12.5716 0
      vertex -41.1153 12.5897 0
      vertex -40.5845 14.2078 0
    endloop
  endfacet
  facet normal 0 0 -1
    outer loop
      vertex -30.5388 7.37491 0
      vertex -31.8643 5.70413 0
      vertex -31.8643 6.03438 0
    endloop
  endfacet
  facet normal 0 0 -1
    outer loop
      vertex -29.2853 13.9712 0
      vertex -29.2853 15.9362 0
      vertex -28.1848 15.9785 0
    endloop
  endfacet
  facet normal 0 0 -1
    outer loop
      vertex -39.6178 16.7153 0
      vertex -46.4888 18.4062 0
      vertex -45.8877 19.8574 0
    endloop
  endfacet
  facet normal 0 0 -1
    outer loop
      vertex -47.044 16.9369 0
      vertex -46.4888 18.4062 0
      vertex -40.5845 14.2078 0
    endloop
  endfacet
  facet normal 0 0 -1
    outer loop
      vertex -40.5845 14.2078 0
      vertex -46.4888 18.4062 0
      vertex -39.6178 16.7153 0
    endloop
  endfacet
  facet normal 0 -0 -1
    outer loop
      vertex -47.044 16.9369 0
      vertex -40.5845 14.2078 0
      vertex -47.5528 15.4508 0
    endloop
  endfacet
  facet normal 0 0 -1
    outer loop
      vertex -41.5506 11.0687 0
      vertex -48.0147 13.9496 0
      vertex -41.1153 12.5897 0
    endloop
  endfacet
  facet normal 0 0 -1
    outer loop
      vertex -43.8153 24.0877 0
      vertex -43.0371 25.4521 0
      vertex -37.2242 21.525 0
    endloop
  endfacet
  facet normal 0 0 -1
    outer loop
      vertex -43.8153 24.0877 0
      vertex -37.2242 21.525 0
      vertex -38.4961 19.1576 0
    endloop
  endfacet
  facet normal 0 0 -1
    outer loop
      vertex -34.2496 25.9987 0
      vertex -40.4508 29.3893 0
      vertex -39.5077 30.6453 0
    endloop
  endfacet
  facet normal 0 0 -1
    outer loop
      vertex -32.5585 28.0876 0
      vertex -36.4484 34.2273 0
      vertex -30.7403 30.0666 0
    endloop
  endfacet
  facet normal 0 0 -1
    outer loop
      vertex -30.7403 30.0666 0
      vertex -35.3553 35.3553 0
      vertex -34.2273 36.4484 0
    endloop
  endfacet
  facet normal 0 0 -1
    outer loop
      vertex -28.802 31.9282 0
      vertex -34.2273 36.4484 0
      vertex -33.0656 37.5055 0
    endloop
  endfacet
  facet normal -0 0 -1
    outer loop
      vertex -26.7512 33.6652 0
      vertex -28.802 31.9282 0
      vertex -31.8712 38.5257 0
    endloop
  endfacet
  facet normal 0 -0 -1
    outer loop
      vertex -29.3893 40.4508 0
      vertex -26.7512 33.6652 0
      vertex -30.6453 39.5077 0
    endloop
  endfacet
  facet normal 0 -0 -1
    outer loop
      vertex -28.1042 41.354 0
      vertex -24.5959 35.2705 0
      vertex -29.3893 40.4508 0
    endloop
  endfacet
  facet normal 0 0 -1
    outer loop
      vertex -26.7913 42.2164 0
      vertex -22.3445 36.7382 0
      vertex -24.5959 35.2705 0
    endloop
  endfacet
  facet normal 0 0 -1
    outer loop
      vertex -25.4521 43.0371 0
      vertex -24.0877 43.8153 0
      vertex -22.3445 36.7382 0
    endloop
  endfacet
  facet normal 0 0 -1
    outer loop
      vertex -24.0877 43.8153 0
      vertex -22.6995 44.5503 0
      vertex -20.0058 38.0622 0
    endloop
  endfacet
  facet normal 0 0 -1
    outer loop
      vertex -20.0058 38.0622 0
      vertex -21.289 45.2413 0
      vertex -17.5891 39.2377 0
    endloop
  endfacet
  facet normal 0 0 -1
    outer loop
      vertex -17.5891 39.2377 0
      vertex -19.8574 45.8877 0
      vertex -15.7816 39.9989 0
    endloop
  endfacet
  facet normal 0 0 -1
    outer loop
      vertex -15.5138 37.6192 0
      vertex -16.557 38.2567 0
      vertex -15.7816 39.9989 0
    endloop
  endfacet
  facet normal -0 0 -1
    outer loop
      vertex -8.56294 37.125 0
      vertex -10.5339 34.7622 0
      vertex -9.25815 37.8358 0
    endloop
  endfacet
  facet normal 0 -0 -1
    outer loop
      vertex -8.56294 37.125 0
      vertex -7.69183 36.4633 0
      vertex -10.5339 34.7622 0
    endloop
  endfacet
  facet normal 0 0 -1
    outer loop
      vertex -4.3307 28.1171 0
      vertex 5.63312 28.109 0
      vertex 5.63312 26.8204 0
    endloop
  endfacet
  facet normal 0 0 -1
    outer loop
      vertex -4.3307 28.1171 0
      vertex 3.42015 34.8725 0
      vertex 5.63312 28.109 0
    endloop
  endfacet
  facet normal 0 0 -1
    outer loop
      vertex -4.58521 26.911 0
      vertex -4.3307 28.1171 0
      vertex 5.63312 26.8204 0
    endloop
  endfacet
  facet normal 0 0 -1
    outer loop
      vertex 6.06764 25.262 0
      vertex -4.58521 26.911 0
      vertex 5.63312 26.8204 0
    endloop
  endfacet
  facet normal 0 0 -1
    outer loop
      vertex -5.24536 21.2425 0
      vertex -5.6917 25.8708 0
      vertex -4.58521 26.911 0
    endloop
  endfacet
  facet normal -0 0 -1
    outer loop
      vertex -11.8711 23.3836 0
      vertex -12.0405 21.9649 0
      vertex -12.8163 23.3836 0
    endloop
  endfacet
  facet normal 0 0 -1
    outer loop
      vertex -10.6854 21.4403 0
      vertex -9.38747 23.4697 0
      vertex -8.12413 21.8735 0
    endloop
  endfacet
  facet normal 0 0 -1
    outer loop
      vertex -13.8735 20.7187 0
      vertex -12.2962 21.782 0
      vertex -10.8698 20.0665 0
    endloop
  endfacet
  facet normal 0 0 -1
    outer loop
      vertex -13.8735 21.2497 0
      vertex -14.3217 21.7759 0
      vertex -12.2962 21.782 0
    endloop
  endfacet
  facet normal 0 0 -1
    outer loop
      vertex -13.8735 20.7187 0
      vertex -12.5618 17.0165 0
      vertex -13.5878 16.6128 0
    endloop
  endfacet
  facet normal 0 0 -1
    outer loop
      vertex -14.3217 21.7759 0
      vertex -15.2474 22.682 0
      vertex -14.3948 23.14 0
    endloop
  endfacet
  facet normal 0 0 -1
    outer loop
      vertex -12.8163 23.3836 0
      vertex -14.3217 21.7759 0
      vertex -14.3948 23.14 0
    endloop
  endfacet
  facet normal -0 0 -1
    outer loop
      vertex -12.2962 21.782 0
      vertex -14.3217 21.7759 0
      vertex -12.8163 23.3836 0
    endloop
  endfacet
  facet normal 0 -0 -1
    outer loop
      vertex -15.5553 19.8061 0
      vertex -13.5878 16.6128 0
      vertex -16.4771 19.2059 0
    endloop
  endfacet
  facet normal 0 0 -1
    outer loop
      vertex -17.4054 14.8544 0
      vertex -18.1018 17.3097 0
      vertex -16.3665 15.1041 0
    endloop
  endfacet
  facet normal 0 0 -1
    outer loop
      vertex -16.3665 15.1041 0
      vertex -18.1018 17.3097 0
      vertex -17.774 17.5231 0
    endloop
  endfacet
  facet normal -0 0 -1
    outer loop
      vertex -17.4054 14.8544 0
      vertex -17.8223 14.8109 0
      vertex -18.1018 17.3097 0
    endloop
  endfacet
  facet normal 0 -0 -1
    outer loop
      vertex -18.1018 17.3097 0
      vertex -17.8223 14.8109 0
      vertex -18.5849 14.8979 0
    endloop
  endfacet
  facet normal 0 0 -1
    outer loop
      vertex -16.3665 15.1041 0
      vertex -17.774 17.5231 0
      vertex -17.2113 18.4181 0
    endloop
  endfacet
  facet normal 0 0 -1
    outer loop
      vertex -19.743 15.8714 0
      vertex -19.1221 16.9747 0
      vertex -19.2888 15.3833 0
    endloop
  endfacet
  facet normal -0 0 -1
    outer loop
      vertex -28.1848 15.9785 0
      vertex -29.2853 15.9362 0
      vertex -28.6712 16.1976 0
    endloop
  endfacet
  facet normal 0 0 -1
    outer loop
      vertex -19.1221 16.9747 0
      vertex -18.1018 17.3097 0
      vertex -18.5849 14.8979 0
    endloop
  endfacet
  facet normal 0 0 -1
    outer loop
      vertex -19.1221 16.9747 0
      vertex -19.743 15.8714 0
      vertex -19.9599 16.021 0
    endloop
  endfacet
  facet normal 0 -0 -1
    outer loop
      vertex -28.1848 15.9785 0
      vertex -27.4381 14.2247 0
      vertex -29.2853 13.9712 0
    endloop
  endfacet
  facet normal 0 0 -1
    outer loop
      vertex -26.3694 13.4095 0
      vertex -27.4998 12.0804 0
      vertex -28.428 12.9847 0
    endloop
  endfacet
  facet normal -0 0 -1
    outer loop
      vertex -19.1221 16.9747 0
      vertex -19.9599 16.021 0
      vertex -20.5434 16.9747 0
    endloop
  endfacet
  facet normal 0 0 -1
    outer loop
      vertex -16.3665 15.1041 0
      vertex -17.2113 18.4181 0
      vertex -13.5878 16.6128 0
    endloop
  endfacet
  facet normal 0 0 -1
    outer loop
      vertex -13.5878 16.6128 0
      vertex -17.2113 18.4181 0
      vertex -16.4771 19.2059 0
    endloop
  endfacet
  facet normal 0 -0 -1
    outer loop
      vertex -9.72693 11.9736 0
      vertex -2.80971 5.62408 0
      vertex -10.7998 11.2209 0
    endloop
  endfacet
  facet normal -0 0 -1
    outer loop
      vertex -3.55473 2.81248 0
      vertex -8.73116 0.117493 0
      vertex -3.02998 4.08879 0
    endloop
  endfacet
  facet normal 0 0 -1
    outer loop
      vertex 9.30663 -36.7192 0
      vertex 7.7048 -36.418 0
      vertex 8.62482 -34.7565 0
    endloop
  endfacet
  facet normal 0 -0 -1
    outer loop
      vertex -13.8735 20.7187 0
      vertex -13.5878 16.6128 0
      vertex -15.5553 19.8061 0
    endloop
  endfacet
  facet normal -0 0 -1
    outer loop
      vertex -11.5059 17.5254 0
      vertex -12.5618 17.0165 0
      vertex -13.8735 20.7187 0
    endloop
  endfacet
  facet normal 0 -0 -1
    outer loop
      vertex 7.17038 20.2084 0
      vertex 7.17038 17.9708 0
      vertex -5.448 19.1513 0
    endloop
  endfacet
  facet normal 0 -0 -1
    outer loop
      vertex -10.8698 20.0665 0
      vertex -9.67014 18.8392 0
      vertex -11.5059 17.5254 0
    endloop
  endfacet
  facet normal 0 0 -1
    outer loop
      vertex -10.7546 23.0102 0
      vertex -9.38747 23.4697 0
      vertex -10.6854 21.4403 0
    endloop
  endfacet
  facet normal 0 0 -1
    outer loop
      vertex -5.24536 21.2425 0
      vertex 6.06764 25.262 0
      vertex 7.17038 20.2084 0
    endloop
  endfacet
  facet normal 0 0 -1
    outer loop
      vertex -9.38747 23.4697 0
      vertex -7.01952 24.9635 0
      vertex -7.80147 21.96 0
    endloop
  endfacet
  facet normal 0 0 -1
    outer loop
      vertex -13.8735 20.7187 0
      vertex -10.8698 20.0665 0
      vertex -11.5059 17.5254 0
    endloop
  endfacet
  facet normal 0 0 -1
    outer loop
      vertex -10.8698 20.0665 0
      vertex -8.40833 19.8883 0
      vertex -9.67014 18.8392 0
    endloop
  endfacet
  facet normal 0 0 -1
    outer loop
      vertex -13.8735 21.2497 0
      vertex -12.2962 21.782 0
      vertex -13.8735 20.7187 0
    endloop
  endfacet
  facet normal 0 -0 -1
    outer loop
      vertex -11.8711 23.3836 0
      vertex -10.7546 23.0102 0
      vertex -12.0405 21.9649 0
    endloop
  endfacet
  facet normal 0 -0 -1
    outer loop
      vertex -10.7546 23.0102 0
      vertex -10.6854 21.4403 0
      vertex -12.0405 21.9649 0
    endloop
  endfacet
  facet normal 0 0 -1
    outer loop
      vertex -8.12413 21.8735 0
      vertex -9.38747 23.4697 0
      vertex -7.80147 21.96 0
    endloop
  endfacet
  facet normal 0 0 -1
    outer loop
      vertex -7.80147 21.96 0
      vertex -7.01952 24.9635 0
      vertex -6.31018 21.8155 0
    endloop
  endfacet
  facet normal 0 0 -1
    outer loop
      vertex -5.24536 21.2425 0
      vertex -4.58521 26.911 0
      vertex 6.06764 25.262 0
    endloop
  endfacet
  facet normal 0 0 -1
    outer loop
      vertex -6.31018 21.8155 0
      vertex -7.01952 24.9635 0
      vertex -5.6917 25.8708 0
    endloop
  endfacet
  facet normal 0 -0 -1
    outer loop
      vertex -5.24536 21.2425 0
      vertex 7.17038 20.2084 0
      vertex -5.448 19.1513 0
    endloop
  endfacet
  facet normal 0 0 -1
    outer loop
      vertex 7.63942 16.7251 0
      vertex -5.448 19.1513 0
      vertex 7.17038 17.9708 0
    endloop
  endfacet
  facet normal 0 0 -1
    outer loop
      vertex -0.737045 -37.054 0
      vertex -0.0606232 -35.3377 0
      vertex 0.343201 -36.741 0
    endloop
  endfacet
  facet normal 0 0 -1
    outer loop
      vertex -3.13951 -49.9013 0
      vertex -2.40916 -42.9324 0
      vertex -1.57053 -49.9753 0
    endloop
  endfacet
  facet normal 0 0 -1
    outer loop
      vertex -3.05922 -37.1954 0
      vertex -4.99452 -36.3571 0
      vertex -2.79942 -35.9005 0
    endloop
  endfacet
  facet normal 0 0 -1
    outer loop
      vertex -12.4345 -48.4292 0
      vertex -13.9496 -48.0147 0
      vertex -11.5387 -41.4225 0
    endloop
  endfacet
  facet normal 0 0 -1
    outer loop
      vertex -13.2815 -29.4907 0
      vertex -11.3303 -26.8392 0
      vertex -10.483 -27.6362 0
    endloop
  endfacet
  facet normal 0 0 -1
    outer loop
      vertex -26.7913 -42.2164 0
      vertex -24.0147 -35.6688 0
      vertex -22.7372 -36.4964 0
    endloop
  endfacet
  facet normal 0 0 -1
    outer loop
      vertex -22.275 -14.9897 0
      vertex -21.8129 -13.8162 0
      vertex -20.22 -17.3623 0
    endloop
  endfacet
  facet normal -0 0 -1
    outer loop
      vertex -32.4803 -28.178 0
      vertex -38.5257 -31.8712 0
      vertex -34.0675 -26.2368 0
    endloop
  endfacet
  facet normal 0 0 -1
    outer loop
      vertex -31.8643 5.70413 0
      vertex -32.0204 3.11403 0
      vertex -33.0294 3.18306 0
    endloop
  endfacet
  facet normal 0 -0 -1
    outer loop
      vertex -27.9536 7.73895 0
      vertex -27.0435 4.43282 0
      vertex -28.9852 7.31418 0
    endloop
  endfacet
  facet normal 0 0 -1
    outer loop
      vertex -23.2288 3.10321 0
      vertex -27.0435 4.43282 0
      vertex -25.6051 8.2851 0
    endloop
  endfacet
  facet normal 0 0 -1
    outer loop
      vertex -25.7568 9.66872 0
      vertex -23.451 9.62106 0
      vertex -25.6051 8.2851 0
    endloop
  endfacet
  facet normal 0 0 -1
    outer loop
      vertex -29.2853 13.9712 0
      vertex -27.4381 14.2247 0
      vertex -28.428 12.9847 0
    endloop
  endfacet
  facet normal -0 0 -1
    outer loop
      vertex -26.3694 13.4095 0
      vertex -28.428 12.9847 0
      vertex -27.4381 14.2247 0
    endloop
  endfacet
  facet normal 0 0 -1
    outer loop
      vertex -26.5774 11.1028 0
      vertex -26.3694 13.4095 0
      vertex -25.2733 12.7381 0
    endloop
  endfacet
  facet normal 0 0 -1
    outer loop
      vertex -25.7568 9.66872 0
      vertex -26.5774 11.1028 0
      vertex -24.4718 11.6831 0
    endloop
  endfacet
  facet normal 0 0 -1
    outer loop
      vertex -23.451 9.62106 0
      vertex -25.7568 9.66872 0
      vertex -24.4718 11.6831 0
    endloop
  endfacet
  facet normal 0 0 -1
    outer loop
      vertex -29.5603 3.29922 0
      vertex -28.9852 7.31418 0
      vertex -28.3573 3.52263 0
    endloop
  endfacet
  facet normal -0 0 -1
    outer loop
      vertex -22.3182 8.76846 0
      vertex -25.6051 8.2851 0
      vertex -23.451 9.62106 0
    endloop
  endfacet
  facet normal -0 0 -1
    outer loop
      vertex -27.0435 4.43282 0
      vertex -28.3573 3.52263 0
      vertex -28.9852 7.31418 0
    endloop
  endfacet
  facet normal 0 0 -1
    outer loop
      vertex 42.8966 -2.97282 0
      vertex 49.9753 -1.57053 0
      vertex 49.9013 -3.13951 0
    endloop
  endfacet
  facet normal 0 -0 -1
    outer loop
      vertex 20.8406 2.93947 0
      vertex 21.7617 2.46927 0
      vertex 19.9266 0.975632 0
    endloop
  endfacet
  facet normal 0 0 -1
    outer loop
      vertex 38.3463 -19.4559 0
      vertex 39.3017 -17.4454 0
      vertex 45.2413 -21.289 0
    endloop
  endfacet
  facet normal -0 0 -1
    outer loop
      vertex 39.9268 4.13806 0
      vertex 38.503 2.95325 0
      vertex 37.6752 4.83266 0
    endloop
  endfacet
  facet normal 0 0 -1
    outer loop
      vertex 42.8 4.13628 0
      vertex 42.4709 6.7227 0
      vertex 49.6057 6.26665 0
    endloop
  endfacet
  facet normal 0 -0 -1
    outer loop
      vertex 49.1143 9.36906 0
      vertex 49.3844 7.82172 0
      vertex 42.4709 6.7227 0
    endloop
  endfacet
  facet normal 0 -0 -1
    outer loop
      vertex 32.8389 18.739 0
      vertex 32.9322 16.0376 0
      vertex 30.9758 17.4995 0
    endloop
  endfacet
  facet normal 0 0 -1
    outer loop
      vertex 31.0336 12.1492 0
      vertex 28.5612 13.3567 0
      vertex 29.5958 14.3223 0
    endloop
  endfacet
  facet normal 0 0 -1
    outer loop
      vertex 39.9268 4.13806 0
      vertex 39.4922 3.0627 0
      vertex 38.503 2.95325 0
    endloop
  endfacet
  facet normal 0 0 -1
    outer loop
      vertex 27.8695 10.3409 0
      vertex 28.5612 13.3567 0
      vertex 29.9604 11.3466 0
    endloop
  endfacet
  facet normal 0 0 -1
    outer loop
      vertex 21.2601 10.9549 0
      vertex 23.7791 11.0246 0
      vertex 24.4145 7.65767 0
    endloop
  endfacet
  facet normal 0 -0 -1
    outer loop
      vertex 15.9687 11.1305 0
      vertex 17.2546 10.844 0
      vertex 14.5516 5.15218 0
    endloop
  endfacet
  facet normal 0 0 -1
    outer loop
      vertex 23.7791 11.0246 0
      vertex 25.1713 8.62842 0
      vertex 24.4145 7.65767 0
    endloop
  endfacet
  facet normal -0 0 -1
    outer loop
      vertex 27.8695 10.3409 0
      vertex 26.3561 9.51454 0
      vertex 25.9881 11.875 0
    endloop
  endfacet
  facet normal 0 0 -1
    outer loop
      vertex 25.1713 8.62842 0
      vertex 24.8309 11.3024 0
      vertex 26.3561 9.51454 0
    endloop
  endfacet
  facet normal 0 0 -1
    outer loop
      vertex 30.1893 7.92148 0
      vertex 31.3741 7.82195 0
      vertex 30.2227 5.18849 0
    endloop
  endfacet
  facet normal 0 0 -1
    outer loop
      vertex 29.5958 14.3223 0
      vertex 31.9018 13.4872 0
      vertex 31.0336 12.1492 0
    endloop
  endfacet
  facet normal -0 0 -1
    outer loop
      vertex 29.7715 -23.0607 0
      vertex 28.3161 -23.8186 0
      vertex 28.9175 -21.6183 0
    endloop
  endfacet
  facet normal 0 0 -1
    outer loop
      vertex 13.2351 5.15218 0
      vertex 11.1922 6.53223 0
      vertex 14.5516 5.15218 0
    endloop
  endfacet
  facet normal -0 0 -1
    outer loop
      vertex 37.5055 -33.0656 0
      vertex 36.4484 -34.2273 0
      vertex 32.1455 -28.5593 0
    endloop
  endfacet
  facet normal 0 0 -1
    outer loop
      vertex 24.8309 11.3024 0
      vertex 25.9881 11.875 0
      vertex 26.3561 9.51454 0
    endloop
  endfacet
  facet normal 0 0 -1
    outer loop
      vertex 36.9463 -16.4902 0
      vertex 37.8661 -16.1193 0
      vertex 37.9447 -17.9925 0
    endloop
  endfacet
  facet normal 0 -0 -1
    outer loop
      vertex 28.7083 -32.0125 0
      vertex 33.0656 -37.5055 0
      vertex 27.4519 -33.0961 0
    endloop
  endfacet
  facet normal 0 -0 -1
    outer loop
      vertex 24.8309 11.3024 0
      vertex 25.1713 8.62842 0
      vertex 23.7791 11.0246 0
    endloop
  endfacet
  facet normal 0 0 -1
    outer loop
      vertex 27.8695 10.3409 0
      vertex 25.9881 11.875 0
      vertex 28.5612 13.3567 0
    endloop
  endfacet
  facet normal 0 0 -1
    outer loop
      vertex 29.9604 11.3466 0
      vertex 28.5612 13.3567 0
      vertex 31.0336 12.1492 0
    endloop
  endfacet
  facet normal 0 0 -1
    outer loop
      vertex 46.4888 18.4062 0
      vertex 40.5536 14.296 0
      vertex 39.6126 16.7275 0
    endloop
  endfacet
  facet normal 0 0 -1
    outer loop
      vertex 32.9322 16.0376 0
      vertex 30.5603 16.6124 0
      vertex 30.9758 17.4995 0
    endloop
  endfacet
  facet normal -0 0 -1
    outer loop
      vertex 34.0723 17.3702 0
      vertex 32.9322 16.0376 0
      vertex 32.8389 18.739 0
    endloop
  endfacet
  facet normal -0 0 -1
    outer loop
      vertex 35.068 18.3261 0
      vertex 34.0723 17.3702 0
      vertex 32.8389 18.739 0
    endloop
  endfacet
  facet normal 0 -0 -1
    outer loop
      vertex 34.5089 20.7787 0
      vertex 35.068 18.3261 0
      vertex 33.7967 19.633 0
    endloop
  endfacet
  facet normal 0 0 -1
    outer loop
      vertex 38.526 19.0975 0
      vertex 37.2977 21.3973 0
      vertex 43.8153 24.0877 0
    endloop
  endfacet
  facet normal 0 0 -1
    outer loop
      vertex 36.3332 19.0169 0
      vertex 34.5089 20.7787 0
      vertex 37.2977 20.1443 0
    endloop
  endfacet
  facet normal 0 0 -1
    outer loop
      vertex 37.2977 21.3973 0
      vertex 34.7705 21.744 0
      vertex 34.7705 22.631 0
    endloop
  endfacet
  facet normal -0 0 -1
    outer loop
      vertex 45.8877 19.8574 0
      vertex 39.6126 16.7275 0
      vertex 45.2413 21.289 0
    endloop
  endfacet
  facet normal 0 0 -1
    outer loop
      vertex 37.2977 21.3973 0
      vertex 42.2164 26.7913 0
      vertex 43.0371 25.4521 0
    endloop
  endfacet
  facet normal 0 -0 -1
    outer loop
      vertex 47.044 16.9369 0
      vertex 47.5528 15.4508 0
      vertex 40.5536 14.296 0
    endloop
  endfacet
  facet normal 0 -0 -1
    outer loop
      vertex 47.5528 15.4508 0
      vertex 48.0147 13.9496 0
      vertex 41.3455 11.8119 0
    endloop
  endfacet
  facet normal 0 0 -1
    outer loop
      vertex 41.3455 11.8119 0
      vertex 48.4292 12.4345 0
      vertex 41.9853 9.28435 0
    endloop
  endfacet
  facet normal 0 0 -1
    outer loop
      vertex 42.4709 6.7227 0
      vertex 41.9853 9.28435 0
      vertex 49.1143 9.36906 0
    endloop
  endfacet
  facet normal 0 0 -1
    outer loop
      vertex 49.6057 6.26665 0
      vertex 42.4709 6.7227 0
      vertex 49.3844 7.82172 0
    endloop
  endfacet
  facet normal 0 0 -1
    outer loop
      vertex 42.8 4.13628 0
      vertex 49.7781 4.70541 0
      vertex 49.9013 3.13951 0
    endloop
  endfacet
  facet normal -0 0 -1
    outer loop
      vertex 49.9753 1.57053 0
      vertex 42.9726 1.53473 0
      vertex 49.9013 3.13951 0
    endloop
  endfacet
  facet normal 0 0 -1
    outer loop
      vertex -27.9536 7.73895 0
      vertex -26.7277 7.73895 0
      vertex -27.0435 4.43282 0
    endloop
  endfacet
  facet normal 0 0 -1
    outer loop
      vertex -43.8153 -24.0877 0
      vertex -44.5503 -22.6995 0
      vertex -37.64 -20.7894 0
    endloop
  endfacet
  facet normal 0 0 -1
    outer loop
      vertex -37.1261 -4.16006 0
      vertex -36.8496 -3.84904 0
      vertex -36.6538 -5.02411 0
    endloop
  endfacet
  facet normal 0 -0 -1
    outer loop
      vertex -38.9861 13.0003 0
      vertex -38.2457 12.1205 0
      vertex -39.5295 11.4608 0
    endloop
  endfacet
  facet normal 0 0 -1
    outer loop
      vertex -41.0463 12.5716 0
      vertex -40.5148 14.187 0
      vertex -38.9861 13.0003 0
    endloop
  endfacet
  facet normal 0 0 -1
    outer loop
      vertex -50 0 0
      vertex -49.9753 1.57053 0
      vertex -42.9895 0.931992 0
    endloop
  endfacet
  facet normal 0 0 -1
    outer loop
      vertex -49.7781 4.70541 0
      vertex -49.6057 6.26665 0
      vertex -42.8503 3.5813 0
    endloop
  endfacet
  facet normal 0 0 -1
    outer loop
      vertex -42.8503 3.5813 0
      vertex -42.9895 0.931992 0
      vertex -49.9013 3.13951 0
    endloop
  endfacet
  facet normal 0 0 -1
    outer loop
      vertex -49.3844 7.82172 0
      vertex -49.1143 9.36906 0
      vertex -42.2519 7.9839 0
    endloop
  endfacet
  facet normal 0 0 -1
    outer loop
      vertex -42.2519 7.9839 0
      vertex -49.1143 9.36906 0
      vertex -48.7958 10.9072 0
    endloop
  endfacet
  facet normal 0 0 -1
    outer loop
      vertex -41.9296 9.53279 0
      vertex -48.7958 10.9072 0
      vertex -48.4292 12.4345 0
    endloop
  endfacet
  facet normal 0 0 -1
    outer loop
      vertex -41.5506 11.0687 0
      vertex -48.4292 12.4345 0
      vertex -48.0147 13.9496 0
    endloop
  endfacet
  facet normal -0 0 -1
    outer loop
      vertex -40.5845 14.2078 0
      vertex -41.1153 12.5897 0
      vertex -47.5528 15.4508 0
    endloop
  endfacet
  facet normal 0 0 -1
    outer loop
      vertex -41.1153 12.5897 0
      vertex -48.0147 13.9496 0
      vertex -47.5528 15.4508 0
    endloop
  endfacet
  facet normal 0 0 -1
    outer loop
      vertex -39.5295 11.4608 0
      vertex -41.0463 12.5716 0
      vertex -38.9861 13.0003 0
    endloop
  endfacet
  facet normal 0 0 -1
    outer loop
      vertex -39.5295 11.4608 0
      vertex -38.2457 12.1205 0
      vertex -38.5774 10.458 0
    endloop
  endfacet
  facet normal 0 0 -1
    outer loop
      vertex -38.5774 10.458 0
      vertex -38.2457 12.1205 0
      vertex -37.3052 11.1799 0
    endloop
  endfacet
  facet normal -0 0 -1
    outer loop
      vertex -36.3828 10.4637 0
      vertex -37.9173 9.63295 0
      vertex -37.3052 11.1799 0
    endloop
  endfacet
  facet normal 0 0 -1
    outer loop
      vertex -35.6007 8.39526 0
      vertex -36.9335 8.81415 0
      vertex -36.3828 10.4637 0
    endloop
  endfacet
  facet normal -0 0 -1
    outer loop
      vertex -34.2588 9.06795 0
      vertex -35.6007 8.39526 0
      vertex -36.3828 10.4637 0
    endloop
  endfacet
  facet normal 0 0 -1
    outer loop
      vertex -34.5089 7.77321 0
      vertex -34.2588 9.06795 0
      vertex -33.124 8.41252 0
    endloop
  endfacet
  facet normal 0 -0 -1
    outer loop
      vertex -30.5388 7.37491 0
      vertex -28.9852 7.31418 0
      vertex -31.8643 5.70413 0
    endloop
  endfacet
  facet normal 0 -0 -1
    outer loop
      vertex -33.124 8.41252 0
      vertex -31.8643 6.03438 0
      vertex -34.5089 7.77321 0
    endloop
  endfacet
  facet normal 0 0 -1
    outer loop
      vertex 26.9601 -6.20161 0
      vertex 26.2278 -5.67961 0
      vertex 27.5262 -4.39938 0
    endloop
  endfacet
  facet normal 0 0 -1
    outer loop
      vertex 14.5516 5.15218 0
      vertex 14.6942 11.5592 0
      vertex 15.9687 11.1305 0
    endloop
  endfacet
  facet normal 0 0 -1
    outer loop
      vertex 10.2115 7.32213 0
      vertex 13.7449 12.1256 0
      vertex 11.1922 6.53223 0
    endloop
  endfacet
  facet normal -0 0 -1
    outer loop
      vertex 12.1466 -25.3531 0
      vertex 11.0538 -25.9491 0
      vertex 10.1599 -24.1373 0
    endloop
  endfacet
  facet normal 0 0 -1
    outer loop
      vertex 26.7913 -42.2164 0
      vertex 24.1851 -35.5535 0
      vertex 28.1042 -41.354 0
    endloop
  endfacet
  facet normal 0 0 -1
    outer loop
      vertex 8.38579 8.24744 0
      vertex 11.4625 13.9006 0
      vertex 10.2115 7.32213 0
    endloop
  endfacet
  facet normal 0 0 -1
    outer loop
      vertex -9.36906 -49.1143 0
      vertex -6.29927 -42.5353 0
      vertex -7.82172 -49.3844 0
    endloop
  endfacet
  facet normal 0 0 -1
    outer loop
      vertex 18.4683 -33.2466 0
      vertex 17.517 -32.5351 0
      vertex 19.3144 -31.0776 0
    endloop
  endfacet
  facet normal 0 0 -1
    outer loop
      vertex 25.5445 -4.58646 0
      vertex 27.5262 -4.39938 0
      vertex 26.2278 -5.67961 0
    endloop
  endfacet
  facet normal 0 -0 -1
    outer loop
      vertex 12.5396 -28.2943 0
      vertex 12.7467 -30.9728 0
      vertex 11.4987 -28.467 0
    endloop
  endfacet
  facet normal -0 0 -1
    outer loop
      vertex 12.7467 -30.9728 0
      vertex 11.7693 -31.0606 0
      vertex 11.4987 -28.467 0
    endloop
  endfacet
  facet normal 0 -0 -1
    outer loop
      vertex 27.0002 -3.55795 0
      vertex 27.5262 -4.39938 0
      vertex 25.5445 -4.58646 0
    endloop
  endfacet
  facet normal 0 0 -1
    outer loop
      vertex 9.30663 -36.7192 0
      vertex 8.62482 -34.7565 0
      vertex 11.0265 -34.7565 0
    endloop
  endfacet
  facet normal 0 0 -1
    outer loop
      vertex 25.6105 1.62999 0
      vertex 26.6243 1.49316 0
      vertex 26.8122 0.0132141 0
    endloop
  endfacet
  facet normal -0 0 -1
    outer loop
      vertex 18.6551 -30.4121 0
      vertex 15.7677 -31.0167 0
      vertex 17.9857 -29.4129 0
    endloop
  endfacet
  facet normal 0 0 -1
    outer loop
      vertex 2.98839 -3.3419 0
      vertex 2.78101 -2.37662 0
      vertex 3.42238 -4.04149 0
    endloop
  endfacet
  facet normal -0 0 -1
    outer loop
      vertex -2.40916 -42.9324 0
      vertex -4.70541 -49.7781 0
      vertex -4.60667 -42.7517 0
    endloop
  endfacet
  facet normal 0 0 -1
    outer loop
      vertex 2.25624 -22.8481 0
      vertex -0.545227 -26.3015 0
      vertex -1.61244 -25.3405 0
    endloop
  endfacet
  facet normal 0 0 -1
    outer loop
      vertex -16.5411 2.50861 0
      vertex -18.3377 7.55225 0
      vertex -16.6704 7.72466 0
    endloop
  endfacet
  facet normal 0 0 -1
    outer loop
      vertex -15.3266 8.1852 0
      vertex -16.051 2.41713 0
      vertex -16.6704 7.72466 0
    endloop
  endfacet
  facet normal 0 0 -1
    outer loop
      vertex -17.4117 2.32555 0
      vertex -18.3377 7.55225 0
      vertex -16.5411 2.50861 0
    endloop
  endfacet
  facet normal 0 0 -1
    outer loop
      vertex -3.55473 2.81248 0
      vertex -3.85924 1.66585 0
      vertex -8.73116 0.117493 0
    endloop
  endfacet
  facet normal 0 0 -1
    outer loop
      vertex -14.2961 8.87129 0
      vertex -16.051 2.41713 0
      vertex -15.3266 8.1852 0
    endloop
  endfacet
  facet normal 0 0 -1
    outer loop
      vertex -20.4113 -4.95364 0
      vertex -15.1847 -5.65475 0
      vertex -15.7831 -6.77547 0
    endloop
  endfacet
  facet normal 0 0 -1
    outer loop
      vertex 11.1922 6.53223 0
      vertex 14.6942 11.5592 0
      vertex 14.5516 5.15218 0
    endloop
  endfacet
  facet normal 0 0 -1
    outer loop
      vertex -16.1929 1.25912 0
      vertex -8.73116 0.117493 0
      vertex -9.11247 -1.36913 0
    endloop
  endfacet
  facet normal 0 -0 -1
    outer loop
      vertex -12.045 10.4576 0
      vertex -8.73116 0.117493 0
      vertex -13.2866 9.63107 0
    endloop
  endfacet
  facet normal 0 0 -1
    outer loop
      vertex 8.38579 8.24744 0
      vertex 9.48494 14.9643 0
      vertex 10.5142 14.3244 0
    endloop
  endfacet
  facet normal 0 0 -1
    outer loop
      vertex 6.60287 8.32999 0
      vertex 7.63942 16.7251 0
      vertex 8.61598 15.641 0
    endloop
  endfacet
  facet normal -0 0 -1
    outer loop
      vertex -3.4747 0.497925 0
      vertex -7.79172 -0.776398 0
      vertex -3.85924 1.66585 0
    endloop
  endfacet
  facet normal 0 0 -1
    outer loop
      vertex 6.60287 3.22894 0
      vertex 6.52864 4.41405 0
      vertex 6.60287 4.43408 0
    endloop
  endfacet
  facet normal 0 0 -1
    outer loop
      vertex -8.73116 0.117493 0
      vertex -2.80971 5.62408 0
      vertex -3.02998 4.08879 0
    endloop
  endfacet
  facet normal 0 0 -1
    outer loop
      vertex 7.63942 16.7251 0
      vertex 6.60287 8.32999 0
      vertex -6.99072 16.2841 0
    endloop
  endfacet
  facet normal 0 0 -1
    outer loop
      vertex -2.80971 5.62408 0
      vertex -7.91003 14.5206 0
      vertex -6.99072 16.2841 0
    endloop
  endfacet
  facet normal 0 0 -1
    outer loop
      vertex 10.2115 7.32213 0
      vertex 11.4625 13.9006 0
      vertex 13.7449 12.1256 0
    endloop
  endfacet
  facet normal 0 -0 -1
    outer loop
      vertex 13.7449 12.1256 0
      vertex 14.6942 11.5592 0
      vertex 11.1922 6.53223 0
    endloop
  endfacet
  facet normal 0 0 -1
    outer loop
      vertex 17.2546 10.844 0
      vertex 15.7095 4.66971 0
      vertex 14.5516 5.15218 0
    endloop
  endfacet
  facet normal 0 -0 -1
    outer loop
      vertex 17.2546 10.844 0
      vertex 20.1264 5.03413 0
      vertex 15.7095 4.66971 0
    endloop
  endfacet
  facet normal 0 0 -1
    outer loop
      vertex 15.7095 4.66971 0
      vertex 20.1264 5.03413 0
      vertex 16.9304 3.95367 0
    endloop
  endfacet
  facet normal 0 0 -1
    outer loop
      vertex 16.9304 3.95367 0
      vertex 20.1264 5.03413 0
      vertex 20.2263 3.70854 0
    endloop
  endfacet
  facet normal 0 0 -1
    outer loop
      vertex 19.0096 1.62935 0
      vertex 20.8406 2.93947 0
      vertex 19.9266 0.975632 0
    endloop
  endfacet
  facet normal -0 0 -1
    outer loop
      vertex 29.0788 1.29338 0
      vertex 28.0528 0.0132141 0
      vertex 27.5988 1.49316 0
    endloop
  endfacet
  facet normal -0 0 -1
    outer loop
      vertex 28.6741 -5.94066 0
      vertex 26.9601 -6.20161 0
      vertex 27.5262 -4.39938 0
    endloop
  endfacet
  facet normal 0 0 -1
    outer loop
      vertex 28.6741 -5.94066 0
      vertex 28.3043 -6.78818 0
      vertex 26.9601 -6.20161 0
    endloop
  endfacet
  facet normal 0 0 -1
    outer loop
      vertex 29.215 4.65282 0
      vertex 28.6461 7.82195 0
      vertex 30.2227 5.18849 0
    endloop
  endfacet
  facet normal -0 0 -1
    outer loop
      vertex 33.007 7.36398 0
      vertex 31.5924 5.10988 0
      vertex 31.3741 7.82195 0
    endloop
  endfacet
  facet normal 0 0 -1
    outer loop
      vertex 38.503 2.95325 0
      vertex 36.8599 1.40239 0
      vertex 36.2606 2.44646 0
    endloop
  endfacet
  facet normal 0 0 -1
    outer loop
      vertex 25.22 -3.94545 0
      vertex 27.0002 -3.55795 0
      vertex 25.5445 -4.58646 0
    endloop
  endfacet
  facet normal 0 -0 -1
    outer loop
      vertex 27.0431 7.49339 0
      vertex 28.1527 3.60866 0
      vertex 26.255 3.71758 0
    endloop
  endfacet
  facet normal 0 0 -1
    outer loop
      vertex 29.2785 0.231064 0
      vertex 29.0788 1.29338 0
      vertex 30.5174 1.00543 0
    endloop
  endfacet
  facet normal 0 -0 -1
    outer loop
      vertex 24.6471 7.30827 0
      vertex 24.8532 4.14423 0
      vertex 22.8139 5.03413 0
    endloop
  endfacet
  facet normal -0 0 -1
    outer loop
      vertex 26.6243 -1.94691 0
      vertex 24.9286 -2.59007 0
      vertex 25.6793 -0.435135 0
    endloop
  endfacet
  facet normal -0 0 -1
    outer loop
      vertex 24.4145 7.65767 0
      vertex 21.561 5.27934 0
      vertex 21.2601 10.9549 0
    endloop
  endfacet
  facet normal 0 0 -1
    outer loop
      vertex 25.6793 -0.435135 0
      vertex 24.9286 -2.59007 0
      vertex 24.2442 -1.23839 0
    endloop
  endfacet
  facet normal 0 0 -1
    outer loop
      vertex 29.215 4.65282 0
      vertex 27.0431 7.49339 0
      vertex 28.6461 7.82195 0
    endloop
  endfacet
  facet normal 0 0 -1
    outer loop
      vertex 31.5924 5.10988 0
      vertex 33.007 7.36398 0
      vertex 32.5471 4.71638 0
    endloop
  endfacet
  facet normal 0 -0 -1
    outer loop
      vertex 37.6752 4.83266 0
      vertex 38.503 2.95325 0
      vertex 36.2606 2.44646 0
    endloop
  endfacet
  facet normal 0 0 -1
    outer loop
      vertex 35.4253 3.10027 0
      vertex 34.8291 5.73105 0
      vertex 35.6853 5.23329 0
    endloop
  endfacet
  facet normal 0 -0 -1
    outer loop
      vertex 33.9712 6.43564 0
      vertex 34.8291 5.73105 0
      vertex 32.5471 4.71638 0
    endloop
  endfacet
  facet normal 0 0 -1
    outer loop
      vertex 26.255 3.71758 0
      vertex 24.8532 4.14423 0
      vertex 25.5097 7.36398 0
    endloop
  endfacet
  facet normal 0 -0 -1
    outer loop
      vertex 29.0788 1.29338 0
      vertex 29.2785 0.231064 0
      vertex 28.0528 0.0132141 0
    endloop
  endfacet
  facet normal 0 0 -1
    outer loop
      vertex 26.8122 0.0132141 0
      vertex 27.5988 1.49316 0
      vertex 28.0528 0.0132141 0
    endloop
  endfacet
  facet normal 0 0 -1
    outer loop
      vertex 27.0431 7.49339 0
      vertex 29.215 4.65282 0
      vertex 28.1527 3.60866 0
    endloop
  endfacet
  facet normal 0 0 -1
    outer loop
      vertex 25.6105 1.62999 0
      vertex 26.8122 0.0132141 0
      vertex 25.6793 -0.435135 0
    endloop
  endfacet
  facet normal 0 0 -1
    outer loop
      vertex 25.5097 7.36398 0
      vertex 27.0431 7.49339 0
      vertex 26.255 3.71758 0
    endloop
  endfacet
  facet normal 0 0 -1
    outer loop
      vertex 23.0506 -0.387573 0
      vertex 25.6105 1.62999 0
      vertex 25.6793 -0.435135 0
    endloop
  endfacet
  facet normal 0 0 -1
    outer loop
      vertex 19.9266 0.975632 0
      vertex 21.7617 2.46927 0
      vertex 23.0506 -0.387573 0
    endloop
  endfacet
  facet normal 0 -0 -1
    outer loop
      vertex 24.4145 7.65767 0
      vertex 24.6471 7.30827 0
      vertex 22.8139 5.03413 0
    endloop
  endfacet
  facet normal -0 0 -1
    outer loop
      vertex 21.561 5.27934 0
      vertex 20.1264 5.03413 0
      vertex 21.2601 10.9549 0
    endloop
  endfacet
  facet normal -0 0 -1
    outer loop
      vertex 20.8406 2.93947 0
      vertex 19.0096 1.62935 0
      vertex 20.2263 3.70854 0
    endloop
  endfacet
  facet normal 0 0 -1
    outer loop
      vertex 16.9304 3.95367 0
      vertex 20.2263 3.70854 0
      vertex 19.0096 1.62935 0
    endloop
  endfacet
  facet normal 0 0 -1
    outer loop
      vertex 21.2601 10.9549 0
      vertex 20.1264 5.03413 0
      vertex 18.6871 10.7465 0
    endloop
  endfacet
  facet normal 0 0 -1
    outer loop
      vertex 20.1264 5.03413 0
      vertex 17.2546 10.844 0
      vertex 18.6871 10.7465 0
    endloop
  endfacet
  facet normal 0 0 -1
    outer loop
      vertex 22.8139 5.03413 0
      vertex 21.561 5.27934 0
      vertex 24.4145 7.65767 0
    endloop
  endfacet
  facet normal 0 0 -1
    outer loop
      vertex 24.6471 7.30827 0
      vertex 25.5097 7.36398 0
      vertex 24.8532 4.14423 0
    endloop
  endfacet
  facet normal 0 0 -1
    outer loop
      vertex 30.2227 5.18849 0
      vertex 28.6461 7.82195 0
      vertex 30.1893 7.92148 0
    endloop
  endfacet
  facet normal 0 0 -1
    outer loop
      vertex 31.5924 5.10988 0
      vertex 30.2227 5.18849 0
      vertex 31.3741 7.82195 0
    endloop
  endfacet
  facet normal 0 0 -1
    outer loop
      vertex 32.5471 4.71638 0
      vertex 33.007 7.36398 0
      vertex 33.9712 6.43564 0
    endloop
  endfacet
  facet normal 0 0 -1
    outer loop
      vertex 35.4253 3.10027 0
      vertex 32.5471 4.71638 0
      vertex 34.8291 5.73105 0
    endloop
  endfacet
  facet normal 0 0 -1
    outer loop
      vertex 36.2606 2.44646 0
      vertex 35.4253 3.10027 0
      vertex 37.6752 4.83266 0
    endloop
  endfacet
  facet normal 0 0 -1
    outer loop
      vertex 36.8599 1.40239 0
      vertex 38.503 2.95325 0
      vertex 39.1104 1.40239 0
    endloop
  endfacet
  facet normal 0 0 -1
    outer loop
      vertex 36.8599 1.40239 0
      vertex 39.1104 1.40239 0
      vertex 37.5227 0.067688 0
    endloop
  endfacet
  facet normal 0 0 -1
    outer loop
      vertex 37.5227 0.067688 0
      vertex 39.1104 1.40239 0
      vertex 38.9209 -0.867523 0
    endloop
  endfacet
  facet normal 0 0 -1
    outer loop
      vertex 40.2487 -1.41472 0
      vertex 38.9209 -0.867523 0
      vertex 39.874 0.437195 0
    endloop
  endfacet
  facet normal 0 0 -1
    outer loop
      vertex 41.1999 -1.55756 0
      vertex 40.2487 -1.41472 0
      vertex 39.874 0.437195 0
    endloop
  endfacet
  facet normal -0 0 -1
    outer loop
      vertex 42.986 -1.07249 0
      vertex 41.1999 -1.55756 0
      vertex 39.874 0.437195 0
    endloop
  endfacet
  facet normal 0 0 -1
    outer loop
      vertex 42.986 -1.07249 0
      vertex 42.0515 -2.12738 0
      vertex 41.1999 -1.55756 0
    endloop
  endfacet
  facet normal 0 0 -1
    outer loop
      vertex 42.64 -5.55273 0
      vertex 49.7781 -4.70541 0
      vertex 49.6057 -6.26665 0
    endloop
  endfacet
  facet normal 0 0 -1
    outer loop
      vertex 42.2277 -8.11241 0
      vertex 49.1143 -9.36906 0
      vertex 48.7958 -10.9072 0
    endloop
  endfacet
  facet normal 0 0 -1
    outer loop
      vertex 41.6616 -10.6426 0
      vertex 48.7958 -10.9072 0
      vertex 48.4292 -12.4345 0
    endloop
  endfacet
  facet normal 0 0 -1
    outer loop
      vertex 40.9446 -13.1341 0
      vertex 41.6616 -10.6426 0
      vertex 48.0147 -13.9496 0
    endloop
  endfacet
  facet normal 0 0 -1
    outer loop
      vertex 47.044 -16.9369 0
      vertex 40.9446 -13.1341 0
      vertex 47.5528 -15.4508 0
    endloop
  endfacet
  facet normal 0 0 -1
    outer loop
      vertex 45.8877 -19.8574 0
      vertex 40.0787 -15.5779 0
      vertex 46.4888 -18.4062 0
    endloop
  endfacet
  facet normal 0 0 -1
    outer loop
      vertex 37.5573 -18.2099 0
      vertex 36.9463 -16.4902 0
      vertex 37.9447 -17.9925 0
    endloop
  endfacet
  facet normal 0 0 -1
    outer loop
      vertex 37.9447 -17.9925 0
      vertex 37.8661 -16.1193 0
      vertex 39.3017 -17.4454 0
    endloop
  endfacet
  facet normal 0 0 -1
    outer loop
      vertex -34.0906 3.41531 0
      vertex -34.9913 5.3804 0
      vertex -33.5886 5.31064 0
    endloop
  endfacet
  facet normal 0 0 -1
    outer loop
      vertex -39.5077 -30.6453 0
      vertex -34.0675 -26.2368 0
      vertex -38.5257 -31.8712 0
    endloop
  endfacet
  facet normal 0 0 -1
    outer loop
      vertex -40.9054 -9.17329 0
      vertex -38.902 -7.83688 0
      vertex -39.8932 -9.85545 0
    endloop
  endfacet
  facet normal 0 -0 -1
    outer loop
      vertex -40.0304 -7.07657 0
      vertex -38.902 -7.83688 0
      vertex -40.9054 -9.17329 0
    endloop
  endfacet
  facet normal 0 0 -1
    outer loop
      vertex -26.6814 -6.27986 0
      vertex -28.0712 -8.61848 0
      vertex -29.955 -7.12218 0
    endloop
  endfacet
  facet normal 0 0 -1
    outer loop
      vertex -41.0349 -6.08311 0
      vertex -42.1486 -7.8604 0
      vertex -42.2734 -7.86971 0
    endloop
  endfacet
  facet normal 0 -0 -1
    outer loop
      vertex -40.386 -14.533 0
      vertex -39.4531 -15.3565 0
      vertex -40.4656 -14.5432 0
    endloop
  endfacet
  facet normal 0 0 -1
    outer loop
      vertex -29.2993 -3.74101 0
      vertex -27.8585 -4.28348 0
      vertex -29.1894 -4.98422 0
    endloop
  endfacet
  facet normal 0 0 -1
    outer loop
      vertex -48.4292 -12.4345 0
      vertex -41.7905 -10.1254 0
      vertex -41.1873 -12.3521 0
    endloop
  endfacet
  facet normal 0 0 -1
    outer loop
      vertex -39.0101 5.46964 0
      vertex -40.4561 7.25282 0
      vertex -37.6951 6.66252 0
    endloop
  endfacet
  facet normal 0 0 -1
    outer loop
      vertex -48.7958 -10.9072 0
      vertex -41.7905 -10.1254 0
      vertex -48.4292 -12.4345 0
    endloop
  endfacet
  facet normal 0 0 -1
    outer loop
      vertex -32.1493 -6.29131 0
      vertex -29.8779 -5.31001 0
      vertex -29.955 -7.12218 0
    endloop
  endfacet
  facet normal 0 0 -1
    outer loop
      vertex -49.6057 -6.26665 0
      vertex -49.7781 -4.70541 0
      vertex -42.7773 -4.36719 0
    endloop
  endfacet
  facet normal -0 -0 -1
    outer loop
      vertex -42.6271 -4.36835 0
      vertex -41.8148 -5.00104 0
      vertex -42.7773 -4.36719 0
    endloop
  endfacet
  facet normal 0 0 -1
    outer loop
      vertex -42.7773 -4.36719 0
      vertex -49.3844 -7.82172 0
      vertex -49.6057 -6.26665 0
    endloop
  endfacet
  facet normal 0 0 -1
    outer loop
      vertex -49.1143 -9.36906 0
      vertex -42.2734 -7.86971 0
      vertex -48.7958 -10.9072 0
    endloop
  endfacet
  facet normal -0 0 -1
    outer loop
      vertex -42.9652 -1.72084 0
      vertex -49.9013 -3.13951 0
      vertex -49.9753 -1.57053 0
    endloop
  endfacet
  facet normal 0 0 -1
    outer loop
      vertex -50 0 0
      vertex -42.9652 -1.72084 0
      vertex -49.9753 -1.57053 0
    endloop
  endfacet
  facet normal 0 0 -1
    outer loop
      vertex -42.5478 6.2169 0
      vertex -42.1762 7.9637 0
      vertex -42.4717 6.19759 0
    endloop
  endfacet
  facet normal 0 0 -1
    outer loop
      vertex -42.6271 -4.36835 0
      vertex -42.5272 -4.29636 0
      vertex -41.8148 -5.00104 0
    endloop
  endfacet
  facet normal -0 0 -1
    outer loop
      vertex -42.7773 -4.36719 0
      vertex -49.7781 -4.70541 0
      vertex -49.9013 -3.13951 0
    endloop
  endfacet
  facet normal 0 0 -1
    outer loop
      vertex -42.5478 6.2169 0
      vertex -42.2519 7.9839 0
      vertex -42.1762 7.9637 0
    endloop
  endfacet
  facet normal 0 -0 -1
    outer loop
      vertex -49.9013 3.13951 0
      vertex -42.9895 0.931992 0
      vertex -49.9753 1.57053 0
    endloop
  endfacet
  facet normal 0 -0 -1
    outer loop
      vertex -49.7781 4.70541 0
      vertex -42.8503 3.5813 0
      vertex -49.9013 3.13951 0
    endloop
  endfacet
  facet normal 0 -0 -1
    outer loop
      vertex -37.6951 6.66252 0
      vertex -37.4985 4.85233 0
      vertex -39.0101 5.46964 0
    endloop
  endfacet
  facet normal 0 0 -1
    outer loop
      vertex -49.6057 6.26665 0
      vertex -42.5478 6.2169 0
      vertex -42.8503 3.5813 0
    endloop
  endfacet
  facet normal 0 -0 -1
    outer loop
      vertex -42.1762 7.9637 0
      vertex -40.4561 7.25282 0
      vertex -42.4717 6.19759 0
    endloop
  endfacet
  facet normal 0 0 -1
    outer loop
      vertex -40.5139 5.57248 0
      vertex -40.4561 7.25282 0
      vertex -39.0101 5.46964 0
    endloop
  endfacet
  facet normal 0 -0 -1
    outer loop
      vertex -35.8736 5.67238 0
      vertex -35.2857 3.90341 0
      vertex -37.4985 4.85233 0
    endloop
  endfacet
  facet normal 0 0 -1
    outer loop
      vertex -34.0906 3.41531 0
      vertex -35.2857 3.90341 0
      vertex -34.9913 5.3804 0
    endloop
  endfacet
  facet normal 0 0 -1
    outer loop
      vertex -35.2857 3.90341 0
      vertex -35.8736 5.67238 0
      vertex -34.9913 5.3804 0
    endloop
  endfacet
  facet normal 0 0 -1
    outer loop
      vertex -33.0294 3.18306 0
      vertex -34.0906 3.41531 0
      vertex -33.5886 5.31064 0
    endloop
  endfacet
  facet normal 0 0 -1
    outer loop
      vertex -31.8643 5.70413 0
      vertex -33.0294 3.18306 0
      vertex -33.5886 5.31064 0
    endloop
  endfacet
  facet normal 0 0 -1
    outer loop
      vertex -29.5603 3.29922 0
      vertex -31.8643 5.70413 0
      vertex -28.9852 7.31418 0
    endloop
  endfacet
  facet normal 0 0 -1
    outer loop
      vertex -29.2993 -3.74101 0
      vertex -27.9626 -3.10643 0
      vertex -27.8585 -4.28348 0
    endloop
  endfacet
  facet normal 0 -0 -1
    outer loop
      vertex -26.7277 7.73895 0
      vertex -25.6051 8.2851 0
      vertex -27.0435 4.43282 0
    endloop
  endfacet
  facet normal 0 0 -1
    outer loop
      vertex -28.0712 -8.61848 0
      vertex -26.6814 -6.27986 0
      vertex -25.9868 -6.89413 0
    endloop
  endfacet
  facet normal 0 0 -1
    outer loop
      vertex -23.2288 3.10321 0
      vertex -22.3182 8.76846 0
      vertex -21.1474 8.32632 0
    endloop
  endfacet
  facet normal 0 0 -1
    outer loop
      vertex -8.30923 -18.3558 0
      vertex -9.9953 -16.7102 0
      vertex -8.15775 -17.4977 0
    endloop
  endfacet
  facet normal 0 0 -1
    outer loop
      vertex -25.6051 8.2851 0
      vertex -22.3182 8.76846 0
      vertex -23.2288 3.10321 0
    endloop
  endfacet
  facet normal 0 0 -1
    outer loop
      vertex -20.0735 2.32555 0
      vertex -23.2288 3.10321 0
      vertex -21.1474 8.32632 0
    endloop
  endfacet
  facet normal 0 0 -1
    outer loop
      vertex -21.1103 -5.69188 0
      vertex -21.5782 -9.62276 0
      vertex -21.8936 -9.26128 0
    endloop
  endfacet
  facet normal 0 -0 -1
    outer loop
      vertex -16.051 2.41713 0
      vertex -8.73116 0.117493 0
      vertex -16.1929 1.25912 0
    endloop
  endfacet
  facet normal 0 0 -1
    outer loop
      vertex -6.95584 -1.79355 0
      vertex -3.1498 -1.01839 0
      vertex -6.21843 -2.97247 0
    endloop
  endfacet
  facet normal 0 0 -1
    outer loop
      vertex -6.21843 -2.97247 0
      vertex -3.36827 -3.49536 0
      vertex -5.75743 -4.33954 0
    endloop
  endfacet
  facet normal 0 0 -1
    outer loop
      vertex 0 -50 0
      vertex -0.205322 -42.9995 0
      vertex 1.57053 -49.9753 0
    endloop
  endfacet
  facet normal 0 0 -1
    outer loop
      vertex -20.4685 -33.8352 0
      vertex -18.869 -34.2106 0
      vertex -20.2808 -35.8867 0
    endloop
  endfacet
  facet normal 0 0 -1
    outer loop
      vertex 1.62543 -27.089 0
      vertex 2.25624 -22.8481 0
      vertex 3.20856 -23.4765 0
    endloop
  endfacet
  facet normal -0 0 -1
    outer loop
      vertex -31.4655 -13.1708 0
      vertex -32.353 -14.0509 0
      vertex -34.2617 -12.4983 0
    endloop
  endfacet
  facet normal 0 -0 -1
    outer loop
      vertex -29.1894 -4.98422 0
      vertex -27.3707 -5.31091 0
      vertex -29.2993 -5.25896 0
    endloop
  endfacet
  facet normal 0 -0 -1
    outer loop
      vertex -27.8585 -4.28348 0
      vertex -27.3707 -5.31091 0
      vertex -29.1894 -4.98422 0
    endloop
  endfacet
  facet normal -0 0 -1
    outer loop
      vertex -27.3707 -5.31091 0
      vertex -29.955 -7.12218 0
      vertex -29.2993 -5.25896 0
    endloop
  endfacet
  facet normal 0 -0 -1
    outer loop
      vertex -29.8779 -5.31001 0
      vertex -29.2993 -5.25896 0
      vertex -29.955 -7.12218 0
    endloop
  endfacet
  facet normal -0 0 -1
    outer loop
      vertex -34.7345 -4.70433 0
      vertex -36.6538 -5.02411 0
      vertex -36.8496 -3.84904 0
    endloop
  endfacet
  facet normal 0 0 -1
    outer loop
      vertex -35.398 -5.87654 0
      vertex -36.6538 -5.02411 0
      vertex -34.7345 -4.70433 0
    endloop
  endfacet
  facet normal 0 0 -1
    outer loop
      vertex -33.4396 -6.15305 0
      vertex -34.4188 -6.15305 0
      vertex -34.7345 -4.70433 0
    endloop
  endfacet
  facet normal 0 0 -1
    outer loop
      vertex -32.1493 -6.29131 0
      vertex -33.4396 -6.15305 0
      vertex -34.7345 -4.70433 0
    endloop
  endfacet
  facet normal 0 0 -1
    outer loop
      vertex -32.1493 -6.29131 0
      vertex -34.7345 -4.70433 0
      vertex -29.8779 -5.31001 0
    endloop
  endfacet
  facet normal 0 0 -1
    outer loop
      vertex -29.955 -7.12218 0
      vertex -27.3707 -5.31091 0
      vertex -26.6814 -6.27986 0
    endloop
  endfacet
  facet normal 0 -0 -1
    outer loop
      vertex -28.6025 -9.28749 0
      vertex -28.2088 -12.452 0
      vertex -30.1102 -9.97778 0
    endloop
  endfacet
  facet normal 0 0 -1
    outer loop
      vertex -28.0712 -8.61848 0
      vertex -25.9868 -6.89413 0
      vertex -25.9351 -11.2857 0
    endloop
  endfacet
  facet normal 0 0 -1
    outer loop
      vertex -20.0984 -38.0134 0
      vertex -22.6995 -44.5503 0
      vertex -24.0877 -43.8153 0
    endloop
  endfacet
  facet normal 0 0 -1
    outer loop
      vertex -15.6444 -16.8999 0
      vertex -20.0217 -19.1602 0
      vertex -20.0217 -17.4825 0
    endloop
  endfacet
  facet normal 0 -0 -1
    outer loop
      vertex 15.5398 -23.0336 0
      vertex 16.3661 -24.3036 0
      vertex 15.2864 -24.3036 0
    endloop
  endfacet
  facet normal -0 0 -1
    outer loop
      vertex 33.0656 -37.5055 0
      vertex 31.8712 -38.5257 0
      vertex 27.4519 -33.0961 0
    endloop
  endfacet
  facet normal 0 0 -1
    outer loop
      vertex 19.8574 -45.8877 0
      vertex 18.5925 -38.7722 0
      vertex 21.289 -45.2413 0
    endloop
  endfacet
  facet normal 0 0 -1
    outer loop
      vertex 9.56436 -13.448 0
      vertex 12.129 -13.9656 0
      vertex 9.83228 -14.383 0
    endloop
  endfacet
  facet normal -0 0 -1
    outer loop
      vertex 18.4062 -46.4888 0
      vertex 16.9369 -47.044 0
      vertex 14.7683 -40.384 0
    endloop
  endfacet
  facet normal 0 0 -1
    outer loop
      vertex 10.027 -26.2949 0
      vertex 10.1599 -24.1373 0
      vertex 11.0538 -25.9491 0
    endloop
  endfacet
  facet normal 0 0 -1
    outer loop
      vertex -5.19376 -6.9697 0
      vertex -3.17091 -4.41664 0
      vertex -2.1958 -6.85811 0
    endloop
  endfacet
  facet normal 0 0 -1
    outer loop
      vertex 1.99913 -42.9529 0
      vertex 4.19826 -42.7938 0
      vertex 3.13951 -49.9013 0
    endloop
  endfacet
  facet normal 0 0 -1
    outer loop
      vertex 16.3661 -24.3036 0
      vertex 17.0982 -23.1462 0
      vertex 17.9792 -23.4182 0
    endloop
  endfacet
  facet normal 0 0 -1
    outer loop
      vertex 0 -50 0
      vertex -1.57053 -49.9753 0
      vertex -0.205322 -42.9995 0
    endloop
  endfacet
  facet normal -0 0 -1
    outer loop
      vertex 15.2864 -24.3036 0
      vertex 14.2333 -24.5046 0
      vertex 15.5398 -23.0336 0
    endloop
  endfacet
  facet normal 0 0 -1
    outer loop
      vertex -2.40916 -42.9324 0
      vertex -3.13951 -49.9013 0
      vertex -4.70541 -49.7781 0
    endloop
  endfacet
  facet normal 0 0 -1
    outer loop
      vertex 13.073 -24.8953 0
      vertex 12.8594 -22.0459 0
      vertex 14.2333 -24.5046 0
    endloop
  endfacet
  facet normal 0 0 -1
    outer loop
      vertex -6.39093 -19.5876 0
      vertex -2.89395 -17.0824 0
      vertex -2.26073 -18.2198 0
    endloop
  endfacet
  facet normal 0 -0 -1
    outer loop
      vertex 12.8594 -22.0459 0
      vertex 13.073 -24.8953 0
      vertex 11.1411 -23.5747 0
    endloop
  endfacet
  facet normal 0 0 -1
    outer loop
      vertex 2.25624 -22.8481 0
      vertex 0.443634 -26.8228 0
      vertex -0.545227 -26.3015 0
    endloop
  endfacet
  facet normal 0 -0 -1
    outer loop
      vertex 11.1411 -23.5747 0
      vertex 12.1466 -25.3531 0
      vertex 10.1599 -24.1373 0
    endloop
  endfacet
  facet normal 0 0 -1
    outer loop
      vertex -6.26665 -49.6057 0
      vertex -6.29927 -42.5353 0
      vertex -4.60667 -42.7517 0
    endloop
  endfacet
  facet normal 0 0 -1
    outer loop
      vertex -6.26665 -49.6057 0
      vertex -7.82172 -49.3844 0
      vertex -6.29927 -42.5353 0
    endloop
  endfacet
  facet normal 0 0 -1
    outer loop
      vertex -9.7729 -33.3942 0
      vertex -11.2165 -32.8429 0
      vertex -10.1351 -32.3404 0
    endloop
  endfacet
  facet normal 0 0 -1
    outer loop
      vertex -9.36906 -49.1143 0
      vertex -8.93639 -42.0605 0
      vertex -6.29927 -42.5353 0
    endloop
  endfacet
  facet normal -0 0 -1
    outer loop
      vertex 8.70871 -24.5064 0
      vertex 6.4335 -26.9075 0
      vertex 4.33266 -23.9804 0
    endloop
  endfacet
  facet normal -0 0 -1
    outer loop
      vertex -1.79713 -33.8132 0
      vertex -2.79942 -35.9005 0
      vertex -3.47308 -33.4901 0
    endloop
  endfacet
  facet normal 0 0 -1
    outer loop
      vertex 11.1411 -23.5747 0
      vertex 13.073 -24.8953 0
      vertex 12.1466 -25.3531 0
    endloop
  endfacet
  facet normal 0 0 -1
    outer loop
      vertex 14.2333 -24.5046 0
      vertex 14.1894 -22.142 0
      vertex 15.5398 -23.0336 0
    endloop
  endfacet
  facet normal 0 0 -1
    outer loop
      vertex 16.3661 -24.3036 0
      vertex 15.5398 -23.0336 0
      vertex 17.0982 -23.1462 0
    endloop
  endfacet
  facet normal 0 0 -1
    outer loop
      vertex 23.0804 -20.4012 0
      vertex 23.9134 -18.0171 0
      vertex 25.2353 -18.6685 0
    endloop
  endfacet
  facet normal -0 0 -1
    outer loop
      vertex 18.9112 -23.976 0
      vertex 16.3661 -24.3036 0
      vertex 17.9792 -23.4182 0
    endloop
  endfacet
  facet normal 0 -0 -1
    outer loop
      vertex 15.3853 -9.30074 0
      vertex 16.6441 -12.6432 0
      vertex 13.0806 -12.9383 0
    endloop
  endfacet
  facet normal 0 0 -1
    outer loop
      vertex 13.0806 -12.9383 0
      vertex 9.40384 -12.3079 0
      vertex 9.40384 -12.03 0
    endloop
  endfacet
  facet normal 0 0 -1
    outer loop
      vertex 14.2333 -24.5046 0
      vertex 12.8594 -22.0459 0
      vertex 14.1894 -22.142 0
    endloop
  endfacet
  facet normal 0 0 -1
    outer loop
      vertex 10.6226 -4.80225 0
      vertex 7.38536 -8.47539 0
      vertex 6.22102 -7.2354 0
    endloop
  endfacet
  facet normal -0 0 -1
    outer loop
      vertex 10.6226 -4.80225 0
      vertex 6.22102 -7.2354 0
      vertex 9.47644 -2.8766 0
    endloop
  endfacet
  facet normal 0 0 -1
    outer loop
      vertex 8.70871 -24.5064 0
      vertex 10.1599 -24.1373 0
      vertex 10.027 -26.2949 0
    endloop
  endfacet
  facet normal 0 0 -1
    outer loop
      vertex 9.23 -26.4724 0
      vertex 8.70871 -24.5064 0
      vertex 10.027 -26.2949 0
    endloop
  endfacet
  facet normal 0 -0 -1
    outer loop
      vertex 8.70871 -24.5064 0
      vertex 9.23 -26.4724 0
      vertex 7.90538 -26.5797 0
    endloop
  endfacet
  facet normal 0 0 -1
    outer loop
      vertex 9.21407 -10.6818 0
      vertex 13.0806 -12.9383 0
      vertex 9.40384 -12.03 0
    endloop
  endfacet
  facet normal 0 0 -1
    outer loop
      vertex 6.4335 -26.9075 0
      vertex 8.70871 -24.5064 0
      vertex 7.90538 -26.5797 0
    endloop
  endfacet
  facet normal -0 0 -1
    outer loop
      vertex -14.0964 -40.6234 0
      vertex -18.4062 -46.4888 0
      vertex -16.5992 -39.6666 0
    endloop
  endfacet
  facet normal -0 0 -1
    outer loop
      vertex -10.0439 -34.2738 0
      vertex -10.3986 -34.3715 0
      vertex -9.7729 -33.3942 0
    endloop
  endfacet
  facet normal -0 0 -1
    outer loop
      vertex -20.1334 -29.3432 0
      vertex -21.206 -30.5098 0
      vertex -22.2253 -28.9386 0
    endloop
  endfacet
  facet normal 0 0 -1
    outer loop
      vertex -12.0949 -12.1191 0
      vertex -12.7732 -10.619 0
      vertex -7.59756 -9.07626 0
    endloop
  endfacet
  facet normal 0 0 -1
    outer loop
      vertex -35.5804 -16.068 0
      vertex -34.5388 -16.5888 0
      vertex -35.0365 -18.5955 0
    endloop
  endfacet
  facet normal -0 0 -1
    outer loop
      vertex -24.9996 -7.05367 0
      vertex -25.9351 -11.2857 0
      vertex -25.9868 -6.89413 0
    endloop
  endfacet
  facet normal -0 0 -1
    outer loop
      vertex -8.22562 -6.43851 0
      vertex -13.1194 -6.513 0
      vertex -8.53799 -5.31207 0
    endloop
  endfacet
  facet normal 0 0 -1
    outer loop
      vertex -0.866013 -11.8912 0
      vertex -1.65012 -11.0252 0
      vertex -0.866013 -9.91742 0
    endloop
  endfacet
  facet normal -0 0 -1
    outer loop
      vertex -8.53799 -5.31207 0
      vertex -13.1194 -6.513 0
      vertex -8.92424 -4.29251 0
    endloop
  endfacet
  facet normal 0 0 -1
    outer loop
      vertex -3.37337 -8.61525 0
      vertex -2.1958 -6.85811 0
      vertex -1.92545 -8.11948 0
    endloop
  endfacet
  facet normal 0 0 -1
    outer loop
      vertex -0.762634 4.13414 0
      vertex -1.88986 4.62642 0
      vertex -2.80971 5.62408 0
    endloop
  endfacet
  facet normal 0 0 -1
    outer loop
      vertex -14.2054 -4.88747 0
      vertex -9.30074 -2.935 0
      vertex -8.92424 -4.29251 0
    endloop
  endfacet
  facet normal 0 0 -1
    outer loop
      vertex -21.1103 -5.69188 0
      vertex -20.4113 -4.95364 0
      vertex -16.3862 -8.21927 0
    endloop
  endfacet
  facet normal 0 0 -1
    outer loop
      vertex -14.2961 8.87129 0
      vertex -13.2866 9.63107 0
      vertex -8.73116 0.117493 0
    endloop
  endfacet
  facet normal -0 0 -1
    outer loop
      vertex -9.11247 -1.36913 0
      vertex -14.2054 -4.88747 0
      vertex -16.1929 1.25912 0
    endloop
  endfacet
  facet normal 0 -0 -1
    outer loop
      vertex -16.1929 1.25912 0
      vertex -14.2054 -4.88747 0
      vertex -16.8181 0.222382 0
    endloop
  endfacet
  facet normal 0 -0 -1
    outer loop
      vertex -14.2961 8.87129 0
      vertex -8.73116 0.117493 0
      vertex -16.051 2.41713 0
    endloop
  endfacet
  facet normal 0 0 -1
    outer loop
      vertex -3.85924 1.66585 0
      vertex -7.79172 -0.776398 0
      vertex -8.73116 0.117493 0
    endloop
  endfacet
  facet normal 0 0 -1
    outer loop
      vertex -3.4747 0.497925 0
      vertex -6.95584 -1.79355 0
      vertex -7.79172 -0.776398 0
    endloop
  endfacet
  facet normal 0 0 -1
    outer loop
      vertex -5.75743 -4.33954 0
      vertex -3.17091 -4.41664 0
      vertex -5.19376 -6.9697 0
    endloop
  endfacet
  facet normal 0 0 -1
    outer loop
      vertex -2.50531 -9.57401 0
      vertex -3.37337 -8.61525 0
      vertex -1.92545 -8.11948 0
    endloop
  endfacet
  facet normal 0 0 -1
    outer loop
      vertex -5.19376 -6.9697 0
      vertex -2.1958 -6.85811 0
      vertex -3.37337 -8.61525 0
    endloop
  endfacet
  facet normal 0 0 -1
    outer loop
      vertex 3.42238 -4.04149 0
      vertex 2.78101 -2.37662 0
      vertex 8.18681 -1.0968 0
    endloop
  endfacet
  facet normal 0 0 -1
    outer loop
      vertex 5.33998 -6.10815 0
      vertex 9.47644 -2.8766 0
      vertex 6.22102 -7.2354 0
    endloop
  endfacet
  facet normal 0 0 -1
    outer loop
      vertex 2.78101 -1.22998 0
      vertex 6.96381 1.67523 0
      vertex 8.18681 -1.0968 0
    endloop
  endfacet
  facet normal -0 0 -1
    outer loop
      vertex -0.866013 -9.91742 0
      vertex -1.65012 -11.0252 0
      vertex -2.50531 -9.57401 0
    endloop
  endfacet
  facet normal 0 -0 -1
    outer loop
      vertex 6.60287 3.22894 0
      vertex 6.96381 1.67523 0
      vertex 2.27574 1.21236 0
    endloop
  endfacet
  facet normal 0 0 -1
    outer loop
      vertex -5.75743 -4.33954 0
      vertex -3.36827 -3.49536 0
      vertex -3.17091 -4.41664 0
    endloop
  endfacet
  facet normal 0 0 -1
    outer loop
      vertex 1.57605 2.06102 0
      vertex -0.0499725 3.54454 0
      vertex 6.60287 5.86206 0
    endloop
  endfacet
  facet normal 0 -0 -1
    outer loop
      vertex 6.60287 8.32999 0
      vertex 6.60287 5.86206 0
      vertex -0.0499725 3.54454 0
    endloop
  endfacet
  facet normal 0 0 -1
    outer loop
      vertex -3.36827 -3.49536 0
      vertex -6.21843 -2.97247 0
      vertex -3.1498 -1.01839 0
    endloop
  endfacet
  facet normal 0 0 -1
    outer loop
      vertex -2.80971 5.62408 0
      vertex 6.60287 8.32999 0
      vertex -0.762634 4.13414 0
    endloop
  endfacet
  facet normal -0 0 -1
    outer loop
      vertex -3.1498 -1.01839 0
      vertex -6.95584 -1.79355 0
      vertex -3.4747 0.497925 0
    endloop
  endfacet
  facet normal 0 0 -1
    outer loop
      vertex -8.73116 0.117493 0
      vertex -12.045 10.4576 0
      vertex -2.80971 5.62408 0
    endloop
  endfacet
  facet normal 0 0 -1
    outer loop
      vertex -2.80971 5.62408 0
      vertex -12.045 10.4576 0
      vertex -10.7998 11.2209 0
    endloop
  endfacet
  facet normal 0 -0 -1
    outer loop
      vertex -8.80833 12.9839 0
      vertex -2.80971 5.62408 0
      vertex -9.72693 11.9736 0
    endloop
  endfacet
  facet normal 0 0 -1
    outer loop
      vertex -8.80833 12.9839 0
      vertex -7.91003 14.5206 0
      vertex -2.80971 5.62408 0
    endloop
  endfacet
  facet normal 0 0 -1
    outer loop
      vertex -2.80971 5.62408 0
      vertex -6.99072 16.2841 0
      vertex 6.60287 8.32999 0
    endloop
  endfacet
  facet normal 0 0 -1
    outer loop
      vertex 6.60287 8.32999 0
      vertex -0.0499725 3.54454 0
      vertex -0.762634 4.13414 0
    endloop
  endfacet
  facet normal -0 0 -1
    outer loop
      vertex 6.52864 4.41405 0
      vertex 1.57605 2.06102 0
      vertex 6.60287 5.86206 0
    endloop
  endfacet
  facet normal 0 -0 -1
    outer loop
      vertex 6.52864 4.41405 0
      vertex 6.60287 3.22894 0
      vertex 1.57605 2.06102 0
    endloop
  endfacet
  facet normal 0 0 -1
    outer loop
      vertex 1.57605 2.06102 0
      vertex 6.60287 3.22894 0
      vertex 2.27574 1.21236 0
    endloop
  endfacet
  facet normal 0 0 -1
    outer loop
      vertex 2.27574 1.21236 0
      vertex 6.96381 1.67523 0
      vertex 2.59311 0.104614 0
    endloop
  endfacet
  facet normal 0 0 -1
    outer loop
      vertex 2.59311 0.104614 0
      vertex 6.96381 1.67523 0
      vertex 2.78101 -1.22998 0
    endloop
  endfacet
  facet normal 0 0 -1
    outer loop
      vertex 2.78101 -1.22998 0
      vertex 8.18681 -1.0968 0
      vertex 2.78101 -2.37662 0
    endloop
  endfacet
  facet normal 0 0 -1
    outer loop
      vertex 4.04596 -4.61041 0
      vertex 3.42238 -4.04149 0
      vertex 8.18681 -1.0968 0
    endloop
  endfacet
  facet normal -0 0 -1
    outer loop
      vertex 8.88283 -2.26616 0
      vertex 4.04596 -4.61041 0
      vertex 8.18681 -1.0968 0
    endloop
  endfacet
  facet normal 0 0 -1
    outer loop
      vertex 8.88283 -2.26616 0
      vertex 5.33998 -6.10815 0
      vertex 4.04596 -4.61041 0
    endloop
  endfacet
  facet normal 0 -0 -1
    outer loop
      vertex 8.88283 -2.26616 0
      vertex 9.47644 -2.8766 0
      vertex 5.33998 -6.10815 0
    endloop
  endfacet
  facet normal 0 0 -1
    outer loop
      vertex 10.6226 -4.80225 0
      vertex 7.92479 -8.80959 0
      vertex 7.38536 -8.47539 0
    endloop
  endfacet
  facet normal 0 -0 -1
    outer loop
      vertex 10.6226 -4.80225 0
      vertex 12.7604 -6.60162 0
      vertex 7.92479 -8.80959 0
    endloop
  endfacet
  facet normal 0 0 -1
    outer loop
      vertex 7.92479 -8.80959 0
      vertex 12.7604 -6.60162 0
      vertex 8.90599 -9.94514 0
    endloop
  endfacet
  facet normal 0 0 -1
    outer loop
      vertex 8.90599 -9.94514 0
      vertex 12.7604 -6.60162 0
      vertex 9.21407 -10.6818 0
    endloop
  endfacet
  facet normal 0 0 -1
    outer loop
      vertex 12.129 -13.9656 0
      vertex 9.56436 -13.448 0
      vertex 9.40384 -12.3079 0
    endloop
  endfacet
  facet normal 0 0 -1
    outer loop
      vertex 9.21407 -10.6818 0
      vertex 12.7604 -6.60162 0
      vertex 15.3853 -9.30074 0
    endloop
  endfacet
  facet normal 0 0 -1
    outer loop
      vertex 9.83228 -14.383 0
      vertex 11.8766 -14.9316 0
      vertex 11.7729 -16.156 0
    endloop
  endfacet
  facet normal 0 0 -1
    outer loop
      vertex 10.305 -17.7409 0
      vertex 9.83228 -14.383 0
      vertex 11.7729 -16.156 0
    endloop
  endfacet
  facet normal 0 0 -1
    outer loop
      vertex 15.8035 -16.3405 0
      vertex 14.5302 -14.8668 0
      vertex 17.6483 -13.3211 0
    endloop
  endfacet
  facet normal 0 0 -1
    outer loop
      vertex 12.129 -13.9656 0
      vertex 11.8766 -14.9316 0
      vertex 9.83228 -14.383 0
    endloop
  endfacet
  facet normal 0 0 -1
    outer loop
      vertex 15.8035 -16.3405 0
      vertex 17.6483 -13.3211 0
      vertex 18.4363 -14.4515 0
    endloop
  endfacet
  facet normal -0 0 -1
    outer loop
      vertex 13.0806 -12.9383 0
      vertex 12.129 -13.9656 0
      vertex 9.40384 -12.3079 0
    endloop
  endfacet
  facet normal 0 0 -1
    outer loop
      vertex 15.3853 -9.30074 0
      vertex 13.0806 -12.9383 0
      vertex 9.21407 -10.6818 0
    endloop
  endfacet
  facet normal 0 -0 -1
    outer loop
      vertex 18.4363 -14.4515 0
      vertex 18.9048 -15.2427 0
      vertex 15.8035 -16.3405 0
    endloop
  endfacet
  facet normal 0 0 -1
    outer loop
      vertex 16.6061 -9.93343 0
      vertex 16.8273 -12.5155 0
      vertex 16.6441 -12.6432 0
    endloop
  endfacet
  facet normal -0 0 -1
    outer loop
      vertex 21.2249 -16.9737 0
      vertex 18.8745 -19.4651 0
      vertex 19.8857 -16.3137 0
    endloop
  endfacet
  facet normal 0 0 -1
    outer loop
      vertex 23.0804 -20.4012 0
      vertex 21.2249 -16.9737 0
      vertex 23.9134 -18.0171 0
    endloop
  endfacet
  facet normal 0 0 -1
    outer loop
      vertex 22.3633 -14.8118 0
      vertex 21.0171 -14.3445 0
      vertex 22.4012 -12.3608 0
    endloop
  endfacet
  facet normal 0 0 -1
    outer loop
      vertex 22.3633 -14.8118 0
      vertex 24.029 -12.2857 0
      vertex 25.0258 -12.4359 0
    endloop
  endfacet
  facet normal 0 0 -1
    outer loop
      vertex 28.9175 -21.6183 0
      vertex 28.3161 -23.8186 0
      vertex 27.1098 -23.2109 0
    endloop
  endfacet
  facet normal 0 -0 -1
    outer loop
      vertex 31.9371 -25.3645 0
      vertex 32.7648 -26.4108 0
      vertex 30.8737 -27.1109 0
    endloop
  endfacet
  facet normal 0 0 -1
    outer loop
      vertex 32.1455 -28.5593 0
      vertex 30.8737 -27.1109 0
      vertex 32.7648 -26.4108 0
    endloop
  endfacet
  facet normal -0 0 -1
    outer loop
      vertex 43.0371 -25.4521 0
      vertex 42.2164 -26.7913 0
      vertex 36.1298 -23.3154 0
    endloop
  endfacet
  facet normal 0 0 -1
    outer loop
      vertex 34.8748 -25.1538 0
      vertex 36.1298 -23.3154 0
      vertex 41.354 -28.1042 0
    endloop
  endfacet
  facet normal -0 0 -1
    outer loop
      vertex 39.5077 -30.6453 0
      vertex 38.5257 -31.8712 0
      vertex 33.5263 -26.9249 0
    endloop
  endfacet
  facet normal 0 0 -1
    outer loop
      vertex 37.5055 -33.0656 0
      vertex 32.1455 -28.5593 0
      vertex 38.5257 -31.8712 0
    endloop
  endfacet
  facet normal 0 0 -1
    outer loop
      vertex 31.0435 -29.7534 0
      vertex 36.4484 -34.2273 0
      vertex 35.3553 -35.3553 0
    endloop
  endfacet
  facet normal 0 0 -1
    outer loop
      vertex 28.7083 -32.0125 0
      vertex 29.8973 -30.905 0
      vertex 34.2273 -36.4484 0
    endloop
  endfacet
  facet normal 0 0 -1
    outer loop
      vertex 29.8973 -30.905 0
      vertex 35.3553 -35.3553 0
      vertex 34.2273 -36.4484 0
    endloop
  endfacet
  facet normal -0 0 -1
    outer loop
      vertex -0.205322 -42.9995 0
      vertex -1.57053 -49.9753 0
      vertex -2.40916 -42.9324 0
    endloop
  endfacet
  facet normal 0 0 -1
    outer loop
      vertex -12.4903 -30.2684 0
      vertex -10.483 -27.6362 0
      vertex -11.004 -30.3581 0
    endloop
  endfacet
  facet normal 0 0 -1
    outer loop
      vertex -5.50577 -35.1887 0
      vertex -7.26096 -33.3533 0
      vertex -4.89256 -32.3567 0
    endloop
  endfacet
  facet normal 0 0 -1
    outer loop
      vertex -5.48824 -22.5465 0
      vertex -1.39104 -19.285 0
      vertex -1.61244 -25.3405 0
    endloop
  endfacet
  facet normal 0 0 -1
    outer loop
      vertex -1.63731 -36.1336 0
      vertex -0.585648 -34.6108 0
      vertex -0.0606232 -35.3377 0
    endloop
  endfacet
  facet normal -0 0 -1
    outer loop
      vertex 1.40114 -21.9736 0
      vertex -1.61244 -25.3405 0
      vertex 0.565445 -20.95 0
    endloop
  endfacet
  facet normal 0 0 -1
    outer loop
      vertex -15.4508 -47.5528 0
      vertex -11.5387 -41.4225 0
      vertex -13.9496 -48.0147 0
    endloop
  endfacet
  facet normal 0 0 -1
    outer loop
      vertex -7.89528 -28.8256 0
      vertex -8.87567 -31.5162 0
      vertex -9.95399 -30.5564 0
    endloop
  endfacet
  facet normal 0 0 -1
    outer loop
      vertex -8.30923 -21.4756 0
      vertex -9.60307 -20.8698 0
      vertex -9.60307 -19.5533 0
    endloop
  endfacet
  facet normal 0 0 -1
    outer loop
      vertex 6.44995 -27.1109 0
      vertex 3.02881 -29.0175 0
      vertex 2.7202 -27.8783 0
    endloop
  endfacet
  facet normal -0 0 -1
    outer loop
      vertex 14.8964 -36.7192 0
      vertex 13.0665 -37.5739 0
      vertex 13.9086 -35.3792 0
    endloop
  endfacet
  facet normal 0 -0 -1
    outer loop
      vertex 0.343201 -36.741 0
      vertex 0.615784 -38.1343 0
      vertex -0.737045 -37.054 0
    endloop
  endfacet
  facet normal 0 0 -1
    outer loop
      vertex 2.25624 -22.8481 0
      vertex 1.62543 -27.089 0
      vertex 0.443634 -26.8228 0
    endloop
  endfacet
  facet normal 0 0 -1
    outer loop
      vertex -0.0606232 -35.3377 0
      vertex -0.737045 -37.054 0
      vertex -1.63731 -36.1336 0
    endloop
  endfacet
  facet normal 0 0 -1
    outer loop
      vertex -1.79713 -33.8132 0
      vertex -0.585648 -34.6108 0
      vertex -1.63731 -36.1336 0
    endloop
  endfacet
  facet normal 0 -0 -1
    outer loop
      vertex 6.4335 -26.9075 0
      vertex 6.44995 -27.1109 0
      vertex 2.7202 -27.8783 0
    endloop
  endfacet
  facet normal 0 0 -1
    outer loop
      vertex -2.79942 -35.9005 0
      vertex -1.79713 -33.8132 0
      vertex -1.63731 -36.1336 0
    endloop
  endfacet
  facet normal 0 0 -1
    outer loop
      vertex 2.7202 -27.8783 0
      vertex 1.62543 -27.089 0
      vertex 4.33266 -23.9804 0
    endloop
  endfacet
  facet normal 0 0 -1
    outer loop
      vertex -4.42934 -14.1413 0
      vertex -7.59453 -17.7984 0
      vertex -8.15775 -17.4977 0
    endloop
  endfacet
  facet normal 0 0 -1
    outer loop
      vertex -16.9369 -47.044 0
      vertex -14.0964 -40.6234 0
      vertex -15.4508 -47.5528 0
    endloop
  endfacet
  facet normal 0 0 -1
    outer loop
      vertex -19.8574 -45.8877 0
      vertex -21.289 -45.2413 0
      vertex -16.5992 -39.6666 0
    endloop
  endfacet
  facet normal 0 0 -1
    outer loop
      vertex -12.0949 -12.1191 0
      vertex -7.59756 -9.07626 0
      vertex -6.85703 -10.6553 0
    endloop
  endfacet
  facet normal 0 0 -1
    outer loop
      vertex -24.0877 -43.8153 0
      vertex -25.4521 -43.0371 0
      vertex -21.4312 -37.2783 0
    endloop
  endfacet
  facet normal -0 0 -1
    outer loop
      vertex -28.9801 -31.7667 0
      vertex -34.2273 -36.4484 0
      vertex -30.7825 -30.0234 0
    endloop
  endfacet
  facet normal -0 0 -1
    outer loop
      vertex -2.89395 -17.0824 0
      vertex -7.15794 -18.6051 0
      vertex -3.44466 -15.7155 0
    endloop
  endfacet
  facet normal 0 0 -1
    outer loop
      vertex -29.3893 -40.4508 0
      vertex -30.6453 -39.5077 0
      vertex -25.086 -34.9236 0
    endloop
  endfacet
  facet normal 0 0 -1
    outer loop
      vertex -25.2312 -19.7377 0
      vertex -24.3068 -16.2221 0
      vertex -22.4705 -18.7698 0
    endloop
  endfacet
  facet normal 0 0 -1
    outer loop
      vertex -15.9218 -13.6106 0
      vertex -21.6442 -12.4226 0
      vertex -16.8019 -9.87959 0
    endloop
  endfacet
  facet normal -0 0 -1
    outer loop
      vertex -26.9681 -11.9267 0
      vertex -28.2088 -12.452 0
      vertex -28.6025 -9.28749 0
    endloop
  endfacet
  facet normal -0 0 -1
    outer loop
      vertex -30.4606 -12.7453 0
      vertex -31.4655 -13.1708 0
      vertex -31.0664 -10.1391 0
    endloop
  endfacet
  facet normal 0 0 -1
    outer loop
      vertex -12.7732 -10.619 0
      vertex -13.1194 -6.513 0
      vertex -7.98596 -7.67583 0
    endloop
  endfacet
  facet normal 0 0 -1
    outer loop
      vertex -26.9681 -11.9267 0
      vertex -28.6025 -9.28749 0
      vertex -25.9351 -11.2857 0
    endloop
  endfacet
  facet normal 0 0 -1
    outer loop
      vertex -23.5075 -9.98413 0
      vertex -23.6221 -6.7345 0
      vertex -21.8936 -9.26128 0
    endloop
  endfacet
  facet normal 0 0 -1
    outer loop
      vertex -6.85703 -10.6553 0
      vertex -10.3975 -15.2553 0
      vertex -12.0949 -12.1191 0
    endloop
  endfacet
  facet normal 0 0 -1
    outer loop
      vertex -14.2054 -4.88747 0
      vertex -8.92424 -4.29251 0
      vertex -13.1194 -6.513 0
    endloop
  endfacet
  facet normal 0 0 -1
    outer loop
      vertex -16.3862 -8.21927 0
      vertex -20.4113 -4.95364 0
      vertex -15.7831 -6.77547 0
    endloop
  endfacet
  facet normal 0 0 -1
    outer loop
      vertex -20.4113 -4.95364 0
      vertex -19.0183 -2.28647 0
      vertex -15.1847 -5.65475 0
    endloop
  endfacet
  facet normal 0 0 -1
    outer loop
      vertex -15.1847 -5.65475 0
      vertex -19.0183 -2.28647 0
      vertex -14.2054 -4.88747 0
    endloop
  endfacet
  facet normal -0 0 -1
    outer loop
      vertex -9.30074 -2.935 0
      vertex -14.2054 -4.88747 0
      vertex -9.11247 -1.36913 0
    endloop
  endfacet
  facet normal 0 0 -1
    outer loop
      vertex -14.2054 -4.88747 0
      vertex -19.0183 -2.28647 0
      vertex -16.8181 0.222382 0
    endloop
  endfacet
  facet normal 0 0 -1
    outer loop
      vertex -7.98596 -7.67583 0
      vertex -13.1194 -6.513 0
      vertex -8.22562 -6.43851 0
    endloop
  endfacet
  facet normal 0 0 -1
    outer loop
      vertex -12.7732 -10.619 0
      vertex -7.98596 -7.67583 0
      vertex -7.59756 -9.07626 0
    endloop
  endfacet
  facet normal 0 -0 -1
    outer loop
      vertex -6.85703 -10.6553 0
      vertex -4.42934 -14.1413 0
      vertex -10.3975 -15.2553 0
    endloop
  endfacet
  facet normal 0 -0 -1
    outer loop
      vertex -4.42934 -14.1413 0
      vertex -3.44466 -15.7155 0
      vertex -7.59453 -17.7984 0
    endloop
  endfacet
  facet normal 0 0 -1
    outer loop
      vertex -2.89395 -17.0824 0
      vertex -6.39093 -19.5876 0
      vertex -7.15794 -18.6051 0
    endloop
  endfacet
  facet normal 0 0 -1
    outer loop
      vertex -6.06783 -21.4756 0
      vertex -1.39104 -19.285 0
      vertex -5.48824 -22.5465 0
    endloop
  endfacet
  facet normal 0 0 -1
    outer loop
      vertex -9.60307 -20.8698 0
      vertex -8.30923 -21.4756 0
      vertex -9.19609 -22.3423 0
    endloop
  endfacet
  facet normal 0 -0 -1
    outer loop
      vertex -8.30923 -21.4756 0
      vertex -8.20828 -23.8078 0
      vertex -9.19609 -22.3423 0
    endloop
  endfacet
  facet normal 0 0 -1
    outer loop
      vertex -9.9953 -16.7102 0
      vertex -8.30923 -18.3558 0
      vertex -9.60307 -19.5533 0
    endloop
  endfacet
  facet normal 0 -0 -1
    outer loop
      vertex -8.30923 -18.3558 0
      vertex -8.30923 -21.4756 0
      vertex -9.60307 -19.5533 0
    endloop
  endfacet
  facet normal 0 0 -1
    outer loop
      vertex -8.15775 -17.4977 0
      vertex -10.3975 -15.2553 0
      vertex -4.42934 -14.1413 0
    endloop
  endfacet
  facet normal 0 0 -1
    outer loop
      vertex -7.59453 -17.7984 0
      vertex -3.44466 -15.7155 0
      vertex -7.15794 -18.6051 0
    endloop
  endfacet
  facet normal 0 0 -1
    outer loop
      vertex -2.26073 -18.2198 0
      vertex -6.06783 -21.4756 0
      vertex -6.39093 -19.5876 0
    endloop
  endfacet
  facet normal -0 0 -1
    outer loop
      vertex -1.39104 -19.285 0
      vertex -6.06783 -21.4756 0
      vertex -2.26073 -18.2198 0
    endloop
  endfacet
  facet normal 0 -0 -1
    outer loop
      vertex -1.39104 -19.285 0
      vertex 0.565445 -20.95 0
      vertex -1.61244 -25.3405 0
    endloop
  endfacet
  facet normal 0 0 -1
    outer loop
      vertex -1.61244 -25.3405 0
      vertex 1.40114 -21.9736 0
      vertex 2.25624 -22.8481 0
    endloop
  endfacet
  facet normal 0 -0 -1
    outer loop
      vertex 3.20856 -23.4765 0
      vertex 4.33266 -23.9804 0
      vertex 1.62543 -27.089 0
    endloop
  endfacet
  facet normal -0 0 -1
    outer loop
      vertex 6.4335 -26.9075 0
      vertex 2.7202 -27.8783 0
      vertex 4.33266 -23.9804 0
    endloop
  endfacet
  facet normal 0 0 -1
    outer loop
      vertex 5.29498 -31.6765 0
      vertex 3.02881 -30.33 0
      vertex 5.52034 -30.4334 0
    endloop
  endfacet
  facet normal 0 0 -1
    outer loop
      vertex 3.74352 -34.5064 0
      vertex 6.01846 -32.9863 0
      vertex 6.23434 -35.9422 0
    endloop
  endfacet
  facet normal -0 0 -1
    outer loop
      vertex 7.75291 -27.918 0
      vertex 6.83627 -29.8042 0
      vertex 6.44995 -27.1109 0
    endloop
  endfacet
  facet normal -0 0 -1
    outer loop
      vertex 16.9369 -47.044 0
      vertex 15.4508 -47.5528 0
      vertex 14.7683 -40.384 0
    endloop
  endfacet
  facet normal 0 0 -1
    outer loop
      vertex 4.20361 -42.6963 0
      vertex 6.23434 -41.4107 0
      vertex 6.12703 -42.5612 0
    endloop
  endfacet
  facet normal 0 0 -1
    outer loop
      vertex 10.5042 -41.6965 0
      vertex 13.9496 -48.0147 0
      vertex 12.4345 -48.4292 0
    endloop
  endfacet
  facet normal 0 0 -1
    outer loop
      vertex 8.32686 -42.1857 0
      vertex 10.5042 -41.6965 0
      vertex 10.9072 -48.7958 0
    endloop
  endfacet
  facet normal -0 0 -1
    outer loop
      vertex 7.82172 -49.3844 0
      vertex 6.26665 -49.6057 0
      vertex 6.12703 -42.5612 0
    endloop
  endfacet
  facet normal 0 0 -1
    outer loop
      vertex 3.13951 -49.9013 0
      vertex 4.19826 -42.7938 0
      vertex 4.70541 -49.7781 0
    endloop
  endfacet
  facet normal 0 0 -1
    outer loop
      vertex 4.19826 -42.7938 0
      vertex 6.26665 -49.6057 0
      vertex 4.70541 -49.7781 0
    endloop
  endfacet
  facet normal 0 0 -1
    outer loop
      vertex -0.205322 -42.9995 0
      vertex 1.99913 -42.9529 0
      vertex 1.57053 -49.9753 0
    endloop
  endfacet
  facet normal 0 -0 -1
    outer loop
      vertex 1.99913 -42.9529 0
      vertex 3.13951 -49.9013 0
      vertex 1.57053 -49.9753 0
    endloop
  endfacet
  facet normal 0 0 -1
    outer loop
      vertex -31.4655 -13.1708 0
      vertex -32.276 -10.0584 0
      vertex -31.0664 -10.1391 0
    endloop
  endfacet
  facet normal 0 0 -1
    outer loop
      vertex -36.4484 -34.2273 0
      vertex -30.7825 -30.0234 0
      vertex -35.3553 -35.3553 0
    endloop
  endfacet
  facet normal 0 0 -1
    outer loop
      vertex -39.8932 -9.85545 0
      vertex -36.8611 -8.8949 0
      vertex -35.7389 -9.47672 0
    endloop
  endfacet
  facet normal 0 0 -1
    outer loop
      vertex -35.539 -24.2064 0
      vertex -36.6922 -22.4198 0
      vertex -36.5916 -22.3694 0
    endloop
  endfacet
  facet normal 0 0 -1
    outer loop
      vertex -39.8932 -9.85545 0
      vertex -38.902 -7.83688 0
      vertex -37.9556 -8.15758 0
    endloop
  endfacet
  facet normal 0 -0 -1
    outer loop
      vertex -39.3167 -17.4118 0
      vertex -38.5154 -19.119 0
      vertex -45.2413 -21.289 0
    endloop
  endfacet
  facet normal 0 0 -1
    outer loop
      vertex -46.4888 -18.4062 0
      vertex -40.4656 -14.5432 0
      vertex -39.3167 -17.4118 0
    endloop
  endfacet
  facet normal 0 0 -1
    outer loop
      vertex -46.4888 -18.4062 0
      vertex -47.044 -16.9369 0
      vertex -40.4656 -14.5432 0
    endloop
  endfacet
  facet normal 0 0 -1
    outer loop
      vertex -41.1873 -12.3521 0
      vertex -47.5528 -15.4508 0
      vertex -48.0147 -13.9496 0
    endloop
  endfacet
  facet normal -0 0 -1
    outer loop
      vertex -40.4656 -14.5432 0
      vertex -47.5528 -15.4508 0
      vertex -41.1873 -12.3521 0
    endloop
  endfacet
  facet normal 0 0 -1
    outer loop
      vertex -48.4292 -12.4345 0
      vertex -41.1873 -12.3521 0
      vertex -48.0147 -13.9496 0
    endloop
  endfacet
  facet normal 0 0 -1
    outer loop
      vertex -42.2734 -7.86971 0
      vertex -41.8148 -5.00104 0
      vertex -41.0349 -6.08311 0
    endloop
  endfacet
  facet normal 0 -0 -1
    outer loop
      vertex -42.7773 -4.36719 0
      vertex -42.2734 -7.86971 0
      vertex -49.3844 -7.82172 0
    endloop
  endfacet
  facet normal -0 0 -1
    outer loop
      vertex -42.2734 -7.86971 0
      vertex -49.1143 -9.36906 0
      vertex -49.3844 -7.82172 0
    endloop
  endfacet
  facet normal -0 0 -1
    outer loop
      vertex -40.0304 -7.07657 0
      vertex -42.1486 -7.8604 0
      vertex -41.0349 -6.08311 0
    endloop
  endfacet
  facet normal 0 0 -1
    outer loop
      vertex -40.0304 -7.07657 0
      vertex -40.9054 -9.17329 0
      vertex -42.1486 -7.8604 0
    endloop
  endfacet
  facet normal 0 0 -1
    outer loop
      vertex -39.8932 -9.85545 0
      vertex -37.9556 -8.15758 0
      vertex -36.8611 -8.8949 0
    endloop
  endfacet
  facet normal -0 0 -1
    outer loop
      vertex -33.7161 -9.81654 0
      vertex -34.2617 -12.4983 0
      vertex -34.6825 -9.75208 0
    endloop
  endfacet
  facet normal 0 0 -1
    outer loop
      vertex -34.2617 -12.4983 0
      vertex -32.276 -10.0584 0
      vertex -31.4655 -13.1708 0
    endloop
  endfacet
  facet normal 0 0 -1
    outer loop
      vertex -31.0664 -10.1391 0
      vertex -30.1102 -9.97778 0
      vertex -30.4606 -12.7453 0
    endloop
  endfacet
  facet normal 0 0 -1
    outer loop
      vertex -30.4606 -12.7453 0
      vertex -30.1102 -9.97778 0
      vertex -29.4117 -12.6573 0
    endloop
  endfacet
  facet normal 0 0 -1
    outer loop
      vertex -29.4117 -12.6573 0
      vertex -30.1102 -9.97778 0
      vertex -28.2088 -12.452 0
    endloop
  endfacet
  facet normal 0 0 -1
    outer loop
      vertex -21.5782 -9.62276 0
      vertex -16.3862 -8.21927 0
      vertex -16.8019 -9.87959 0
    endloop
  endfacet
  facet normal 0 -0 -1
    outer loop
      vertex -28.0712 -8.61848 0
      vertex -25.9351 -11.2857 0
      vertex -28.6025 -9.28749 0
    endloop
  endfacet
  facet normal 0 -0 -1
    outer loop
      vertex -24.9996 -7.05367 0
      vertex -23.5075 -9.98413 0
      vertex -25.9351 -11.2857 0
    endloop
  endfacet
  facet normal 0 0 -1
    outer loop
      vertex -24.9996 -7.05367 0
      vertex -23.6221 -6.7345 0
      vertex -23.5075 -9.98413 0
    endloop
  endfacet
  facet normal 0 0 -1
    outer loop
      vertex -23.6221 -6.7345 0
      vertex -21.1103 -5.69188 0
      vertex -21.8936 -9.26128 0
    endloop
  endfacet
  facet normal 0 -0 -1
    outer loop
      vertex -21.1103 -5.69188 0
      vertex -16.3862 -8.21927 0
      vertex -21.5782 -9.62276 0
    endloop
  endfacet
  facet normal 0 0 -1
    outer loop
      vertex -21.5782 -9.62276 0
      vertex -16.8019 -9.87959 0
      vertex -21.5782 -11.2563 0
    endloop
  endfacet
  facet normal 0 0 -1
    outer loop
      vertex -21.6442 -12.4226 0
      vertex -21.5782 -11.2563 0
      vertex -16.8019 -9.87959 0
    endloop
  endfacet
  facet normal 0 -0 -1
    outer loop
      vertex -21.6442 -12.4226 0
      vertex -15.9218 -13.6106 0
      vertex -21.8129 -13.8162 0
    endloop
  endfacet
  facet normal 0 0 -1
    outer loop
      vertex -21.8129 -13.8162 0
      vertex -15.9218 -13.6106 0
      vertex -20.22 -17.3623 0
    endloop
  endfacet
  facet normal -0 0 -1
    outer loop
      vertex -21.4386 -18.2682 0
      vertex -22.4705 -18.7698 0
      vertex -23.1185 -15.7893 0
    endloop
  endfacet
  facet normal 0 0 -1
    outer loop
      vertex -15.9218 -13.6106 0
      vertex -20.0217 -17.4825 0
      vertex -20.22 -17.3623 0
    endloop
  endfacet
  facet normal 0 -0 -1
    outer loop
      vertex -32.0449 -17.4983 0
      vertex -30.6411 -20.6817 0
      vertex -34.0142 -19.2219 0
    endloop
  endfacet
  facet normal 0 -0 -1
    outer loop
      vertex -30.7614 -17.4103 0
      vertex -30.6411 -20.6817 0
      vertex -32.0449 -17.4983 0
    endloop
  endfacet
  facet normal 0 0 -1
    outer loop
      vertex -33.0656 -37.5055 0
      vertex -28.9801 -31.7667 0
      vertex -27.0791 -33.4019 0
    endloop
  endfacet
  facet normal 0 -0 -1
    outer loop
      vertex -22.4327 -24.3667 0
      vertex -21.3833 -26.3435 0
      vertex -23.0673 -27.0431 0
    endloop
  endfacet
  facet normal 0 0 -1
    outer loop
      vertex -34.2273 -36.4484 0
      vertex -28.9801 -31.7667 0
      vertex -33.0656 -37.5055 0
    endloop
  endfacet
  facet normal 0 0 -1
    outer loop
      vertex 31.7945 -17.0809 0
      vertex 34.075 -16.0945 0
      vertex 34.3234 -17.7225 0
    endloop
  endfacet
  facet normal -0 0 -1
    outer loop
      vertex 33.5263 -26.9249 0
      vertex 32.1455 -28.5593 0
      vertex 32.7648 -26.4108 0
    endloop
  endfacet
  facet normal 0 0 -1
    outer loop
      vertex 29.9577 -25.6144 0
      vertex 31.026 -24.0578 0
      vertex 31.9371 -25.3645 0
    endloop
  endfacet
  facet normal 0 0 -1
    outer loop
      vertex 29.9577 -25.6144 0
      vertex 29.1964 -24.5182 0
      vertex 31.026 -24.0578 0
    endloop
  endfacet
  facet normal 0 -0 -1
    outer loop
      vertex 29.9537 -14.6824 0
      vertex 30.6528 -16.9982 0
      vertex 29.7168 -17.1637 0
    endloop
  endfacet
  facet normal 0 0 -1
    outer loop
      vertex 28.3161 -23.8186 0
      vertex 29.7715 -23.0607 0
      vertex 29.1964 -24.5182 0
    endloop
  endfacet
  facet normal 0 -0 -1
    outer loop
      vertex 31.804 -19.4339 0
      vertex 31.9057 -19.6055 0
      vertex 30.942 -20.175 0
    endloop
  endfacet
  facet normal 0 -0 -1
    outer loop
      vertex 27.8971 -20.4655 0
      vertex 28.9175 -21.6183 0
      vertex 27.1098 -23.2109 0
    endloop
  endfacet
  facet normal 0 0 -1
    outer loop
      vertex 25.0614 -21.9757 0
      vertex 27.8971 -20.4655 0
      vertex 27.1098 -23.2109 0
    endloop
  endfacet
  facet normal 0 0 -1
    outer loop
      vertex 23.0804 -20.4012 0
      vertex 25.2353 -18.6685 0
      vertex 25.0614 -21.9757 0
    endloop
  endfacet
  facet normal 0 -0 -1
    outer loop
      vertex 28.8642 -14.2861 0
      vertex 29.7168 -17.1637 0
      vertex 27.5102 -16.5317 0
    endloop
  endfacet
  facet normal 0 0 -1
    outer loop
      vertex 19.8746 -13.5732 0
      vertex 21.031 -12.0163 0
      vertex 21.0171 -14.3445 0
    endloop
  endfacet
  facet normal 0 0 -1
    outer loop
      vertex 18.8745 -19.4651 0
      vertex 21.2249 -16.9737 0
      vertex 23.0804 -20.4012 0
    endloop
  endfacet
  facet normal 0 -0 -1
    outer loop
      vertex 22.4012 -12.3608 0
      vertex 24.029 -12.2857 0
      vertex 22.3633 -14.8118 0
    endloop
  endfacet
  facet normal 0 -0 -1
    outer loop
      vertex 18.9048 -15.2427 0
      vertex 19.8857 -16.3137 0
      vertex 17.2783 -18.2045 0
    endloop
  endfacet
  facet normal 0 -0 -1
    outer loop
      vertex 21.031 -12.0163 0
      vertex 22.4012 -12.3608 0
      vertex 21.0171 -14.3445 0
    endloop
  endfacet
  facet normal 0 0 -1
    outer loop
      vertex 15.8035 -16.3405 0
      vertex 18.9048 -15.2427 0
      vertex 17.2783 -18.2045 0
    endloop
  endfacet
  facet normal 0 0 -1
    outer loop
      vertex 14.5302 -14.8668 0
      vertex 16.6441 -12.6432 0
      vertex 17.6483 -13.3211 0
    endloop
  endfacet
  facet normal 0 0 -1
    outer loop
      vertex 14.5302 -14.8668 0
      vertex 13.7808 -13.5867 0
      vertex 16.6441 -12.6432 0
    endloop
  endfacet
  facet normal 0 0 -1
    outer loop
      vertex 16.6441 -12.6432 0
      vertex 15.3853 -9.30074 0
      vertex 16.6061 -9.93343 0
    endloop
  endfacet
  facet normal 0 0 -1
    outer loop
      vertex 16.8273 -12.5155 0
      vertex 16.6061 -9.93343 0
      vertex 18.1586 -10.1674 0
    endloop
  endfacet
  facet normal 0 0 -1
    outer loop
      vertex 19.8746 -13.5732 0
      vertex 18.1586 -10.1674 0
      vertex 21.031 -12.0163 0
    endloop
  endfacet
  facet normal 0 -0 -1
    outer loop
      vertex 18.1586 -10.1674 0
      vertex 19.8746 -13.5732 0
      vertex 16.8273 -12.5155 0
    endloop
  endfacet
  facet normal 0 -0 -1
    outer loop
      vertex 25.0258 -12.4359 0
      vertex 26.4504 -15.6734 0
      vertex 22.3633 -14.8118 0
    endloop
  endfacet
  facet normal 0 0 -1
    outer loop
      vertex 29.7168 -17.1637 0
      vertex 29.5658 -17.3238 0
      vertex 28.0951 -17.3707 0
    endloop
  endfacet
  facet normal 0 0 -1
    outer loop
      vertex 34.3234 -17.7225 0
      vertex 35.4699 -16.3048 0
      vertex 37.5573 -18.2099 0
    endloop
  endfacet
  facet normal 0 0 -1
    outer loop
      vertex 30.6528 -16.9982 0
      vertex 29.9537 -14.6824 0
      vertex 32.3061 -14.7979 0
    endloop
  endfacet
  facet normal 0 -0 -1
    outer loop
      vertex 31.9057 -19.6055 0
      vertex 32.6661 -20.4845 0
      vertex 30.942 -20.175 0
    endloop
  endfacet
  facet normal -0 0 -1
    outer loop
      vertex 31.804 -19.4339 0
      vertex 30.942 -20.175 0
      vertex 29.5358 -19.036 0
    endloop
  endfacet
  facet normal 0 0 -1
    outer loop
      vertex 28.0951 -17.3707 0
      vertex 29.5658 -17.3238 0
      vertex 29.5358 -19.036 0
    endloop
  endfacet
  facet normal 0 -0 -1
    outer loop
      vertex 29.5658 -17.3238 0
      vertex 31.804 -19.4339 0
      vertex 29.5358 -19.036 0
    endloop
  endfacet
  facet normal -0 0 -1
    outer loop
      vertex 29.9537 -14.6824 0
      vertex 29.7168 -17.1637 0
      vertex 28.8642 -14.2861 0
    endloop
  endfacet
  facet normal 0 0 -1
    outer loop
      vertex 31.7945 -17.0809 0
      vertex 30.6528 -16.9982 0
      vertex 32.3061 -14.7979 0
    endloop
  endfacet
  facet normal -0 0 -1
    outer loop
      vertex 34.075 -16.0945 0
      vertex 31.7945 -17.0809 0
      vertex 32.3061 -14.7979 0
    endloop
  endfacet
  facet normal 0 0 -1
    outer loop
      vertex 34.3234 -17.7225 0
      vertex 34.075 -16.0945 0
      vertex 35.4699 -16.3048 0
    endloop
  endfacet
  facet normal 0 0 -1
    outer loop
      vertex 38.3463 -19.4559 0
      vertex 44.5503 -22.6995 0
      vertex 43.8153 -24.0877 0
    endloop
  endfacet
  facet normal 0 0 -1
    outer loop
      vertex 37.5573 -18.2099 0
      vertex 35.4699 -16.3048 0
      vertex 36.9463 -16.4902 0
    endloop
  endfacet
  facet normal 0 0 -1
    outer loop
      vertex 37.8661 -16.1193 0
      vertex 38.9664 -15.4103 0
      vertex 39.3017 -17.4454 0
    endloop
  endfacet
  facet normal 0 0 -1
    outer loop
      vertex 45.2413 -21.289 0
      vertex 39.3017 -17.4454 0
      vertex 45.8877 -19.8574 0
    endloop
  endfacet
  facet normal 0 0 -1
    outer loop
      vertex 39.3017 -17.4454 0
      vertex 38.9664 -15.4103 0
      vertex 40.0787 -15.5779 0
    endloop
  endfacet
  facet normal 0 0 -1
    outer loop
      vertex 37.288 -21.4143 0
      vertex 38.3463 -19.4559 0
      vertex 43.8153 -24.0877 0
    endloop
  endfacet
  facet normal 0 -0 -1
    outer loop
      vertex 37.288 -21.4143 0
      vertex 43.0371 -25.4521 0
      vertex 36.1298 -23.3154 0
    endloop
  endfacet
  facet normal 0 0 -1
    outer loop
      vertex 36.1298 -23.3154 0
      vertex 42.2164 -26.7913 0
      vertex 41.354 -28.1042 0
    endloop
  endfacet
  facet normal 0 0 -1
    outer loop
      vertex 33.5263 -26.9249 0
      vertex 34.8748 -25.1538 0
      vertex 39.5077 -30.6453 0
    endloop
  endfacet
  facet normal 0 0 -1
    outer loop
      vertex 34.8748 -25.1538 0
      vertex 41.354 -28.1042 0
      vertex 40.4508 -29.3893 0
    endloop
  endfacet
  facet normal 0 0 -1
    outer loop
      vertex -19.8702 -20.9174 0
      vertex -16.7946 -20.9494 0
      vertex -17.693 -23.1887 0
    endloop
  endfacet
  facet normal -0 0 -1
    outer loop
      vertex -25.086 -34.9236 0
      vertex -30.6453 -39.5077 0
      vertex -27.0791 -33.4019 0
    endloop
  endfacet
  facet normal 0 0 -1
    outer loop
      vertex -34.2273 -36.4484 0
      vertex -35.3553 -35.3553 0
      vertex -30.7825 -30.0234 0
    endloop
  endfacet
  facet normal 0 0 -1
    outer loop
      vertex -18.2816 -24.3476 0
      vertex -20.1208 -22.1539 0
      vertex -17.693 -23.1887 0
    endloop
  endfacet
  facet normal 0 0 -1
    outer loop
      vertex -24.0435 -25.294 0
      vertex -24.5641 -27.2628 0
      vertex -25.5485 -27.458 0
    endloop
  endfacet
  facet normal 0 0 -1
    outer loop
      vertex -36.4484 -34.2273 0
      vertex -32.4803 -28.178 0
      vertex -30.7825 -30.0234 0
    endloop
  endfacet
  facet normal 0 -0 -1
    outer loop
      vertex -34.5388 -16.5888 0
      vertex -33.2992 -17.1022 0
      vertex -35.0365 -18.5955 0
    endloop
  endfacet
  facet normal 0 0 -1
    outer loop
      vertex -37.5055 -33.0656 0
      vertex -38.5257 -31.8712 0
      vertex -32.4803 -28.178 0
    endloop
  endfacet
  facet normal 0 0 -1
    outer loop
      vertex -34.0675 -26.2368 0
      vertex -39.5077 -30.6453 0
      vertex -40.4508 -29.3893 0
    endloop
  endfacet
  facet normal -0 0 -1
    outer loop
      vertex -29.5021 -20.1283 0
      vertex -30.6411 -20.6817 0
      vertex -30.7614 -17.4103 0
    endloop
  endfacet
  facet normal 0 0 -1
    outer loop
      vertex -39.2097 -17.4066 0
      vertex -38.3004 -15.6911 0
      vertex -38.1799 -17.8197 0
    endloop
  endfacet
  facet normal 0 0 -1
    outer loop
      vertex -40.4508 -29.3893 0
      vertex -41.354 -28.1042 0
      vertex -35.539 -24.2064 0
    endloop
  endfacet
  facet normal -0 0 -1
    outer loop
      vertex -35.4983 -24.1836 0
      vertex -35.539 -24.2064 0
      vertex -36.5916 -22.3694 0
    endloop
  endfacet
  facet normal 0 0 -1
    outer loop
      vertex -42.2164 -26.7913 0
      vertex -43.0371 -25.4521 0
      vertex -36.6922 -22.4198 0
    endloop
  endfacet
  facet normal 0 -0 -1
    outer loop
      vertex -33.2992 -17.1022 0
      vertex -32.0449 -17.4983 0
      vertex -34.0142 -19.2219 0
    endloop
  endfacet
  facet normal 0 0 -1
    outer loop
      vertex -35.0365 -18.5955 0
      vertex -33.2992 -17.1022 0
      vertex -34.0142 -19.2219 0
    endloop
  endfacet
  facet normal 0 0 -1
    outer loop
      vertex -26.7607 -26.7177 0
      vertex -24.0435 -25.294 0
      vertex -25.5485 -27.458 0
    endloop
  endfacet
  facet normal 0 0 -1
    outer loop
      vertex -29.5021 -20.1283 0
      vertex -29.2944 -17.1022 0
      vertex -28.1029 -19.7377 0
    endloop
  endfacet
  facet normal 0 0 -1
    outer loop
      vertex -30.7614 -17.4103 0
      vertex -29.2944 -17.1022 0
      vertex -29.5021 -20.1283 0
    endloop
  endfacet
  facet normal 0 0 -1
    outer loop
      vertex -28.1029 -19.7377 0
      vertex -29.2944 -17.1022 0
      vertex -27.6712 -16.6678 0
    endloop
  endfacet
  facet normal 0 0 -1
    outer loop
      vertex -25.2312 -19.7377 0
      vertex -28.1029 -19.7377 0
      vertex -27.6712 -16.6678 0
    endloop
  endfacet
  facet normal 0 0 -1
    outer loop
      vertex -24.3068 -16.2221 0
      vertex -25.2312 -19.7377 0
      vertex -27.6712 -16.6678 0
    endloop
  endfacet
  facet normal 0 -0 -1
    outer loop
      vertex -23.1185 -15.7893 0
      vertex -22.4705 -18.7698 0
      vertex -24.3068 -16.2221 0
    endloop
  endfacet
  facet normal -0 0 -1
    outer loop
      vertex -20.22 -17.3623 0
      vertex -21.4386 -18.2682 0
      vertex -23.1185 -15.7893 0
    endloop
  endfacet
  facet normal 0 0 -1
    outer loop
      vertex -16.7946 -20.9494 0
      vertex -19.8702 -20.9174 0
      vertex -20.0217 -19.1602 0
    endloop
  endfacet
  facet normal 0 -0 -1
    outer loop
      vertex -22.275 -14.9897 0
      vertex -20.22 -17.3623 0
      vertex -23.1185 -15.7893 0
    endloop
  endfacet
  facet normal -0 0 -1
    outer loop
      vertex -15.6444 -16.8999 0
      vertex -20.0217 -17.4825 0
      vertex -15.9218 -13.6106 0
    endloop
  endfacet
  facet normal 0 0 -1
    outer loop
      vertex -21.0978 -26.5752 0
      vertex -18.587 -25.7925 0
      vertex -18.1555 -28.2064 0
    endloop
  endfacet
  facet normal 0 0 -1
    outer loop
      vertex -21.0978 -26.5752 0
      vertex -21.3833 -26.3435 0
      vertex -18.587 -25.7925 0
    endloop
  endfacet
  facet normal 0 0 -1
    outer loop
      vertex -21.4972 -27.8322 0
      vertex -21.0978 -26.5752 0
      vertex -20.1334 -29.3432 0
    endloop
  endfacet
  facet normal 0 0 -1
    outer loop
      vertex -26.7607 -27.0675 0
      vertex -26.7607 -26.7177 0
      vertex -25.5485 -27.458 0
    endloop
  endfacet
  facet normal 0 -0 -1
    outer loop
      vertex -24.0435 -25.294 0
      vertex -23.0673 -27.0431 0
      vertex -24.5641 -27.2628 0
    endloop
  endfacet
  facet normal 0 -0 -1
    outer loop
      vertex -18.1555 -28.2064 0
      vertex -18.0442 -29.2122 0
      vertex -20.1334 -29.3432 0
    endloop
  endfacet
  facet normal 0 0 -1
    outer loop
      vertex -22.4327 -24.3667 0
      vertex -23.0673 -27.0431 0
      vertex -24.0435 -25.294 0
    endloop
  endfacet
  facet normal 0 0 -1
    outer loop
      vertex -24.0147 -35.6688 0
      vertex -25.086 -34.9236 0
      vertex -23.9464 -35.5814 0
    endloop
  endfacet
  facet normal 0 0 -1
    outer loop
      vertex -20.9115 -23.2115 0
      vertex -21.3833 -26.3435 0
      vertex -22.4327 -24.3667 0
    endloop
  endfacet
  facet normal 0 0 -1
    outer loop
      vertex -25.086 -34.9236 0
      vertex -25.0349 -34.8385 0
      vertex -23.9464 -35.5814 0
    endloop
  endfacet
  facet normal -0 0 -1
    outer loop
      vertex -18.7859 -32.7222 0
      vertex -20.4685 -33.8352 0
      vertex -20.2808 -32.32 0
    endloop
  endfacet
  facet normal 0 0 -1
    outer loop
      vertex -21.206 -30.5098 0
      vertex -22.3399 -32.6284 0
      vertex -23.735 -31.554 0
    endloop
  endfacet
  facet normal 0 0 -1
    outer loop
      vertex -18.4062 -46.4888 0
      vertex -14.0964 -40.6234 0
      vertex -16.9369 -47.044 0
    endloop
  endfacet
  facet normal 0 0 -1
    outer loop
      vertex -21.289 -45.2413 0
      vertex -19.0375 -38.5557 0
      vertex -16.5992 -39.6666 0
    endloop
  endfacet
  facet normal -0 0 -1
    outer loop
      vertex -39.2097 -17.4066 0
      vertex -39.3167 -17.4118 0
      vertex -39.4531 -15.3565 0
    endloop
  endfacet
  facet normal 0 0 -1
    outer loop
      vertex -43.0371 -25.4521 0
      vertex -43.8153 -24.0877 0
      vertex -37.64 -20.7894 0
    endloop
  endfacet
  facet normal -0 0 -1
    outer loop
      vertex -37.64 -20.7894 0
      vertex -44.5503 -22.6995 0
      vertex -38.5154 -19.119 0
    endloop
  endfacet
  facet normal 0 0 -1
    outer loop
      vertex -38.5154 -19.119 0
      vertex -44.5503 -22.6995 0
      vertex -45.2413 -21.289 0
    endloop
  endfacet
  facet normal -0 -0 -1
    outer loop
      vertex -39.4531 -15.3565 0
      vertex -39.3167 -17.4118 0
      vertex -40.4656 -14.5432 0
    endloop
  endfacet
  facet normal 0 0 -1
    outer loop
      vertex -39.3167 -17.4118 0
      vertex -45.2413 -21.289 0
      vertex -45.8877 -19.8574 0
    endloop
  endfacet
  facet normal -0 0 -1
    outer loop
      vertex -38.3004 -15.6911 0
      vertex -39.2097 -17.4066 0
      vertex -39.4531 -15.3565 0
    endloop
  endfacet
  facet normal 0 0 -1
    outer loop
      vertex -37.1734 -18.0292 0
      vertex -38.1799 -17.8197 0
      vertex -38.3004 -15.6911 0
    endloop
  endfacet
  facet normal 0 0 -1
    outer loop
      vertex -35.0365 -18.5955 0
      vertex -37.1734 -18.0292 0
      vertex -35.5804 -16.068 0
    endloop
  endfacet
  facet normal 0 -0 -1
    outer loop
      vertex -34.0142 -19.2219 0
      vertex -31.3031 -21.367 0
      vertex -34.259 -20.3982 0
    endloop
  endfacet
  facet normal 0 0 -1
    outer loop
      vertex -34.0142 -19.2219 0
      vertex -30.6411 -20.6817 0
      vertex -31.3031 -21.367 0
    endloop
  endfacet
  facet normal 0 0 -1
    outer loop
      vertex -33.1955 -22.7071 0
      vertex -34.259 -20.3982 0
      vertex -31.3031 -21.367 0
    endloop
  endfacet
  facet normal 0 0 -1
    outer loop
      vertex -33.1955 -22.7071 0
      vertex -35.236 -21.4095 0
      vertex -34.259 -20.3982 0
    endloop
  endfacet
  facet normal 0 0 -1
    outer loop
      vertex -35.4983 -24.1836 0
      vertex -36.5916 -22.3694 0
      vertex -35.236 -21.4095 0
    endloop
  endfacet
  facet normal 0 -0 -1
    outer loop
      vertex -4.82755 -37.5465 0
      vertex -3.05922 -38.6796 0
      vertex -5.25009 -38.6315 0
    endloop
  endfacet
  facet normal 0 0 -1
    outer loop
      vertex -10.9072 -48.7958 0
      vertex -12.4345 -48.4292 0
      vertex -8.93639 -42.0605 0
    endloop
  endfacet
  facet normal 0 0 -1
    outer loop
      vertex -14.5574 -27.501 0
      vertex -12.378 -25.5848 0
      vertex -11.3303 -26.8392 0
    endloop
  endfacet
  facet normal 0 0 -1
    outer loop
      vertex -15.4508 -47.5528 0
      vertex -14.0964 -40.6234 0
      vertex -11.5387 -41.4225 0
    endloop
  endfacet
  facet normal 0 0 -1
    outer loop
      vertex -19.8574 -45.8877 0
      vertex -16.5992 -39.6666 0
      vertex -18.4062 -46.4888 0
    endloop
  endfacet
  facet normal 0 0 -1
    outer loop
      vertex -20.2808 -35.8867 0
      vertex -18.8543 -35.8087 0
      vertex -18.7177 -37.0422 0
    endloop
  endfacet
  facet normal 0 0 -1
    outer loop
      vertex -22.6995 -44.5503 0
      vertex -20.0984 -38.0134 0
      vertex -19.0375 -38.5557 0
    endloop
  endfacet
  facet normal 0 0 -1
    outer loop
      vertex -24.0877 -43.8153 0
      vertex -21.4312 -37.2783 0
      vertex -20.0984 -38.0134 0
    endloop
  endfacet
  facet normal -0 0 -1
    outer loop
      vertex -21.206 -30.5098 0
      vertex -23.735 -31.554 0
      vertex -23.4475 -30.3389 0
    endloop
  endfacet
  facet normal 0 0 -1
    outer loop
      vertex -14.5574 -27.501 0
      vertex -14.7698 -26.3129 0
      vertex -12.378 -25.5848 0
    endloop
  endfacet
  facet normal 0 0 -1
    outer loop
      vertex -22.6788 -29.4972 0
      vertex -22.2253 -28.9386 0
      vertex -21.206 -30.5098 0
    endloop
  endfacet
  facet normal 0 0 -1
    outer loop
      vertex -21.0978 -26.5752 0
      vertex -18.1555 -28.2064 0
      vertex -20.1334 -29.3432 0
    endloop
  endfacet
  facet normal 0 0 -1
    outer loop
      vertex -16.4192 -21.5662 0
      vertex -13.9052 -22.2073 0
      vertex -16.1629 -22.9997 0
    endloop
  endfacet
  facet normal 0 0 -1
    outer loop
      vertex -21.3833 -26.3435 0
      vertex -20.9115 -23.2115 0
      vertex -18.587 -25.7925 0
    endloop
  endfacet
  facet normal 0 0 -1
    outer loop
      vertex -18.587 -25.7925 0
      vertex -20.9115 -23.2115 0
      vertex -18.2816 -24.3476 0
    endloop
  endfacet
  facet normal 0 0 -1
    outer loop
      vertex -18.2816 -24.3476 0
      vertex -20.9115 -23.2115 0
      vertex -20.1208 -22.1539 0
    endloop
  endfacet
  facet normal 0 0 -1
    outer loop
      vertex -17.693 -23.1887 0
      vertex -20.1208 -22.1539 0
      vertex -19.8702 -20.9174 0
    endloop
  endfacet
  facet normal 0 0 -1
    outer loop
      vertex -13.9052 -22.2073 0
      vertex -16.7946 -20.9494 0
      vertex -15.6444 -16.8999 0
    endloop
  endfacet
  facet normal 0 0 -1
    outer loop
      vertex -16.7946 -20.9494 0
      vertex -20.0217 -19.1602 0
      vertex -15.6444 -16.8999 0
    endloop
  endfacet
  facet normal 0 0 -1
    outer loop
      vertex -13.9052 -22.2073 0
      vertex -16.4192 -21.5662 0
      vertex -16.7946 -20.9494 0
    endloop
  endfacet
  facet normal 0 0 -1
    outer loop
      vertex -16.1629 -22.9997 0
      vertex -13.9052 -22.2073 0
      vertex -15.6548 -24.5564 0
    endloop
  endfacet
  facet normal 0 0 -1
    outer loop
      vertex -12.378 -25.5848 0
      vertex -15.6548 -24.5564 0
      vertex -13.9052 -22.2073 0
    endloop
  endfacet
  facet normal -0 0 -1
    outer loop
      vertex -12.378 -25.5848 0
      vertex -14.7698 -26.3129 0
      vertex -15.6548 -24.5564 0
    endloop
  endfacet
  facet normal 0 0 -1
    outer loop
      vertex -14.0828 -28.4432 0
      vertex -14.5574 -27.501 0
      vertex -11.3303 -26.8392 0
    endloop
  endfacet
  facet normal 0 0 -1
    outer loop
      vertex -14.0828 -28.4432 0
      vertex -11.3303 -26.8392 0
      vertex -13.2815 -29.4907 0
    endloop
  endfacet
  facet normal 0 0 -1
    outer loop
      vertex -13.2815 -29.4907 0
      vertex -10.483 -27.6362 0
      vertex -12.4903 -30.2684 0
    endloop
  endfacet
  facet normal 0 0 -1
    outer loop
      vertex -11.0979 -31.2449 0
      vertex -11.2165 -32.8429 0
      vertex -12.0903 -31.494 0
    endloop
  endfacet
  facet normal 0 0 -1
    outer loop
      vertex -10.0439 -34.2738 0
      vertex -10.2263 -34.3715 0
      vertex -10.3986 -34.3715 0
    endloop
  endfacet
  facet normal 0 0 -1
    outer loop
      vertex -5.99512 -29.9187 0
      vertex -7.26096 -33.3533 0
      vertex -8.87567 -31.5162 0
    endloop
  endfacet
  facet normal 0 -0 -1
    outer loop
      vertex -3.47308 -33.4901 0
      vertex -2.79942 -35.9005 0
      vertex -5.50577 -35.1887 0
    endloop
  endfacet
  facet normal 0 0 -1
    outer loop
      vertex -8.87567 -31.5162 0
      vertex -7.89528 -28.8256 0
      vertex -6.83521 -29.1285 0
    endloop
  endfacet
  facet normal -0 0 -1
    outer loop
      vertex -9.7729 -33.3942 0
      vertex -10.3986 -34.3715 0
      vertex -11.2165 -32.8429 0
    endloop
  endfacet
  facet normal 0 0 -1
    outer loop
      vertex -9.95399 -30.5564 0
      vertex -11.004 -30.3581 0
      vertex -10.483 -27.6362 0
    endloop
  endfacet
  facet normal -0 0 -1
    outer loop
      vertex -10.1351 -32.3404 0
      vertex -11.2165 -32.8429 0
      vertex -11.0979 -31.2449 0
    endloop
  endfacet
  facet normal 0 0 -1
    outer loop
      vertex -11.004 -30.3581 0
      vertex -11.0979 -31.2449 0
      vertex -12.0903 -31.494 0
    endloop
  endfacet
  facet normal 0 0 -1
    outer loop
      vertex -10.483 -27.6362 0
      vertex -7.89528 -28.8256 0
      vertex -9.95399 -30.5564 0
    endloop
  endfacet
  facet normal 0 0 -1
    outer loop
      vertex -12.4903 -30.2684 0
      vertex -11.004 -30.3581 0
      vertex -12.0903 -31.494 0
    endloop
  endfacet
  facet normal 0 -0 -1
    outer loop
      vertex -6.83521 -29.1285 0
      vertex -5.99512 -29.9187 0
      vertex -8.87567 -31.5162 0
    endloop
  endfacet
  facet normal 0 0 -1
    outer loop
      vertex -5.50577 -35.1887 0
      vertex -4.89256 -32.3567 0
      vertex -3.47308 -33.4901 0
    endloop
  endfacet
  facet normal 0 0 -1
    outer loop
      vertex -7.26096 -33.3533 0
      vertex -5.99512 -29.9187 0
      vertex -4.89256 -32.3567 0
    endloop
  endfacet
  facet normal 0 0 -1
    outer loop
      vertex -4.99452 -36.3571 0
      vertex -5.50577 -35.1887 0
      vertex -2.79942 -35.9005 0
    endloop
  endfacet
  facet normal 0 0 -1
    outer loop
      vertex -4.82755 -37.5465 0
      vertex -3.05922 -37.1954 0
      vertex -3.05922 -38.6796 0
    endloop
  endfacet
  facet normal 0 0 -1
    outer loop
      vertex -4.99452 -36.3571 0
      vertex -3.05922 -37.1954 0
      vertex -4.82755 -37.5465 0
    endloop
  endfacet
  facet normal -0 0 -1
    outer loop
      vertex -3.05922 -38.6796 0
      vertex -3.56393 -39.8608 0
      vertex -5.25009 -38.6315 0
    endloop
  endfacet
  facet normal 0 0 -1
    outer loop
      vertex -3.56393 -39.8608 0
      vertex -4.25531 -41.0006 0
      vertex -5.80249 -40.4128 0
    endloop
  endfacet
  facet normal 0 -0 -1
    outer loop
      vertex -5.80249 -40.4128 0
      vertex -4.25531 -41.0006 0
      vertex -6.2778 -42.4191 0
    endloop
  endfacet
  facet normal 0 -0 -1
    outer loop
      vertex -6.2778 -42.4191 0
      vertex -4.60667 -42.7517 0
      vertex -6.29927 -42.5353 0
    endloop
  endfacet
  facet normal 0 0 -1
    outer loop
      vertex -19.0375 -38.5557 0
      vertex -20.0596 -37.8846 0
      vertex -18.7177 -37.0422 0
    endloop
  endfacet
  facet normal 0 0 -1
    outer loop
      vertex -25.4521 -43.0371 0
      vertex -22.7372 -36.4964 0
      vertex -21.4312 -37.2783 0
    endloop
  endfacet
  facet normal 0 0 -1
    outer loop
      vertex -25.4521 -43.0371 0
      vertex -26.7913 -42.2164 0
      vertex -22.7372 -36.4964 0
    endloop
  endfacet
  facet normal 0 0 -1
    outer loop
      vertex -26.7913 -42.2164 0
      vertex -28.1042 -41.354 0
      vertex -24.0147 -35.6688 0
    endloop
  endfacet
  facet normal -0 0 -1
    outer loop
      vertex -24.0147 -35.6688 0
      vertex -28.1042 -41.354 0
      vertex -25.086 -34.9236 0
    endloop
  endfacet
  facet normal 0 0 -1
    outer loop
      vertex -23.9464 -35.5814 0
      vertex -25.0349 -34.8385 0
      vertex -23.6114 -34.2537 0
    endloop
  endfacet
  facet normal 0 -0 -1
    outer loop
      vertex -23.735 -31.554 0
      vertex -23.6114 -34.2537 0
      vertex -25.0349 -34.8385 0
    endloop
  endfacet
  facet normal -0 0 -1
    outer loop
      vertex -22.3399 -32.6284 0
      vertex -23.6114 -34.2537 0
      vertex -23.735 -31.554 0
    endloop
  endfacet
  facet normal 0 -0 -1
    outer loop
      vertex -22.6788 -29.4972 0
      vertex -21.206 -30.5098 0
      vertex -23.4475 -30.3389 0
    endloop
  endfacet
  facet normal 0 0 -1
    outer loop
      vertex -20.1334 -29.3432 0
      vertex -18.0442 -29.2122 0
      vertex -19.8383 -30.6841 0
    endloop
  endfacet
  facet normal 0 -0 -1
    outer loop
      vertex -21.4972 -27.8322 0
      vertex -20.1334 -29.3432 0
      vertex -22.2253 -28.9386 0
    endloop
  endfacet
  facet normal 0 0 -1
    outer loop
      vertex -18.0442 -29.2122 0
      vertex -18.7859 -32.7222 0
      vertex -19.8383 -30.6841 0
    endloop
  endfacet
  facet normal 0 0 -1
    outer loop
      vertex -18.7859 -32.7222 0
      vertex -20.2808 -32.32 0
      vertex -19.8383 -30.6841 0
    endloop
  endfacet
  facet normal 0 0 -1
    outer loop
      vertex -20.4685 -33.8352 0
      vertex -18.7859 -32.7222 0
      vertex -18.869 -34.2106 0
    endloop
  endfacet
  facet normal 0 0 -1
    outer loop
      vertex -20.2808 -35.8867 0
      vertex -18.869 -34.2106 0
      vertex -18.8543 -35.8087 0
    endloop
  endfacet
  facet normal 0 0 -1
    outer loop
      vertex -20.0984 -38.0134 0
      vertex -20.0596 -37.8846 0
      vertex -19.0375 -38.5557 0
    endloop
  endfacet
  facet normal 0 0 -1
    outer loop
      vertex -20.0596 -37.8846 0
      vertex -20.2808 -35.8867 0
      vertex -18.7177 -37.0422 0
    endloop
  endfacet
  facet normal -0 0 -1
    outer loop
      vertex 15.6251 -38.0386 0
      vertex 14.0547 -39.0865 0
      vertex 14.8964 -36.7192 0
    endloop
  endfacet
  facet normal 0 0 -1
    outer loop
      vertex 16.4576 -39.7255 0
      vertex 14.7683 -40.384 0
      vertex 14.7622 -40.3675 0
    endloop
  endfacet
  facet normal 0 -0 -1
    outer loop
      vertex 19.3144 -31.0776 0
      vertex 20.3719 -31.4795 0
      vertex 18.4683 -33.2466 0
    endloop
  endfacet
  facet normal 0 0 -1
    outer loop
      vertex 11.0265 -34.7565 0
      vertex 10.5168 -36.7192 0
      vertex 9.30663 -36.7192 0
    endloop
  endfacet
  facet normal 0 0 -1
    outer loop
      vertex 8.91887 -30.41 0
      vertex 6.83627 -29.8042 0
      vertex 9.04131 -28.2943 0
    endloop
  endfacet
  facet normal 0 0 -1
    outer loop
      vertex 7.82172 -49.3844 0
      vertex 6.12703 -42.5612 0
      vertex 8.32686 -42.1857 0
    endloop
  endfacet
  facet normal -0 0 -1
    outer loop
      vertex 14.9754 -28.2943 0
      vertex 13.8063 -30.7353 0
      vertex 13.6063 -28.2079 0
    endloop
  endfacet
  facet normal 0 0 -1
    outer loop
      vertex 6.23434 -41.4107 0
      vertex 4.78293 -39.6152 0
      vertex 6.13731 -39.9458 0
    endloop
  endfacet
  facet normal 0 0 -1
    outer loop
      vertex 10.4061 -28.467 0
      vertex 11.4987 -28.467 0
      vertex 11.7693 -31.0606 0
    endloop
  endfacet
  facet normal 0 0 -1
    outer loop
      vertex 6.13731 -36.2419 0
      vertex 3.91245 -36.1935 0
      vertex 6.23434 -35.9422 0
    endloop
  endfacet
  facet normal 0 0 -1
    outer loop
      vertex 4.56589 -38.3469 0
      vertex 3.91245 -36.1935 0
      vertex 6.13731 -36.2419 0
    endloop
  endfacet
  facet normal -0 0 -1
    outer loop
      vertex 6.23434 -35.9422 0
      vertex 3.91245 -36.1935 0
      vertex 3.74352 -35.2065 0
    endloop
  endfacet
  facet normal 0 -0 -1
    outer loop
      vertex 7.75291 -27.918 0
      vertex 9.04131 -28.2943 0
      vertex 6.83627 -29.8042 0
    endloop
  endfacet
  facet normal -0 0 -1
    outer loop
      vertex 6.01846 -32.9863 0
      vertex 3.74352 -34.5064 0
      vertex 5.29498 -31.6765 0
    endloop
  endfacet
  facet normal 0 0 -1
    outer loop
      vertex 6.17497 -29.8636 0
      vertex 3.02881 -29.0175 0
      vertex 6.44995 -27.1109 0
    endloop
  endfacet
  facet normal -0 0 -1
    outer loop
      vertex 5.29498 -31.6765 0
      vertex 3.74352 -34.5064 0
      vertex 3.02881 -30.33 0
    endloop
  endfacet
  facet normal 0 0 -1
    outer loop
      vertex 5.52034 -30.4334 0
      vertex 3.02881 -29.0175 0
      vertex 6.17497 -29.8636 0
    endloop
  endfacet
  facet normal -0 0 -1
    outer loop
      vertex 6.83627 -29.8042 0
      vertex 6.17497 -29.8636 0
      vertex 6.44995 -27.1109 0
    endloop
  endfacet
  facet normal 0 -0 -1
    outer loop
      vertex 9.04131 -28.2943 0
      vertex 10.4061 -28.467 0
      vertex 8.91887 -30.41 0
    endloop
  endfacet
  facet normal -0 0 -1
    outer loop
      vertex 17.9857 -29.4129 0
      vertex 15.7677 -31.0167 0
      vertex 16.6469 -28.7823 0
    endloop
  endfacet
  facet normal 0 0 -1
    outer loop
      vertex 14.9805 -30.854 0
      vertex 13.8063 -30.7353 0
      vertex 14.9754 -28.2943 0
    endloop
  endfacet
  facet normal 0 0 -1
    outer loop
      vertex 18.6551 -30.4121 0
      vertex 17.517 -32.5351 0
      vertex 15.7677 -31.0167 0
    endloop
  endfacet
  facet normal -0 0 -1
    outer loop
      vertex 19.3144 -31.0776 0
      vertex 17.517 -32.5351 0
      vertex 18.6551 -30.4121 0
    endloop
  endfacet
  facet normal -0 0 -1
    outer loop
      vertex 24.0877 -43.8153 0
      vertex 22.6995 -44.5503 0
      vertex 20.6724 -37.7044 0
    endloop
  endfacet
  facet normal 0 0 -1
    outer loop
      vertex 25.4521 -43.0371 0
      vertex 22.6912 -36.525 0
      vertex 26.7913 -42.2164 0
    endloop
  endfacet
  facet normal 0 0 -1
    outer loop
      vertex 18.4683 -33.2466 0
      vertex 20.3719 -31.4795 0
      vertex 21.0762 -33.1487 0
    endloop
  endfacet
  facet normal 0 0 -1
    outer loop
      vertex 22.1766 -32.8723 0
      vertex 21.8268 -31.5974 0
      vertex 26.2042 -31.2485 0
    endloop
  endfacet
  facet normal 0 0 -1
    outer loop
      vertex 30.6453 -39.5077 0
      vertex 25.2999 -34.769 0
      vertex 26.3892 -33.9496 0
    endloop
  endfacet
  facet normal 0 0 -1
    outer loop
      vertex 24.1851 -35.5535 0
      vertex 29.3893 -40.4508 0
      vertex 28.1042 -41.354 0
    endloop
  endfacet
  facet normal -0 0 -1
    outer loop
      vertex 22.6995 -44.5503 0
      vertex 21.289 -45.2413 0
      vertex 18.5925 -38.7722 0
    endloop
  endfacet
  facet normal 0 -0 -1
    outer loop
      vertex 18.5925 -38.7722 0
      vertex 19.8574 -45.8877 0
      vertex 16.4576 -39.7255 0
    endloop
  endfacet
  facet normal 0 0 -1
    outer loop
      vertex 29.3893 -40.4508 0
      vertex 24.1851 -35.5535 0
      vertex 25.2999 -34.769 0
    endloop
  endfacet
  facet normal 0 -0 -1
    outer loop
      vertex 24.1851 -35.5535 0
      vertex 26.7913 -42.2164 0
      vertex 22.6912 -36.525 0
    endloop
  endfacet
  facet normal 0 0 -1
    outer loop
      vertex 21.7151 -35.6777 0
      vertex 20.7925 -34.9877 0
      vertex 22.0968 -34.1481 0
    endloop
  endfacet
  facet normal 0 0 -1
    outer loop
      vertex 21.0762 -33.1487 0
      vertex 20.3719 -31.4795 0
      vertex 21.8268 -31.5974 0
    endloop
  endfacet
  facet normal 0 0 -1
    outer loop
      vertex 19.9032 -34.4921 0
      vertex 21.0762 -33.1487 0
      vertex 20.7925 -34.9877 0
    endloop
  endfacet
  facet normal -0 0 -1
    outer loop
      vertex 22.1766 -32.8723 0
      vertex 21.0762 -33.1487 0
      vertex 21.8268 -31.5974 0
    endloop
  endfacet
  facet normal 0 0 -1
    outer loop
      vertex 27.4519 -33.0961 0
      vertex 26.3493 -32.8723 0
      vertex 26.2042 -31.2485 0
    endloop
  endfacet
  facet normal 0 0 -1
    outer loop
      vertex 26.3493 -32.8723 0
      vertex 22.1766 -32.8723 0
      vertex 26.2042 -31.2485 0
    endloop
  endfacet
  facet normal 0 0 -1
    outer loop
      vertex 26.3892 -33.9496 0
      vertex 27.4519 -33.0961 0
      vertex 31.8712 -38.5257 0
    endloop
  endfacet
  facet normal 0 0 -1
    outer loop
      vertex 27.4519 -33.0961 0
      vertex 28.3827 -31.9464 0
      vertex 28.7083 -32.0125 0
    endloop
  endfacet
  facet normal 0 0 -1
    outer loop
      vertex 30.6453 -39.5077 0
      vertex 26.3892 -33.9496 0
      vertex 31.8712 -38.5257 0
    endloop
  endfacet
  facet normal 0 0 -1
    outer loop
      vertex 29.3893 -40.4508 0
      vertex 25.2999 -34.769 0
      vertex 30.6453 -39.5077 0
    endloop
  endfacet
  facet normal 0 -0 -1
    outer loop
      vertex 4.20361 -42.6963 0
      vertex 6.12703 -42.5612 0
      vertex 4.19826 -42.7938 0
    endloop
  endfacet
  facet normal -0 0 -1
    outer loop
      vertex 15.4508 -47.5528 0
      vertex 13.9496 -48.0147 0
      vertex 12.6534 -41.0957 0
    endloop
  endfacet
  facet normal -0 0 -1
    outer loop
      vertex 6.23434 -41.4107 0
      vertex 4.20361 -42.6963 0
      vertex 4.78293 -39.6152 0
    endloop
  endfacet
  facet normal 0 0 -1
    outer loop
      vertex 6.13731 -39.9458 0
      vertex 4.78293 -39.6152 0
      vertex 4.56589 -38.3469 0
    endloop
  endfacet
  facet normal 0 -0 -1
    outer loop
      vertex 6.13731 -36.2419 0
      vertex 6.13731 -39.9458 0
      vertex 4.56589 -38.3469 0
    endloop
  endfacet
  facet normal -0 0 -1
    outer loop
      vertex 7.09482 -34.2229 0
      vertex 6.23434 -35.9422 0
      vertex 6.01846 -32.9863 0
    endloop
  endfacet
  facet normal 0 0 -1
    outer loop
      vertex 6.23434 -35.9422 0
      vertex 3.74352 -35.2065 0
      vertex 3.74352 -34.5064 0
    endloop
  endfacet
  facet normal -0 0 -1
    outer loop
      vertex 8.62482 -34.7565 0
      vertex 7.7048 -36.418 0
      vertex 7.09482 -34.2229 0
    endloop
  endfacet
  facet normal 0 0 -1
    outer loop
      vertex 11.7917 -36.9029 0
      vertex 12.512 -34.6231 0
      vertex 13.9086 -35.3792 0
    endloop
  endfacet
  facet normal 0 0 -1
    outer loop
      vertex 11.0265 -34.7565 0
      vertex 12.512 -34.6231 0
      vertex 11.7917 -36.9029 0
    endloop
  endfacet
  facet normal 0 0 -1
    outer loop
      vertex 13.0665 -37.5739 0
      vertex 11.7917 -36.9029 0
      vertex 13.9086 -35.3792 0
    endloop
  endfacet
  facet normal 0 0 -1
    outer loop
      vertex 14.0547 -39.0865 0
      vertex 13.0665 -37.5739 0
      vertex 14.8964 -36.7192 0
    endloop
  endfacet
  facet normal 0 0 -1
    outer loop
      vertex 12.6534 -41.0957 0
      vertex 14.7683 -40.384 0
      vertex 15.4508 -47.5528 0
    endloop
  endfacet
  facet normal 0 0 -1
    outer loop
      vertex 14.0547 -39.0865 0
      vertex 15.6251 -38.0386 0
      vertex 14.7622 -40.3675 0
    endloop
  endfacet
  facet normal -0 0 -1
    outer loop
      vertex 16.4576 -39.7255 0
      vertex 14.7622 -40.3675 0
      vertex 15.6251 -38.0386 0
    endloop
  endfacet
  facet normal 0 0 -1
    outer loop
      vertex 18.4062 -46.4888 0
      vertex 14.7683 -40.384 0
      vertex 16.4576 -39.7255 0
    endloop
  endfacet
  facet normal 0 0 -1
    outer loop
      vertex 10.5042 -41.6965 0
      vertex 12.6534 -41.0957 0
      vertex 13.9496 -48.0147 0
    endloop
  endfacet
  facet normal 0 0 -1
    outer loop
      vertex 10.9072 -48.7958 0
      vertex 10.5042 -41.6965 0
      vertex 12.4345 -48.4292 0
    endloop
  endfacet
  facet normal 0 0 -1
    outer loop
      vertex 9.36906 -49.1143 0
      vertex 8.32686 -42.1857 0
      vertex 10.9072 -48.7958 0
    endloop
  endfacet
  facet normal 0 0 1
    outer loop
      vertex -16.6704 7.72466 3
      vertex -16.5411 2.50861 3
      vertex -16.051 2.41713 3
    endloop
  endfacet
  facet normal 0 0 1
    outer loop
      vertex 21.0762 -33.1487 3
      vertex 20.7925 -34.9877 3
      vertex 22.0968 -34.1481 3
    endloop
  endfacet
  facet normal 0 0 1
    outer loop
      vertex 22.0968 -34.1481 3
      vertex 21.7151 -35.6777 3
      vertex 23.192 -34.9667 3
    endloop
  endfacet
  facet normal 0 0 1
    outer loop
      vertex 23.192 -34.9667 3
      vertex 21.7151 -35.6777 3
      vertex 22.6912 -36.525 3
    endloop
  endfacet
  facet normal 0 0 1
    outer loop
      vertex 24.1851 -35.5535 3
      vertex 23.192 -34.9667 3
      vertex 22.6912 -36.525 3
    endloop
  endfacet
  facet normal 0 0 1
    outer loop
      vertex 34.2273 -36.4484 3
      vertex 28.7083 -32.0125 3
      vertex 33.0656 -37.5055 3
    endloop
  endfacet
  facet normal -0 0 1
    outer loop
      vertex 17.2783 -18.2045 3
      vertex 17.973 -19.0086 3
      vertex 19.8857 -16.3137 3
    endloop
  endfacet
  facet normal 0 0 1
    outer loop
      vertex 18.9112 -23.976 3
      vertex 16.3661 -24.3036 3
      vertex 19.1734 -24.5064 3
    endloop
  endfacet
  facet normal 0 0 1
    outer loop
      vertex 19.8857 -16.3137 3
      vertex 17.973 -19.0086 3
      vertex 18.8745 -19.4651 3
    endloop
  endfacet
  facet normal 0 0 1
    outer loop
      vertex 25.2353 -18.6685 3
      vertex 25.0614 -21.9757 3
      vertex 27.8971 -20.4655 3
    endloop
  endfacet
  facet normal 0 -0 1
    outer loop
      vertex 28.0951 -17.3707 3
      vertex 29.7168 -17.1637 3
      vertex 27.5102 -16.5317 3
    endloop
  endfacet
  facet normal 0 0 1
    outer loop
      vertex 36.4484 -34.2273 3
      vertex 32.1455 -28.5593 3
      vertex 31.0435 -29.7534 3
    endloop
  endfacet
  facet normal -0 0 1
    outer loop
      vertex 29.8973 -30.905 3
      vertex 35.3553 -35.3553 3
      vertex 31.0435 -29.7534 3
    endloop
  endfacet
  facet normal 0 -0 1
    outer loop
      vertex 26.4504 -15.6734 3
      vertex 28.8642 -14.2861 3
      vertex 25.0258 -12.4359 3
    endloop
  endfacet
  facet normal 0 0 1
    outer loop
      vertex 33.5263 -26.9249 3
      vertex 32.1455 -28.5593 3
      vertex 38.5257 -31.8712 3
    endloop
  endfacet
  facet normal 0 0 1
    outer loop
      vertex 43.8153 -24.0877 3
      vertex 37.288 -21.4143 3
      vertex 43.0371 -25.4521 3
    endloop
  endfacet
  facet normal -0 0 1
    outer loop
      vertex 26.4504 -15.6734 3
      vertex 27.5102 -16.5317 3
      vertex 28.8642 -14.2861 3
    endloop
  endfacet
  facet normal 0 0 1
    outer loop
      vertex 13.2351 5.15218 3
      vertex 11.1922 6.53223 3
      vertex 12.0366 5.65154 3
    endloop
  endfacet
  facet normal 0 0 1
    outer loop
      vertex 29.7715 -23.0607 3
      vertex 29.1964 -24.5182 3
      vertex 31.026 -24.0578 3
    endloop
  endfacet
  facet normal 0 -0 1
    outer loop
      vertex 30.8737 -27.1109 3
      vertex 31.9371 -25.3645 3
      vertex 29.9577 -25.6144 3
    endloop
  endfacet
  facet normal 0 0 1
    outer loop
      vertex 42.64 -5.55273 3
      vertex 42.2277 -8.11241 3
      vertex 49.3844 -7.82172 3
    endloop
  endfacet
  facet normal -0 0 1
    outer loop
      vertex 34.5089 20.7787 3
      vertex 37.2977 20.1443 3
      vertex 37.2977 21.3973 3
    endloop
  endfacet
  facet normal 0 0 1
    outer loop
      vertex 45.8877 -19.8574 3
      vertex 40.0787 -15.5779 3
      vertex 39.3017 -17.4454 3
    endloop
  endfacet
  facet normal 0 -0 1
    outer loop
      vertex 25.22 -3.94545 3
      vertex 27.0002 -3.55795 3
      vertex 24.9286 -2.59007 3
    endloop
  endfacet
  facet normal 0 0 1
    outer loop
      vertex 38.3463 -19.4559 3
      vertex 44.5503 -22.6995 3
      vertex 45.2413 -21.289 3
    endloop
  endfacet
  facet normal -0 0 1
    outer loop
      vertex 40.0787 -15.5779 3
      vertex 47.044 -16.9369 3
      vertex 40.9446 -13.1341 3
    endloop
  endfacet
  facet normal 0 0 1
    outer loop
      vertex 49.3844 -7.82172 3
      vertex 42.2277 -8.11241 3
      vertex 49.1143 -9.36906 3
    endloop
  endfacet
  facet normal 0 0 1
    outer loop
      vertex 42.2277 -8.11241 3
      vertex 41.6616 -10.6426 3
      vertex 48.7958 -10.9072 3
    endloop
  endfacet
  facet normal 0 0 1
    outer loop
      vertex 48.0147 -13.9496 3
      vertex 40.9446 -13.1341 3
      vertex 47.5528 -15.4508 3
    endloop
  endfacet
  facet normal 0 -0 1
    outer loop
      vertex 48.0147 -13.9496 3
      vertex 48.4292 -12.4345 3
      vertex 41.6616 -10.6426 3
    endloop
  endfacet
  facet normal 0 -0 1
    outer loop
      vertex 23.0506 -0.387573 3
      vertex 25.6105 1.62999 3
      vertex 21.7617 2.46927 3
    endloop
  endfacet
  facet normal 0 0 1
    outer loop
      vertex 27.0002 -3.55795 3
      vertex 26.6243 -1.94691 3
      vertex 24.9286 -2.59007 3
    endloop
  endfacet
  facet normal 0 0 1
    outer loop
      vertex 41.9853 9.28435 3
      vertex 49.1143 9.36906 3
      vertex 48.7958 10.9072 3
    endloop
  endfacet
  facet normal 0 0 1
    outer loop
      vertex 49.7781 -4.70541 3
      vertex 42.8966 -2.97282 3
      vertex 42.64 -5.55273 3
    endloop
  endfacet
  facet normal 0 -0 1
    outer loop
      vertex 49.7781 -4.70541 3
      vertex 49.9013 -3.13951 3
      vertex 42.8966 -2.97282 3
    endloop
  endfacet
  facet normal 0 0 1
    outer loop
      vertex 49.9753 -1.57053 3
      vertex 42.986 -1.07249 3
      vertex 42.8966 -2.97282 3
    endloop
  endfacet
  facet normal 0 -0 1
    outer loop
      vertex 42.9726 1.53473 3
      vertex 49.9013 3.13951 3
      vertex 42.8 4.13628 3
    endloop
  endfacet
  facet normal -0 0 1
    outer loop
      vertex 42.986 -1.07249 3
      vertex 49.9753 -1.57053 3
      vertex 50 0 3
    endloop
  endfacet
  facet normal 0 0 1
    outer loop
      vertex 35.6853 5.23329 3
      vertex 35.4253 3.10027 3
      vertex 37.6752 4.83266 3
    endloop
  endfacet
  facet normal 0 0 1
    outer loop
      vertex 48.4292 12.4345 3
      vertex 48.0147 13.9496 3
      vertex 41.3455 11.8119 3
    endloop
  endfacet
  facet normal 0 0 1
    outer loop
      vertex 46.4888 18.4062 3
      vertex 40.5536 14.296 3
      vertex 47.044 16.9369 3
    endloop
  endfacet
  facet normal 0 0 1
    outer loop
      vertex 30.0654 30.7414 3
      vertex 35.3553 35.3553 3
      vertex 34.2273 36.4484 3
    endloop
  endfacet
  facet normal 0 -0 1
    outer loop
      vertex 31.9018 13.4872 3
      vertex 32.32 14.8811 3
      vertex 30.2392 15.5377 3
    endloop
  endfacet
  facet normal 0 0 1
    outer loop
      vertex 32.32 14.8811 3
      vertex 30.5603 16.6124 3
      vertex 30.2392 15.5377 3
    endloop
  endfacet
  facet normal 0 0 1
    outer loop
      vertex 45.2413 21.289 3
      vertex 38.526 19.0975 3
      vertex 39.6126 16.7275 3
    endloop
  endfacet
  facet normal 0 0 1
    outer loop
      vertex 36.3332 19.0169 3
      vertex 34.5089 20.7787 3
      vertex 35.068 18.3261 3
    endloop
  endfacet
  facet normal -0 0 1
    outer loop
      vertex 32.8389 18.739 3
      vertex 35.068 18.3261 3
      vertex 33.7967 19.633 3
    endloop
  endfacet
  facet normal 0 0 1
    outer loop
      vertex 36.4484 34.2273 3
      vertex 35.3553 35.3553 3
      vertex 30.0654 30.7414 3
    endloop
  endfacet
  facet normal 0 0 1
    outer loop
      vertex 42.2164 26.7913 3
      vertex 41.354 28.1042 3
      vertex 35.2807 24.5813 3
    endloop
  endfacet
  facet normal 0 0 1
    outer loop
      vertex 34.5089 20.7787 3
      vertex 37.2977 21.3973 3
      vertex 34.7705 21.744 3
    endloop
  endfacet
  facet normal 0 0 1
    outer loop
      vertex 35.2807 24.5813 3
      vertex 34.9455 23.6781 3
      vertex 34.9455 23.2766 3
    endloop
  endfacet
  facet normal -0 0 1
    outer loop
      vertex 34.7705 22.631 3
      vertex 37.2977 21.3973 3
      vertex 34.9455 23.2766 3
    endloop
  endfacet
  facet normal 0 0 1
    outer loop
      vertex 40.4508 29.3893 3
      vertex 35.2807 24.5813 3
      vertex 41.354 28.1042 3
    endloop
  endfacet
  facet normal 0 0 1
    outer loop
      vertex 39.5077 30.6453 3
      vertex 38.5257 31.8712 3
      vertex 33.6722 26.7423 3
    endloop
  endfacet
  facet normal 0 0 1
    outer loop
      vertex 37.5055 33.0656 3
      vertex 36.4484 34.2273 3
      vertex 31.9314 28.7983 3
    endloop
  endfacet
  facet normal 0 0 1
    outer loop
      vertex 37.5055 33.0656 3
      vertex 31.9314 28.7983 3
      vertex 38.5257 31.8712 3
    endloop
  endfacet
  facet normal 0 0 1
    outer loop
      vertex 39.5077 30.6453 3
      vertex 33.6722 26.7423 3
      vertex 40.4508 29.3893 3
    endloop
  endfacet
  facet normal 0 0 1
    outer loop
      vertex 23.0506 -0.387573 3
      vertex 24.2442 -1.23839 3
      vertex 25.6793 -0.435135 3
    endloop
  endfacet
  facet normal 0 -0 1
    outer loop
      vertex 23.7909 35.8184 3
      vertex 26.7913 42.2164 3
      vertex 21.5012 37.2379 3
    endloop
  endfacet
  facet normal 0 0 1
    outer loop
      vertex 33.0656 37.5055 3
      vertex 28.0814 32.5638 3
      vertex 34.2273 36.4484 3
    endloop
  endfacet
  facet normal 0 0 1
    outer loop
      vertex 23.7909 35.8184 3
      vertex 29.3893 40.4508 3
      vertex 28.1042 41.354 3
    endloop
  endfacet
  facet normal 0 0 1
    outer loop
      vertex 23.7909 35.8184 3
      vertex 28.1042 41.354 3
      vertex 26.7913 42.2164 3
    endloop
  endfacet
  facet normal 0 0 1
    outer loop
      vertex 33.0656 37.5055 3
      vertex 31.8712 38.5257 3
      vertex 28.0814 32.5638 3
    endloop
  endfacet
  facet normal 0 0 1
    outer loop
      vertex 1.8185 38.8024 3
      vertex -0.842667 36.8861 3
      vertex 2.37778 37.1826 3
    endloop
  endfacet
  facet normal 0 -0 1
    outer loop
      vertex 16.6781 39.6335 3
      vertex 18.4062 46.4888 3
      vertex 15.0708 40.272 3
    endloop
  endfacet
  facet normal 0 0 1
    outer loop
      vertex 21.289 45.2413 3
      vertex 19.8574 45.8877 3
      vertex 16.6781 39.6335 3
    endloop
  endfacet
  facet normal 0 0 1
    outer loop
      vertex 19.8574 45.8877 3
      vertex 18.4062 46.4888 3
      vertex 16.6781 39.6335 3
    endloop
  endfacet
  facet normal -0 0 1
    outer loop
      vertex 5.11264 40.6474 3
      vertex 6.50952 38.9403 3
      vertex 6.00253 41.4719 3
    endloop
  endfacet
  facet normal 0 0 1
    outer loop
      vertex 12.4345 48.4292 3
      vertex 11.0287 41.5613 3
      vertex 13.9496 48.0147 3
    endloop
  endfacet
  facet normal 0 0 1
    outer loop
      vertex 7.62531 39.9176 3
      vertex 7.50055 42.3405 3
      vertex 6.00253 41.4719 3
    endloop
  endfacet
  facet normal 0 -0 1
    outer loop
      vertex 15.0708 40.272 3
      vertex 16.9369 47.044 3
      vertex 13.0657 40.9665 3
    endloop
  endfacet
  facet normal 0 0 1
    outer loop
      vertex 13.0657 40.9665 3
      vertex 16.9369 47.044 3
      vertex 15.4508 47.5528 3
    endloop
  endfacet
  facet normal -0 0 1
    outer loop
      vertex 19.1272 38.5113 3
      vertex 21.5012 37.2379 3
      vertex 24.0877 43.8153 3
    endloop
  endfacet
  facet normal 0 -0 1
    outer loop
      vertex 11.0287 41.5613 3
      vertex 12.4345 48.4292 3
      vertex 10.9072 48.7958 3
    endloop
  endfacet
  facet normal 0 -0 1
    outer loop
      vertex 7.50055 42.3405 3
      vertex 7.82172 49.3844 3
      vertex 5.40471 42.6586 3
    endloop
  endfacet
  facet normal 0 0 1
    outer loop
      vertex 9.36906 49.1143 3
      vertex 7.50055 42.3405 3
      vertex 8.96483 42.0547 3
    endloop
  endfacet
  facet normal 0 0 1
    outer loop
      vertex 9.36906 49.1143 3
      vertex 7.82172 49.3844 3
      vertex 7.50055 42.3405 3
    endloop
  endfacet
  facet normal 0 0 1
    outer loop
      vertex 6.26665 49.6057 3
      vertex 4.70541 49.7781 3
      vertex 5.40471 42.6586 3
    endloop
  endfacet
  facet normal 0 0 1
    outer loop
      vertex 3.13951 49.9013 3
      vertex 1.57053 49.9753 3
      vertex 1.17874 42.9834 3
    endloop
  endfacet
  facet normal -0 0 1
    outer loop
      vertex 3.29575 42.8732 3
      vertex 5.40471 42.6586 3
      vertex 4.70541 49.7781 3
    endloop
  endfacet
  facet normal 0 0 1
    outer loop
      vertex 3.13951 49.9013 3
      vertex 1.17874 42.9834 3
      vertex 3.29575 42.8732 3
    endloop
  endfacet
  facet normal 0 0 1
    outer loop
      vertex 1.57053 49.9753 3
      vertex 0 50 3
      vertex 1.17874 42.9834 3
    endloop
  endfacet
  facet normal 0 0 1
    outer loop
      vertex -12.8977 41.0197 3
      vertex -13.9496 48.0147 3
      vertex -15.4508 47.5528 3
    endloop
  endfacet
  facet normal 0 0 1
    outer loop
      vertex 1.17874 42.9834 3
      vertex 0 50 3
      vertex -0.941025 42.9893 3
    endloop
  endfacet
  facet normal 0 -0 1
    outer loop
      vertex -0.941025 42.9893 3
      vertex 0 50 3
      vertex -1.57053 49.9753 3
    endloop
  endfacet
  facet normal 0 -0 1
    outer loop
      vertex 39.5077 -30.6453 3
      vertex 40.4508 -29.3893 3
      vertex 34.8748 -25.1538 3
    endloop
  endfacet
  facet normal -0 0 1
    outer loop
      vertex -26.7913 42.2164 3
      vertex -22.3445 36.7382 3
      vertex -25.4521 43.0371 3
    endloop
  endfacet
  facet normal 0 -0 1
    outer loop
      vertex -6.3244 41.4264 3
      vertex -5.14108 42.6912 3
      vertex -6.54332 42.4988 3
    endloop
  endfacet
  facet normal 0 -0 1
    outer loop
      vertex -4.27203 42.7869 3
      vertex -3.40128 42.8649 3
      vertex -4.70541 49.7781 3
    endloop
  endfacet
  facet normal 0 0 1
    outer loop
      vertex -0.941025 42.9893 3
      vertex -2.52899 42.9252 3
      vertex -2.22557 41.3054 3
    endloop
  endfacet
  facet normal 0 0 1
    outer loop
      vertex -24.5959 35.2705 3
      vertex -29.3893 40.4508 3
      vertex -26.7512 33.6652 3
    endloop
  endfacet
  facet normal 0 -0 1
    outer loop
      vertex -1.17435 39.0957 3
      vertex 0.118652 41.6971 3
      vertex -2.22557 41.3054 3
    endloop
  endfacet
  facet normal 0 0 1
    outer loop
      vertex 1.8185 38.8024 3
      vertex 1.02304 40.3605 3
      vertex -1.17435 39.0957 3
    endloop
  endfacet
  facet normal 0 0 1
    outer loop
      vertex -40.4508 29.3893 3
      vertex -41.354 28.1042 3
      vertex -35.8068 23.8084 3
    endloop
  endfacet
  facet normal -0 0 1
    outer loop
      vertex -37.5055 33.0656 3
      vertex -32.5585 28.0876 3
      vertex -36.4484 34.2273 3
    endloop
  endfacet
  facet normal 0 0 1
    outer loop
      vertex -6.3244 41.4264 3
      vertex -4.80779 41.5249 3
      vertex -5.14108 42.6912 3
    endloop
  endfacet
  facet normal 0 0 1
    outer loop
      vertex -12.8977 41.0197 3
      vertex -12.2373 38.9159 3
      vertex -10.7423 40.553 3
    endloop
  endfacet
  facet normal -0 0 1
    outer loop
      vertex -12.2373 38.9159 3
      vertex -9.86295 38.6706 3
      vertex -10.3153 39.508 3
    endloop
  endfacet
  facet normal -0 0 1
    outer loop
      vertex -0.842667 36.8861 3
      vertex 2.76643 35.8968 3
      vertex 2.37778 37.1826 3
    endloop
  endfacet
  facet normal 0 0 1
    outer loop
      vertex -0.842667 36.8861 3
      vertex 3.42015 34.8725 3
      vertex 2.76643 35.8968 3
    endloop
  endfacet
  facet normal 0 0 1
    outer loop
      vertex -34.2496 25.9987 3
      vertex -40.4508 29.3893 3
      vertex -35.8068 23.8084 3
    endloop
  endfacet
  facet normal -0 0 1
    outer loop
      vertex -39.5077 30.6453 3
      vertex -34.2496 25.9987 3
      vertex -38.5257 31.8712 3
    endloop
  endfacet
  facet normal 0 0 1
    outer loop
      vertex -32.5585 28.0876 3
      vertex -37.5055 33.0656 3
      vertex -38.5257 31.8712 3
    endloop
  endfacet
  facet normal 0 0 1
    outer loop
      vertex -8.15775 -17.4977 3
      vertex -10.3975 -15.2553 3
      vertex -9.9953 -16.7102 3
    endloop
  endfacet
  facet normal 0 0 1
    outer loop
      vertex -37.2242 21.525 3
      vertex -42.2164 26.7913 3
      vertex -43.0371 25.4521 3
    endloop
  endfacet
  facet normal 0 0 1
    outer loop
      vertex -13.4538 38.9784 3
      vertex -15.7816 39.9989 3
      vertex -15.5138 37.6192 3
    endloop
  endfacet
  facet normal 0 0 1
    outer loop
      vertex -12.2373 38.9159 3
      vertex -13.4538 38.9784 3
      vertex -12.4408 35.9275 3
    endloop
  endfacet
  facet normal 0 0 1
    outer loop
      vertex -15.7816 39.9989 3
      vertex -17.5891 39.2377 3
      vertex -16.557 38.2567 3
    endloop
  endfacet
  facet normal 0 -0 1
    outer loop
      vertex -37.2242 21.525 3
      vertex -35.8068 23.8084 3
      vertex -42.2164 26.7913 3
    endloop
  endfacet
  facet normal -0 0 1
    outer loop
      vertex -42.2164 26.7913 3
      vertex -35.8068 23.8084 3
      vertex -41.354 28.1042 3
    endloop
  endfacet
  facet normal 0 0 1
    outer loop
      vertex -1.95004 37.7536 3
      vertex -3.34833 39.3611 3
      vertex -5.26709 35.4659 3
    endloop
  endfacet
  facet normal 0 0 1
    outer loop
      vertex -33.124 8.41252 3
      vertex -31.8643 6.03438 3
      vertex -31.9952 7.88463 3
    endloop
  endfacet
  facet normal -0 0 1
    outer loop
      vertex -31.8712 -38.5257 3
      vertex -30.6453 -39.5077 3
      vertex -27.0791 -33.4019 3
    endloop
  endfacet
  facet normal 0 0 1
    outer loop
      vertex -45.2413 21.289 3
      vertex -39.6178 16.7153 3
      vertex -38.4961 19.1576 3
    endloop
  endfacet
  facet normal 0 0 1
    outer loop
      vertex -42.7773 -4.36719 3
      vertex -42.9652 -1.72084 3
      vertex -49.9013 -3.13951 3
    endloop
  endfacet
  facet normal -0 0 1
    outer loop
      vertex -35.398 -5.87654 3
      vertex -34.4188 -6.15305 3
      vertex -34.7345 -4.70433 3
    endloop
  endfacet
  facet normal 0 0 1
    outer loop
      vertex -40.4656 -14.5432 3
      vertex -47.5528 -15.4508 3
      vertex -47.044 -16.9369 3
    endloop
  endfacet
  facet normal 0 0 1
    outer loop
      vertex -41.7905 -10.1254 3
      vertex -42.2734 -7.86971 3
      vertex -48.7958 -10.9072 3
    endloop
  endfacet
  facet normal -0 0 1
    outer loop
      vertex -44.5503 22.6995 3
      vertex -38.4961 19.1576 3
      vertex -43.8153 24.0877 3
    endloop
  endfacet
  facet normal 0 0 1
    outer loop
      vertex 13.7449 12.1256 3
      vertex 13.2742 13.0711 3
      vertex 12.4317 13.6531 3
    endloop
  endfacet
  facet normal 0 0 1
    outer loop
      vertex -42.2164 -26.7913 3
      vertex -35.539 -24.2064 3
      vertex -36.6922 -22.4198 3
    endloop
  endfacet
  facet normal 0 0 1
    outer loop
      vertex -5.23804 29.8211 3
      vertex -5.26709 35.4659 3
      vertex -6.97525 31.7353 3
    endloop
  endfacet
  facet normal 0 0 1
    outer loop
      vertex -37.6951 6.66252 3
      vertex -37.4985 4.85233 3
      vertex -35.8736 5.67238 3
    endloop
  endfacet
  facet normal 0 0 1
    outer loop
      vertex -30.5388 7.37491 3
      vertex -31.9952 7.88463 3
      vertex -31.8643 6.03438 3
    endloop
  endfacet
  facet normal 0 0 1
    outer loop
      vertex -43.0371 -25.4521 3
      vertex -36.6922 -22.4198 3
      vertex -37.64 -20.7894 3
    endloop
  endfacet
  facet normal 0 0 1
    outer loop
      vertex -35.4983 -24.1836 3
      vertex -33.1955 -22.7071 3
      vertex -35.236 -21.4095 3
    endloop
  endfacet
  facet normal 0 -0 1
    outer loop
      vertex -12.2962 21.782 3
      vertex -12.0405 21.9649 3
      vertex -12.8163 23.3836 3
    endloop
  endfacet
  facet normal 0 0 1
    outer loop
      vertex -35.539 -24.2064 3
      vertex -42.2164 -26.7913 3
      vertex -41.354 -28.1042 3
    endloop
  endfacet
  facet normal 0 0 1
    outer loop
      vertex -34.2617 -12.4983 3
      vertex -35.7389 -9.47672 3
      vertex -39.8932 -9.85545 3
    endloop
  endfacet
  facet normal 0 0 1
    outer loop
      vertex -34.0675 -26.2368 3
      vertex -35.539 -24.2064 3
      vertex -40.4508 -29.3893 3
    endloop
  endfacet
  facet normal 0 0 1
    outer loop
      vertex -35.7389 -9.47672 3
      vertex -34.2617 -12.4983 3
      vertex -34.6825 -9.75208 3
    endloop
  endfacet
  facet normal 0 0 1
    outer loop
      vertex -34.2617 -12.4983 3
      vertex -32.276 -10.0584 3
      vertex -33.7161 -9.81654 3
    endloop
  endfacet
  facet normal 0 0 1
    outer loop
      vertex -35.5804 -16.068 3
      vertex -38.3004 -15.6911 3
      vertex -37.1734 -18.0292 3
    endloop
  endfacet
  facet normal 0 -0 1
    outer loop
      vertex -31.8712 -38.5257 3
      vertex -27.0791 -33.4019 3
      vertex -33.0656 -37.5055 3
    endloop
  endfacet
  facet normal 0 0 1
    outer loop
      vertex -29.5603 3.29922 3
      vertex -31.8643 5.70413 3
      vertex -32.0204 3.11403 3
    endloop
  endfacet
  facet normal 0 0 1
    outer loop
      vertex -32.4803 -28.178 3
      vertex -37.5055 -33.0656 3
      vertex -36.4484 -34.2273 3
    endloop
  endfacet
  facet normal 0 0 1
    outer loop
      vertex 8.32686 -42.1857 3
      vertex 7.82172 -49.3844 3
      vertex 9.36906 -49.1143 3
    endloop
  endfacet
  facet normal 0 0 1
    outer loop
      vertex 13.7449 12.1256 3
      vertex 12.4317 13.6531 3
      vertex 11.4625 13.9006 3
    endloop
  endfacet
  facet normal 0 -0 1
    outer loop
      vertex -28.1042 -41.354 3
      vertex -25.086 -34.9236 3
      vertex -29.3893 -40.4508 3
    endloop
  endfacet
  facet normal 0 0 1
    outer loop
      vertex -3.56393 -39.8608 3
      vertex -5.25009 -38.6315 3
      vertex -5.80249 -40.4128 3
    endloop
  endfacet
  facet normal -0 0 1
    outer loop
      vertex -22.6995 -44.5503 3
      vertex -21.289 -45.2413 3
      vertex -19.0375 -38.5557 3
    endloop
  endfacet
  facet normal 0 0 1
    outer loop
      vertex -19.1221 16.9747 3
      vertex -19.2888 15.3833 3
      vertex -18.5849 14.8979 3
    endloop
  endfacet
  facet normal 0 0 1
    outer loop
      vertex -12.4345 -48.4292 3
      vertex -8.93639 -42.0605 3
      vertex -11.5387 -41.4225 3
    endloop
  endfacet
  facet normal 0 -0 1
    outer loop
      vertex -4.70541 -49.7781 3
      vertex -4.60667 -42.7517 3
      vertex -6.26665 -49.6057 3
    endloop
  endfacet
  facet normal 0 -0 1
    outer loop
      vertex -9.36906 -49.1143 3
      vertex -8.93639 -42.0605 3
      vertex -10.9072 -48.7958 3
    endloop
  endfacet
  facet normal 0 -0 1
    outer loop
      vertex -20.0735 2.32555 3
      vertex -18.3377 7.55225 3
      vertex -21.1474 8.32632 3
    endloop
  endfacet
  facet normal -0 0 1
    outer loop
      vertex 6.23434 -35.9422 3
      vertex 7.7048 -36.418 3
      vertex 7.09482 -34.2229 3
    endloop
  endfacet
  facet normal 0 0 1
    outer loop
      vertex 5.52034 -30.4334 3
      vertex 3.02881 -29.0175 3
      vertex 3.02881 -30.33 3
    endloop
  endfacet
  facet normal 0 0 1
    outer loop
      vertex 6.26665 -49.6057 3
      vertex 6.12703 -42.5612 3
      vertex 4.19826 -42.7938 3
    endloop
  endfacet
  facet normal -0 0 1
    outer loop
      vertex -6.2778 -42.4191 3
      vertex -4.60667 -42.7517 3
      vertex -4.25531 -41.0006 3
    endloop
  endfacet
  facet normal 0 0 1
    outer loop
      vertex -0.866013 -9.91742 3
      vertex -1.92545 -8.11948 3
      vertex -2.50531 -9.57401 3
    endloop
  endfacet
  facet normal 0 0 1
    outer loop
      vertex -6.99072 16.2841 3
      vertex 7.63942 16.7251 3
      vertex -5.448 19.1513 3
    endloop
  endfacet
  facet normal 0 0 1
    outer loop
      vertex 9.48494 14.9643 3
      vertex 6.60287 8.32999 3
      vertex 8.38579 8.24744 3
    endloop
  endfacet
  facet normal 0 -0 1
    outer loop
      vertex 27.4519 -33.0961 3
      vertex 28.3827 -31.9464 3
      vertex 26.2042 -31.2485 3
    endloop
  endfacet
  facet normal 0 0 1
    outer loop
      vertex 11.7917 -36.9029 3
      vertex 11.0265 -34.7565 3
      vertex 10.5168 -36.7192 3
    endloop
  endfacet
  facet normal 0 0 1
    outer loop
      vertex 14.9754 -28.2943 3
      vertex 14.9805 -30.854 3
      vertex 16.6469 -28.7823 3
    endloop
  endfacet
  facet normal 0 -0 1
    outer loop
      vertex 15.7677 -31.0167 3
      vertex 16.6469 -28.7823 3
      vertex 14.9805 -30.854 3
    endloop
  endfacet
  facet normal 0 0 1
    outer loop
      vertex 19.8574 -45.8877 3
      vertex 16.4576 -39.7255 3
      vertex 18.4062 -46.4888 3
    endloop
  endfacet
  facet normal -0 0 1
    outer loop
      vertex 8.91887 -30.41 3
      vertex 11.7693 -31.0606 3
      vertex 10.4061 -28.467 3
    endloop
  endfacet
  facet normal 0 0 1
    outer loop
      vertex 13.8063 -30.7353 3
      vertex 13.6063 -28.2079 3
      vertex 12.5396 -28.2943 3
    endloop
  endfacet
  facet normal 0 0 1
    outer loop
      vertex 12.5396 -28.2943 3
      vertex 12.7467 -30.9728 3
      vertex 13.8063 -30.7353 3
    endloop
  endfacet
  facet normal 0 0 1
    outer loop
      vertex 7.00208 1.7491 3
      vertex 6.60287 3.22894 3
      vertex 6.96381 1.67523 3
    endloop
  endfacet
  facet normal 0 0 1
    outer loop
      vertex 16.6441 -12.6432 3
      vertex 13.0806 -12.9383 3
      vertex 13.7808 -13.5867 3
    endloop
  endfacet
  facet normal 0 0 1
    outer loop
      vertex 21.0762 -33.1487 3
      vertex 18.4683 -33.2466 3
      vertex 19.9032 -34.4921 3
    endloop
  endfacet
  facet normal 0 0 1
    outer loop
      vertex 22.6912 -36.525 3
      vertex 20.6724 -37.7044 3
      vertex 25.4521 -43.0371 3
    endloop
  endfacet
  facet normal 0 0 1
    outer loop
      vertex 20.6724 -37.7044 3
      vertex 24.0877 -43.8153 3
      vertex 25.4521 -43.0371 3
    endloop
  endfacet
  facet normal 0 0 1
    outer loop
      vertex 22.6995 -44.5503 3
      vertex 20.6724 -37.7044 3
      vertex 18.5925 -38.7722 3
    endloop
  endfacet
  facet normal 0 0 1
    outer loop
      vertex 8.61598 15.641 3
      vertex 6.60287 8.32999 3
      vertex 9.48494 14.9643 3
    endloop
  endfacet
  facet normal 0 0 1
    outer loop
      vertex -18.3377 7.55225 3
      vertex -20.0735 2.32555 3
      vertex -18.8125 2.09018 3
    endloop
  endfacet
  facet normal 0 0 1
    outer loop
      vertex 10.5142 14.3244 3
      vertex 8.38579 8.24744 3
      vertex 11.4625 13.9006 3
    endloop
  endfacet
  facet normal 0 0 1
    outer loop
      vertex -18.8125 2.09018 3
      vertex -17.4117 2.32555 3
      vertex -18.3377 7.55225 3
    endloop
  endfacet
  facet normal 0 0 1
    outer loop
      vertex 25.4521 43.0371 3
      vertex 24.0877 43.8153 3
      vertex 21.5012 37.2379 3
    endloop
  endfacet
  facet normal 0 0 1
    outer loop
      vertex -13.4538 38.9784 3
      vertex -15.5138 37.6192 3
      vertex -12.4408 35.9275 3
    endloop
  endfacet
  facet normal -0 0 1
    outer loop
      vertex 3.7834 38.0142 3
      vertex 6.09384 37.8319 3
      vertex 4.35358 39.4961 3
    endloop
  endfacet
  facet normal -0 0 1
    outer loop
      vertex -3.13951 49.9013 3
      vertex -2.52899 42.9252 3
      vertex -1.57053 49.9753 3
    endloop
  endfacet
  facet normal 0 -0 1
    outer loop
      vertex -5.14108 42.6912 3
      vertex -4.70541 49.7781 3
      vertex -6.26665 49.6057 3
    endloop
  endfacet
  facet normal 0 0 1
    outer loop
      vertex -4.27203 42.7869 3
      vertex -4.70541 49.7781 3
      vertex -5.14108 42.6912 3
    endloop
  endfacet
  facet normal 0 0 1
    outer loop
      vertex 3.13951 49.9013 3
      vertex 3.29575 42.8732 3
      vertex 4.70541 49.7781 3
    endloop
  endfacet
  facet normal 0 0 1
    outer loop
      vertex -12.4345 48.4292 3
      vertex -11.4319 41.4522 3
      vertex -9.81627 41.8642 3
    endloop
  endfacet
  facet normal 0 0 1
    outer loop
      vertex 5.40471 42.6586 3
      vertex 7.82172 49.3844 3
      vertex 6.26665 49.6057 3
    endloop
  endfacet
  facet normal 0 0 1
    outer loop
      vertex 9.36906 49.1143 3
      vertex 8.96483 42.0547 3
      vertex 10.9072 48.7958 3
    endloop
  endfacet
  facet normal 0 0 1
    outer loop
      vertex 13.9496 48.0147 3
      vertex 11.0287 41.5613 3
      vertex 13.0657 40.9665 3
    endloop
  endfacet
  facet normal 0 0 1
    outer loop
      vertex 6.09384 37.8319 3
      vertex 3.7834 38.0142 3
      vertex 6.26886 36.5192 3
    endloop
  endfacet
  facet normal 0 0 1
    outer loop
      vertex 6.94745 24.1893 3
      vertex 7.17038 20.2084 3
      vertex 7.53944 21.1235 3
    endloop
  endfacet
  facet normal 0 -0 1
    outer loop
      vertex 7.53944 21.1235 3
      vertex 7.74594 23.4339 3
      vertex 6.94745 24.1893 3
    endloop
  endfacet
  facet normal 0 0 1
    outer loop
      vertex -6.50584 38.5065 3
      vertex -4.28732 40.6521 3
      vertex -6.48608 40.0292 3
    endloop
  endfacet
  facet normal 0 -0 1
    outer loop
      vertex -34.2496 25.9987 3
      vertex -32.5585 28.0876 3
      vertex -38.5257 31.8712 3
    endloop
  endfacet
  facet normal 0 0 1
    outer loop
      vertex 1.8185 38.8024 3
      vertex -1.17435 39.0957 3
      vertex -0.842667 36.8861 3
    endloop
  endfacet
  facet normal 0 -0 1
    outer loop
      vertex -14.8284 40.362 3
      vertex -13.867 40.7023 3
      vertex -16.9369 47.044 3
    endloop
  endfacet
  facet normal 0 0 1
    outer loop
      vertex -6.54332 42.4988 3
      vertex -5.14108 42.6912 3
      vertex -6.26665 49.6057 3
    endloop
  endfacet
  facet normal 0 0 1
    outer loop
      vertex -2.22557 41.3054 3
      vertex 0.118652 41.6971 3
      vertex -0.941025 42.9893 3
    endloop
  endfacet
  facet normal -0 0 1
    outer loop
      vertex -12.4345 48.4292 3
      vertex -9.81627 41.8642 3
      vertex -10.9072 48.7958 3
    endloop
  endfacet
  facet normal -0 0 1
    outer loop
      vertex -7.82172 49.3844 3
      vertex -6.54332 42.4988 3
      vertex -6.26665 49.6057 3
    endloop
  endfacet
  facet normal 0 0 1
    outer loop
      vertex -7.82172 49.3844 3
      vertex -9.36906 49.1143 3
      vertex -8.186 42.2133 3
    endloop
  endfacet
  facet normal 0 -0 1
    outer loop
      vertex -3.40128 42.8649 3
      vertex -3.13951 49.9013 3
      vertex -4.70541 49.7781 3
    endloop
  endfacet
  facet normal 0 0 1
    outer loop
      vertex -2.52899 42.9252 3
      vertex -3.13951 49.9013 3
      vertex -3.40128 42.8649 3
    endloop
  endfacet
  facet normal 0 0 1
    outer loop
      vertex -0.941025 42.9893 3
      vertex -1.57053 49.9753 3
      vertex -2.52899 42.9252 3
    endloop
  endfacet
  facet normal 0 0 1
    outer loop
      vertex 0.118652 41.6971 3
      vertex -1.17435 39.0957 3
      vertex 1.02304 40.3605 3
    endloop
  endfacet
  facet normal 0 0 1
    outer loop
      vertex -1.95004 37.7536 3
      vertex -5.26709 35.4659 3
      vertex -0.842667 36.8861 3
    endloop
  endfacet
  facet normal 0 0 1
    outer loop
      vertex -48.7958 10.9072 3
      vertex -42.2519 7.9839 3
      vertex -41.9296 9.53279 3
    endloop
  endfacet
  facet normal 0 0 1
    outer loop
      vertex -12.4408 35.9275 3
      vertex -9.25815 37.8358 3
      vertex -9.86295 38.6706 3
    endloop
  endfacet
  facet normal 0 0 1
    outer loop
      vertex -6.50584 38.5065 3
      vertex -3.34833 39.3611 3
      vertex -4.28732 40.6521 3
    endloop
  endfacet
  facet normal -0 0 1
    outer loop
      vertex -31.8712 38.5257 3
      vertex -26.7512 33.6652 3
      vertex -30.6453 39.5077 3
    endloop
  endfacet
  facet normal -0 0 1
    outer loop
      vertex -6.50584 38.5065 3
      vertex -5.26709 35.4659 3
      vertex -3.34833 39.3611 3
    endloop
  endfacet
  facet normal 0 0 1
    outer loop
      vertex -12.2373 38.9159 3
      vertex -10.3153 39.508 3
      vertex -10.7423 40.553 3
    endloop
  endfacet
  facet normal 0 0 1
    outer loop
      vertex -6.48608 40.0292 3
      vertex -4.28732 40.6521 3
      vertex -4.80779 41.5249 3
    endloop
  endfacet
  facet normal 0 0 1
    outer loop
      vertex -20.0058 38.0622 3
      vertex -24.0877 43.8153 3
      vertex -22.3445 36.7382 3
    endloop
  endfacet
  facet normal 0 0 1
    outer loop
      vertex -11.4319 41.4522 3
      vertex -12.8977 41.0197 3
      vertex -10.7423 40.553 3
    endloop
  endfacet
  facet normal -0 0 1
    outer loop
      vertex -21.289 45.2413 3
      vertex -17.5891 39.2377 3
      vertex -19.8574 45.8877 3
    endloop
  endfacet
  facet normal 0 0 1
    outer loop
      vertex -21.289 45.2413 3
      vertex -22.6995 44.5503 3
      vertex -20.0058 38.0622 3
    endloop
  endfacet
  facet normal 0 0 1
    outer loop
      vertex -15.7816 39.9989 3
      vertex -18.4062 46.4888 3
      vertex -19.8574 45.8877 3
    endloop
  endfacet
  facet normal 0 0 1
    outer loop
      vertex -12.4345 48.4292 3
      vertex -13.9496 48.0147 3
      vertex -11.4319 41.4522 3
    endloop
  endfacet
  facet normal 0 0 1
    outer loop
      vertex -16.9369 47.044 3
      vertex -18.4062 46.4888 3
      vertex -14.8284 40.362 3
    endloop
  endfacet
  facet normal 0 0 1
    outer loop
      vertex -14.8284 40.362 3
      vertex -18.4062 46.4888 3
      vertex -15.7816 39.9989 3
    endloop
  endfacet
  facet normal 0 0 1
    outer loop
      vertex -10.9072 48.7958 3
      vertex -9.81627 41.8642 3
      vertex -8.186 42.2133 3
    endloop
  endfacet
  facet normal -0 0 1
    outer loop
      vertex -10.9072 48.7958 3
      vertex -8.186 42.2133 3
      vertex -9.36906 49.1143 3
    endloop
  endfacet
  facet normal 0 0 1
    outer loop
      vertex -8.186 42.2133 3
      vertex -6.54332 42.4988 3
      vertex -7.82172 49.3844 3
    endloop
  endfacet
  facet normal 0 0 1
    outer loop
      vertex -4.80779 41.5249 3
      vertex -6.3244 41.4264 3
      vertex -6.48608 40.0292 3
    endloop
  endfacet
  facet normal 0 0 1
    outer loop
      vertex 22.6995 44.5503 3
      vertex 19.1272 38.5113 3
      vertex 24.0877 43.8153 3
    endloop
  endfacet
  facet normal 0 0 1
    outer loop
      vertex 15.0708 40.272 3
      vertex 14.9085 38.6581 3
      vertex 16.6781 39.6335 3
    endloop
  endfacet
  facet normal 0 0 1
    outer loop
      vertex 3.71069 34.9379 3
      vertex 6.26886 36.5192 3
      vertex 3.7834 38.0142 3
    endloop
  endfacet
  facet normal 0 0 1
    outer loop
      vertex 3.71069 34.9379 3
      vertex 7.50136 35.9431 3
      vertex 6.26886 36.5192 3
    endloop
  endfacet
  facet normal 0 0 1
    outer loop
      vertex 5.11264 40.6474 3
      vertex 4.35358 39.4961 3
      vertex 6.50952 38.9403 3
    endloop
  endfacet
  facet normal 0 0 1
    outer loop
      vertex 6.50952 38.9403 3
      vertex 4.35358 39.4961 3
      vertex 6.09384 37.8319 3
    endloop
  endfacet
  facet normal 0 0 1
    outer loop
      vertex 6.00253 41.4719 3
      vertex 6.50952 38.9403 3
      vertex 7.62531 39.9176 3
    endloop
  endfacet
  facet normal 0 0 1
    outer loop
      vertex 13.9496 48.0147 3
      vertex 13.0657 40.9665 3
      vertex 15.4508 47.5528 3
    endloop
  endfacet
  facet normal 0 -0 1
    outer loop
      vertex 7.62531 39.9176 3
      vertex 8.5515 41.1427 3
      vertex 7.50055 42.3405 3
    endloop
  endfacet
  facet normal 0 0 1
    outer loop
      vertex 10.9072 48.7958 3
      vertex 8.96483 42.0547 3
      vertex 11.0287 41.5613 3
    endloop
  endfacet
  facet normal 0 0 1
    outer loop
      vertex 7.50055 42.3405 3
      vertex 8.5515 41.1427 3
      vertex 8.96483 42.0547 3
    endloop
  endfacet
  facet normal 0 0 1
    outer loop
      vertex 16.9369 47.044 3
      vertex 15.0708 40.272 3
      vertex 18.4062 46.4888 3
    endloop
  endfacet
  facet normal 0 0 1
    outer loop
      vertex 21.289 45.2413 3
      vertex 16.6781 39.6335 3
      vertex 19.1272 38.5113 3
    endloop
  endfacet
  facet normal 0 0 1
    outer loop
      vertex 25.9872 34.2583 3
      vertex 30.6453 39.5077 3
      vertex 29.3893 40.4508 3
    endloop
  endfacet
  facet normal 0 0 1
    outer loop
      vertex 26.7913 42.2164 3
      vertex 25.4521 43.0371 3
      vertex 21.5012 37.2379 3
    endloop
  endfacet
  facet normal -0 0 1
    outer loop
      vertex -5.26709 35.4659 3
      vertex -5.23804 29.8211 3
      vertex -0.842667 36.8861 3
    endloop
  endfacet
  facet normal 0 0 1
    outer loop
      vertex 25.9872 34.2583 3
      vertex 31.8712 38.5257 3
      vertex 30.6453 39.5077 3
    endloop
  endfacet
  facet normal -0 0 1
    outer loop
      vertex -33.0656 37.5055 3
      vertex -28.802 31.9282 3
      vertex -31.8712 38.5257 3
    endloop
  endfacet
  facet normal 0 0 1
    outer loop
      vertex -12.4408 35.9275 3
      vertex -9.86295 38.6706 3
      vertex -12.2373 38.9159 3
    endloop
  endfacet
  facet normal 0 0 1
    outer loop
      vertex -34.2273 36.4484 3
      vertex -30.7403 30.0666 3
      vertex -28.802 31.9282 3
    endloop
  endfacet
  facet normal 0 0 1
    outer loop
      vertex -30.7403 30.0666 3
      vertex -35.3553 35.3553 3
      vertex -36.4484 34.2273 3
    endloop
  endfacet
  facet normal 0 0 1
    outer loop
      vertex -26.7913 42.2164 3
      vertex -28.1042 41.354 3
      vertex -24.5959 35.2705 3
    endloop
  endfacet
  facet normal 0 0 1
    outer loop
      vertex -13.867 40.7023 3
      vertex -15.4508 47.5528 3
      vertex -16.9369 47.044 3
    endloop
  endfacet
  facet normal 0 0 1
    outer loop
      vertex -12.8977 41.0197 3
      vertex -15.4508 47.5528 3
      vertex -13.867 40.7023 3
    endloop
  endfacet
  facet normal 0 0 1
    outer loop
      vertex -11.4319 41.4522 3
      vertex -13.9496 48.0147 3
      vertex -12.8977 41.0197 3
    endloop
  endfacet
  facet normal 0 0 1
    outer loop
      vertex 42.9726 1.53473 3
      vertex 42.986 -1.07249 3
      vertex 50 0 3
    endloop
  endfacet
  facet normal -0 0 1
    outer loop
      vertex -12.4408 35.9275 3
      vertex -10.5339 34.7622 3
      vertex -9.25815 37.8358 3
    endloop
  endfacet
  facet normal -0 0 1
    outer loop
      vertex -38.5774 10.458 3
      vertex -37.9173 9.63295 3
      vertex -37.3052 11.1799 3
    endloop
  endfacet
  facet normal 0 -0 1
    outer loop
      vertex -45.8877 -19.8574 3
      vertex -39.3167 -17.4118 3
      vertex -46.4888 -18.4062 3
    endloop
  endfacet
  facet normal 0 -0 1
    outer loop
      vertex -42.2734 -7.86971 3
      vertex -41.8148 -5.00104 3
      vertex -42.7773 -4.36719 3
    endloop
  endfacet
  facet normal -0 0 1
    outer loop
      vertex -37.9173 9.63295 3
      vertex -36.9335 8.81415 3
      vertex -36.3828 10.4637 3
    endloop
  endfacet
  facet normal 0 0 1
    outer loop
      vertex -7.69183 36.4633 3
      vertex -10.5339 34.7622 3
      vertex -8.69037 33.2734 3
    endloop
  endfacet
  facet normal 0 0 1
    outer loop
      vertex -42.9652 -1.72084 3
      vertex -42.9895 0.931992 3
      vertex -50 0 3
    endloop
  endfacet
  facet normal 0 0 1
    outer loop
      vertex -7.69183 36.4633 3
      vertex -8.69037 33.2734 3
      vertex -6.62183 35.8326 3
    endloop
  endfacet
  facet normal 0 -0 1
    outer loop
      vertex -41.9296 9.53279 3
      vertex -41.5506 11.0687 3
      vertex -48.4292 12.4345 3
    endloop
  endfacet
  facet normal 0 0 1
    outer loop
      vertex -45.2413 21.289 3
      vertex -45.8877 19.8574 3
      vertex -39.6178 16.7153 3
    endloop
  endfacet
  facet normal 0 0 1
    outer loop
      vertex -44.5503 22.6995 3
      vertex -45.2413 21.289 3
      vertex -38.4961 19.1576 3
    endloop
  endfacet
  facet normal 0 -0 1
    outer loop
      vertex -4.3307 28.1171 3
      vertex 3.42015 34.8725 3
      vertex -5.23804 29.8211 3
    endloop
  endfacet
  facet normal 0 0 1
    outer loop
      vertex 3.71069 34.9379 3
      vertex 3.42015 34.8725 3
      vertex 7.13156 31.5405 3
    endloop
  endfacet
  facet normal 0 -0 1
    outer loop
      vertex 10.9826 34.912 3
      vertex 11.1876 38.4534 3
      vertex 8.58066 36.3296 3
    endloop
  endfacet
  facet normal 0 0 1
    outer loop
      vertex 7.53944 21.1235 3
      vertex 8.34689 21.977 3
      vertex 7.74594 23.4339 3
    endloop
  endfacet
  facet normal 0 0 1
    outer loop
      vertex 6.06764 25.262 3
      vertex 7.17038 20.2084 3
      vertex 6.94745 24.1893 3
    endloop
  endfacet
  facet normal 0 0 1
    outer loop
      vertex -0.842667 36.8861 3
      vertex -5.23804 29.8211 3
      vertex 3.42015 34.8725 3
    endloop
  endfacet
  facet normal 0 0 1
    outer loop
      vertex -5.26709 35.4659 3
      vertex -6.62183 35.8326 3
      vertex -6.97525 31.7353 3
    endloop
  endfacet
  facet normal 0 -0 1
    outer loop
      vertex -6.97525 31.7353 3
      vertex -6.62183 35.8326 3
      vertex -8.69037 33.2734 3
    endloop
  endfacet
  facet normal 0 0 1
    outer loop
      vertex 7.13156 31.5405 3
      vertex 3.42015 34.8725 3
      vertex 6.36731 29.4726 3
    endloop
  endfacet
  facet normal 0 0 1
    outer loop
      vertex 6.36731 29.4726 3
      vertex 3.42015 34.8725 3
      vertex 5.63312 28.109 3
    endloop
  endfacet
  facet normal 0 0 1
    outer loop
      vertex 7.71088 32.6163 3
      vertex 3.71069 34.9379 3
      vertex 7.13156 31.5405 3
    endloop
  endfacet
  facet normal 0 0 1
    outer loop
      vertex 7.71088 32.6163 3
      vertex 7.50136 35.9431 3
      vertex 3.71069 34.9379 3
    endloop
  endfacet
  facet normal 0 0 1
    outer loop
      vertex 8.58066 36.3296 3
      vertex 7.50136 35.9431 3
      vertex 8.64799 33.7081 3
    endloop
  endfacet
  facet normal 0 0 1
    outer loop
      vertex 8.64799 33.7081 3
      vertex 7.50136 35.9431 3
      vertex 7.71088 32.6163 3
    endloop
  endfacet
  facet normal 0 0 1
    outer loop
      vertex 10.9826 34.912 3
      vertex 8.58066 36.3296 3
      vertex 9.84372 34.5374 3
    endloop
  endfacet
  facet normal 0 0 1
    outer loop
      vertex 9.84372 34.5374 3
      vertex 8.58066 36.3296 3
      vertex 8.64799 33.7081 3
    endloop
  endfacet
  facet normal 0 0 1
    outer loop
      vertex 14.9085 38.6581 3
      vertex 11.1876 38.4534 3
      vertex 10.9826 34.912 3
    endloop
  endfacet
  facet normal 0 0 1
    outer loop
      vertex 13.9263 39.6332 3
      vertex 11.1876 38.4534 3
      vertex 14.9085 38.6581 3
    endloop
  endfacet
  facet normal -0 0 1
    outer loop
      vertex 13.9263 39.6332 3
      vertex 14.9085 38.6581 3
      vertex 15.0708 40.272 3
    endloop
  endfacet
  facet normal 0 -0 1
    outer loop
      vertex 25.9872 34.2583 3
      vertex 29.3893 40.4508 3
      vertex 23.7909 35.8184 3
    endloop
  endfacet
  facet normal 0 0 1
    outer loop
      vertex 22.6995 44.5503 3
      vertex 21.289 45.2413 3
      vertex 19.1272 38.5113 3
    endloop
  endfacet
  facet normal -0 0 1
    outer loop
      vertex 25.9872 34.2583 3
      vertex 28.0814 32.5638 3
      vertex 31.8712 38.5257 3
    endloop
  endfacet
  facet normal -0 0 1
    outer loop
      vertex 28.0814 32.5638 3
      vertex 30.0654 30.7414 3
      vertex 34.2273 36.4484 3
    endloop
  endfacet
  facet normal -0 0 1
    outer loop
      vertex 30.0654 30.7414 3
      vertex 31.9314 28.7983 3
      vertex 36.4484 34.2273 3
    endloop
  endfacet
  facet normal -0 0 1
    outer loop
      vertex 31.9314 28.7983 3
      vertex 33.6722 26.7423 3
      vertex 38.5257 31.8712 3
    endloop
  endfacet
  facet normal -0 0 1
    outer loop
      vertex 33.6722 26.7423 3
      vertex 35.2807 24.5813 3
      vertex 40.4508 29.3893 3
    endloop
  endfacet
  facet normal -0 0 1
    outer loop
      vertex 35.2807 24.5813 3
      vertex 37.2977 21.3973 3
      vertex 42.2164 26.7913 3
    endloop
  endfacet
  facet normal 0 0 1
    outer loop
      vertex 37.2977 21.3973 3
      vertex 35.2807 24.5813 3
      vertex 34.9455 23.2766 3
    endloop
  endfacet
  facet normal 0 0 1
    outer loop
      vertex 37.2977 21.3973 3
      vertex 43.8153 24.0877 3
      vertex 43.0371 25.4521 3
    endloop
  endfacet
  facet normal 0 0 1
    outer loop
      vertex 43.8153 24.0877 3
      vertex 38.526 19.0975 3
      vertex 44.5503 22.6995 3
    endloop
  endfacet
  facet normal 0 0 1
    outer loop
      vertex 44.5503 22.6995 3
      vertex 38.526 19.0975 3
      vertex 45.2413 21.289 3
    endloop
  endfacet
  facet normal 0 0 1
    outer loop
      vertex 39.6126 16.7275 3
      vertex 46.4888 18.4062 3
      vertex 45.8877 19.8574 3
    endloop
  endfacet
  facet normal 0 0 1
    outer loop
      vertex 30.5603 16.6124 3
      vertex 32.32 14.8811 3
      vertex 32.9322 16.0376 3
    endloop
  endfacet
  facet normal 0 0 1
    outer loop
      vertex 39.4922 3.0627 3
      vertex 40.8665 3.52737 3
      vertex 39.9268 4.13806 3
    endloop
  endfacet
  facet normal 0 0 1
    outer loop
      vertex 40.8665 3.52737 3
      vertex 39.4922 3.0627 3
      vertex 40.9025 3.35147 3
    endloop
  endfacet
  facet normal -0 0 1
    outer loop
      vertex 29.5958 14.3223 3
      vertex 31.9018 13.4872 3
      vertex 30.2392 15.5377 3
    endloop
  endfacet
  facet normal 0 -0 1
    outer loop
      vertex 41.3455 11.8119 3
      vertex 47.5528 15.4508 3
      vertex 40.5536 14.296 3
    endloop
  endfacet
  facet normal 0 0 1
    outer loop
      vertex 48.7958 10.9072 3
      vertex 48.4292 12.4345 3
      vertex 41.9853 9.28435 3
    endloop
  endfacet
  facet normal 0 0 1
    outer loop
      vertex 49.7781 4.70541 3
      vertex 49.6057 6.26665 3
      vertex 42.8 4.13628 3
    endloop
  endfacet
  facet normal 0 0 1
    outer loop
      vertex 27.5988 1.49316 3
      vertex 26.6243 1.49316 3
      vertex 26.8122 0.0132141 3
    endloop
  endfacet
  facet normal 0 0 1
    outer loop
      vertex 49.9753 1.57053 3
      vertex 42.9726 1.53473 3
      vertex 50 0 3
    endloop
  endfacet
  facet normal 0 0 1
    outer loop
      vertex 42.986 -1.07249 3
      vertex 42.0515 -2.12738 3
      vertex 42.8966 -2.97282 3
    endloop
  endfacet
  facet normal 0 0 1
    outer loop
      vertex 49.6057 -6.26665 3
      vertex 42.64 -5.55273 3
      vertex 49.3844 -7.82172 3
    endloop
  endfacet
  facet normal 0 0 1
    outer loop
      vertex 39.874 0.437195 3
      vertex 39.1104 1.40239 3
      vertex 38.9209 -0.867523 3
    endloop
  endfacet
  facet normal 0 0 1
    outer loop
      vertex 47.044 -16.9369 3
      vertex 40.0787 -15.5779 3
      vertex 46.4888 -18.4062 3
    endloop
  endfacet
  facet normal -0 0 1
    outer loop
      vertex -35.6007 8.39526 3
      vertex -34.5089 7.77321 3
      vertex -34.2588 9.06795 3
    endloop
  endfacet
  facet normal 0 0 1
    outer loop
      vertex -5.24536 21.2425 3
      vertex -5.6917 25.8708 3
      vertex -6.31018 21.8155 3
    endloop
  endfacet
  facet normal 0 -0 1
    outer loop
      vertex -40.5139 5.57248 3
      vertex -40.4561 7.25282 3
      vertex -42.4717 6.19759 3
    endloop
  endfacet
  facet normal 0 0 1
    outer loop
      vertex -26.3694 13.4095 3
      vertex -27.4998 12.0804 3
      vertex -26.5774 11.1028 3
    endloop
  endfacet
  facet normal 0 -0 1
    outer loop
      vertex -42.5478 6.2169 3
      vertex -42.2519 7.9839 3
      vertex -49.3844 7.82172 3
    endloop
  endfacet
  facet normal 0 0 1
    outer loop
      vertex -24.4718 11.6831 3
      vertex -25.2733 12.7381 3
      vertex -26.5774 11.1028 3
    endloop
  endfacet
  facet normal -0 0 1
    outer loop
      vertex -49.6057 6.26665 3
      vertex -42.5478 6.2169 3
      vertex -49.3844 7.82172 3
    endloop
  endfacet
  facet normal 0 0 1
    outer loop
      vertex -41.0463 12.5716 3
      vertex -40.5148 14.187 3
      vertex -40.5845 14.2078 3
    endloop
  endfacet
  facet normal 0 0 1
    outer loop
      vertex -40.5845 14.2078 3
      vertex -41.1153 12.5897 3
      vertex -41.0463 12.5716 3
    endloop
  endfacet
  facet normal -0 0 1
    outer loop
      vertex -31.8643 6.03438 3
      vertex -31.8643 5.70413 3
      vertex -30.5388 7.37491 3
    endloop
  endfacet
  facet normal 0 0 1
    outer loop
      vertex -28.1848 15.9785 3
      vertex -29.2853 15.9362 3
      vertex -29.2853 13.9712 3
    endloop
  endfacet
  facet normal 0 0 1
    outer loop
      vertex -45.8877 19.8574 3
      vertex -46.4888 18.4062 3
      vertex -39.6178 16.7153 3
    endloop
  endfacet
  facet normal 0 0 1
    outer loop
      vertex -40.5845 14.2078 3
      vertex -46.4888 18.4062 3
      vertex -47.044 16.9369 3
    endloop
  endfacet
  facet normal 0 0 1
    outer loop
      vertex -39.6178 16.7153 3
      vertex -46.4888 18.4062 3
      vertex -40.5845 14.2078 3
    endloop
  endfacet
  facet normal -0 0 1
    outer loop
      vertex -47.5528 15.4508 3
      vertex -40.5845 14.2078 3
      vertex -47.044 16.9369 3
    endloop
  endfacet
  facet normal 0 0 1
    outer loop
      vertex -41.1153 12.5897 3
      vertex -48.0147 13.9496 3
      vertex -41.5506 11.0687 3
    endloop
  endfacet
  facet normal 0 0 1
    outer loop
      vertex -37.2242 21.525 3
      vertex -43.0371 25.4521 3
      vertex -43.8153 24.0877 3
    endloop
  endfacet
  facet normal 0 -0 1
    outer loop
      vertex -38.4961 19.1576 3
      vertex -37.2242 21.525 3
      vertex -43.8153 24.0877 3
    endloop
  endfacet
  facet normal 0 0 1
    outer loop
      vertex -39.5077 30.6453 3
      vertex -40.4508 29.3893 3
      vertex -34.2496 25.9987 3
    endloop
  endfacet
  facet normal 0 0 1
    outer loop
      vertex -30.7403 30.0666 3
      vertex -36.4484 34.2273 3
      vertex -32.5585 28.0876 3
    endloop
  endfacet
  facet normal 0 0 1
    outer loop
      vertex -34.2273 36.4484 3
      vertex -35.3553 35.3553 3
      vertex -30.7403 30.0666 3
    endloop
  endfacet
  facet normal 0 0 1
    outer loop
      vertex -33.0656 37.5055 3
      vertex -34.2273 36.4484 3
      vertex -28.802 31.9282 3
    endloop
  endfacet
  facet normal 0 0 1
    outer loop
      vertex -31.8712 38.5257 3
      vertex -28.802 31.9282 3
      vertex -26.7512 33.6652 3
    endloop
  endfacet
  facet normal -0 0 1
    outer loop
      vertex -30.6453 39.5077 3
      vertex -26.7512 33.6652 3
      vertex -29.3893 40.4508 3
    endloop
  endfacet
  facet normal -0 0 1
    outer loop
      vertex -29.3893 40.4508 3
      vertex -24.5959 35.2705 3
      vertex -28.1042 41.354 3
    endloop
  endfacet
  facet normal 0 -0 1
    outer loop
      vertex -24.5959 35.2705 3
      vertex -22.3445 36.7382 3
      vertex -26.7913 42.2164 3
    endloop
  endfacet
  facet normal 0 0 1
    outer loop
      vertex -22.3445 36.7382 3
      vertex -24.0877 43.8153 3
      vertex -25.4521 43.0371 3
    endloop
  endfacet
  facet normal 0 0 1
    outer loop
      vertex -20.0058 38.0622 3
      vertex -22.6995 44.5503 3
      vertex -24.0877 43.8153 3
    endloop
  endfacet
  facet normal 0 0 1
    outer loop
      vertex -17.5891 39.2377 3
      vertex -21.289 45.2413 3
      vertex -20.0058 38.0622 3
    endloop
  endfacet
  facet normal 0 0 1
    outer loop
      vertex -15.7816 39.9989 3
      vertex -19.8574 45.8877 3
      vertex -17.5891 39.2377 3
    endloop
  endfacet
  facet normal 0 0 1
    outer loop
      vertex -15.7816 39.9989 3
      vertex -16.557 38.2567 3
      vertex -15.5138 37.6192 3
    endloop
  endfacet
  facet normal 0 0 1
    outer loop
      vertex -9.25815 37.8358 3
      vertex -10.5339 34.7622 3
      vertex -8.56294 37.125 3
    endloop
  endfacet
  facet normal 0 0 1
    outer loop
      vertex -10.5339 34.7622 3
      vertex -7.69183 36.4633 3
      vertex -8.56294 37.125 3
    endloop
  endfacet
  facet normal 0 -0 1
    outer loop
      vertex 5.63312 26.8204 3
      vertex 5.63312 28.109 3
      vertex -4.3307 28.1171 3
    endloop
  endfacet
  facet normal 0 0 1
    outer loop
      vertex 5.63312 28.109 3
      vertex 3.42015 34.8725 3
      vertex -4.3307 28.1171 3
    endloop
  endfacet
  facet normal 0 0 1
    outer loop
      vertex 5.63312 26.8204 3
      vertex -4.3307 28.1171 3
      vertex -4.58521 26.911 3
    endloop
  endfacet
  facet normal 0 0 1
    outer loop
      vertex 5.63312 26.8204 3
      vertex -4.58521 26.911 3
      vertex 6.06764 25.262 3
    endloop
  endfacet
  facet normal 0 0 1
    outer loop
      vertex -4.58521 26.911 3
      vertex -5.6917 25.8708 3
      vertex -5.24536 21.2425 3
    endloop
  endfacet
  facet normal -0 0 1
    outer loop
      vertex -12.8163 23.3836 3
      vertex -12.0405 21.9649 3
      vertex -11.8711 23.3836 3
    endloop
  endfacet
  facet normal 0 0 1
    outer loop
      vertex -8.12413 21.8735 3
      vertex -9.38747 23.4697 3
      vertex -10.6854 21.4403 3
    endloop
  endfacet
  facet normal 0 0 1
    outer loop
      vertex -10.8698 20.0665 3
      vertex -12.2962 21.782 3
      vertex -13.8735 20.7187 3
    endloop
  endfacet
  facet normal 0 0 1
    outer loop
      vertex -12.2962 21.782 3
      vertex -14.3217 21.7759 3
      vertex -13.8735 21.2497 3
    endloop
  endfacet
  facet normal 0 -0 1
    outer loop
      vertex -13.5878 16.6128 3
      vertex -12.5618 17.0165 3
      vertex -13.8735 20.7187 3
    endloop
  endfacet
  facet normal 0 0 1
    outer loop
      vertex -14.3948 23.14 3
      vertex -15.2474 22.682 3
      vertex -14.3217 21.7759 3
    endloop
  endfacet
  facet normal -0 0 1
    outer loop
      vertex -14.3948 23.14 3
      vertex -14.3217 21.7759 3
      vertex -12.8163 23.3836 3
    endloop
  endfacet
  facet normal 0 0 1
    outer loop
      vertex -12.8163 23.3836 3
      vertex -14.3217 21.7759 3
      vertex -12.2962 21.782 3
    endloop
  endfacet
  facet normal -0 0 1
    outer loop
      vertex -16.4771 19.2059 3
      vertex -13.5878 16.6128 3
      vertex -15.5553 19.8061 3
    endloop
  endfacet
  facet normal 0 0 1
    outer loop
      vertex -16.3665 15.1041 3
      vertex -18.1018 17.3097 3
      vertex -17.4054 14.8544 3
    endloop
  endfacet
  facet normal 0 0 1
    outer loop
      vertex -17.774 17.5231 3
      vertex -18.1018 17.3097 3
      vertex -16.3665 15.1041 3
    endloop
  endfacet
  facet normal 0 0 1
    outer loop
      vertex -18.1018 17.3097 3
      vertex -17.8223 14.8109 3
      vertex -17.4054 14.8544 3
    endloop
  endfacet
  facet normal -0 0 1
    outer loop
      vertex -18.5849 14.8979 3
      vertex -17.8223 14.8109 3
      vertex -18.1018 17.3097 3
    endloop
  endfacet
  facet normal 0 0 1
    outer loop
      vertex -17.2113 18.4181 3
      vertex -17.774 17.5231 3
      vertex -16.3665 15.1041 3
    endloop
  endfacet
  facet normal 0 -0 1
    outer loop
      vertex -19.2888 15.3833 3
      vertex -19.1221 16.9747 3
      vertex -19.743 15.8714 3
    endloop
  endfacet
  facet normal 0 0 1
    outer loop
      vertex -28.6712 16.1976 3
      vertex -29.2853 15.9362 3
      vertex -28.1848 15.9785 3
    endloop
  endfacet
  facet normal 0 -0 1
    outer loop
      vertex -18.5849 14.8979 3
      vertex -18.1018 17.3097 3
      vertex -19.1221 16.9747 3
    endloop
  endfacet
  facet normal -0 0 1
    outer loop
      vertex -19.9599 16.021 3
      vertex -19.743 15.8714 3
      vertex -19.1221 16.9747 3
    endloop
  endfacet
  facet normal 0 0 1
    outer loop
      vertex -29.2853 13.9712 3
      vertex -27.4381 14.2247 3
      vertex -28.1848 15.9785 3
    endloop
  endfacet
  facet normal -0 0 1
    outer loop
      vertex -28.428 12.9847 3
      vertex -27.4998 12.0804 3
      vertex -26.3694 13.4095 3
    endloop
  endfacet
  facet normal -0 0 1
    outer loop
      vertex -20.5434 16.9747 3
      vertex -19.9599 16.021 3
      vertex -19.1221 16.9747 3
    endloop
  endfacet
  facet normal 0 0 1
    outer loop
      vertex -13.5878 16.6128 3
      vertex -17.2113 18.4181 3
      vertex -16.3665 15.1041 3
    endloop
  endfacet
  facet normal 0 0 1
    outer loop
      vertex -16.4771 19.2059 3
      vertex -17.2113 18.4181 3
      vertex -13.5878 16.6128 3
    endloop
  endfacet
  facet normal -0 0 1
    outer loop
      vertex -10.7998 11.2209 3
      vertex -2.80971 5.62408 3
      vertex -9.72693 11.9736 3
    endloop
  endfacet
  facet normal 0 0 1
    outer loop
      vertex -3.02998 4.08879 3
      vertex -8.73116 0.117493 3
      vertex -3.55473 2.81248 3
    endloop
  endfacet
  facet normal 0 0 1
    outer loop
      vertex 8.62482 -34.7565 3
      vertex 7.7048 -36.418 3
      vertex 9.30663 -36.7192 3
    endloop
  endfacet
  facet normal -0 0 1
    outer loop
      vertex -15.5553 19.8061 3
      vertex -13.5878 16.6128 3
      vertex -13.8735 20.7187 3
    endloop
  endfacet
  facet normal 0 0 1
    outer loop
      vertex -13.8735 20.7187 3
      vertex -12.5618 17.0165 3
      vertex -11.5059 17.5254 3
    endloop
  endfacet
  facet normal -0 0 1
    outer loop
      vertex -5.448 19.1513 3
      vertex 7.17038 17.9708 3
      vertex 7.17038 20.2084 3
    endloop
  endfacet
  facet normal 0 0 1
    outer loop
      vertex -11.5059 17.5254 3
      vertex -9.67014 18.8392 3
      vertex -10.8698 20.0665 3
    endloop
  endfacet
  facet normal 0 -0 1
    outer loop
      vertex -10.6854 21.4403 3
      vertex -9.38747 23.4697 3
      vertex -10.7546 23.0102 3
    endloop
  endfacet
  facet normal 0 0 1
    outer loop
      vertex 7.17038 20.2084 3
      vertex 6.06764 25.262 3
      vertex -5.24536 21.2425 3
    endloop
  endfacet
  facet normal 0 -0 1
    outer loop
      vertex -7.80147 21.96 3
      vertex -7.01952 24.9635 3
      vertex -9.38747 23.4697 3
    endloop
  endfacet
  facet normal 0 -0 1
    outer loop
      vertex -11.5059 17.5254 3
      vertex -10.8698 20.0665 3
      vertex -13.8735 20.7187 3
    endloop
  endfacet
  facet normal 0 -0 1
    outer loop
      vertex -9.67014 18.8392 3
      vertex -8.40833 19.8883 3
      vertex -10.8698 20.0665 3
    endloop
  endfacet
  facet normal 0 0 1
    outer loop
      vertex -13.8735 20.7187 3
      vertex -12.2962 21.782 3
      vertex -13.8735 21.2497 3
    endloop
  endfacet
  facet normal 0 0 1
    outer loop
      vertex -12.0405 21.9649 3
      vertex -10.7546 23.0102 3
      vertex -11.8711 23.3836 3
    endloop
  endfacet
  facet normal -0 0 1
    outer loop
      vertex -12.0405 21.9649 3
      vertex -10.6854 21.4403 3
      vertex -10.7546 23.0102 3
    endloop
  endfacet
  facet normal 0 0 1
    outer loop
      vertex -7.80147 21.96 3
      vertex -9.38747 23.4697 3
      vertex -8.12413 21.8735 3
    endloop
  endfacet
  facet normal 0 0 1
    outer loop
      vertex -6.31018 21.8155 3
      vertex -7.01952 24.9635 3
      vertex -7.80147 21.96 3
    endloop
  endfacet
  facet normal 0 0 1
    outer loop
      vertex 6.06764 25.262 3
      vertex -4.58521 26.911 3
      vertex -5.24536 21.2425 3
    endloop
  endfacet
  facet normal 0 0 1
    outer loop
      vertex -5.6917 25.8708 3
      vertex -7.01952 24.9635 3
      vertex -6.31018 21.8155 3
    endloop
  endfacet
  facet normal 0 0 1
    outer loop
      vertex -5.448 19.1513 3
      vertex 7.17038 20.2084 3
      vertex -5.24536 21.2425 3
    endloop
  endfacet
  facet normal 0 0 1
    outer loop
      vertex 7.17038 17.9708 3
      vertex -5.448 19.1513 3
      vertex 7.63942 16.7251 3
    endloop
  endfacet
  facet normal 0 0 1
    outer loop
      vertex 0.343201 -36.741 3
      vertex -0.0606232 -35.3377 3
      vertex -0.737045 -37.054 3
    endloop
  endfacet
  facet normal 0 0 1
    outer loop
      vertex -1.57053 -49.9753 3
      vertex -2.40916 -42.9324 3
      vertex -3.13951 -49.9013 3
    endloop
  endfacet
  facet normal 0 0 1
    outer loop
      vertex -2.79942 -35.9005 3
      vertex -4.99452 -36.3571 3
      vertex -3.05922 -37.1954 3
    endloop
  endfacet
  facet normal 0 0 1
    outer loop
      vertex -11.5387 -41.4225 3
      vertex -13.9496 -48.0147 3
      vertex -12.4345 -48.4292 3
    endloop
  endfacet
  facet normal 0 0 1
    outer loop
      vertex -10.483 -27.6362 3
      vertex -11.3303 -26.8392 3
      vertex -13.2815 -29.4907 3
    endloop
  endfacet
  facet normal 0 0 1
    outer loop
      vertex -22.7372 -36.4964 3
      vertex -24.0147 -35.6688 3
      vertex -26.7913 -42.2164 3
    endloop
  endfacet
  facet normal 0 0 1
    outer loop
      vertex -20.22 -17.3623 3
      vertex -21.8129 -13.8162 3
      vertex -22.275 -14.9897 3
    endloop
  endfacet
  facet normal 0 0 1
    outer loop
      vertex -34.0675 -26.2368 3
      vertex -38.5257 -31.8712 3
      vertex -32.4803 -28.178 3
    endloop
  endfacet
  facet normal -0 0 1
    outer loop
      vertex -33.0294 3.18306 3
      vertex -32.0204 3.11403 3
      vertex -31.8643 5.70413 3
    endloop
  endfacet
  facet normal -0 0 1
    outer loop
      vertex -28.9852 7.31418 3
      vertex -27.0435 4.43282 3
      vertex -27.9536 7.73895 3
    endloop
  endfacet
  facet normal 0 0 1
    outer loop
      vertex -25.6051 8.2851 3
      vertex -27.0435 4.43282 3
      vertex -23.2288 3.10321 3
    endloop
  endfacet
  facet normal 0 -0 1
    outer loop
      vertex -25.6051 8.2851 3
      vertex -23.451 9.62106 3
      vertex -25.7568 9.66872 3
    endloop
  endfacet
  facet normal 0 -0 1
    outer loop
      vertex -28.428 12.9847 3
      vertex -27.4381 14.2247 3
      vertex -29.2853 13.9712 3
    endloop
  endfacet
  facet normal 0 0 1
    outer loop
      vertex -27.4381 14.2247 3
      vertex -28.428 12.9847 3
      vertex -26.3694 13.4095 3
    endloop
  endfacet
  facet normal 0 0 1
    outer loop
      vertex -25.2733 12.7381 3
      vertex -26.3694 13.4095 3
      vertex -26.5774 11.1028 3
    endloop
  endfacet
  facet normal 0 0 1
    outer loop
      vertex -24.4718 11.6831 3
      vertex -26.5774 11.1028 3
      vertex -25.7568 9.66872 3
    endloop
  endfacet
  facet normal 0 0 1
    outer loop
      vertex -24.4718 11.6831 3
      vertex -25.7568 9.66872 3
      vertex -23.451 9.62106 3
    endloop
  endfacet
  facet normal 0 0 1
    outer loop
      vertex -28.3573 3.52263 3
      vertex -28.9852 7.31418 3
      vertex -29.5603 3.29922 3
    endloop
  endfacet
  facet normal 0 0 1
    outer loop
      vertex -23.451 9.62106 3
      vertex -25.6051 8.2851 3
      vertex -22.3182 8.76846 3
    endloop
  endfacet
  facet normal 0 0 1
    outer loop
      vertex -28.9852 7.31418 3
      vertex -28.3573 3.52263 3
      vertex -27.0435 4.43282 3
    endloop
  endfacet
  facet normal 0 -0 1
    outer loop
      vertex 49.9013 -3.13951 3
      vertex 49.9753 -1.57053 3
      vertex 42.8966 -2.97282 3
    endloop
  endfacet
  facet normal 0 0 1
    outer loop
      vertex 19.9266 0.975632 3
      vertex 21.7617 2.46927 3
      vertex 20.8406 2.93947 3
    endloop
  endfacet
  facet normal 0 0 1
    outer loop
      vertex 45.2413 -21.289 3
      vertex 39.3017 -17.4454 3
      vertex 38.3463 -19.4559 3
    endloop
  endfacet
  facet normal 0 0 1
    outer loop
      vertex 37.6752 4.83266 3
      vertex 38.503 2.95325 3
      vertex 39.9268 4.13806 3
    endloop
  endfacet
  facet normal 0 0 1
    outer loop
      vertex 49.6057 6.26665 3
      vertex 42.4709 6.7227 3
      vertex 42.8 4.13628 3
    endloop
  endfacet
  facet normal 0 0 1
    outer loop
      vertex 42.4709 6.7227 3
      vertex 49.3844 7.82172 3
      vertex 49.1143 9.36906 3
    endloop
  endfacet
  facet normal -0 0 1
    outer loop
      vertex 30.9758 17.4995 3
      vertex 32.9322 16.0376 3
      vertex 32.8389 18.739 3
    endloop
  endfacet
  facet normal 0 0 1
    outer loop
      vertex 29.5958 14.3223 3
      vertex 28.5612 13.3567 3
      vertex 31.0336 12.1492 3
    endloop
  endfacet
  facet normal 0 0 1
    outer loop
      vertex 38.503 2.95325 3
      vertex 39.4922 3.0627 3
      vertex 39.9268 4.13806 3
    endloop
  endfacet
  facet normal 0 0 1
    outer loop
      vertex 29.9604 11.3466 3
      vertex 28.5612 13.3567 3
      vertex 27.8695 10.3409 3
    endloop
  endfacet
  facet normal 0 0 1
    outer loop
      vertex 24.4145 7.65767 3
      vertex 23.7791 11.0246 3
      vertex 21.2601 10.9549 3
    endloop
  endfacet
  facet normal 0 0 1
    outer loop
      vertex 14.5516 5.15218 3
      vertex 17.2546 10.844 3
      vertex 15.9687 11.1305 3
    endloop
  endfacet
  facet normal 0 -0 1
    outer loop
      vertex 24.4145 7.65767 3
      vertex 25.1713 8.62842 3
      vertex 23.7791 11.0246 3
    endloop
  endfacet
  facet normal 0 0 1
    outer loop
      vertex 25.9881 11.875 3
      vertex 26.3561 9.51454 3
      vertex 27.8695 10.3409 3
    endloop
  endfacet
  facet normal 0 0 1
    outer loop
      vertex 26.3561 9.51454 3
      vertex 24.8309 11.3024 3
      vertex 25.1713 8.62842 3
    endloop
  endfacet
  facet normal 0 -0 1
    outer loop
      vertex 30.2227 5.18849 3
      vertex 31.3741 7.82195 3
      vertex 30.1893 7.92148 3
    endloop
  endfacet
  facet normal 0 -0 1
    outer loop
      vertex 31.0336 12.1492 3
      vertex 31.9018 13.4872 3
      vertex 29.5958 14.3223 3
    endloop
  endfacet
  facet normal 0 0 1
    outer loop
      vertex 28.9175 -21.6183 3
      vertex 28.3161 -23.8186 3
      vertex 29.7715 -23.0607 3
    endloop
  endfacet
  facet normal 0 0 1
    outer loop
      vertex 14.5516 5.15218 3
      vertex 11.1922 6.53223 3
      vertex 13.2351 5.15218 3
    endloop
  endfacet
  facet normal 0 0 1
    outer loop
      vertex 32.1455 -28.5593 3
      vertex 36.4484 -34.2273 3
      vertex 37.5055 -33.0656 3
    endloop
  endfacet
  facet normal 0 0 1
    outer loop
      vertex 26.3561 9.51454 3
      vertex 25.9881 11.875 3
      vertex 24.8309 11.3024 3
    endloop
  endfacet
  facet normal 0 0 1
    outer loop
      vertex 37.9447 -17.9925 3
      vertex 37.8661 -16.1193 3
      vertex 36.9463 -16.4902 3
    endloop
  endfacet
  facet normal -0 0 1
    outer loop
      vertex 27.4519 -33.0961 3
      vertex 33.0656 -37.5055 3
      vertex 28.7083 -32.0125 3
    endloop
  endfacet
  facet normal -0 0 1
    outer loop
      vertex 23.7791 11.0246 3
      vertex 25.1713 8.62842 3
      vertex 24.8309 11.3024 3
    endloop
  endfacet
  facet normal 0 0 1
    outer loop
      vertex 28.5612 13.3567 3
      vertex 25.9881 11.875 3
      vertex 27.8695 10.3409 3
    endloop
  endfacet
  facet normal 0 0 1
    outer loop
      vertex 31.0336 12.1492 3
      vertex 28.5612 13.3567 3
      vertex 29.9604 11.3466 3
    endloop
  endfacet
  facet normal -0 0 1
    outer loop
      vertex 39.6126 16.7275 3
      vertex 40.5536 14.296 3
      vertex 46.4888 18.4062 3
    endloop
  endfacet
  facet normal 0 0 1
    outer loop
      vertex 30.9758 17.4995 3
      vertex 30.5603 16.6124 3
      vertex 32.9322 16.0376 3
    endloop
  endfacet
  facet normal 0 0 1
    outer loop
      vertex 32.8389 18.739 3
      vertex 32.9322 16.0376 3
      vertex 34.0723 17.3702 3
    endloop
  endfacet
  facet normal 0 0 1
    outer loop
      vertex 32.8389 18.739 3
      vertex 34.0723 17.3702 3
      vertex 35.068 18.3261 3
    endloop
  endfacet
  facet normal -0 0 1
    outer loop
      vertex 33.7967 19.633 3
      vertex 35.068 18.3261 3
      vertex 34.5089 20.7787 3
    endloop
  endfacet
  facet normal 0 0 1
    outer loop
      vertex 43.8153 24.0877 3
      vertex 37.2977 21.3973 3
      vertex 38.526 19.0975 3
    endloop
  endfacet
  facet normal 0 0 1
    outer loop
      vertex 37.2977 20.1443 3
      vertex 34.5089 20.7787 3
      vertex 36.3332 19.0169 3
    endloop
  endfacet
  facet normal 0 0 1
    outer loop
      vertex 34.7705 22.631 3
      vertex 34.7705 21.744 3
      vertex 37.2977 21.3973 3
    endloop
  endfacet
  facet normal 0 0 1
    outer loop
      vertex 45.2413 21.289 3
      vertex 39.6126 16.7275 3
      vertex 45.8877 19.8574 3
    endloop
  endfacet
  facet normal 0 0 1
    outer loop
      vertex 43.0371 25.4521 3
      vertex 42.2164 26.7913 3
      vertex 37.2977 21.3973 3
    endloop
  endfacet
  facet normal 0 0 1
    outer loop
      vertex 40.5536 14.296 3
      vertex 47.5528 15.4508 3
      vertex 47.044 16.9369 3
    endloop
  endfacet
  facet normal 0 0 1
    outer loop
      vertex 41.3455 11.8119 3
      vertex 48.0147 13.9496 3
      vertex 47.5528 15.4508 3
    endloop
  endfacet
  facet normal 0 -0 1
    outer loop
      vertex 41.9853 9.28435 3
      vertex 48.4292 12.4345 3
      vertex 41.3455 11.8119 3
    endloop
  endfacet
  facet normal 0 0 1
    outer loop
      vertex 49.1143 9.36906 3
      vertex 41.9853 9.28435 3
      vertex 42.4709 6.7227 3
    endloop
  endfacet
  facet normal 0 0 1
    outer loop
      vertex 49.3844 7.82172 3
      vertex 42.4709 6.7227 3
      vertex 49.6057 6.26665 3
    endloop
  endfacet
  facet normal 0 0 1
    outer loop
      vertex 49.9013 3.13951 3
      vertex 49.7781 4.70541 3
      vertex 42.8 4.13628 3
    endloop
  endfacet
  facet normal 0 0 1
    outer loop
      vertex 49.9013 3.13951 3
      vertex 42.9726 1.53473 3
      vertex 49.9753 1.57053 3
    endloop
  endfacet
  facet normal 0 -0 1
    outer loop
      vertex -27.0435 4.43282 3
      vertex -26.7277 7.73895 3
      vertex -27.9536 7.73895 3
    endloop
  endfacet
  facet normal 0 0 1
    outer loop
      vertex -37.64 -20.7894 3
      vertex -44.5503 -22.6995 3
      vertex -43.8153 -24.0877 3
    endloop
  endfacet
  facet normal 0 0 1
    outer loop
      vertex -36.6538 -5.02411 3
      vertex -36.8496 -3.84904 3
      vertex -37.1261 -4.16006 3
    endloop
  endfacet
  facet normal 0 0 1
    outer loop
      vertex -39.5295 11.4608 3
      vertex -38.2457 12.1205 3
      vertex -38.9861 13.0003 3
    endloop
  endfacet
  facet normal 0 0 1
    outer loop
      vertex -38.9861 13.0003 3
      vertex -40.5148 14.187 3
      vertex -41.0463 12.5716 3
    endloop
  endfacet
  facet normal 0 0 1
    outer loop
      vertex -42.9895 0.931992 3
      vertex -49.9753 1.57053 3
      vertex -50 0 3
    endloop
  endfacet
  facet normal 0 0 1
    outer loop
      vertex -42.8503 3.5813 3
      vertex -49.6057 6.26665 3
      vertex -49.7781 4.70541 3
    endloop
  endfacet
  facet normal -0 0 1
    outer loop
      vertex -49.9013 3.13951 3
      vertex -42.9895 0.931992 3
      vertex -42.8503 3.5813 3
    endloop
  endfacet
  facet normal 0 0 1
    outer loop
      vertex -42.2519 7.9839 3
      vertex -49.1143 9.36906 3
      vertex -49.3844 7.82172 3
    endloop
  endfacet
  facet normal 0 0 1
    outer loop
      vertex -48.7958 10.9072 3
      vertex -49.1143 9.36906 3
      vertex -42.2519 7.9839 3
    endloop
  endfacet
  facet normal 0 0 1
    outer loop
      vertex -48.4292 12.4345 3
      vertex -48.7958 10.9072 3
      vertex -41.9296 9.53279 3
    endloop
  endfacet
  facet normal 0 0 1
    outer loop
      vertex -48.0147 13.9496 3
      vertex -48.4292 12.4345 3
      vertex -41.5506 11.0687 3
    endloop
  endfacet
  facet normal 0 0 1
    outer loop
      vertex -47.5528 15.4508 3
      vertex -41.1153 12.5897 3
      vertex -40.5845 14.2078 3
    endloop
  endfacet
  facet normal 0 0 1
    outer loop
      vertex -47.5528 15.4508 3
      vertex -48.0147 13.9496 3
      vertex -41.1153 12.5897 3
    endloop
  endfacet
  facet normal 0 0 1
    outer loop
      vertex -38.9861 13.0003 3
      vertex -41.0463 12.5716 3
      vertex -39.5295 11.4608 3
    endloop
  endfacet
  facet normal 0 -0 1
    outer loop
      vertex -38.5774 10.458 3
      vertex -38.2457 12.1205 3
      vertex -39.5295 11.4608 3
    endloop
  endfacet
  facet normal 0 0 1
    outer loop
      vertex -37.3052 11.1799 3
      vertex -38.2457 12.1205 3
      vertex -38.5774 10.458 3
    endloop
  endfacet
  facet normal 0 0 1
    outer loop
      vertex -37.3052 11.1799 3
      vertex -37.9173 9.63295 3
      vertex -36.3828 10.4637 3
    endloop
  endfacet
  facet normal 0 0 1
    outer loop
      vertex -36.3828 10.4637 3
      vertex -36.9335 8.81415 3
      vertex -35.6007 8.39526 3
    endloop
  endfacet
  facet normal 0 0 1
    outer loop
      vertex -36.3828 10.4637 3
      vertex -35.6007 8.39526 3
      vertex -34.2588 9.06795 3
    endloop
  endfacet
  facet normal 0 0 1
    outer loop
      vertex -33.124 8.41252 3
      vertex -34.2588 9.06795 3
      vertex -34.5089 7.77321 3
    endloop
  endfacet
  facet normal 0 0 1
    outer loop
      vertex -31.8643 5.70413 3
      vertex -28.9852 7.31418 3
      vertex -30.5388 7.37491 3
    endloop
  endfacet
  facet normal -0 0 1
    outer loop
      vertex -34.5089 7.77321 3
      vertex -31.8643 6.03438 3
      vertex -33.124 8.41252 3
    endloop
  endfacet
  facet normal 0 0 1
    outer loop
      vertex 27.5262 -4.39938 3
      vertex 26.2278 -5.67961 3
      vertex 26.9601 -6.20161 3
    endloop
  endfacet
  facet normal 0 0 1
    outer loop
      vertex 15.9687 11.1305 3
      vertex 14.6942 11.5592 3
      vertex 14.5516 5.15218 3
    endloop
  endfacet
  facet normal 0 -0 1
    outer loop
      vertex 11.1922 6.53223 3
      vertex 13.7449 12.1256 3
      vertex 10.2115 7.32213 3
    endloop
  endfacet
  facet normal 0 0 1
    outer loop
      vertex 10.1599 -24.1373 3
      vertex 11.0538 -25.9491 3
      vertex 12.1466 -25.3531 3
    endloop
  endfacet
  facet normal 0 0 1
    outer loop
      vertex 28.1042 -41.354 3
      vertex 24.1851 -35.5535 3
      vertex 26.7913 -42.2164 3
    endloop
  endfacet
  facet normal 0 -0 1
    outer loop
      vertex 10.2115 7.32213 3
      vertex 11.4625 13.9006 3
      vertex 8.38579 8.24744 3
    endloop
  endfacet
  facet normal 0 -0 1
    outer loop
      vertex -7.82172 -49.3844 3
      vertex -6.29927 -42.5353 3
      vertex -9.36906 -49.1143 3
    endloop
  endfacet
  facet normal 0 0 1
    outer loop
      vertex 19.3144 -31.0776 3
      vertex 17.517 -32.5351 3
      vertex 18.4683 -33.2466 3
    endloop
  endfacet
  facet normal 0 -0 1
    outer loop
      vertex 26.2278 -5.67961 3
      vertex 27.5262 -4.39938 3
      vertex 25.5445 -4.58646 3
    endloop
  endfacet
  facet normal -0 0 1
    outer loop
      vertex 11.4987 -28.467 3
      vertex 12.7467 -30.9728 3
      vertex 12.5396 -28.2943 3
    endloop
  endfacet
  facet normal 0 0 1
    outer loop
      vertex 11.4987 -28.467 3
      vertex 11.7693 -31.0606 3
      vertex 12.7467 -30.9728 3
    endloop
  endfacet
  facet normal 0 0 1
    outer loop
      vertex 25.5445 -4.58646 3
      vertex 27.5262 -4.39938 3
      vertex 27.0002 -3.55795 3
    endloop
  endfacet
  facet normal 0 0 1
    outer loop
      vertex 11.0265 -34.7565 3
      vertex 8.62482 -34.7565 3
      vertex 9.30663 -36.7192 3
    endloop
  endfacet
  facet normal 0 0 1
    outer loop
      vertex 26.8122 0.0132141 3
      vertex 26.6243 1.49316 3
      vertex 25.6105 1.62999 3
    endloop
  endfacet
  facet normal 0 0 1
    outer loop
      vertex 17.9857 -29.4129 3
      vertex 15.7677 -31.0167 3
      vertex 18.6551 -30.4121 3
    endloop
  endfacet
  facet normal 0 0 1
    outer loop
      vertex 3.42238 -4.04149 3
      vertex 2.78101 -2.37662 3
      vertex 2.98839 -3.3419 3
    endloop
  endfacet
  facet normal 0 0 1
    outer loop
      vertex -4.60667 -42.7517 3
      vertex -4.70541 -49.7781 3
      vertex -2.40916 -42.9324 3
    endloop
  endfacet
  facet normal -0 0 1
    outer loop
      vertex -1.61244 -25.3405 3
      vertex -0.545227 -26.3015 3
      vertex 2.25624 -22.8481 3
    endloop
  endfacet
  facet normal 0 0 1
    outer loop
      vertex -16.6704 7.72466 3
      vertex -18.3377 7.55225 3
      vertex -16.5411 2.50861 3
    endloop
  endfacet
  facet normal -0 0 1
    outer loop
      vertex -16.6704 7.72466 3
      vertex -16.051 2.41713 3
      vertex -15.3266 8.1852 3
    endloop
  endfacet
  facet normal 0 0 1
    outer loop
      vertex -16.5411 2.50861 3
      vertex -18.3377 7.55225 3
      vertex -17.4117 2.32555 3
    endloop
  endfacet
  facet normal 0 0 1
    outer loop
      vertex -8.73116 0.117493 3
      vertex -3.85924 1.66585 3
      vertex -3.55473 2.81248 3
    endloop
  endfacet
  facet normal -0 0 1
    outer loop
      vertex -15.3266 8.1852 3
      vertex -16.051 2.41713 3
      vertex -14.2961 8.87129 3
    endloop
  endfacet
  facet normal 0 -0 1
    outer loop
      vertex -15.7831 -6.77547 3
      vertex -15.1847 -5.65475 3
      vertex -20.4113 -4.95364 3
    endloop
  endfacet
  facet normal 0 -0 1
    outer loop
      vertex 14.5516 5.15218 3
      vertex 14.6942 11.5592 3
      vertex 11.1922 6.53223 3
    endloop
  endfacet
  facet normal 0 -0 1
    outer loop
      vertex -9.11247 -1.36913 3
      vertex -8.73116 0.117493 3
      vertex -16.1929 1.25912 3
    endloop
  endfacet
  facet normal -0 0 1
    outer loop
      vertex -13.2866 9.63107 3
      vertex -8.73116 0.117493 3
      vertex -12.045 10.4576 3
    endloop
  endfacet
  facet normal 0 0 1
    outer loop
      vertex 10.5142 14.3244 3
      vertex 9.48494 14.9643 3
      vertex 8.38579 8.24744 3
    endloop
  endfacet
  facet normal 0 0 1
    outer loop
      vertex 8.61598 15.641 3
      vertex 7.63942 16.7251 3
      vertex 6.60287 8.32999 3
    endloop
  endfacet
  facet normal 0 0 1
    outer loop
      vertex -3.85924 1.66585 3
      vertex -7.79172 -0.776398 3
      vertex -3.4747 0.497925 3
    endloop
  endfacet
  facet normal 0 0 1
    outer loop
      vertex 6.60287 4.43408 3
      vertex 6.52864 4.41405 3
      vertex 6.60287 3.22894 3
    endloop
  endfacet
  facet normal 0 -0 1
    outer loop
      vertex -3.02998 4.08879 3
      vertex -2.80971 5.62408 3
      vertex -8.73116 0.117493 3
    endloop
  endfacet
  facet normal -0 0 1
    outer loop
      vertex -6.99072 16.2841 3
      vertex 6.60287 8.32999 3
      vertex 7.63942 16.7251 3
    endloop
  endfacet
  facet normal 0 0 1
    outer loop
      vertex -6.99072 16.2841 3
      vertex -7.91003 14.5206 3
      vertex -2.80971 5.62408 3
    endloop
  endfacet
  facet normal 0 0 1
    outer loop
      vertex 13.7449 12.1256 3
      vertex 11.4625 13.9006 3
      vertex 10.2115 7.32213 3
    endloop
  endfacet
  facet normal 0 0 1
    outer loop
      vertex 11.1922 6.53223 3
      vertex 14.6942 11.5592 3
      vertex 13.7449 12.1256 3
    endloop
  endfacet
  facet normal -0 0 1
    outer loop
      vertex 14.5516 5.15218 3
      vertex 15.7095 4.66971 3
      vertex 17.2546 10.844 3
    endloop
  endfacet
  facet normal 0 0 1
    outer loop
      vertex 15.7095 4.66971 3
      vertex 20.1264 5.03413 3
      vertex 17.2546 10.844 3
    endloop
  endfacet
  facet normal 0 -0 1
    outer loop
      vertex 16.9304 3.95367 3
      vertex 20.1264 5.03413 3
      vertex 15.7095 4.66971 3
    endloop
  endfacet
  facet normal 0 0 1
    outer loop
      vertex 20.2263 3.70854 3
      vertex 20.1264 5.03413 3
      vertex 16.9304 3.95367 3
    endloop
  endfacet
  facet normal 0 -0 1
    outer loop
      vertex 19.9266 0.975632 3
      vertex 20.8406 2.93947 3
      vertex 19.0096 1.62935 3
    endloop
  endfacet
  facet normal 0 0 1
    outer loop
      vertex 27.5988 1.49316 3
      vertex 28.0528 0.0132141 3
      vertex 29.0788 1.29338 3
    endloop
  endfacet
  facet normal 0 0 1
    outer loop
      vertex 27.5262 -4.39938 3
      vertex 26.9601 -6.20161 3
      vertex 28.6741 -5.94066 3
    endloop
  endfacet
  facet normal -0 0 1
    outer loop
      vertex 26.9601 -6.20161 3
      vertex 28.3043 -6.78818 3
      vertex 28.6741 -5.94066 3
    endloop
  endfacet
  facet normal 0 0 1
    outer loop
      vertex 30.2227 5.18849 3
      vertex 28.6461 7.82195 3
      vertex 29.215 4.65282 3
    endloop
  endfacet
  facet normal 0 0 1
    outer loop
      vertex 31.3741 7.82195 3
      vertex 31.5924 5.10988 3
      vertex 33.007 7.36398 3
    endloop
  endfacet
  facet normal -0 0 1
    outer loop
      vertex 36.2606 2.44646 3
      vertex 36.8599 1.40239 3
      vertex 38.503 2.95325 3
    endloop
  endfacet
  facet normal 0 -0 1
    outer loop
      vertex 25.5445 -4.58646 3
      vertex 27.0002 -3.55795 3
      vertex 25.22 -3.94545 3
    endloop
  endfacet
  facet normal -0 0 1
    outer loop
      vertex 26.255 3.71758 3
      vertex 28.1527 3.60866 3
      vertex 27.0431 7.49339 3
    endloop
  endfacet
  facet normal 0 0 1
    outer loop
      vertex 30.5174 1.00543 3
      vertex 29.0788 1.29338 3
      vertex 29.2785 0.231064 3
    endloop
  endfacet
  facet normal -0 0 1
    outer loop
      vertex 22.8139 5.03413 3
      vertex 24.8532 4.14423 3
      vertex 24.6471 7.30827 3
    endloop
  endfacet
  facet normal 0 0 1
    outer loop
      vertex 25.6793 -0.435135 3
      vertex 24.9286 -2.59007 3
      vertex 26.6243 -1.94691 3
    endloop
  endfacet
  facet normal 0 0 1
    outer loop
      vertex 21.2601 10.9549 3
      vertex 21.561 5.27934 3
      vertex 24.4145 7.65767 3
    endloop
  endfacet
  facet normal -0 0 1
    outer loop
      vertex 24.2442 -1.23839 3
      vertex 24.9286 -2.59007 3
      vertex 25.6793 -0.435135 3
    endloop
  endfacet
  facet normal 0 0 1
    outer loop
      vertex 28.6461 7.82195 3
      vertex 27.0431 7.49339 3
      vertex 29.215 4.65282 3
    endloop
  endfacet
  facet normal 0 -0 1
    outer loop
      vertex 32.5471 4.71638 3
      vertex 33.007 7.36398 3
      vertex 31.5924 5.10988 3
    endloop
  endfacet
  facet normal 0 0 1
    outer loop
      vertex 36.2606 2.44646 3
      vertex 38.503 2.95325 3
      vertex 37.6752 4.83266 3
    endloop
  endfacet
  facet normal 0 0 1
    outer loop
      vertex 35.6853 5.23329 3
      vertex 34.8291 5.73105 3
      vertex 35.4253 3.10027 3
    endloop
  endfacet
  facet normal 0 0 1
    outer loop
      vertex 32.5471 4.71638 3
      vertex 34.8291 5.73105 3
      vertex 33.9712 6.43564 3
    endloop
  endfacet
  facet normal 0 0 1
    outer loop
      vertex 25.5097 7.36398 3
      vertex 24.8532 4.14423 3
      vertex 26.255 3.71758 3
    endloop
  endfacet
  facet normal 0 0 1
    outer loop
      vertex 28.0528 0.0132141 3
      vertex 29.2785 0.231064 3
      vertex 29.0788 1.29338 3
    endloop
  endfacet
  facet normal 0 0 1
    outer loop
      vertex 28.0528 0.0132141 3
      vertex 27.5988 1.49316 3
      vertex 26.8122 0.0132141 3
    endloop
  endfacet
  facet normal 0 -0 1
    outer loop
      vertex 28.1527 3.60866 3
      vertex 29.215 4.65282 3
      vertex 27.0431 7.49339 3
    endloop
  endfacet
  facet normal 0 -0 1
    outer loop
      vertex 25.6793 -0.435135 3
      vertex 26.8122 0.0132141 3
      vertex 25.6105 1.62999 3
    endloop
  endfacet
  facet normal 0 -0 1
    outer loop
      vertex 26.255 3.71758 3
      vertex 27.0431 7.49339 3
      vertex 25.5097 7.36398 3
    endloop
  endfacet
  facet normal 0 0 1
    outer loop
      vertex 25.6793 -0.435135 3
      vertex 25.6105 1.62999 3
      vertex 23.0506 -0.387573 3
    endloop
  endfacet
  facet normal 0 0 1
    outer loop
      vertex 23.0506 -0.387573 3
      vertex 21.7617 2.46927 3
      vertex 19.9266 0.975632 3
    endloop
  endfacet
  facet normal 0 0 1
    outer loop
      vertex 22.8139 5.03413 3
      vertex 24.6471 7.30827 3
      vertex 24.4145 7.65767 3
    endloop
  endfacet
  facet normal 0 0 1
    outer loop
      vertex 21.2601 10.9549 3
      vertex 20.1264 5.03413 3
      vertex 21.561 5.27934 3
    endloop
  endfacet
  facet normal 0 0 1
    outer loop
      vertex 20.2263 3.70854 3
      vertex 19.0096 1.62935 3
      vertex 20.8406 2.93947 3
    endloop
  endfacet
  facet normal 0 -0 1
    outer loop
      vertex 19.0096 1.62935 3
      vertex 20.2263 3.70854 3
      vertex 16.9304 3.95367 3
    endloop
  endfacet
  facet normal -0 0 1
    outer loop
      vertex 18.6871 10.7465 3
      vertex 20.1264 5.03413 3
      vertex 21.2601 10.9549 3
    endloop
  endfacet
  facet normal 0 0 1
    outer loop
      vertex 18.6871 10.7465 3
      vertex 17.2546 10.844 3
      vertex 20.1264 5.03413 3
    endloop
  endfacet
  facet normal 0 0 1
    outer loop
      vertex 24.4145 7.65767 3
      vertex 21.561 5.27934 3
      vertex 22.8139 5.03413 3
    endloop
  endfacet
  facet normal 0 -0 1
    outer loop
      vertex 24.8532 4.14423 3
      vertex 25.5097 7.36398 3
      vertex 24.6471 7.30827 3
    endloop
  endfacet
  facet normal 0 0 1
    outer loop
      vertex 30.1893 7.92148 3
      vertex 28.6461 7.82195 3
      vertex 30.2227 5.18849 3
    endloop
  endfacet
  facet normal 0 0 1
    outer loop
      vertex 31.3741 7.82195 3
      vertex 30.2227 5.18849 3
      vertex 31.5924 5.10988 3
    endloop
  endfacet
  facet normal 0 0 1
    outer loop
      vertex 33.9712 6.43564 3
      vertex 33.007 7.36398 3
      vertex 32.5471 4.71638 3
    endloop
  endfacet
  facet normal 0 0 1
    outer loop
      vertex 34.8291 5.73105 3
      vertex 32.5471 4.71638 3
      vertex 35.4253 3.10027 3
    endloop
  endfacet
  facet normal 0 0 1
    outer loop
      vertex 37.6752 4.83266 3
      vertex 35.4253 3.10027 3
      vertex 36.2606 2.44646 3
    endloop
  endfacet
  facet normal 0 0 1
    outer loop
      vertex 39.1104 1.40239 3
      vertex 38.503 2.95325 3
      vertex 36.8599 1.40239 3
    endloop
  endfacet
  facet normal 0 -0 1
    outer loop
      vertex 37.5227 0.067688 3
      vertex 39.1104 1.40239 3
      vertex 36.8599 1.40239 3
    endloop
  endfacet
  facet normal 0 -0 1
    outer loop
      vertex 38.9209 -0.867523 3
      vertex 39.1104 1.40239 3
      vertex 37.5227 0.067688 3
    endloop
  endfacet
  facet normal 0 0 1
    outer loop
      vertex 39.874 0.437195 3
      vertex 38.9209 -0.867523 3
      vertex 40.2487 -1.41472 3
    endloop
  endfacet
  facet normal 0 0 1
    outer loop
      vertex 39.874 0.437195 3
      vertex 40.2487 -1.41472 3
      vertex 41.1999 -1.55756 3
    endloop
  endfacet
  facet normal 0 0 1
    outer loop
      vertex 39.874 0.437195 3
      vertex 41.1999 -1.55756 3
      vertex 42.986 -1.07249 3
    endloop
  endfacet
  facet normal -0 0 1
    outer loop
      vertex 41.1999 -1.55756 3
      vertex 42.0515 -2.12738 3
      vertex 42.986 -1.07249 3
    endloop
  endfacet
  facet normal 0 -0 1
    outer loop
      vertex 49.6057 -6.26665 3
      vertex 49.7781 -4.70541 3
      vertex 42.64 -5.55273 3
    endloop
  endfacet
  facet normal 0 -0 1
    outer loop
      vertex 48.7958 -10.9072 3
      vertex 49.1143 -9.36906 3
      vertex 42.2277 -8.11241 3
    endloop
  endfacet
  facet normal 0 -0 1
    outer loop
      vertex 48.4292 -12.4345 3
      vertex 48.7958 -10.9072 3
      vertex 41.6616 -10.6426 3
    endloop
  endfacet
  facet normal 0 0 1
    outer loop
      vertex 48.0147 -13.9496 3
      vertex 41.6616 -10.6426 3
      vertex 40.9446 -13.1341 3
    endloop
  endfacet
  facet normal 0 0 1
    outer loop
      vertex 47.5528 -15.4508 3
      vertex 40.9446 -13.1341 3
      vertex 47.044 -16.9369 3
    endloop
  endfacet
  facet normal 0 0 1
    outer loop
      vertex 46.4888 -18.4062 3
      vertex 40.0787 -15.5779 3
      vertex 45.8877 -19.8574 3
    endloop
  endfacet
  facet normal 0 0 1
    outer loop
      vertex 37.9447 -17.9925 3
      vertex 36.9463 -16.4902 3
      vertex 37.5573 -18.2099 3
    endloop
  endfacet
  facet normal 0 0 1
    outer loop
      vertex 39.3017 -17.4454 3
      vertex 37.8661 -16.1193 3
      vertex 37.9447 -17.9925 3
    endloop
  endfacet
  facet normal 0 0 1
    outer loop
      vertex -33.5886 5.31064 3
      vertex -34.9913 5.3804 3
      vertex -34.0906 3.41531 3
    endloop
  endfacet
  facet normal 0 -0 1
    outer loop
      vertex -38.5257 -31.8712 3
      vertex -34.0675 -26.2368 3
      vertex -39.5077 -30.6453 3
    endloop
  endfacet
  facet normal 0 -0 1
    outer loop
      vertex -39.8932 -9.85545 3
      vertex -38.902 -7.83688 3
      vertex -40.9054 -9.17329 3
    endloop
  endfacet
  facet normal 0 0 1
    outer loop
      vertex -40.9054 -9.17329 3
      vertex -38.902 -7.83688 3
      vertex -40.0304 -7.07657 3
    endloop
  endfacet
  facet normal -0 0 1
    outer loop
      vertex -29.955 -7.12218 3
      vertex -28.0712 -8.61848 3
      vertex -26.6814 -6.27986 3
    endloop
  endfacet
  facet normal 0 0 1
    outer loop
      vertex -42.2734 -7.86971 3
      vertex -42.1486 -7.8604 3
      vertex -41.0349 -6.08311 3
    endloop
  endfacet
  facet normal -0 0 1
    outer loop
      vertex -40.4656 -14.5432 3
      vertex -39.4531 -15.3565 3
      vertex -40.386 -14.533 3
    endloop
  endfacet
  facet normal 0 -0 1
    outer loop
      vertex -29.1894 -4.98422 3
      vertex -27.8585 -4.28348 3
      vertex -29.2993 -3.74101 3
    endloop
  endfacet
  facet normal 0 0 1
    outer loop
      vertex -41.1873 -12.3521 3
      vertex -41.7905 -10.1254 3
      vertex -48.4292 -12.4345 3
    endloop
  endfacet
  facet normal 0 0 1
    outer loop
      vertex -37.6951 6.66252 3
      vertex -40.4561 7.25282 3
      vertex -39.0101 5.46964 3
    endloop
  endfacet
  facet normal 0 -0 1
    outer loop
      vertex -48.4292 -12.4345 3
      vertex -41.7905 -10.1254 3
      vertex -48.7958 -10.9072 3
    endloop
  endfacet
  facet normal 0 -0 1
    outer loop
      vertex -29.955 -7.12218 3
      vertex -29.8779 -5.31001 3
      vertex -32.1493 -6.29131 3
    endloop
  endfacet
  facet normal 0 0 1
    outer loop
      vertex -42.7773 -4.36719 3
      vertex -49.7781 -4.70541 3
      vertex -49.6057 -6.26665 3
    endloop
  endfacet
  facet normal 0 0 1
    outer loop
      vertex -42.7773 -4.36719 3
      vertex -41.8148 -5.00104 3
      vertex -42.6271 -4.36835 3
    endloop
  endfacet
  facet normal -0 0 1
    outer loop
      vertex -49.6057 -6.26665 3
      vertex -49.3844 -7.82172 3
      vertex -42.7773 -4.36719 3
    endloop
  endfacet
  facet normal 0 -0 1
    outer loop
      vertex -48.7958 -10.9072 3
      vertex -42.2734 -7.86971 3
      vertex -49.1143 -9.36906 3
    endloop
  endfacet
  facet normal 0 0 1
    outer loop
      vertex -49.9753 -1.57053 3
      vertex -49.9013 -3.13951 3
      vertex -42.9652 -1.72084 3
    endloop
  endfacet
  facet normal -0 -0 1
    outer loop
      vertex -49.9753 -1.57053 3
      vertex -42.9652 -1.72084 3
      vertex -50 0 3
    endloop
  endfacet
  facet normal 0 -0 1
    outer loop
      vertex -42.4717 6.19759 3
      vertex -42.1762 7.9637 3
      vertex -42.5478 6.2169 3
    endloop
  endfacet
  facet normal 0 0 1
    outer loop
      vertex -41.8148 -5.00104 3
      vertex -42.5272 -4.29636 3
      vertex -42.6271 -4.36835 3
    endloop
  endfacet
  facet normal 0 0 1
    outer loop
      vertex -49.9013 -3.13951 3
      vertex -49.7781 -4.70541 3
      vertex -42.7773 -4.36719 3
    endloop
  endfacet
  facet normal 0 0 1
    outer loop
      vertex -42.1762 7.9637 3
      vertex -42.2519 7.9839 3
      vertex -42.5478 6.2169 3
    endloop
  endfacet
  facet normal -0 0 1
    outer loop
      vertex -49.9753 1.57053 3
      vertex -42.9895 0.931992 3
      vertex -49.9013 3.13951 3
    endloop
  endfacet
  facet normal 0 0 1
    outer loop
      vertex -49.9013 3.13951 3
      vertex -42.8503 3.5813 3
      vertex -49.7781 4.70541 3
    endloop
  endfacet
  facet normal -0 0 1
    outer loop
      vertex -39.0101 5.46964 3
      vertex -37.4985 4.85233 3
      vertex -37.6951 6.66252 3
    endloop
  endfacet
  facet normal 0 -0 1
    outer loop
      vertex -42.8503 3.5813 3
      vertex -42.5478 6.2169 3
      vertex -49.6057 6.26665 3
    endloop
  endfacet
  facet normal 0 0 1
    outer loop
      vertex -42.4717 6.19759 3
      vertex -40.4561 7.25282 3
      vertex -42.1762 7.9637 3
    endloop
  endfacet
  facet normal 0 0 1
    outer loop
      vertex -39.0101 5.46964 3
      vertex -40.4561 7.25282 3
      vertex -40.5139 5.57248 3
    endloop
  endfacet
  facet normal -0 0 1
    outer loop
      vertex -37.4985 4.85233 3
      vertex -35.2857 3.90341 3
      vertex -35.8736 5.67238 3
    endloop
  endfacet
  facet normal 0 0 1
    outer loop
      vertex -34.9913 5.3804 3
      vertex -35.2857 3.90341 3
      vertex -34.0906 3.41531 3
    endloop
  endfacet
  facet normal 0 0 1
    outer loop
      vertex -34.9913 5.3804 3
      vertex -35.8736 5.67238 3
      vertex -35.2857 3.90341 3
    endloop
  endfacet
  facet normal 0 0 1
    outer loop
      vertex -33.5886 5.31064 3
      vertex -34.0906 3.41531 3
      vertex -33.0294 3.18306 3
    endloop
  endfacet
  facet normal -0 0 1
    outer loop
      vertex -33.5886 5.31064 3
      vertex -33.0294 3.18306 3
      vertex -31.8643 5.70413 3
    endloop
  endfacet
  facet normal 0 0 1
    outer loop
      vertex -28.9852 7.31418 3
      vertex -31.8643 5.70413 3
      vertex -29.5603 3.29922 3
    endloop
  endfacet
  facet normal 0 0 1
    outer loop
      vertex -27.8585 -4.28348 3
      vertex -27.9626 -3.10643 3
      vertex -29.2993 -3.74101 3
    endloop
  endfacet
  facet normal 0 0 1
    outer loop
      vertex -27.0435 4.43282 3
      vertex -25.6051 8.2851 3
      vertex -26.7277 7.73895 3
    endloop
  endfacet
  facet normal 0 0 1
    outer loop
      vertex -25.9868 -6.89413 3
      vertex -26.6814 -6.27986 3
      vertex -28.0712 -8.61848 3
    endloop
  endfacet
  facet normal 0 0 1
    outer loop
      vertex -21.1474 8.32632 3
      vertex -22.3182 8.76846 3
      vertex -23.2288 3.10321 3
    endloop
  endfacet
  facet normal 0 0 1
    outer loop
      vertex -8.15775 -17.4977 3
      vertex -9.9953 -16.7102 3
      vertex -8.30923 -18.3558 3
    endloop
  endfacet
  facet normal 0 -0 1
    outer loop
      vertex -23.2288 3.10321 3
      vertex -22.3182 8.76846 3
      vertex -25.6051 8.2851 3
    endloop
  endfacet
  facet normal 0 0 1
    outer loop
      vertex -21.1474 8.32632 3
      vertex -23.2288 3.10321 3
      vertex -20.0735 2.32555 3
    endloop
  endfacet
  facet normal -0 0 1
    outer loop
      vertex -21.8936 -9.26128 3
      vertex -21.5782 -9.62276 3
      vertex -21.1103 -5.69188 3
    endloop
  endfacet
  facet normal -0 0 1
    outer loop
      vertex -16.1929 1.25912 3
      vertex -8.73116 0.117493 3
      vertex -16.051 2.41713 3
    endloop
  endfacet
  facet normal 0 -0 1
    outer loop
      vertex -6.21843 -2.97247 3
      vertex -3.1498 -1.01839 3
      vertex -6.95584 -1.79355 3
    endloop
  endfacet
  facet normal 0 -0 1
    outer loop
      vertex -5.75743 -4.33954 3
      vertex -3.36827 -3.49536 3
      vertex -6.21843 -2.97247 3
    endloop
  endfacet
  facet normal 0 0 1
    outer loop
      vertex 1.57053 -49.9753 3
      vertex -0.205322 -42.9995 3
      vertex 0 -50 3
    endloop
  endfacet
  facet normal 0 -0 1
    outer loop
      vertex -20.2808 -35.8867 3
      vertex -18.869 -34.2106 3
      vertex -20.4685 -33.8352 3
    endloop
  endfacet
  facet normal 0 0 1
    outer loop
      vertex 3.20856 -23.4765 3
      vertex 2.25624 -22.8481 3
      vertex 1.62543 -27.089 3
    endloop
  endfacet
  facet normal 0 0 1
    outer loop
      vertex -34.2617 -12.4983 3
      vertex -32.353 -14.0509 3
      vertex -31.4655 -13.1708 3
    endloop
  endfacet
  facet normal -0 0 1
    outer loop
      vertex -29.2993 -5.25896 3
      vertex -27.3707 -5.31091 3
      vertex -29.1894 -4.98422 3
    endloop
  endfacet
  facet normal -0 0 1
    outer loop
      vertex -29.1894 -4.98422 3
      vertex -27.3707 -5.31091 3
      vertex -27.8585 -4.28348 3
    endloop
  endfacet
  facet normal 0 0 1
    outer loop
      vertex -29.2993 -5.25896 3
      vertex -29.955 -7.12218 3
      vertex -27.3707 -5.31091 3
    endloop
  endfacet
  facet normal 0 0 1
    outer loop
      vertex -29.955 -7.12218 3
      vertex -29.2993 -5.25896 3
      vertex -29.8779 -5.31001 3
    endloop
  endfacet
  facet normal 0 0 1
    outer loop
      vertex -36.8496 -3.84904 3
      vertex -36.6538 -5.02411 3
      vertex -34.7345 -4.70433 3
    endloop
  endfacet
  facet normal 0 0 1
    outer loop
      vertex -34.7345 -4.70433 3
      vertex -36.6538 -5.02411 3
      vertex -35.398 -5.87654 3
    endloop
  endfacet
  facet normal 0 0 1
    outer loop
      vertex -34.7345 -4.70433 3
      vertex -34.4188 -6.15305 3
      vertex -33.4396 -6.15305 3
    endloop
  endfacet
  facet normal 0 0 1
    outer loop
      vertex -34.7345 -4.70433 3
      vertex -33.4396 -6.15305 3
      vertex -32.1493 -6.29131 3
    endloop
  endfacet
  facet normal 0 0 1
    outer loop
      vertex -29.8779 -5.31001 3
      vertex -34.7345 -4.70433 3
      vertex -32.1493 -6.29131 3
    endloop
  endfacet
  facet normal 0 0 1
    outer loop
      vertex -26.6814 -6.27986 3
      vertex -27.3707 -5.31091 3
      vertex -29.955 -7.12218 3
    endloop
  endfacet
  facet normal -0 0 1
    outer loop
      vertex -30.1102 -9.97778 3
      vertex -28.2088 -12.452 3
      vertex -28.6025 -9.28749 3
    endloop
  endfacet
  facet normal 0 0 1
    outer loop
      vertex -25.9351 -11.2857 3
      vertex -25.9868 -6.89413 3
      vertex -28.0712 -8.61848 3
    endloop
  endfacet
  facet normal -0 0 1
    outer loop
      vertex -24.0877 -43.8153 3
      vertex -22.6995 -44.5503 3
      vertex -20.0984 -38.0134 3
    endloop
  endfacet
  facet normal -0 0 1
    outer loop
      vertex -20.0217 -17.4825 3
      vertex -20.0217 -19.1602 3
      vertex -15.6444 -16.8999 3
    endloop
  endfacet
  facet normal 0 0 1
    outer loop
      vertex 15.2864 -24.3036 3
      vertex 16.3661 -24.3036 3
      vertex 15.5398 -23.0336 3
    endloop
  endfacet
  facet normal 0 0 1
    outer loop
      vertex 27.4519 -33.0961 3
      vertex 31.8712 -38.5257 3
      vertex 33.0656 -37.5055 3
    endloop
  endfacet
  facet normal 0 0 1
    outer loop
      vertex 21.289 -45.2413 3
      vertex 18.5925 -38.7722 3
      vertex 19.8574 -45.8877 3
    endloop
  endfacet
  facet normal 0 -0 1
    outer loop
      vertex 9.83228 -14.383 3
      vertex 12.129 -13.9656 3
      vertex 9.56436 -13.448 3
    endloop
  endfacet
  facet normal 0 0 1
    outer loop
      vertex 14.7683 -40.384 3
      vertex 16.9369 -47.044 3
      vertex 18.4062 -46.4888 3
    endloop
  endfacet
  facet normal 0 0 1
    outer loop
      vertex 11.0538 -25.9491 3
      vertex 10.1599 -24.1373 3
      vertex 10.027 -26.2949 3
    endloop
  endfacet
  facet normal 0 0 1
    outer loop
      vertex -2.1958 -6.85811 3
      vertex -3.17091 -4.41664 3
      vertex -5.19376 -6.9697 3
    endloop
  endfacet
  facet normal 0 -0 1
    outer loop
      vertex 3.13951 -49.9013 3
      vertex 4.19826 -42.7938 3
      vertex 1.99913 -42.9529 3
    endloop
  endfacet
  facet normal 0 0 1
    outer loop
      vertex 17.9792 -23.4182 3
      vertex 17.0982 -23.1462 3
      vertex 16.3661 -24.3036 3
    endloop
  endfacet
  facet normal 0 0 1
    outer loop
      vertex -0.205322 -42.9995 3
      vertex -1.57053 -49.9753 3
      vertex 0 -50 3
    endloop
  endfacet
  facet normal 0 0 1
    outer loop
      vertex 15.5398 -23.0336 3
      vertex 14.2333 -24.5046 3
      vertex 15.2864 -24.3036 3
    endloop
  endfacet
  facet normal -0 0 1
    outer loop
      vertex -4.70541 -49.7781 3
      vertex -3.13951 -49.9013 3
      vertex -2.40916 -42.9324 3
    endloop
  endfacet
  facet normal 0 0 1
    outer loop
      vertex 14.2333 -24.5046 3
      vertex 12.8594 -22.0459 3
      vertex 13.073 -24.8953 3
    endloop
  endfacet
  facet normal 0 0 1
    outer loop
      vertex -2.26073 -18.2198 3
      vertex -2.89395 -17.0824 3
      vertex -6.39093 -19.5876 3
    endloop
  endfacet
  facet normal -0 0 1
    outer loop
      vertex 11.1411 -23.5747 3
      vertex 13.073 -24.8953 3
      vertex 12.8594 -22.0459 3
    endloop
  endfacet
  facet normal -0 0 1
    outer loop
      vertex -0.545227 -26.3015 3
      vertex 0.443634 -26.8228 3
      vertex 2.25624 -22.8481 3
    endloop
  endfacet
  facet normal -0 0 1
    outer loop
      vertex 10.1599 -24.1373 3
      vertex 12.1466 -25.3531 3
      vertex 11.1411 -23.5747 3
    endloop
  endfacet
  facet normal 0 0 1
    outer loop
      vertex -4.60667 -42.7517 3
      vertex -6.29927 -42.5353 3
      vertex -6.26665 -49.6057 3
    endloop
  endfacet
  facet normal 0 0 1
    outer loop
      vertex -6.29927 -42.5353 3
      vertex -7.82172 -49.3844 3
      vertex -6.26665 -49.6057 3
    endloop
  endfacet
  facet normal 0 0 1
    outer loop
      vertex -10.1351 -32.3404 3
      vertex -11.2165 -32.8429 3
      vertex -9.7729 -33.3942 3
    endloop
  endfacet
  facet normal 0 0 1
    outer loop
      vertex -6.29927 -42.5353 3
      vertex -8.93639 -42.0605 3
      vertex -9.36906 -49.1143 3
    endloop
  endfacet
  facet normal 0 0 1
    outer loop
      vertex 4.33266 -23.9804 3
      vertex 6.4335 -26.9075 3
      vertex 8.70871 -24.5064 3
    endloop
  endfacet
  facet normal 0 0 1
    outer loop
      vertex -3.47308 -33.4901 3
      vertex -2.79942 -35.9005 3
      vertex -1.79713 -33.8132 3
    endloop
  endfacet
  facet normal 0 -0 1
    outer loop
      vertex 12.1466 -25.3531 3
      vertex 13.073 -24.8953 3
      vertex 11.1411 -23.5747 3
    endloop
  endfacet
  facet normal 0 0 1
    outer loop
      vertex 15.5398 -23.0336 3
      vertex 14.1894 -22.142 3
      vertex 14.2333 -24.5046 3
    endloop
  endfacet
  facet normal 0 0 1
    outer loop
      vertex 17.0982 -23.1462 3
      vertex 15.5398 -23.0336 3
      vertex 16.3661 -24.3036 3
    endloop
  endfacet
  facet normal 0 0 1
    outer loop
      vertex 25.2353 -18.6685 3
      vertex 23.9134 -18.0171 3
      vertex 23.0804 -20.4012 3
    endloop
  endfacet
  facet normal 0 0 1
    outer loop
      vertex 17.9792 -23.4182 3
      vertex 16.3661 -24.3036 3
      vertex 18.9112 -23.976 3
    endloop
  endfacet
  facet normal 0 0 1
    outer loop
      vertex 13.0806 -12.9383 3
      vertex 16.6441 -12.6432 3
      vertex 15.3853 -9.30074 3
    endloop
  endfacet
  facet normal 0 0 1
    outer loop
      vertex 9.40384 -12.03 3
      vertex 9.40384 -12.3079 3
      vertex 13.0806 -12.9383 3
    endloop
  endfacet
  facet normal 0 0 1
    outer loop
      vertex 14.1894 -22.142 3
      vertex 12.8594 -22.0459 3
      vertex 14.2333 -24.5046 3
    endloop
  endfacet
  facet normal -0 0 1
    outer loop
      vertex 6.22102 -7.2354 3
      vertex 7.38536 -8.47539 3
      vertex 10.6226 -4.80225 3
    endloop
  endfacet
  facet normal 0 0 1
    outer loop
      vertex 9.47644 -2.8766 3
      vertex 6.22102 -7.2354 3
      vertex 10.6226 -4.80225 3
    endloop
  endfacet
  facet normal 0 -0 1
    outer loop
      vertex 10.027 -26.2949 3
      vertex 10.1599 -24.1373 3
      vertex 8.70871 -24.5064 3
    endloop
  endfacet
  facet normal 0 0 1
    outer loop
      vertex 10.027 -26.2949 3
      vertex 8.70871 -24.5064 3
      vertex 9.23 -26.4724 3
    endloop
  endfacet
  facet normal 0 0 1
    outer loop
      vertex 7.90538 -26.5797 3
      vertex 9.23 -26.4724 3
      vertex 8.70871 -24.5064 3
    endloop
  endfacet
  facet normal -0 -0 1
    outer loop
      vertex 9.40384 -12.03 3
      vertex 13.0806 -12.9383 3
      vertex 9.21407 -10.6818 3
    endloop
  endfacet
  facet normal 0 -0 1
    outer loop
      vertex 7.90538 -26.5797 3
      vertex 8.70871 -24.5064 3
      vertex 6.4335 -26.9075 3
    endloop
  endfacet
  facet normal 0 0 1
    outer loop
      vertex -16.5992 -39.6666 3
      vertex -18.4062 -46.4888 3
      vertex -14.0964 -40.6234 3
    endloop
  endfacet
  facet normal 0 0 1
    outer loop
      vertex -9.7729 -33.3942 3
      vertex -10.3986 -34.3715 3
      vertex -10.0439 -34.2738 3
    endloop
  endfacet
  facet normal 0 0 1
    outer loop
      vertex -22.2253 -28.9386 3
      vertex -21.206 -30.5098 3
      vertex -20.1334 -29.3432 3
    endloop
  endfacet
  facet normal 0 0 1
    outer loop
      vertex -7.59756 -9.07626 3
      vertex -12.7732 -10.619 3
      vertex -12.0949 -12.1191 3
    endloop
  endfacet
  facet normal 0 -0 1
    outer loop
      vertex -35.0365 -18.5955 3
      vertex -34.5388 -16.5888 3
      vertex -35.5804 -16.068 3
    endloop
  endfacet
  facet normal 0 0 1
    outer loop
      vertex -25.9868 -6.89413 3
      vertex -25.9351 -11.2857 3
      vertex -24.9996 -7.05367 3
    endloop
  endfacet
  facet normal 0 0 1
    outer loop
      vertex -8.53799 -5.31207 3
      vertex -13.1194 -6.513 3
      vertex -8.22562 -6.43851 3
    endloop
  endfacet
  facet normal 0 0 1
    outer loop
      vertex -0.866013 -9.91742 3
      vertex -1.65012 -11.0252 3
      vertex -0.866013 -11.8912 3
    endloop
  endfacet
  facet normal 0 0 1
    outer loop
      vertex -8.92424 -4.29251 3
      vertex -13.1194 -6.513 3
      vertex -8.53799 -5.31207 3
    endloop
  endfacet
  facet normal 0 0 1
    outer loop
      vertex -1.92545 -8.11948 3
      vertex -2.1958 -6.85811 3
      vertex -3.37337 -8.61525 3
    endloop
  endfacet
  facet normal 0 0 1
    outer loop
      vertex -2.80971 5.62408 3
      vertex -1.88986 4.62642 3
      vertex -0.762634 4.13414 3
    endloop
  endfacet
  facet normal 0 0 1
    outer loop
      vertex -8.92424 -4.29251 3
      vertex -9.30074 -2.935 3
      vertex -14.2054 -4.88747 3
    endloop
  endfacet
  facet normal 0 0 1
    outer loop
      vertex -16.3862 -8.21927 3
      vertex -20.4113 -4.95364 3
      vertex -21.1103 -5.69188 3
    endloop
  endfacet
  facet normal 0 0 1
    outer loop
      vertex -8.73116 0.117493 3
      vertex -13.2866 9.63107 3
      vertex -14.2961 8.87129 3
    endloop
  endfacet
  facet normal 0 0 1
    outer loop
      vertex -16.1929 1.25912 3
      vertex -14.2054 -4.88747 3
      vertex -9.11247 -1.36913 3
    endloop
  endfacet
  facet normal -0 0 1
    outer loop
      vertex -16.8181 0.222382 3
      vertex -14.2054 -4.88747 3
      vertex -16.1929 1.25912 3
    endloop
  endfacet
  facet normal -0 0 1
    outer loop
      vertex -16.051 2.41713 3
      vertex -8.73116 0.117493 3
      vertex -14.2961 8.87129 3
    endloop
  endfacet
  facet normal -0 0 1
    outer loop
      vertex -8.73116 0.117493 3
      vertex -7.79172 -0.776398 3
      vertex -3.85924 1.66585 3
    endloop
  endfacet
  facet normal -0 0 1
    outer loop
      vertex -7.79172 -0.776398 3
      vertex -6.95584 -1.79355 3
      vertex -3.4747 0.497925 3
    endloop
  endfacet
  facet normal 0 -0 1
    outer loop
      vertex -5.19376 -6.9697 3
      vertex -3.17091 -4.41664 3
      vertex -5.75743 -4.33954 3
    endloop
  endfacet
  facet normal 0 0 1
    outer loop
      vertex -1.92545 -8.11948 3
      vertex -3.37337 -8.61525 3
      vertex -2.50531 -9.57401 3
    endloop
  endfacet
  facet normal 0 -0 1
    outer loop
      vertex -3.37337 -8.61525 3
      vertex -2.1958 -6.85811 3
      vertex -5.19376 -6.9697 3
    endloop
  endfacet
  facet normal 0 0 1
    outer loop
      vertex 8.18681 -1.0968 3
      vertex 2.78101 -2.37662 3
      vertex 3.42238 -4.04149 3
    endloop
  endfacet
  facet normal 0 -0 1
    outer loop
      vertex 6.22102 -7.2354 3
      vertex 9.47644 -2.8766 3
      vertex 5.33998 -6.10815 3
    endloop
  endfacet
  facet normal 0 0 1
    outer loop
      vertex 8.18681 -1.0968 3
      vertex 6.96381 1.67523 3
      vertex 2.78101 -1.22998 3
    endloop
  endfacet
  facet normal 0 0 1
    outer loop
      vertex -2.50531 -9.57401 3
      vertex -1.65012 -11.0252 3
      vertex -0.866013 -9.91742 3
    endloop
  endfacet
  facet normal 0 0 1
    outer loop
      vertex 2.27574 1.21236 3
      vertex 6.96381 1.67523 3
      vertex 6.60287 3.22894 3
    endloop
  endfacet
  facet normal 0 0 1
    outer loop
      vertex -3.17091 -4.41664 3
      vertex -3.36827 -3.49536 3
      vertex -5.75743 -4.33954 3
    endloop
  endfacet
  facet normal 0 0 1
    outer loop
      vertex 6.60287 5.86206 3
      vertex -0.0499725 3.54454 3
      vertex 1.57605 2.06102 3
    endloop
  endfacet
  facet normal 0 0 1
    outer loop
      vertex -0.0499725 3.54454 3
      vertex 6.60287 5.86206 3
      vertex 6.60287 8.32999 3
    endloop
  endfacet
  facet normal 0 0 1
    outer loop
      vertex -3.1498 -1.01839 3
      vertex -6.21843 -2.97247 3
      vertex -3.36827 -3.49536 3
    endloop
  endfacet
  facet normal 0 -0 1
    outer loop
      vertex -0.762634 4.13414 3
      vertex 6.60287 8.32999 3
      vertex -2.80971 5.62408 3
    endloop
  endfacet
  facet normal 0 0 1
    outer loop
      vertex -3.4747 0.497925 3
      vertex -6.95584 -1.79355 3
      vertex -3.1498 -1.01839 3
    endloop
  endfacet
  facet normal 0 0 1
    outer loop
      vertex -2.80971 5.62408 3
      vertex -12.045 10.4576 3
      vertex -8.73116 0.117493 3
    endloop
  endfacet
  facet normal 0 0 1
    outer loop
      vertex -10.7998 11.2209 3
      vertex -12.045 10.4576 3
      vertex -2.80971 5.62408 3
    endloop
  endfacet
  facet normal -0 0 1
    outer loop
      vertex -9.72693 11.9736 3
      vertex -2.80971 5.62408 3
      vertex -8.80833 12.9839 3
    endloop
  endfacet
  facet normal 0 0 1
    outer loop
      vertex -2.80971 5.62408 3
      vertex -7.91003 14.5206 3
      vertex -8.80833 12.9839 3
    endloop
  endfacet
  facet normal 0 0 1
    outer loop
      vertex 6.60287 8.32999 3
      vertex -6.99072 16.2841 3
      vertex -2.80971 5.62408 3
    endloop
  endfacet
  facet normal -0 0 1
    outer loop
      vertex -0.762634 4.13414 3
      vertex -0.0499725 3.54454 3
      vertex 6.60287 8.32999 3
    endloop
  endfacet
  facet normal 0 0 1
    outer loop
      vertex 6.60287 5.86206 3
      vertex 1.57605 2.06102 3
      vertex 6.52864 4.41405 3
    endloop
  endfacet
  facet normal 0 0 1
    outer loop
      vertex 1.57605 2.06102 3
      vertex 6.60287 3.22894 3
      vertex 6.52864 4.41405 3
    endloop
  endfacet
  facet normal 0 -0 1
    outer loop
      vertex 2.27574 1.21236 3
      vertex 6.60287 3.22894 3
      vertex 1.57605 2.06102 3
    endloop
  endfacet
  facet normal 0 -0 1
    outer loop
      vertex 2.59311 0.104614 3
      vertex 6.96381 1.67523 3
      vertex 2.27574 1.21236 3
    endloop
  endfacet
  facet normal 0 -0 1
    outer loop
      vertex 2.78101 -1.22998 3
      vertex 6.96381 1.67523 3
      vertex 2.59311 0.104614 3
    endloop
  endfacet
  facet normal 0 0 1
    outer loop
      vertex 2.78101 -2.37662 3
      vertex 8.18681 -1.0968 3
      vertex 2.78101 -1.22998 3
    endloop
  endfacet
  facet normal 0 0 1
    outer loop
      vertex 8.18681 -1.0968 3
      vertex 3.42238 -4.04149 3
      vertex 4.04596 -4.61041 3
    endloop
  endfacet
  facet normal 0 0 1
    outer loop
      vertex 8.18681 -1.0968 3
      vertex 4.04596 -4.61041 3
      vertex 8.88283 -2.26616 3
    endloop
  endfacet
  facet normal -0 0 1
    outer loop
      vertex 4.04596 -4.61041 3
      vertex 5.33998 -6.10815 3
      vertex 8.88283 -2.26616 3
    endloop
  endfacet
  facet normal 0 0 1
    outer loop
      vertex 5.33998 -6.10815 3
      vertex 9.47644 -2.8766 3
      vertex 8.88283 -2.26616 3
    endloop
  endfacet
  facet normal -0 0 1
    outer loop
      vertex 7.38536 -8.47539 3
      vertex 7.92479 -8.80959 3
      vertex 10.6226 -4.80225 3
    endloop
  endfacet
  facet normal 0 0 1
    outer loop
      vertex 7.92479 -8.80959 3
      vertex 12.7604 -6.60162 3
      vertex 10.6226 -4.80225 3
    endloop
  endfacet
  facet normal 0 -0 1
    outer loop
      vertex 8.90599 -9.94514 3
      vertex 12.7604 -6.60162 3
      vertex 7.92479 -8.80959 3
    endloop
  endfacet
  facet normal 0 -0 1
    outer loop
      vertex 9.21407 -10.6818 3
      vertex 12.7604 -6.60162 3
      vertex 8.90599 -9.94514 3
    endloop
  endfacet
  facet normal 0 0 1
    outer loop
      vertex 9.40384 -12.3079 3
      vertex 9.56436 -13.448 3
      vertex 12.129 -13.9656 3
    endloop
  endfacet
  facet normal 0 0 1
    outer loop
      vertex 15.3853 -9.30074 3
      vertex 12.7604 -6.60162 3
      vertex 9.21407 -10.6818 3
    endloop
  endfacet
  facet normal 0 -0 1
    outer loop
      vertex 11.7729 -16.156 3
      vertex 11.8766 -14.9316 3
      vertex 9.83228 -14.383 3
    endloop
  endfacet
  facet normal 0 0 1
    outer loop
      vertex 11.7729 -16.156 3
      vertex 9.83228 -14.383 3
      vertex 10.305 -17.7409 3
    endloop
  endfacet
  facet normal 0 0 1
    outer loop
      vertex 17.6483 -13.3211 3
      vertex 14.5302 -14.8668 3
      vertex 15.8035 -16.3405 3
    endloop
  endfacet
  facet normal -0 0 1
    outer loop
      vertex 9.83228 -14.383 3
      vertex 11.8766 -14.9316 3
      vertex 12.129 -13.9656 3
    endloop
  endfacet
  facet normal 0 0 1
    outer loop
      vertex 18.4363 -14.4515 3
      vertex 17.6483 -13.3211 3
      vertex 15.8035 -16.3405 3
    endloop
  endfacet
  facet normal 0 0 1
    outer loop
      vertex 9.40384 -12.3079 3
      vertex 12.129 -13.9656 3
      vertex 13.0806 -12.9383 3
    endloop
  endfacet
  facet normal -0 0 1
    outer loop
      vertex 9.21407 -10.6818 3
      vertex 13.0806 -12.9383 3
      vertex 15.3853 -9.30074 3
    endloop
  endfacet
  facet normal 0 0 1
    outer loop
      vertex 15.8035 -16.3405 3
      vertex 18.9048 -15.2427 3
      vertex 18.4363 -14.4515 3
    endloop
  endfacet
  facet normal 0 -0 1
    outer loop
      vertex 16.6441 -12.6432 3
      vertex 16.8273 -12.5155 3
      vertex 16.6061 -9.93343 3
    endloop
  endfacet
  facet normal 0 0 1
    outer loop
      vertex 19.8857 -16.3137 3
      vertex 18.8745 -19.4651 3
      vertex 21.2249 -16.9737 3
    endloop
  endfacet
  facet normal 0 0 1
    outer loop
      vertex 23.9134 -18.0171 3
      vertex 21.2249 -16.9737 3
      vertex 23.0804 -20.4012 3
    endloop
  endfacet
  facet normal 0 0 1
    outer loop
      vertex 22.4012 -12.3608 3
      vertex 21.0171 -14.3445 3
      vertex 22.3633 -14.8118 3
    endloop
  endfacet
  facet normal 0 0 1
    outer loop
      vertex 25.0258 -12.4359 3
      vertex 24.029 -12.2857 3
      vertex 22.3633 -14.8118 3
    endloop
  endfacet
  facet normal -0 0 1
    outer loop
      vertex 27.1098 -23.2109 3
      vertex 28.3161 -23.8186 3
      vertex 28.9175 -21.6183 3
    endloop
  endfacet
  facet normal 0 0 1
    outer loop
      vertex 30.8737 -27.1109 3
      vertex 32.7648 -26.4108 3
      vertex 31.9371 -25.3645 3
    endloop
  endfacet
  facet normal 0 0 1
    outer loop
      vertex 32.7648 -26.4108 3
      vertex 30.8737 -27.1109 3
      vertex 32.1455 -28.5593 3
    endloop
  endfacet
  facet normal 0 0 1
    outer loop
      vertex 36.1298 -23.3154 3
      vertex 42.2164 -26.7913 3
      vertex 43.0371 -25.4521 3
    endloop
  endfacet
  facet normal 0 0 1
    outer loop
      vertex 41.354 -28.1042 3
      vertex 36.1298 -23.3154 3
      vertex 34.8748 -25.1538 3
    endloop
  endfacet
  facet normal 0 0 1
    outer loop
      vertex 33.5263 -26.9249 3
      vertex 38.5257 -31.8712 3
      vertex 39.5077 -30.6453 3
    endloop
  endfacet
  facet normal 0 0 1
    outer loop
      vertex 38.5257 -31.8712 3
      vertex 32.1455 -28.5593 3
      vertex 37.5055 -33.0656 3
    endloop
  endfacet
  facet normal 0 -0 1
    outer loop
      vertex 35.3553 -35.3553 3
      vertex 36.4484 -34.2273 3
      vertex 31.0435 -29.7534 3
    endloop
  endfacet
  facet normal 0 0 1
    outer loop
      vertex 34.2273 -36.4484 3
      vertex 29.8973 -30.905 3
      vertex 28.7083 -32.0125 3
    endloop
  endfacet
  facet normal 0 -0 1
    outer loop
      vertex 34.2273 -36.4484 3
      vertex 35.3553 -35.3553 3
      vertex 29.8973 -30.905 3
    endloop
  endfacet
  facet normal 0 0 1
    outer loop
      vertex -2.40916 -42.9324 3
      vertex -1.57053 -49.9753 3
      vertex -0.205322 -42.9995 3
    endloop
  endfacet
  facet normal 0 -0 1
    outer loop
      vertex -11.004 -30.3581 3
      vertex -10.483 -27.6362 3
      vertex -12.4903 -30.2684 3
    endloop
  endfacet
  facet normal 0 0 1
    outer loop
      vertex -4.89256 -32.3567 3
      vertex -7.26096 -33.3533 3
      vertex -5.50577 -35.1887 3
    endloop
  endfacet
  facet normal 0 -0 1
    outer loop
      vertex -1.61244 -25.3405 3
      vertex -1.39104 -19.285 3
      vertex -5.48824 -22.5465 3
    endloop
  endfacet
  facet normal 0 0 1
    outer loop
      vertex -0.0606232 -35.3377 3
      vertex -0.585648 -34.6108 3
      vertex -1.63731 -36.1336 3
    endloop
  endfacet
  facet normal 0 0 1
    outer loop
      vertex 0.565445 -20.95 3
      vertex -1.61244 -25.3405 3
      vertex 1.40114 -21.9736 3
    endloop
  endfacet
  facet normal 0 -0 1
    outer loop
      vertex -13.9496 -48.0147 3
      vertex -11.5387 -41.4225 3
      vertex -15.4508 -47.5528 3
    endloop
  endfacet
  facet normal -0 0 1
    outer loop
      vertex -9.95399 -30.5564 3
      vertex -8.87567 -31.5162 3
      vertex -7.89528 -28.8256 3
    endloop
  endfacet
  facet normal 0 0 1
    outer loop
      vertex -9.60307 -19.5533 3
      vertex -9.60307 -20.8698 3
      vertex -8.30923 -21.4756 3
    endloop
  endfacet
  facet normal -0 0 1
    outer loop
      vertex 2.7202 -27.8783 3
      vertex 3.02881 -29.0175 3
      vertex 6.44995 -27.1109 3
    endloop
  endfacet
  facet normal 0 0 1
    outer loop
      vertex 13.9086 -35.3792 3
      vertex 13.0665 -37.5739 3
      vertex 14.8964 -36.7192 3
    endloop
  endfacet
  facet normal -0 0 1
    outer loop
      vertex -0.737045 -37.054 3
      vertex 0.615784 -38.1343 3
      vertex 0.343201 -36.741 3
    endloop
  endfacet
  facet normal -0 0 1
    outer loop
      vertex 0.443634 -26.8228 3
      vertex 1.62543 -27.089 3
      vertex 2.25624 -22.8481 3
    endloop
  endfacet
  facet normal -0 0 1
    outer loop
      vertex -1.63731 -36.1336 3
      vertex -0.737045 -37.054 3
      vertex -0.0606232 -35.3377 3
    endloop
  endfacet
  facet normal 0 -0 1
    outer loop
      vertex -1.63731 -36.1336 3
      vertex -0.585648 -34.6108 3
      vertex -1.79713 -33.8132 3
    endloop
  endfacet
  facet normal 0 0 1
    outer loop
      vertex 2.7202 -27.8783 3
      vertex 6.44995 -27.1109 3
      vertex 6.4335 -26.9075 3
    endloop
  endfacet
  facet normal 0 0 1
    outer loop
      vertex -1.63731 -36.1336 3
      vertex -1.79713 -33.8132 3
      vertex -2.79942 -35.9005 3
    endloop
  endfacet
  facet normal 0 0 1
    outer loop
      vertex 4.33266 -23.9804 3
      vertex 1.62543 -27.089 3
      vertex 2.7202 -27.8783 3
    endloop
  endfacet
  facet normal -0 0 1
    outer loop
      vertex -8.15775 -17.4977 3
      vertex -7.59453 -17.7984 3
      vertex -4.42934 -14.1413 3
    endloop
  endfacet
  facet normal 0 -0 1
    outer loop
      vertex -15.4508 -47.5528 3
      vertex -14.0964 -40.6234 3
      vertex -16.9369 -47.044 3
    endloop
  endfacet
  facet normal 0 0 1
    outer loop
      vertex -16.5992 -39.6666 3
      vertex -21.289 -45.2413 3
      vertex -19.8574 -45.8877 3
    endloop
  endfacet
  facet normal 0 0 1
    outer loop
      vertex -6.85703 -10.6553 3
      vertex -7.59756 -9.07626 3
      vertex -12.0949 -12.1191 3
    endloop
  endfacet
  facet normal 0 0 1
    outer loop
      vertex -21.4312 -37.2783 3
      vertex -25.4521 -43.0371 3
      vertex -24.0877 -43.8153 3
    endloop
  endfacet
  facet normal 0 0 1
    outer loop
      vertex -30.7825 -30.0234 3
      vertex -34.2273 -36.4484 3
      vertex -28.9801 -31.7667 3
    endloop
  endfacet
  facet normal 0 0 1
    outer loop
      vertex -3.44466 -15.7155 3
      vertex -7.15794 -18.6051 3
      vertex -2.89395 -17.0824 3
    endloop
  endfacet
  facet normal 0 0 1
    outer loop
      vertex -25.086 -34.9236 3
      vertex -30.6453 -39.5077 3
      vertex -29.3893 -40.4508 3
    endloop
  endfacet
  facet normal 0 0 1
    outer loop
      vertex -22.4705 -18.7698 3
      vertex -24.3068 -16.2221 3
      vertex -25.2312 -19.7377 3
    endloop
  endfacet
  facet normal 0 0 1
    outer loop
      vertex -16.8019 -9.87959 3
      vertex -21.6442 -12.4226 3
      vertex -15.9218 -13.6106 3
    endloop
  endfacet
  facet normal 0 0 1
    outer loop
      vertex -28.6025 -9.28749 3
      vertex -28.2088 -12.452 3
      vertex -26.9681 -11.9267 3
    endloop
  endfacet
  facet normal 0 0 1
    outer loop
      vertex -31.0664 -10.1391 3
      vertex -31.4655 -13.1708 3
      vertex -30.4606 -12.7453 3
    endloop
  endfacet
  facet normal 0 0 1
    outer loop
      vertex -7.98596 -7.67583 3
      vertex -13.1194 -6.513 3
      vertex -12.7732 -10.619 3
    endloop
  endfacet
  facet normal 0 0 1
    outer loop
      vertex -25.9351 -11.2857 3
      vertex -28.6025 -9.28749 3
      vertex -26.9681 -11.9267 3
    endloop
  endfacet
  facet normal 0 0 1
    outer loop
      vertex -21.8936 -9.26128 3
      vertex -23.6221 -6.7345 3
      vertex -23.5075 -9.98413 3
    endloop
  endfacet
  facet normal -0 0 1
    outer loop
      vertex -12.0949 -12.1191 3
      vertex -10.3975 -15.2553 3
      vertex -6.85703 -10.6553 3
    endloop
  endfacet
  facet normal 0 -0 1
    outer loop
      vertex -13.1194 -6.513 3
      vertex -8.92424 -4.29251 3
      vertex -14.2054 -4.88747 3
    endloop
  endfacet
  facet normal 0 0 1
    outer loop
      vertex -15.7831 -6.77547 3
      vertex -20.4113 -4.95364 3
      vertex -16.3862 -8.21927 3
    endloop
  endfacet
  facet normal 0 0 1
    outer loop
      vertex -15.1847 -5.65475 3
      vertex -19.0183 -2.28647 3
      vertex -20.4113 -4.95364 3
    endloop
  endfacet
  facet normal 0 0 1
    outer loop
      vertex -14.2054 -4.88747 3
      vertex -19.0183 -2.28647 3
      vertex -15.1847 -5.65475 3
    endloop
  endfacet
  facet normal 0 0 1
    outer loop
      vertex -9.11247 -1.36913 3
      vertex -14.2054 -4.88747 3
      vertex -9.30074 -2.935 3
    endloop
  endfacet
  facet normal 0 0 1
    outer loop
      vertex -16.8181 0.222382 3
      vertex -19.0183 -2.28647 3
      vertex -14.2054 -4.88747 3
    endloop
  endfacet
  facet normal 0 0 1
    outer loop
      vertex -8.22562 -6.43851 3
      vertex -13.1194 -6.513 3
      vertex -7.98596 -7.67583 3
    endloop
  endfacet
  facet normal 0 0 1
    outer loop
      vertex -7.59756 -9.07626 3
      vertex -7.98596 -7.67583 3
      vertex -12.7732 -10.619 3
    endloop
  endfacet
  facet normal 0 0 1
    outer loop
      vertex -10.3975 -15.2553 3
      vertex -4.42934 -14.1413 3
      vertex -6.85703 -10.6553 3
    endloop
  endfacet
  facet normal 0 0 1
    outer loop
      vertex -7.59453 -17.7984 3
      vertex -3.44466 -15.7155 3
      vertex -4.42934 -14.1413 3
    endloop
  endfacet
  facet normal -0 0 1
    outer loop
      vertex -7.15794 -18.6051 3
      vertex -6.39093 -19.5876 3
      vertex -2.89395 -17.0824 3
    endloop
  endfacet
  facet normal 0 -0 1
    outer loop
      vertex -5.48824 -22.5465 3
      vertex -1.39104 -19.285 3
      vertex -6.06783 -21.4756 3
    endloop
  endfacet
  facet normal 0 -0 1
    outer loop
      vertex -9.19609 -22.3423 3
      vertex -8.30923 -21.4756 3
      vertex -9.60307 -20.8698 3
    endloop
  endfacet
  facet normal -0 0 1
    outer loop
      vertex -9.19609 -22.3423 3
      vertex -8.20828 -23.8078 3
      vertex -8.30923 -21.4756 3
    endloop
  endfacet
  facet normal 0 -0 1
    outer loop
      vertex -9.60307 -19.5533 3
      vertex -8.30923 -18.3558 3
      vertex -9.9953 -16.7102 3
    endloop
  endfacet
  facet normal -0 0 1
    outer loop
      vertex -9.60307 -19.5533 3
      vertex -8.30923 -21.4756 3
      vertex -8.30923 -18.3558 3
    endloop
  endfacet
  facet normal 0 0 1
    outer loop
      vertex -4.42934 -14.1413 3
      vertex -10.3975 -15.2553 3
      vertex -8.15775 -17.4977 3
    endloop
  endfacet
  facet normal 0 -0 1
    outer loop
      vertex -7.15794 -18.6051 3
      vertex -3.44466 -15.7155 3
      vertex -7.59453 -17.7984 3
    endloop
  endfacet
  facet normal -0 0 1
    outer loop
      vertex -6.39093 -19.5876 3
      vertex -6.06783 -21.4756 3
      vertex -2.26073 -18.2198 3
    endloop
  endfacet
  facet normal 0 0 1
    outer loop
      vertex -2.26073 -18.2198 3
      vertex -6.06783 -21.4756 3
      vertex -1.39104 -19.285 3
    endloop
  endfacet
  facet normal 0 0 1
    outer loop
      vertex -1.61244 -25.3405 3
      vertex 0.565445 -20.95 3
      vertex -1.39104 -19.285 3
    endloop
  endfacet
  facet normal 0 0 1
    outer loop
      vertex 2.25624 -22.8481 3
      vertex 1.40114 -21.9736 3
      vertex -1.61244 -25.3405 3
    endloop
  endfacet
  facet normal 0 0 1
    outer loop
      vertex 1.62543 -27.089 3
      vertex 4.33266 -23.9804 3
      vertex 3.20856 -23.4765 3
    endloop
  endfacet
  facet normal 0 0 1
    outer loop
      vertex 4.33266 -23.9804 3
      vertex 2.7202 -27.8783 3
      vertex 6.4335 -26.9075 3
    endloop
  endfacet
  facet normal 0 0 1
    outer loop
      vertex 5.52034 -30.4334 3
      vertex 3.02881 -30.33 3
      vertex 5.29498 -31.6765 3
    endloop
  endfacet
  facet normal 0 0 1
    outer loop
      vertex 6.23434 -35.9422 3
      vertex 6.01846 -32.9863 3
      vertex 3.74352 -34.5064 3
    endloop
  endfacet
  facet normal 0 0 1
    outer loop
      vertex 6.44995 -27.1109 3
      vertex 6.83627 -29.8042 3
      vertex 7.75291 -27.918 3
    endloop
  endfacet
  facet normal 0 0 1
    outer loop
      vertex 14.7683 -40.384 3
      vertex 15.4508 -47.5528 3
      vertex 16.9369 -47.044 3
    endloop
  endfacet
  facet normal 0 -0 1
    outer loop
      vertex 6.12703 -42.5612 3
      vertex 6.23434 -41.4107 3
      vertex 4.20361 -42.6963 3
    endloop
  endfacet
  facet normal 0 -0 1
    outer loop
      vertex 12.4345 -48.4292 3
      vertex 13.9496 -48.0147 3
      vertex 10.5042 -41.6965 3
    endloop
  endfacet
  facet normal 0 0 1
    outer loop
      vertex 10.9072 -48.7958 3
      vertex 10.5042 -41.6965 3
      vertex 8.32686 -42.1857 3
    endloop
  endfacet
  facet normal 0 0 1
    outer loop
      vertex 6.12703 -42.5612 3
      vertex 6.26665 -49.6057 3
      vertex 7.82172 -49.3844 3
    endloop
  endfacet
  facet normal 0 0 1
    outer loop
      vertex 4.70541 -49.7781 3
      vertex 4.19826 -42.7938 3
      vertex 3.13951 -49.9013 3
    endloop
  endfacet
  facet normal 0 -0 1
    outer loop
      vertex 4.70541 -49.7781 3
      vertex 6.26665 -49.6057 3
      vertex 4.19826 -42.7938 3
    endloop
  endfacet
  facet normal 0 -0 1
    outer loop
      vertex 1.57053 -49.9753 3
      vertex 1.99913 -42.9529 3
      vertex -0.205322 -42.9995 3
    endloop
  endfacet
  facet normal 0 0 1
    outer loop
      vertex 1.57053 -49.9753 3
      vertex 3.13951 -49.9013 3
      vertex 1.99913 -42.9529 3
    endloop
  endfacet
  facet normal 0 0 1
    outer loop
      vertex -31.0664 -10.1391 3
      vertex -32.276 -10.0584 3
      vertex -31.4655 -13.1708 3
    endloop
  endfacet
  facet normal 0 -0 1
    outer loop
      vertex -35.3553 -35.3553 3
      vertex -30.7825 -30.0234 3
      vertex -36.4484 -34.2273 3
    endloop
  endfacet
  facet normal 0 0 1
    outer loop
      vertex -35.7389 -9.47672 3
      vertex -36.8611 -8.8949 3
      vertex -39.8932 -9.85545 3
    endloop
  endfacet
  facet normal 0 0 1
    outer loop
      vertex -36.5916 -22.3694 3
      vertex -36.6922 -22.4198 3
      vertex -35.539 -24.2064 3
    endloop
  endfacet
  facet normal 0 0 1
    outer loop
      vertex -37.9556 -8.15758 3
      vertex -38.902 -7.83688 3
      vertex -39.8932 -9.85545 3
    endloop
  endfacet
  facet normal 0 0 1
    outer loop
      vertex -45.2413 -21.289 3
      vertex -38.5154 -19.119 3
      vertex -39.3167 -17.4118 3
    endloop
  endfacet
  facet normal 0 0 1
    outer loop
      vertex -39.3167 -17.4118 3
      vertex -40.4656 -14.5432 3
      vertex -46.4888 -18.4062 3
    endloop
  endfacet
  facet normal 0 0 1
    outer loop
      vertex -40.4656 -14.5432 3
      vertex -47.044 -16.9369 3
      vertex -46.4888 -18.4062 3
    endloop
  endfacet
  facet normal -0 0 1
    outer loop
      vertex -48.0147 -13.9496 3
      vertex -47.5528 -15.4508 3
      vertex -41.1873 -12.3521 3
    endloop
  endfacet
  facet normal 0 0 1
    outer loop
      vertex -41.1873 -12.3521 3
      vertex -47.5528 -15.4508 3
      vertex -40.4656 -14.5432 3
    endloop
  endfacet
  facet normal 0 -0 1
    outer loop
      vertex -48.0147 -13.9496 3
      vertex -41.1873 -12.3521 3
      vertex -48.4292 -12.4345 3
    endloop
  endfacet
  facet normal 0 0 1
    outer loop
      vertex -41.0349 -6.08311 3
      vertex -41.8148 -5.00104 3
      vertex -42.2734 -7.86971 3
    endloop
  endfacet
  facet normal -0 0 1
    outer loop
      vertex -49.3844 -7.82172 3
      vertex -42.2734 -7.86971 3
      vertex -42.7773 -4.36719 3
    endloop
  endfacet
  facet normal 0 0 1
    outer loop
      vertex -49.3844 -7.82172 3
      vertex -49.1143 -9.36906 3
      vertex -42.2734 -7.86971 3
    endloop
  endfacet
  facet normal 0 0 1
    outer loop
      vertex -41.0349 -6.08311 3
      vertex -42.1486 -7.8604 3
      vertex -40.0304 -7.07657 3
    endloop
  endfacet
  facet normal -0 0 1
    outer loop
      vertex -42.1486 -7.8604 3
      vertex -40.9054 -9.17329 3
      vertex -40.0304 -7.07657 3
    endloop
  endfacet
  facet normal 0 0 1
    outer loop
      vertex -36.8611 -8.8949 3
      vertex -37.9556 -8.15758 3
      vertex -39.8932 -9.85545 3
    endloop
  endfacet
  facet normal 0 0 1
    outer loop
      vertex -34.6825 -9.75208 3
      vertex -34.2617 -12.4983 3
      vertex -33.7161 -9.81654 3
    endloop
  endfacet
  facet normal 0 0 1
    outer loop
      vertex -31.4655 -13.1708 3
      vertex -32.276 -10.0584 3
      vertex -34.2617 -12.4983 3
    endloop
  endfacet
  facet normal 0 -0 1
    outer loop
      vertex -30.4606 -12.7453 3
      vertex -30.1102 -9.97778 3
      vertex -31.0664 -10.1391 3
    endloop
  endfacet
  facet normal 0 0 1
    outer loop
      vertex -29.4117 -12.6573 3
      vertex -30.1102 -9.97778 3
      vertex -30.4606 -12.7453 3
    endloop
  endfacet
  facet normal 0 0 1
    outer loop
      vertex -28.2088 -12.452 3
      vertex -30.1102 -9.97778 3
      vertex -29.4117 -12.6573 3
    endloop
  endfacet
  facet normal 0 -0 1
    outer loop
      vertex -16.8019 -9.87959 3
      vertex -16.3862 -8.21927 3
      vertex -21.5782 -9.62276 3
    endloop
  endfacet
  facet normal -0 0 1
    outer loop
      vertex -28.6025 -9.28749 3
      vertex -25.9351 -11.2857 3
      vertex -28.0712 -8.61848 3
    endloop
  endfacet
  facet normal 0 0 1
    outer loop
      vertex -25.9351 -11.2857 3
      vertex -23.5075 -9.98413 3
      vertex -24.9996 -7.05367 3
    endloop
  endfacet
  facet normal 0 0 1
    outer loop
      vertex -23.5075 -9.98413 3
      vertex -23.6221 -6.7345 3
      vertex -24.9996 -7.05367 3
    endloop
  endfacet
  facet normal 0 -0 1
    outer loop
      vertex -21.8936 -9.26128 3
      vertex -21.1103 -5.69188 3
      vertex -23.6221 -6.7345 3
    endloop
  endfacet
  facet normal 0 0 1
    outer loop
      vertex -21.5782 -9.62276 3
      vertex -16.3862 -8.21927 3
      vertex -21.1103 -5.69188 3
    endloop
  endfacet
  facet normal 0 0 1
    outer loop
      vertex -21.5782 -11.2563 3
      vertex -16.8019 -9.87959 3
      vertex -21.5782 -9.62276 3
    endloop
  endfacet
  facet normal 0 0 1
    outer loop
      vertex -16.8019 -9.87959 3
      vertex -21.5782 -11.2563 3
      vertex -21.6442 -12.4226 3
    endloop
  endfacet
  facet normal 0 0 1
    outer loop
      vertex -21.8129 -13.8162 3
      vertex -15.9218 -13.6106 3
      vertex -21.6442 -12.4226 3
    endloop
  endfacet
  facet normal 0 -0 1
    outer loop
      vertex -20.22 -17.3623 3
      vertex -15.9218 -13.6106 3
      vertex -21.8129 -13.8162 3
    endloop
  endfacet
  facet normal 0 0 1
    outer loop
      vertex -23.1185 -15.7893 3
      vertex -22.4705 -18.7698 3
      vertex -21.4386 -18.2682 3
    endloop
  endfacet
  facet normal -0 0 1
    outer loop
      vertex -20.22 -17.3623 3
      vertex -20.0217 -17.4825 3
      vertex -15.9218 -13.6106 3
    endloop
  endfacet
  facet normal -0 0 1
    outer loop
      vertex -34.0142 -19.2219 3
      vertex -30.6411 -20.6817 3
      vertex -32.0449 -17.4983 3
    endloop
  endfacet
  facet normal -0 0 1
    outer loop
      vertex -32.0449 -17.4983 3
      vertex -30.6411 -20.6817 3
      vertex -30.7614 -17.4103 3
    endloop
  endfacet
  facet normal 0 0 1
    outer loop
      vertex -27.0791 -33.4019 3
      vertex -28.9801 -31.7667 3
      vertex -33.0656 -37.5055 3
    endloop
  endfacet
  facet normal 0 0 1
    outer loop
      vertex -23.0673 -27.0431 3
      vertex -21.3833 -26.3435 3
      vertex -22.4327 -24.3667 3
    endloop
  endfacet
  facet normal 0 -0 1
    outer loop
      vertex -33.0656 -37.5055 3
      vertex -28.9801 -31.7667 3
      vertex -34.2273 -36.4484 3
    endloop
  endfacet
  facet normal 0 0 1
    outer loop
      vertex 34.3234 -17.7225 3
      vertex 34.075 -16.0945 3
      vertex 31.7945 -17.0809 3
    endloop
  endfacet
  facet normal 0 0 1
    outer loop
      vertex 32.7648 -26.4108 3
      vertex 32.1455 -28.5593 3
      vertex 33.5263 -26.9249 3
    endloop
  endfacet
  facet normal 0 0 1
    outer loop
      vertex 31.9371 -25.3645 3
      vertex 31.026 -24.0578 3
      vertex 29.9577 -25.6144 3
    endloop
  endfacet
  facet normal 0 0 1
    outer loop
      vertex 31.026 -24.0578 3
      vertex 29.1964 -24.5182 3
      vertex 29.9577 -25.6144 3
    endloop
  endfacet
  facet normal 0 0 1
    outer loop
      vertex 29.7168 -17.1637 3
      vertex 30.6528 -16.9982 3
      vertex 29.9537 -14.6824 3
    endloop
  endfacet
  facet normal 0 -0 1
    outer loop
      vertex 29.1964 -24.5182 3
      vertex 29.7715 -23.0607 3
      vertex 28.3161 -23.8186 3
    endloop
  endfacet
  facet normal 0 0 1
    outer loop
      vertex 30.942 -20.175 3
      vertex 31.9057 -19.6055 3
      vertex 31.804 -19.4339 3
    endloop
  endfacet
  facet normal 0 0 1
    outer loop
      vertex 27.1098 -23.2109 3
      vertex 28.9175 -21.6183 3
      vertex 27.8971 -20.4655 3
    endloop
  endfacet
  facet normal 0 -0 1
    outer loop
      vertex 27.1098 -23.2109 3
      vertex 27.8971 -20.4655 3
      vertex 25.0614 -21.9757 3
    endloop
  endfacet
  facet normal 0 -0 1
    outer loop
      vertex 25.0614 -21.9757 3
      vertex 25.2353 -18.6685 3
      vertex 23.0804 -20.4012 3
    endloop
  endfacet
  facet normal -0 0 1
    outer loop
      vertex 27.5102 -16.5317 3
      vertex 29.7168 -17.1637 3
      vertex 28.8642 -14.2861 3
    endloop
  endfacet
  facet normal 0 -0 1
    outer loop
      vertex 21.0171 -14.3445 3
      vertex 21.031 -12.0163 3
      vertex 19.8746 -13.5732 3
    endloop
  endfacet
  facet normal 0 0 1
    outer loop
      vertex 23.0804 -20.4012 3
      vertex 21.2249 -16.9737 3
      vertex 18.8745 -19.4651 3
    endloop
  endfacet
  facet normal 0 0 1
    outer loop
      vertex 22.3633 -14.8118 3
      vertex 24.029 -12.2857 3
      vertex 22.4012 -12.3608 3
    endloop
  endfacet
  facet normal 0 0 1
    outer loop
      vertex 17.2783 -18.2045 3
      vertex 19.8857 -16.3137 3
      vertex 18.9048 -15.2427 3
    endloop
  endfacet
  facet normal 0 0 1
    outer loop
      vertex 21.0171 -14.3445 3
      vertex 22.4012 -12.3608 3
      vertex 21.031 -12.0163 3
    endloop
  endfacet
  facet normal 0 -0 1
    outer loop
      vertex 17.2783 -18.2045 3
      vertex 18.9048 -15.2427 3
      vertex 15.8035 -16.3405 3
    endloop
  endfacet
  facet normal 0 0 1
    outer loop
      vertex 17.6483 -13.3211 3
      vertex 16.6441 -12.6432 3
      vertex 14.5302 -14.8668 3
    endloop
  endfacet
  facet normal 0 0 1
    outer loop
      vertex 16.6441 -12.6432 3
      vertex 13.7808 -13.5867 3
      vertex 14.5302 -14.8668 3
    endloop
  endfacet
  facet normal 0 0 1
    outer loop
      vertex 16.6061 -9.93343 3
      vertex 15.3853 -9.30074 3
      vertex 16.6441 -12.6432 3
    endloop
  endfacet
  facet normal 0 0 1
    outer loop
      vertex 18.1586 -10.1674 3
      vertex 16.6061 -9.93343 3
      vertex 16.8273 -12.5155 3
    endloop
  endfacet
  facet normal 0 0 1
    outer loop
      vertex 21.031 -12.0163 3
      vertex 18.1586 -10.1674 3
      vertex 19.8746 -13.5732 3
    endloop
  endfacet
  facet normal -0 0 1
    outer loop
      vertex 16.8273 -12.5155 3
      vertex 19.8746 -13.5732 3
      vertex 18.1586 -10.1674 3
    endloop
  endfacet
  facet normal -0 0 1
    outer loop
      vertex 22.3633 -14.8118 3
      vertex 26.4504 -15.6734 3
      vertex 25.0258 -12.4359 3
    endloop
  endfacet
  facet normal 0 0 1
    outer loop
      vertex 28.0951 -17.3707 3
      vertex 29.5658 -17.3238 3
      vertex 29.7168 -17.1637 3
    endloop
  endfacet
  facet normal 0 0 1
    outer loop
      vertex 37.5573 -18.2099 3
      vertex 35.4699 -16.3048 3
      vertex 34.3234 -17.7225 3
    endloop
  endfacet
  facet normal 0 0 1
    outer loop
      vertex 32.3061 -14.7979 3
      vertex 29.9537 -14.6824 3
      vertex 30.6528 -16.9982 3
    endloop
  endfacet
  facet normal -0 0 1
    outer loop
      vertex 30.942 -20.175 3
      vertex 32.6661 -20.4845 3
      vertex 31.9057 -19.6055 3
    endloop
  endfacet
  facet normal 0 0 1
    outer loop
      vertex 29.5358 -19.036 3
      vertex 30.942 -20.175 3
      vertex 31.804 -19.4339 3
    endloop
  endfacet
  facet normal 0 -0 1
    outer loop
      vertex 29.5358 -19.036 3
      vertex 29.5658 -17.3238 3
      vertex 28.0951 -17.3707 3
    endloop
  endfacet
  facet normal -0 0 1
    outer loop
      vertex 29.5358 -19.036 3
      vertex 31.804 -19.4339 3
      vertex 29.5658 -17.3238 3
    endloop
  endfacet
  facet normal 0 0 1
    outer loop
      vertex 28.8642 -14.2861 3
      vertex 29.7168 -17.1637 3
      vertex 29.9537 -14.6824 3
    endloop
  endfacet
  facet normal 0 0 1
    outer loop
      vertex 32.3061 -14.7979 3
      vertex 30.6528 -16.9982 3
      vertex 31.7945 -17.0809 3
    endloop
  endfacet
  facet normal 0 0 1
    outer loop
      vertex 32.3061 -14.7979 3
      vertex 31.7945 -17.0809 3
      vertex 34.075 -16.0945 3
    endloop
  endfacet
  facet normal 0 0 1
    outer loop
      vertex 35.4699 -16.3048 3
      vertex 34.075 -16.0945 3
      vertex 34.3234 -17.7225 3
    endloop
  endfacet
  facet normal 0 -0 1
    outer loop
      vertex 43.8153 -24.0877 3
      vertex 44.5503 -22.6995 3
      vertex 38.3463 -19.4559 3
    endloop
  endfacet
  facet normal 0 0 1
    outer loop
      vertex 36.9463 -16.4902 3
      vertex 35.4699 -16.3048 3
      vertex 37.5573 -18.2099 3
    endloop
  endfacet
  facet normal 0 0 1
    outer loop
      vertex 39.3017 -17.4454 3
      vertex 38.9664 -15.4103 3
      vertex 37.8661 -16.1193 3
    endloop
  endfacet
  facet normal 0 0 1
    outer loop
      vertex 45.8877 -19.8574 3
      vertex 39.3017 -17.4454 3
      vertex 45.2413 -21.289 3
    endloop
  endfacet
  facet normal 0 0 1
    outer loop
      vertex 40.0787 -15.5779 3
      vertex 38.9664 -15.4103 3
      vertex 39.3017 -17.4454 3
    endloop
  endfacet
  facet normal 0 0 1
    outer loop
      vertex 43.8153 -24.0877 3
      vertex 38.3463 -19.4559 3
      vertex 37.288 -21.4143 3
    endloop
  endfacet
  facet normal -0 0 1
    outer loop
      vertex 36.1298 -23.3154 3
      vertex 43.0371 -25.4521 3
      vertex 37.288 -21.4143 3
    endloop
  endfacet
  facet normal 0 -0 1
    outer loop
      vertex 41.354 -28.1042 3
      vertex 42.2164 -26.7913 3
      vertex 36.1298 -23.3154 3
    endloop
  endfacet
  facet normal 0 0 1
    outer loop
      vertex 39.5077 -30.6453 3
      vertex 34.8748 -25.1538 3
      vertex 33.5263 -26.9249 3
    endloop
  endfacet
  facet normal 0 -0 1
    outer loop
      vertex 40.4508 -29.3893 3
      vertex 41.354 -28.1042 3
      vertex 34.8748 -25.1538 3
    endloop
  endfacet
  facet normal 0 -0 1
    outer loop
      vertex -17.693 -23.1887 3
      vertex -16.7946 -20.9494 3
      vertex -19.8702 -20.9174 3
    endloop
  endfacet
  facet normal 0 0 1
    outer loop
      vertex -27.0791 -33.4019 3
      vertex -30.6453 -39.5077 3
      vertex -25.086 -34.9236 3
    endloop
  endfacet
  facet normal 0 0 1
    outer loop
      vertex -30.7825 -30.0234 3
      vertex -35.3553 -35.3553 3
      vertex -34.2273 -36.4484 3
    endloop
  endfacet
  facet normal 0 0 1
    outer loop
      vertex -17.693 -23.1887 3
      vertex -20.1208 -22.1539 3
      vertex -18.2816 -24.3476 3
    endloop
  endfacet
  facet normal 0 0 1
    outer loop
      vertex -25.5485 -27.458 3
      vertex -24.5641 -27.2628 3
      vertex -24.0435 -25.294 3
    endloop
  endfacet
  facet normal 0 0 1
    outer loop
      vertex -30.7825 -30.0234 3
      vertex -32.4803 -28.178 3
      vertex -36.4484 -34.2273 3
    endloop
  endfacet
  facet normal 0 0 1
    outer loop
      vertex -35.0365 -18.5955 3
      vertex -33.2992 -17.1022 3
      vertex -34.5388 -16.5888 3
    endloop
  endfacet
  facet normal 0 0 1
    outer loop
      vertex -32.4803 -28.178 3
      vertex -38.5257 -31.8712 3
      vertex -37.5055 -33.0656 3
    endloop
  endfacet
  facet normal -0 0 1
    outer loop
      vertex -40.4508 -29.3893 3
      vertex -39.5077 -30.6453 3
      vertex -34.0675 -26.2368 3
    endloop
  endfacet
  facet normal 0 0 1
    outer loop
      vertex -30.7614 -17.4103 3
      vertex -30.6411 -20.6817 3
      vertex -29.5021 -20.1283 3
    endloop
  endfacet
  facet normal 0 0 1
    outer loop
      vertex -38.1799 -17.8197 3
      vertex -38.3004 -15.6911 3
      vertex -39.2097 -17.4066 3
    endloop
  endfacet
  facet normal 0 0 1
    outer loop
      vertex -35.539 -24.2064 3
      vertex -41.354 -28.1042 3
      vertex -40.4508 -29.3893 3
    endloop
  endfacet
  facet normal 0 0 1
    outer loop
      vertex -36.5916 -22.3694 3
      vertex -35.539 -24.2064 3
      vertex -35.4983 -24.1836 3
    endloop
  endfacet
  facet normal 0 0 1
    outer loop
      vertex -36.6922 -22.4198 3
      vertex -43.0371 -25.4521 3
      vertex -42.2164 -26.7913 3
    endloop
  endfacet
  facet normal 0 0 1
    outer loop
      vertex -34.0142 -19.2219 3
      vertex -32.0449 -17.4983 3
      vertex -33.2992 -17.1022 3
    endloop
  endfacet
  facet normal 0 -0 1
    outer loop
      vertex -34.0142 -19.2219 3
      vertex -33.2992 -17.1022 3
      vertex -35.0365 -18.5955 3
    endloop
  endfacet
  facet normal 0 -0 1
    outer loop
      vertex -25.5485 -27.458 3
      vertex -24.0435 -25.294 3
      vertex -26.7607 -26.7177 3
    endloop
  endfacet
  facet normal 0 0 1
    outer loop
      vertex -28.1029 -19.7377 3
      vertex -29.2944 -17.1022 3
      vertex -29.5021 -20.1283 3
    endloop
  endfacet
  facet normal 0 -0 1
    outer loop
      vertex -29.5021 -20.1283 3
      vertex -29.2944 -17.1022 3
      vertex -30.7614 -17.4103 3
    endloop
  endfacet
  facet normal 0 0 1
    outer loop
      vertex -27.6712 -16.6678 3
      vertex -29.2944 -17.1022 3
      vertex -28.1029 -19.7377 3
    endloop
  endfacet
  facet normal 0 0 1
    outer loop
      vertex -27.6712 -16.6678 3
      vertex -28.1029 -19.7377 3
      vertex -25.2312 -19.7377 3
    endloop
  endfacet
  facet normal -0 0 1
    outer loop
      vertex -27.6712 -16.6678 3
      vertex -25.2312 -19.7377 3
      vertex -24.3068 -16.2221 3
    endloop
  endfacet
  facet normal -0 0 1
    outer loop
      vertex -24.3068 -16.2221 3
      vertex -22.4705 -18.7698 3
      vertex -23.1185 -15.7893 3
    endloop
  endfacet
  facet normal 0 0 1
    outer loop
      vertex -23.1185 -15.7893 3
      vertex -21.4386 -18.2682 3
      vertex -20.22 -17.3623 3
    endloop
  endfacet
  facet normal 0 0 1
    outer loop
      vertex -20.0217 -19.1602 3
      vertex -19.8702 -20.9174 3
      vertex -16.7946 -20.9494 3
    endloop
  endfacet
  facet normal -0 0 1
    outer loop
      vertex -23.1185 -15.7893 3
      vertex -20.22 -17.3623 3
      vertex -22.275 -14.9897 3
    endloop
  endfacet
  facet normal 0 0 1
    outer loop
      vertex -15.9218 -13.6106 3
      vertex -20.0217 -17.4825 3
      vertex -15.6444 -16.8999 3
    endloop
  endfacet
  facet normal 0 0 1
    outer loop
      vertex -18.1555 -28.2064 3
      vertex -18.587 -25.7925 3
      vertex -21.0978 -26.5752 3
    endloop
  endfacet
  facet normal 0 0 1
    outer loop
      vertex -18.587 -25.7925 3
      vertex -21.3833 -26.3435 3
      vertex -21.0978 -26.5752 3
    endloop
  endfacet
  facet normal 0 0 1
    outer loop
      vertex -20.1334 -29.3432 3
      vertex -21.0978 -26.5752 3
      vertex -21.4972 -27.8322 3
    endloop
  endfacet
  facet normal 0 0 1
    outer loop
      vertex -25.5485 -27.458 3
      vertex -26.7607 -26.7177 3
      vertex -26.7607 -27.0675 3
    endloop
  endfacet
  facet normal 0 0 1
    outer loop
      vertex -24.5641 -27.2628 3
      vertex -23.0673 -27.0431 3
      vertex -24.0435 -25.294 3
    endloop
  endfacet
  facet normal 0 0 1
    outer loop
      vertex -20.1334 -29.3432 3
      vertex -18.0442 -29.2122 3
      vertex -18.1555 -28.2064 3
    endloop
  endfacet
  facet normal -0 0 1
    outer loop
      vertex -24.0435 -25.294 3
      vertex -23.0673 -27.0431 3
      vertex -22.4327 -24.3667 3
    endloop
  endfacet
  facet normal 0 0 1
    outer loop
      vertex -23.9464 -35.5814 3
      vertex -25.086 -34.9236 3
      vertex -24.0147 -35.6688 3
    endloop
  endfacet
  facet normal -0 0 1
    outer loop
      vertex -22.4327 -24.3667 3
      vertex -21.3833 -26.3435 3
      vertex -20.9115 -23.2115 3
    endloop
  endfacet
  facet normal 0 0 1
    outer loop
      vertex -23.9464 -35.5814 3
      vertex -25.0349 -34.8385 3
      vertex -25.086 -34.9236 3
    endloop
  endfacet
  facet normal 0 0 1
    outer loop
      vertex -20.2808 -32.32 3
      vertex -20.4685 -33.8352 3
      vertex -18.7859 -32.7222 3
    endloop
  endfacet
  facet normal -0 0 1
    outer loop
      vertex -23.735 -31.554 3
      vertex -22.3399 -32.6284 3
      vertex -21.206 -30.5098 3
    endloop
  endfacet
  facet normal 0 -0 1
    outer loop
      vertex -16.9369 -47.044 3
      vertex -14.0964 -40.6234 3
      vertex -18.4062 -46.4888 3
    endloop
  endfacet
  facet normal 0 0 1
    outer loop
      vertex -16.5992 -39.6666 3
      vertex -19.0375 -38.5557 3
      vertex -21.289 -45.2413 3
    endloop
  endfacet
  facet normal 0 0 1
    outer loop
      vertex -39.4531 -15.3565 3
      vertex -39.3167 -17.4118 3
      vertex -39.2097 -17.4066 3
    endloop
  endfacet
  facet normal 0 0 1
    outer loop
      vertex -37.64 -20.7894 3
      vertex -43.8153 -24.0877 3
      vertex -43.0371 -25.4521 3
    endloop
  endfacet
  facet normal 0 0 1
    outer loop
      vertex -38.5154 -19.119 3
      vertex -44.5503 -22.6995 3
      vertex -37.64 -20.7894 3
    endloop
  endfacet
  facet normal -0 0 1
    outer loop
      vertex -45.2413 -21.289 3
      vertex -44.5503 -22.6995 3
      vertex -38.5154 -19.119 3
    endloop
  endfacet
  facet normal 0 0 1
    outer loop
      vertex -40.4656 -14.5432 3
      vertex -39.3167 -17.4118 3
      vertex -39.4531 -15.3565 3
    endloop
  endfacet
  facet normal -0 0 1
    outer loop
      vertex -45.8877 -19.8574 3
      vertex -45.2413 -21.289 3
      vertex -39.3167 -17.4118 3
    endloop
  endfacet
  facet normal 0 0 1
    outer loop
      vertex -39.4531 -15.3565 3
      vertex -39.2097 -17.4066 3
      vertex -38.3004 -15.6911 3
    endloop
  endfacet
  facet normal 0 0 1
    outer loop
      vertex -38.3004 -15.6911 3
      vertex -38.1799 -17.8197 3
      vertex -37.1734 -18.0292 3
    endloop
  endfacet
  facet normal 0 0 1
    outer loop
      vertex -35.5804 -16.068 3
      vertex -37.1734 -18.0292 3
      vertex -35.0365 -18.5955 3
    endloop
  endfacet
  facet normal -0 0 1
    outer loop
      vertex -34.259 -20.3982 3
      vertex -31.3031 -21.367 3
      vertex -34.0142 -19.2219 3
    endloop
  endfacet
  facet normal 0 -0 1
    outer loop
      vertex -31.3031 -21.367 3
      vertex -30.6411 -20.6817 3
      vertex -34.0142 -19.2219 3
    endloop
  endfacet
  facet normal 0 0 1
    outer loop
      vertex -31.3031 -21.367 3
      vertex -34.259 -20.3982 3
      vertex -33.1955 -22.7071 3
    endloop
  endfacet
  facet normal 0 0 1
    outer loop
      vertex -34.259 -20.3982 3
      vertex -35.236 -21.4095 3
      vertex -33.1955 -22.7071 3
    endloop
  endfacet
  facet normal 0 0 1
    outer loop
      vertex -35.236 -21.4095 3
      vertex -36.5916 -22.3694 3
      vertex -35.4983 -24.1836 3
    endloop
  endfacet
  facet normal -0 0 1
    outer loop
      vertex -5.25009 -38.6315 3
      vertex -3.05922 -38.6796 3
      vertex -4.82755 -37.5465 3
    endloop
  endfacet
  facet normal 0 0 1
    outer loop
      vertex -8.93639 -42.0605 3
      vertex -12.4345 -48.4292 3
      vertex -10.9072 -48.7958 3
    endloop
  endfacet
  facet normal 0 0 1
    outer loop
      vertex -11.3303 -26.8392 3
      vertex -12.378 -25.5848 3
      vertex -14.5574 -27.501 3
    endloop
  endfacet
  facet normal 0 0 1
    outer loop
      vertex -11.5387 -41.4225 3
      vertex -14.0964 -40.6234 3
      vertex -15.4508 -47.5528 3
    endloop
  endfacet
  facet normal 0 -0 1
    outer loop
      vertex -18.4062 -46.4888 3
      vertex -16.5992 -39.6666 3
      vertex -19.8574 -45.8877 3
    endloop
  endfacet
  facet normal 0 0 1
    outer loop
      vertex -18.7177 -37.0422 3
      vertex -18.8543 -35.8087 3
      vertex -20.2808 -35.8867 3
    endloop
  endfacet
  facet normal 0 0 1
    outer loop
      vertex -19.0375 -38.5557 3
      vertex -20.0984 -38.0134 3
      vertex -22.6995 -44.5503 3
    endloop
  endfacet
  facet normal 0 0 1
    outer loop
      vertex -20.0984 -38.0134 3
      vertex -21.4312 -37.2783 3
      vertex -24.0877 -43.8153 3
    endloop
  endfacet
  facet normal 0 0 1
    outer loop
      vertex -23.4475 -30.3389 3
      vertex -23.735 -31.554 3
      vertex -21.206 -30.5098 3
    endloop
  endfacet
  facet normal 0 0 1
    outer loop
      vertex -12.378 -25.5848 3
      vertex -14.7698 -26.3129 3
      vertex -14.5574 -27.501 3
    endloop
  endfacet
  facet normal 0 0 1
    outer loop
      vertex -21.206 -30.5098 3
      vertex -22.2253 -28.9386 3
      vertex -22.6788 -29.4972 3
    endloop
  endfacet
  facet normal 0 -0 1
    outer loop
      vertex -20.1334 -29.3432 3
      vertex -18.1555 -28.2064 3
      vertex -21.0978 -26.5752 3
    endloop
  endfacet
  facet normal 0 -0 1
    outer loop
      vertex -16.1629 -22.9997 3
      vertex -13.9052 -22.2073 3
      vertex -16.4192 -21.5662 3
    endloop
  endfacet
  facet normal 0 0 1
    outer loop
      vertex -18.587 -25.7925 3
      vertex -20.9115 -23.2115 3
      vertex -21.3833 -26.3435 3
    endloop
  endfacet
  facet normal 0 0 1
    outer loop
      vertex -18.2816 -24.3476 3
      vertex -20.9115 -23.2115 3
      vertex -18.587 -25.7925 3
    endloop
  endfacet
  facet normal 0 0 1
    outer loop
      vertex -20.1208 -22.1539 3
      vertex -20.9115 -23.2115 3
      vertex -18.2816 -24.3476 3
    endloop
  endfacet
  facet normal 0 0 1
    outer loop
      vertex -19.8702 -20.9174 3
      vertex -20.1208 -22.1539 3
      vertex -17.693 -23.1887 3
    endloop
  endfacet
  facet normal 0 0 1
    outer loop
      vertex -15.6444 -16.8999 3
      vertex -16.7946 -20.9494 3
      vertex -13.9052 -22.2073 3
    endloop
  endfacet
  facet normal 0 0 1
    outer loop
      vertex -15.6444 -16.8999 3
      vertex -20.0217 -19.1602 3
      vertex -16.7946 -20.9494 3
    endloop
  endfacet
  facet normal 0 0 1
    outer loop
      vertex -16.7946 -20.9494 3
      vertex -16.4192 -21.5662 3
      vertex -13.9052 -22.2073 3
    endloop
  endfacet
  facet normal 0 -0 1
    outer loop
      vertex -15.6548 -24.5564 3
      vertex -13.9052 -22.2073 3
      vertex -16.1629 -22.9997 3
    endloop
  endfacet
  facet normal 0 0 1
    outer loop
      vertex -13.9052 -22.2073 3
      vertex -15.6548 -24.5564 3
      vertex -12.378 -25.5848 3
    endloop
  endfacet
  facet normal 0 0 1
    outer loop
      vertex -15.6548 -24.5564 3
      vertex -14.7698 -26.3129 3
      vertex -12.378 -25.5848 3
    endloop
  endfacet
  facet normal 0 0 1
    outer loop
      vertex -11.3303 -26.8392 3
      vertex -14.5574 -27.501 3
      vertex -14.0828 -28.4432 3
    endloop
  endfacet
  facet normal 0 -0 1
    outer loop
      vertex -13.2815 -29.4907 3
      vertex -11.3303 -26.8392 3
      vertex -14.0828 -28.4432 3
    endloop
  endfacet
  facet normal 0 -0 1
    outer loop
      vertex -12.4903 -30.2684 3
      vertex -10.483 -27.6362 3
      vertex -13.2815 -29.4907 3
    endloop
  endfacet
  facet normal -0 0 1
    outer loop
      vertex -12.0903 -31.494 3
      vertex -11.2165 -32.8429 3
      vertex -11.0979 -31.2449 3
    endloop
  endfacet
  facet normal 0 0 1
    outer loop
      vertex -10.3986 -34.3715 3
      vertex -10.2263 -34.3715 3
      vertex -10.0439 -34.2738 3
    endloop
  endfacet
  facet normal -0 0 1
    outer loop
      vertex -8.87567 -31.5162 3
      vertex -7.26096 -33.3533 3
      vertex -5.99512 -29.9187 3
    endloop
  endfacet
  facet normal -0 0 1
    outer loop
      vertex -5.50577 -35.1887 3
      vertex -2.79942 -35.9005 3
      vertex -3.47308 -33.4901 3
    endloop
  endfacet
  facet normal 0 0 1
    outer loop
      vertex -6.83521 -29.1285 3
      vertex -7.89528 -28.8256 3
      vertex -8.87567 -31.5162 3
    endloop
  endfacet
  facet normal 0 0 1
    outer loop
      vertex -11.2165 -32.8429 3
      vertex -10.3986 -34.3715 3
      vertex -9.7729 -33.3942 3
    endloop
  endfacet
  facet normal 0 0 1
    outer loop
      vertex -10.483 -27.6362 3
      vertex -11.004 -30.3581 3
      vertex -9.95399 -30.5564 3
    endloop
  endfacet
  facet normal 0 0 1
    outer loop
      vertex -11.0979 -31.2449 3
      vertex -11.2165 -32.8429 3
      vertex -10.1351 -32.3404 3
    endloop
  endfacet
  facet normal 0 0 1
    outer loop
      vertex -12.0903 -31.494 3
      vertex -11.0979 -31.2449 3
      vertex -11.004 -30.3581 3
    endloop
  endfacet
  facet normal 0 -0 1
    outer loop
      vertex -9.95399 -30.5564 3
      vertex -7.89528 -28.8256 3
      vertex -10.483 -27.6362 3
    endloop
  endfacet
  facet normal 0 -0 1
    outer loop
      vertex -12.0903 -31.494 3
      vertex -11.004 -30.3581 3
      vertex -12.4903 -30.2684 3
    endloop
  endfacet
  facet normal 0 0 1
    outer loop
      vertex -8.87567 -31.5162 3
      vertex -5.99512 -29.9187 3
      vertex -6.83521 -29.1285 3
    endloop
  endfacet
  facet normal 0 0 1
    outer loop
      vertex -3.47308 -33.4901 3
      vertex -4.89256 -32.3567 3
      vertex -5.50577 -35.1887 3
    endloop
  endfacet
  facet normal 0 0 1
    outer loop
      vertex -4.89256 -32.3567 3
      vertex -5.99512 -29.9187 3
      vertex -7.26096 -33.3533 3
    endloop
  endfacet
  facet normal 0 0 1
    outer loop
      vertex -2.79942 -35.9005 3
      vertex -5.50577 -35.1887 3
      vertex -4.99452 -36.3571 3
    endloop
  endfacet
  facet normal 0 -0 1
    outer loop
      vertex -3.05922 -38.6796 3
      vertex -3.05922 -37.1954 3
      vertex -4.82755 -37.5465 3
    endloop
  endfacet
  facet normal 0 -0 1
    outer loop
      vertex -4.82755 -37.5465 3
      vertex -3.05922 -37.1954 3
      vertex -4.99452 -36.3571 3
    endloop
  endfacet
  facet normal 0 0 1
    outer loop
      vertex -5.25009 -38.6315 3
      vertex -3.56393 -39.8608 3
      vertex -3.05922 -38.6796 3
    endloop
  endfacet
  facet normal -0 0 1
    outer loop
      vertex -5.80249 -40.4128 3
      vertex -4.25531 -41.0006 3
      vertex -3.56393 -39.8608 3
    endloop
  endfacet
  facet normal 0 0 1
    outer loop
      vertex -6.2778 -42.4191 3
      vertex -4.25531 -41.0006 3
      vertex -5.80249 -40.4128 3
    endloop
  endfacet
  facet normal -0 0 1
    outer loop
      vertex -6.29927 -42.5353 3
      vertex -4.60667 -42.7517 3
      vertex -6.2778 -42.4191 3
    endloop
  endfacet
  facet normal 0 0 1
    outer loop
      vertex -18.7177 -37.0422 3
      vertex -20.0596 -37.8846 3
      vertex -19.0375 -38.5557 3
    endloop
  endfacet
  facet normal 0 0 1
    outer loop
      vertex -21.4312 -37.2783 3
      vertex -22.7372 -36.4964 3
      vertex -25.4521 -43.0371 3
    endloop
  endfacet
  facet normal 0 0 1
    outer loop
      vertex -22.7372 -36.4964 3
      vertex -26.7913 -42.2164 3
      vertex -25.4521 -43.0371 3
    endloop
  endfacet
  facet normal 0 0 1
    outer loop
      vertex -24.0147 -35.6688 3
      vertex -28.1042 -41.354 3
      vertex -26.7913 -42.2164 3
    endloop
  endfacet
  facet normal 0 0 1
    outer loop
      vertex -25.086 -34.9236 3
      vertex -28.1042 -41.354 3
      vertex -24.0147 -35.6688 3
    endloop
  endfacet
  facet normal 0 0 1
    outer loop
      vertex -23.6114 -34.2537 3
      vertex -25.0349 -34.8385 3
      vertex -23.9464 -35.5814 3
    endloop
  endfacet
  facet normal 0 0 1
    outer loop
      vertex -25.0349 -34.8385 3
      vertex -23.6114 -34.2537 3
      vertex -23.735 -31.554 3
    endloop
  endfacet
  facet normal 0 0 1
    outer loop
      vertex -23.735 -31.554 3
      vertex -23.6114 -34.2537 3
      vertex -22.3399 -32.6284 3
    endloop
  endfacet
  facet normal -0 0 1
    outer loop
      vertex -23.4475 -30.3389 3
      vertex -21.206 -30.5098 3
      vertex -22.6788 -29.4972 3
    endloop
  endfacet
  facet normal 0 -0 1
    outer loop
      vertex -19.8383 -30.6841 3
      vertex -18.0442 -29.2122 3
      vertex -20.1334 -29.3432 3
    endloop
  endfacet
  facet normal -0 0 1
    outer loop
      vertex -22.2253 -28.9386 3
      vertex -20.1334 -29.3432 3
      vertex -21.4972 -27.8322 3
    endloop
  endfacet
  facet normal -0 0 1
    outer loop
      vertex -19.8383 -30.6841 3
      vertex -18.7859 -32.7222 3
      vertex -18.0442 -29.2122 3
    endloop
  endfacet
  facet normal 0 0 1
    outer loop
      vertex -19.8383 -30.6841 3
      vertex -20.2808 -32.32 3
      vertex -18.7859 -32.7222 3
    endloop
  endfacet
  facet normal 0 -0 1
    outer loop
      vertex -18.869 -34.2106 3
      vertex -18.7859 -32.7222 3
      vertex -20.4685 -33.8352 3
    endloop
  endfacet
  facet normal 0 0 1
    outer loop
      vertex -18.8543 -35.8087 3
      vertex -18.869 -34.2106 3
      vertex -20.2808 -35.8867 3
    endloop
  endfacet
  facet normal 0 0 1
    outer loop
      vertex -19.0375 -38.5557 3
      vertex -20.0596 -37.8846 3
      vertex -20.0984 -38.0134 3
    endloop
  endfacet
  facet normal 0 0 1
    outer loop
      vertex -18.7177 -37.0422 3
      vertex -20.2808 -35.8867 3
      vertex -20.0596 -37.8846 3
    endloop
  endfacet
  facet normal 0 0 1
    outer loop
      vertex 14.8964 -36.7192 3
      vertex 14.0547 -39.0865 3
      vertex 15.6251 -38.0386 3
    endloop
  endfacet
  facet normal -0 0 1
    outer loop
      vertex 14.7622 -40.3675 3
      vertex 14.7683 -40.384 3
      vertex 16.4576 -39.7255 3
    endloop
  endfacet
  facet normal 0 0 1
    outer loop
      vertex 18.4683 -33.2466 3
      vertex 20.3719 -31.4795 3
      vertex 19.3144 -31.0776 3
    endloop
  endfacet
  facet normal 0 0 1
    outer loop
      vertex 9.30663 -36.7192 3
      vertex 10.5168 -36.7192 3
      vertex 11.0265 -34.7565 3
    endloop
  endfacet
  facet normal 0 0 1
    outer loop
      vertex 9.04131 -28.2943 3
      vertex 6.83627 -29.8042 3
      vertex 8.91887 -30.41 3
    endloop
  endfacet
  facet normal 0 0 1
    outer loop
      vertex 8.32686 -42.1857 3
      vertex 6.12703 -42.5612 3
      vertex 7.82172 -49.3844 3
    endloop
  endfacet
  facet normal 0 0 1
    outer loop
      vertex 13.6063 -28.2079 3
      vertex 13.8063 -30.7353 3
      vertex 14.9754 -28.2943 3
    endloop
  endfacet
  facet normal 0 0 1
    outer loop
      vertex 6.13731 -39.9458 3
      vertex 4.78293 -39.6152 3
      vertex 6.23434 -41.4107 3
    endloop
  endfacet
  facet normal 0 0 1
    outer loop
      vertex 11.7693 -31.0606 3
      vertex 11.4987 -28.467 3
      vertex 10.4061 -28.467 3
    endloop
  endfacet
  facet normal 0 0 1
    outer loop
      vertex 6.23434 -35.9422 3
      vertex 3.91245 -36.1935 3
      vertex 6.13731 -36.2419 3
    endloop
  endfacet
  facet normal 0 0 1
    outer loop
      vertex 6.13731 -36.2419 3
      vertex 3.91245 -36.1935 3
      vertex 4.56589 -38.3469 3
    endloop
  endfacet
  facet normal 0 0 1
    outer loop
      vertex 3.74352 -35.2065 3
      vertex 3.91245 -36.1935 3
      vertex 6.23434 -35.9422 3
    endloop
  endfacet
  facet normal 0 0 1
    outer loop
      vertex 6.83627 -29.8042 3
      vertex 9.04131 -28.2943 3
      vertex 7.75291 -27.918 3
    endloop
  endfacet
  facet normal 0 0 1
    outer loop
      vertex 5.29498 -31.6765 3
      vertex 3.74352 -34.5064 3
      vertex 6.01846 -32.9863 3
    endloop
  endfacet
  facet normal 0 0 1
    outer loop
      vertex 6.44995 -27.1109 3
      vertex 3.02881 -29.0175 3
      vertex 6.17497 -29.8636 3
    endloop
  endfacet
  facet normal 0 0 1
    outer loop
      vertex 3.02881 -30.33 3
      vertex 3.74352 -34.5064 3
      vertex 5.29498 -31.6765 3
    endloop
  endfacet
  facet normal 0 0 1
    outer loop
      vertex 6.17497 -29.8636 3
      vertex 3.02881 -29.0175 3
      vertex 5.52034 -30.4334 3
    endloop
  endfacet
  facet normal 0 0 1
    outer loop
      vertex 6.44995 -27.1109 3
      vertex 6.17497 -29.8636 3
      vertex 6.83627 -29.8042 3
    endloop
  endfacet
  facet normal 0 0 1
    outer loop
      vertex 8.91887 -30.41 3
      vertex 10.4061 -28.467 3
      vertex 9.04131 -28.2943 3
    endloop
  endfacet
  facet normal 0 0 1
    outer loop
      vertex 16.6469 -28.7823 3
      vertex 15.7677 -31.0167 3
      vertex 17.9857 -29.4129 3
    endloop
  endfacet
  facet normal 0 0 1
    outer loop
      vertex 14.9754 -28.2943 3
      vertex 13.8063 -30.7353 3
      vertex 14.9805 -30.854 3
    endloop
  endfacet
  facet normal -0 0 1
    outer loop
      vertex 15.7677 -31.0167 3
      vertex 17.517 -32.5351 3
      vertex 18.6551 -30.4121 3
    endloop
  endfacet
  facet normal 0 0 1
    outer loop
      vertex 18.6551 -30.4121 3
      vertex 17.517 -32.5351 3
      vertex 19.3144 -31.0776 3
    endloop
  endfacet
  facet normal 0 0 1
    outer loop
      vertex 20.6724 -37.7044 3
      vertex 22.6995 -44.5503 3
      vertex 24.0877 -43.8153 3
    endloop
  endfacet
  facet normal 0 0 1
    outer loop
      vertex 26.7913 -42.2164 3
      vertex 22.6912 -36.525 3
      vertex 25.4521 -43.0371 3
    endloop
  endfacet
  facet normal 0 0 1
    outer loop
      vertex 21.0762 -33.1487 3
      vertex 20.3719 -31.4795 3
      vertex 18.4683 -33.2466 3
    endloop
  endfacet
  facet normal 0 0 1
    outer loop
      vertex 26.2042 -31.2485 3
      vertex 21.8268 -31.5974 3
      vertex 22.1766 -32.8723 3
    endloop
  endfacet
  facet normal 0 0 1
    outer loop
      vertex 26.3892 -33.9496 3
      vertex 25.2999 -34.769 3
      vertex 30.6453 -39.5077 3
    endloop
  endfacet
  facet normal 0 -0 1
    outer loop
      vertex 28.1042 -41.354 3
      vertex 29.3893 -40.4508 3
      vertex 24.1851 -35.5535 3
    endloop
  endfacet
  facet normal 0 0 1
    outer loop
      vertex 18.5925 -38.7722 3
      vertex 21.289 -45.2413 3
      vertex 22.6995 -44.5503 3
    endloop
  endfacet
  facet normal -0 0 1
    outer loop
      vertex 16.4576 -39.7255 3
      vertex 19.8574 -45.8877 3
      vertex 18.5925 -38.7722 3
    endloop
  endfacet
  facet normal 0 0 1
    outer loop
      vertex 25.2999 -34.769 3
      vertex 24.1851 -35.5535 3
      vertex 29.3893 -40.4508 3
    endloop
  endfacet
  facet normal -0 0 1
    outer loop
      vertex 22.6912 -36.525 3
      vertex 26.7913 -42.2164 3
      vertex 24.1851 -35.5535 3
    endloop
  endfacet
  facet normal 0 0 1
    outer loop
      vertex 22.0968 -34.1481 3
      vertex 20.7925 -34.9877 3
      vertex 21.7151 -35.6777 3
    endloop
  endfacet
  facet normal 0 0 1
    outer loop
      vertex 21.8268 -31.5974 3
      vertex 20.3719 -31.4795 3
      vertex 21.0762 -33.1487 3
    endloop
  endfacet
  facet normal 0 -0 1
    outer loop
      vertex 20.7925 -34.9877 3
      vertex 21.0762 -33.1487 3
      vertex 19.9032 -34.4921 3
    endloop
  endfacet
  facet normal 0 0 1
    outer loop
      vertex 21.8268 -31.5974 3
      vertex 21.0762 -33.1487 3
      vertex 22.1766 -32.8723 3
    endloop
  endfacet
  facet normal 0 0 1
    outer loop
      vertex 26.2042 -31.2485 3
      vertex 26.3493 -32.8723 3
      vertex 27.4519 -33.0961 3
    endloop
  endfacet
  facet normal 0 0 1
    outer loop
      vertex 26.2042 -31.2485 3
      vertex 22.1766 -32.8723 3
      vertex 26.3493 -32.8723 3
    endloop
  endfacet
  facet normal 0 0 1
    outer loop
      vertex 31.8712 -38.5257 3
      vertex 27.4519 -33.0961 3
      vertex 26.3892 -33.9496 3
    endloop
  endfacet
  facet normal 0 0 1
    outer loop
      vertex 28.7083 -32.0125 3
      vertex 28.3827 -31.9464 3
      vertex 27.4519 -33.0961 3
    endloop
  endfacet
  facet normal 0 0 1
    outer loop
      vertex 31.8712 -38.5257 3
      vertex 26.3892 -33.9496 3
      vertex 30.6453 -39.5077 3
    endloop
  endfacet
  facet normal 0 0 1
    outer loop
      vertex 30.6453 -39.5077 3
      vertex 25.2999 -34.769 3
      vertex 29.3893 -40.4508 3
    endloop
  endfacet
  facet normal 0 0 1
    outer loop
      vertex 4.19826 -42.7938 3
      vertex 6.12703 -42.5612 3
      vertex 4.20361 -42.6963 3
    endloop
  endfacet
  facet normal 0 0 1
    outer loop
      vertex 12.6534 -41.0957 3
      vertex 13.9496 -48.0147 3
      vertex 15.4508 -47.5528 3
    endloop
  endfacet
  facet normal 0 0 1
    outer loop
      vertex 4.78293 -39.6152 3
      vertex 4.20361 -42.6963 3
      vertex 6.23434 -41.4107 3
    endloop
  endfacet
  facet normal 0 0 1
    outer loop
      vertex 4.56589 -38.3469 3
      vertex 4.78293 -39.6152 3
      vertex 6.13731 -39.9458 3
    endloop
  endfacet
  facet normal -0 0 1
    outer loop
      vertex 4.56589 -38.3469 3
      vertex 6.13731 -39.9458 3
      vertex 6.13731 -36.2419 3
    endloop
  endfacet
  facet normal 0 0 1
    outer loop
      vertex 6.01846 -32.9863 3
      vertex 6.23434 -35.9422 3
      vertex 7.09482 -34.2229 3
    endloop
  endfacet
  facet normal 0 0 1
    outer loop
      vertex 3.74352 -34.5064 3
      vertex 3.74352 -35.2065 3
      vertex 6.23434 -35.9422 3
    endloop
  endfacet
  facet normal 0 0 1
    outer loop
      vertex 7.09482 -34.2229 3
      vertex 7.7048 -36.418 3
      vertex 8.62482 -34.7565 3
    endloop
  endfacet
  facet normal 0 0 1
    outer loop
      vertex 13.9086 -35.3792 3
      vertex 12.512 -34.6231 3
      vertex 11.7917 -36.9029 3
    endloop
  endfacet
  facet normal 0 -0 1
    outer loop
      vertex 11.7917 -36.9029 3
      vertex 12.512 -34.6231 3
      vertex 11.0265 -34.7565 3
    endloop
  endfacet
  facet normal 0 0 1
    outer loop
      vertex 13.9086 -35.3792 3
      vertex 11.7917 -36.9029 3
      vertex 13.0665 -37.5739 3
    endloop
  endfacet
  facet normal 0 0 1
    outer loop
      vertex 14.8964 -36.7192 3
      vertex 13.0665 -37.5739 3
      vertex 14.0547 -39.0865 3
    endloop
  endfacet
  facet normal 0 0 1
    outer loop
      vertex 15.4508 -47.5528 3
      vertex 14.7683 -40.384 3
      vertex 12.6534 -41.0957 3
    endloop
  endfacet
  facet normal 0 -0 1
    outer loop
      vertex 14.7622 -40.3675 3
      vertex 15.6251 -38.0386 3
      vertex 14.0547 -39.0865 3
    endloop
  endfacet
  facet normal 0 0 1
    outer loop
      vertex 15.6251 -38.0386 3
      vertex 14.7622 -40.3675 3
      vertex 16.4576 -39.7255 3
    endloop
  endfacet
  facet normal 0 0 1
    outer loop
      vertex 16.4576 -39.7255 3
      vertex 14.7683 -40.384 3
      vertex 18.4062 -46.4888 3
    endloop
  endfacet
  facet normal 0 0 1
    outer loop
      vertex 13.9496 -48.0147 3
      vertex 12.6534 -41.0957 3
      vertex 10.5042 -41.6965 3
    endloop
  endfacet
  facet normal 0 0 1
    outer loop
      vertex 12.4345 -48.4292 3
      vertex 10.5042 -41.6965 3
      vertex 10.9072 -48.7958 3
    endloop
  endfacet
  facet normal 0 0 1
    outer loop
      vertex 10.9072 -48.7958 3
      vertex 8.32686 -42.1857 3
      vertex 9.36906 -49.1143 3
    endloop
  endfacet
  facet normal 0.047112 -0.99889 0
    outer loop
      vertex 3.13951 -49.9013 0
      vertex 1.57053 -49.9753 3
      vertex 1.57053 -49.9753 0
    endloop
  endfacet
  facet normal 0.047112 -0.99889 0
    outer loop
      vertex 3.13951 -49.9013 0
      vertex 3.13951 -49.9013 3
      vertex 1.57053 -49.9753 3
    endloop
  endfacet
  facet normal 0.0784344 -0.996919 0
    outer loop
      vertex 4.70541 -49.7781 0
      vertex 3.13951 -49.9013 3
      vertex 3.13951 -49.9013 0
    endloop
  endfacet
  facet normal 0.0784344 -0.996919 0
    outer loop
      vertex 4.70541 -49.7781 0
      vertex 4.70541 -49.7781 3
      vertex 3.13951 -49.9013 3
    endloop
  endfacet
  facet normal 0.109758 -0.993958 0
    outer loop
      vertex 6.26665 -49.6057 0
      vertex 4.70541 -49.7781 3
      vertex 4.70541 -49.7781 0
    endloop
  endfacet
  facet normal 0.109758 -0.993958 0
    outer loop
      vertex 6.26665 -49.6057 0
      vertex 6.26665 -49.6057 3
      vertex 4.70541 -49.7781 3
    endloop
  endfacet
  facet normal 0.140889 -0.990025 0
    outer loop
      vertex 7.82172 -49.3844 0
      vertex 6.26665 -49.6057 3
      vertex 6.26665 -49.6057 0
    endloop
  endfacet
  facet normal 0.140889 -0.990025 0
    outer loop
      vertex 7.82172 -49.3844 0
      vertex 7.82172 -49.3844 3
      vertex 6.26665 -49.6057 3
    endloop
  endfacet
  facet normal 0.171957 -0.985104 0
    outer loop
      vertex 9.36906 -49.1143 0
      vertex 7.82172 -49.3844 3
      vertex 7.82172 -49.3844 0
    endloop
  endfacet
  facet normal 0.171957 -0.985104 0
    outer loop
      vertex 9.36906 -49.1143 0
      vertex 9.36906 -49.1143 3
      vertex 7.82172 -49.3844 3
    endloop
  endfacet
  facet normal 0.202767 -0.979227 0
    outer loop
      vertex 10.9072 -48.7958 0
      vertex 9.36906 -49.1143 3
      vertex 9.36906 -49.1143 0
    endloop
  endfacet
  facet normal 0.202767 -0.979227 0
    outer loop
      vertex 10.9072 -48.7958 0
      vertex 10.9072 -48.7958 3
      vertex 9.36906 -49.1143 3
    endloop
  endfacet
  facet normal 0.233402 -0.97238 0
    outer loop
      vertex 12.4345 -48.4292 0
      vertex 10.9072 -48.7958 3
      vertex 10.9072 -48.7958 0
    endloop
  endfacet
  facet normal 0.233402 -0.97238 0
    outer loop
      vertex 12.4345 -48.4292 0
      vertex 12.4345 -48.4292 3
      vertex 10.9072 -48.7958 3
    endloop
  endfacet
  facet normal 0.263882 -0.964555 0
    outer loop
      vertex 13.9496 -48.0147 0
      vertex 12.4345 -48.4292 3
      vertex 12.4345 -48.4292 0
    endloop
  endfacet
  facet normal 0.263882 -0.964555 0
    outer loop
      vertex 13.9496 -48.0147 0
      vertex 13.9496 -48.0147 3
      vertex 12.4345 -48.4292 3
    endloop
  endfacet
  facet normal 0.294081 -0.95578 0
    outer loop
      vertex 15.4508 -47.5528 0
      vertex 13.9496 -48.0147 3
      vertex 13.9496 -48.0147 0
    endloop
  endfacet
  facet normal 0.294081 -0.95578 0
    outer loop
      vertex 15.4508 -47.5528 0
      vertex 15.4508 -47.5528 3
      vertex 13.9496 -48.0147 3
    endloop
  endfacet
  facet normal 0.323914 -0.946086 0
    outer loop
      vertex 16.9369 -47.044 0
      vertex 15.4508 -47.5528 3
      vertex 15.4508 -47.5528 0
    endloop
  endfacet
  facet normal 0.323914 -0.946086 0
    outer loop
      vertex 16.9369 -47.044 0
      vertex 16.9369 -47.044 3
      vertex 15.4508 -47.5528 3
    endloop
  endfacet
  facet normal 0.353474 -0.935444 0
    outer loop
      vertex 18.4062 -46.4888 0
      vertex 16.9369 -47.044 3
      vertex 16.9369 -47.044 0
    endloop
  endfacet
  facet normal 0.353474 -0.935444 0
    outer loop
      vertex 18.4062 -46.4888 0
      vertex 18.4062 -46.4888 3
      vertex 16.9369 -47.044 3
    endloop
  endfacet
  facet normal 0.38268 -0.923881 0
    outer loop
      vertex 19.8574 -45.8877 0
      vertex 18.4062 -46.4888 3
      vertex 18.4062 -46.4888 0
    endloop
  endfacet
  facet normal 0.38268 -0.923881 0
    outer loop
      vertex 19.8574 -45.8877 0
      vertex 19.8574 -45.8877 3
      vertex 18.4062 -46.4888 3
    endloop
  endfacet
  facet normal 0.411518 -0.911401 0
    outer loop
      vertex 21.289 -45.2413 0
      vertex 19.8574 -45.8877 3
      vertex 19.8574 -45.8877 0
    endloop
  endfacet
  facet normal 0.411518 -0.911401 0
    outer loop
      vertex 21.289 -45.2413 0
      vertex 21.289 -45.2413 3
      vertex 19.8574 -45.8877 3
    endloop
  endfacet
  facet normal 0.439941 -0.898027 0
    outer loop
      vertex 22.6995 -44.5503 0
      vertex 21.289 -45.2413 3
      vertex 21.289 -45.2413 0
    endloop
  endfacet
  facet normal 0.439941 -0.898027 0
    outer loop
      vertex 22.6995 -44.5503 0
      vertex 22.6995 -44.5503 3
      vertex 21.289 -45.2413 3
    endloop
  endfacet
  facet normal 0.467923 -0.883769 0
    outer loop
      vertex 24.0877 -43.8153 0
      vertex 22.6995 -44.5503 3
      vertex 22.6995 -44.5503 0
    endloop
  endfacet
  facet normal 0.467923 -0.883769 0
    outer loop
      vertex 24.0877 -43.8153 0
      vertex 24.0877 -43.8153 3
      vertex 22.6995 -44.5503 3
    endloop
  endfacet
  facet normal 0.495439 -0.868642 0
    outer loop
      vertex 25.4521 -43.0371 0
      vertex 24.0877 -43.8153 3
      vertex 24.0877 -43.8153 0
    endloop
  endfacet
  facet normal 0.495439 -0.868642 0
    outer loop
      vertex 25.4521 -43.0371 0
      vertex 25.4521 -43.0371 3
      vertex 24.0877 -43.8153 3
    endloop
  endfacet
  facet normal 0.522516 -0.85263 0
    outer loop
      vertex 26.7913 -42.2164 0
      vertex 25.4521 -43.0371 3
      vertex 25.4521 -43.0371 0
    endloop
  endfacet
  facet normal 0.522516 -0.85263 0
    outer loop
      vertex 26.7913 -42.2164 0
      vertex 26.7913 -42.2164 3
      vertex 25.4521 -43.0371 3
    endloop
  endfacet
  facet normal 0.549017 -0.835811 0
    outer loop
      vertex 28.1042 -41.354 0
      vertex 26.7913 -42.2164 3
      vertex 26.7913 -42.2164 0
    endloop
  endfacet
  facet normal 0.549017 -0.835811 0
    outer loop
      vertex 28.1042 -41.354 0
      vertex 28.1042 -41.354 3
      vertex 26.7913 -42.2164 3
    endloop
  endfacet
  facet normal 0.575012 -0.818145 0
    outer loop
      vertex 29.3893 -40.4508 0
      vertex 28.1042 -41.354 3
      vertex 28.1042 -41.354 0
    endloop
  endfacet
  facet normal 0.575012 -0.818145 0
    outer loop
      vertex 29.3893 -40.4508 0
      vertex 29.3893 -40.4508 3
      vertex 28.1042 -41.354 3
    endloop
  endfacet
  facet normal 0.600448 -0.799664 0
    outer loop
      vertex 30.6453 -39.5077 0
      vertex 29.3893 -40.4508 3
      vertex 29.3893 -40.4508 0
    endloop
  endfacet
  facet normal 0.600448 -0.799664 0
    outer loop
      vertex 30.6453 -39.5077 0
      vertex 30.6453 -39.5077 3
      vertex 29.3893 -40.4508 3
    endloop
  endfacet
  facet normal 0.625192 -0.780471 0
    outer loop
      vertex 31.8712 -38.5257 0
      vertex 30.6453 -39.5077 3
      vertex 30.6453 -39.5077 0
    endloop
  endfacet
  facet normal 0.625192 -0.780471 0
    outer loop
      vertex 31.8712 -38.5257 0
      vertex 31.8712 -38.5257 3
      vertex 30.6453 -39.5077 3
    endloop
  endfacet
  facet normal 0.64948 -0.760379 0
    outer loop
      vertex 33.0656 -37.5055 0
      vertex 31.8712 -38.5257 3
      vertex 31.8712 -38.5257 0
    endloop
  endfacet
  facet normal 0.64948 -0.760379 0
    outer loop
      vertex 33.0656 -37.5055 0
      vertex 33.0656 -37.5055 3
      vertex 31.8712 -38.5257 3
    endloop
  endfacet
  facet normal 0.673024 -0.73962 0
    outer loop
      vertex 34.2273 -36.4484 0
      vertex 33.0656 -37.5055 3
      vertex 33.0656 -37.5055 0
    endloop
  endfacet
  facet normal 0.673024 -0.73962 0
    outer loop
      vertex 34.2273 -36.4484 0
      vertex 34.2273 -36.4484 3
      vertex 33.0656 -37.5055 3
    endloop
  endfacet
  facet normal 0.69591 -0.718129 0
    outer loop
      vertex 35.3553 -35.3553 0
      vertex 34.2273 -36.4484 3
      vertex 34.2273 -36.4484 0
    endloop
  endfacet
  facet normal 0.69591 -0.718129 0
    outer loop
      vertex 35.3553 -35.3553 0
      vertex 35.3553 -35.3553 3
      vertex 34.2273 -36.4484 3
    endloop
  endfacet
  facet normal 0.718129 -0.69591 0
    outer loop
      vertex 36.4484 -34.2273 0
      vertex 35.3553 -35.3553 3
      vertex 35.3553 -35.3553 0
    endloop
  endfacet
  facet normal 0.718129 -0.69591 0
    outer loop
      vertex 36.4484 -34.2273 0
      vertex 36.4484 -34.2273 3
      vertex 35.3553 -35.3553 3
    endloop
  endfacet
  facet normal 0.73962 -0.673024 0
    outer loop
      vertex 37.5055 -33.0656 0
      vertex 36.4484 -34.2273 3
      vertex 36.4484 -34.2273 0
    endloop
  endfacet
  facet normal 0.73962 -0.673024 0
    outer loop
      vertex 37.5055 -33.0656 0
      vertex 37.5055 -33.0656 3
      vertex 36.4484 -34.2273 3
    endloop
  endfacet
  facet normal 0.760379 -0.64948 0
    outer loop
      vertex 38.5257 -31.8712 0
      vertex 37.5055 -33.0656 3
      vertex 37.5055 -33.0656 0
    endloop
  endfacet
  facet normal 0.760379 -0.64948 0
    outer loop
      vertex 38.5257 -31.8712 0
      vertex 38.5257 -31.8712 3
      vertex 37.5055 -33.0656 3
    endloop
  endfacet
  facet normal 0.780471 -0.625192 0
    outer loop
      vertex 39.5077 -30.6453 0
      vertex 38.5257 -31.8712 3
      vertex 38.5257 -31.8712 0
    endloop
  endfacet
  facet normal 0.780471 -0.625192 0
    outer loop
      vertex 39.5077 -30.6453 0
      vertex 39.5077 -30.6453 3
      vertex 38.5257 -31.8712 3
    endloop
  endfacet
  facet normal 0.799664 -0.600448 0
    outer loop
      vertex 40.4508 -29.3893 0
      vertex 39.5077 -30.6453 3
      vertex 39.5077 -30.6453 0
    endloop
  endfacet
  facet normal 0.799664 -0.600448 0
    outer loop
      vertex 40.4508 -29.3893 0
      vertex 40.4508 -29.3893 3
      vertex 39.5077 -30.6453 3
    endloop
  endfacet
  facet normal 0.818145 -0.575012 0
    outer loop
      vertex 41.354 -28.1042 0
      vertex 40.4508 -29.3893 3
      vertex 40.4508 -29.3893 0
    endloop
  endfacet
  facet normal 0.818145 -0.575012 0
    outer loop
      vertex 41.354 -28.1042 0
      vertex 41.354 -28.1042 3
      vertex 40.4508 -29.3893 3
    endloop
  endfacet
  facet normal 0.835811 -0.549017 0
    outer loop
      vertex 42.2164 -26.7913 0
      vertex 41.354 -28.1042 3
      vertex 41.354 -28.1042 0
    endloop
  endfacet
  facet normal 0.835811 -0.549017 0
    outer loop
      vertex 42.2164 -26.7913 0
      vertex 42.2164 -26.7913 3
      vertex 41.354 -28.1042 3
    endloop
  endfacet
  facet normal 0.85263 -0.522516 0
    outer loop
      vertex 43.0371 -25.4521 0
      vertex 42.2164 -26.7913 3
      vertex 42.2164 -26.7913 0
    endloop
  endfacet
  facet normal 0.85263 -0.522516 0
    outer loop
      vertex 43.0371 -25.4521 0
      vertex 43.0371 -25.4521 3
      vertex 42.2164 -26.7913 3
    endloop
  endfacet
  facet normal 0.868642 -0.495439 0
    outer loop
      vertex 43.8153 -24.0877 0
      vertex 43.0371 -25.4521 3
      vertex 43.0371 -25.4521 0
    endloop
  endfacet
  facet normal 0.868642 -0.495439 0
    outer loop
      vertex 43.8153 -24.0877 0
      vertex 43.8153 -24.0877 3
      vertex 43.0371 -25.4521 3
    endloop
  endfacet
  facet normal 0.883769 -0.467923 0
    outer loop
      vertex 44.5503 -22.6995 0
      vertex 43.8153 -24.0877 3
      vertex 43.8153 -24.0877 0
    endloop
  endfacet
  facet normal 0.883769 -0.467923 0
    outer loop
      vertex 44.5503 -22.6995 0
      vertex 44.5503 -22.6995 3
      vertex 43.8153 -24.0877 3
    endloop
  endfacet
  facet normal 0.898027 -0.439941 0
    outer loop
      vertex 45.2413 -21.289 0
      vertex 44.5503 -22.6995 3
      vertex 44.5503 -22.6995 0
    endloop
  endfacet
  facet normal 0.898027 -0.439941 0
    outer loop
      vertex 45.2413 -21.289 0
      vertex 45.2413 -21.289 3
      vertex 44.5503 -22.6995 3
    endloop
  endfacet
  facet normal 0.911401 -0.411518 0
    outer loop
      vertex 45.8877 -19.8574 0
      vertex 45.2413 -21.289 3
      vertex 45.2413 -21.289 0
    endloop
  endfacet
  facet normal 0.911401 -0.411518 0
    outer loop
      vertex 45.8877 -19.8574 0
      vertex 45.8877 -19.8574 3
      vertex 45.2413 -21.289 3
    endloop
  endfacet
  facet normal 0.923881 -0.38268 0
    outer loop
      vertex 46.4888 -18.4062 0
      vertex 45.8877 -19.8574 3
      vertex 45.8877 -19.8574 0
    endloop
  endfacet
  facet normal 0.923881 -0.38268 0
    outer loop
      vertex 46.4888 -18.4062 0
      vertex 46.4888 -18.4062 3
      vertex 45.8877 -19.8574 3
    endloop
  endfacet
  facet normal 0.935444 -0.353474 0
    outer loop
      vertex 47.044 -16.9369 0
      vertex 46.4888 -18.4062 3
      vertex 46.4888 -18.4062 0
    endloop
  endfacet
  facet normal 0.935444 -0.353474 0
    outer loop
      vertex 47.044 -16.9369 0
      vertex 47.044 -16.9369 3
      vertex 46.4888 -18.4062 3
    endloop
  endfacet
  facet normal 0.946086 -0.323914 0
    outer loop
      vertex 47.5528 -15.4508 0
      vertex 47.044 -16.9369 3
      vertex 47.044 -16.9369 0
    endloop
  endfacet
  facet normal 0.946086 -0.323914 0
    outer loop
      vertex 47.5528 -15.4508 0
      vertex 47.5528 -15.4508 3
      vertex 47.044 -16.9369 3
    endloop
  endfacet
  facet normal 0.95578 -0.294081 0
    outer loop
      vertex 48.0147 -13.9496 0
      vertex 47.5528 -15.4508 3
      vertex 47.5528 -15.4508 0
    endloop
  endfacet
  facet normal 0.95578 -0.294081 0
    outer loop
      vertex 48.0147 -13.9496 0
      vertex 48.0147 -13.9496 3
      vertex 47.5528 -15.4508 3
    endloop
  endfacet
  facet normal 0.964555 -0.263882 0
    outer loop
      vertex 48.4292 -12.4345 0
      vertex 48.0147 -13.9496 3
      vertex 48.0147 -13.9496 0
    endloop
  endfacet
  facet normal 0.964555 -0.263882 0
    outer loop
      vertex 48.4292 -12.4345 0
      vertex 48.4292 -12.4345 3
      vertex 48.0147 -13.9496 3
    endloop
  endfacet
  facet normal 0.97238 -0.233402 0
    outer loop
      vertex 48.7958 -10.9072 0
      vertex 48.4292 -12.4345 3
      vertex 48.4292 -12.4345 0
    endloop
  endfacet
  facet normal 0.97238 -0.233402 0
    outer loop
      vertex 48.7958 -10.9072 0
      vertex 48.7958 -10.9072 3
      vertex 48.4292 -12.4345 3
    endloop
  endfacet
  facet normal 0.979227 -0.202767 0
    outer loop
      vertex 49.1143 -9.36906 0
      vertex 48.7958 -10.9072 3
      vertex 48.7958 -10.9072 0
    endloop
  endfacet
  facet normal 0.979227 -0.202767 0
    outer loop
      vertex 49.1143 -9.36906 0
      vertex 49.1143 -9.36906 3
      vertex 48.7958 -10.9072 3
    endloop
  endfacet
  facet normal 0.985104 -0.171957 0
    outer loop
      vertex 49.3844 -7.82172 0
      vertex 49.1143 -9.36906 3
      vertex 49.1143 -9.36906 0
    endloop
  endfacet
  facet normal 0.985104 -0.171957 0
    outer loop
      vertex 49.3844 -7.82172 0
      vertex 49.3844 -7.82172 3
      vertex 49.1143 -9.36906 3
    endloop
  endfacet
  facet normal 0.990025 -0.140889 0
    outer loop
      vertex 49.6057 -6.26665 0
      vertex 49.3844 -7.82172 3
      vertex 49.3844 -7.82172 0
    endloop
  endfacet
  facet normal 0.990025 -0.140889 0
    outer loop
      vertex 49.6057 -6.26665 0
      vertex 49.6057 -6.26665 3
      vertex 49.3844 -7.82172 3
    endloop
  endfacet
  facet normal 0.993958 -0.109758 0
    outer loop
      vertex 49.7781 -4.70541 0
      vertex 49.6057 -6.26665 3
      vertex 49.6057 -6.26665 0
    endloop
  endfacet
  facet normal 0.993958 -0.109758 0
    outer loop
      vertex 49.7781 -4.70541 0
      vertex 49.7781 -4.70541 3
      vertex 49.6057 -6.26665 3
    endloop
  endfacet
  facet normal 0.996919 -0.0784344 0
    outer loop
      vertex 49.9013 -3.13951 0
      vertex 49.7781 -4.70541 3
      vertex 49.7781 -4.70541 0
    endloop
  endfacet
  facet normal 0.996919 -0.0784344 0
    outer loop
      vertex 49.9013 -3.13951 0
      vertex 49.9013 -3.13951 3
      vertex 49.7781 -4.70541 3
    endloop
  endfacet
  facet normal 0.99889 -0.047112 0
    outer loop
      vertex 49.9753 -1.57053 0
      vertex 49.9013 -3.13951 3
      vertex 49.9013 -3.13951 0
    endloop
  endfacet
  facet normal 0.99889 -0.047112 0
    outer loop
      vertex 49.9753 -1.57053 0
      vertex 49.9753 -1.57053 3
      vertex 49.9013 -3.13951 3
    endloop
  endfacet
  facet normal 0.999876 -0.0157252 0
    outer loop
      vertex 50 0 0
      vertex 49.9753 -1.57053 3
      vertex 49.9753 -1.57053 0
    endloop
  endfacet
  facet normal 0.999876 -0.0157252 0
    outer loop
      vertex 50 0 0
      vertex 50 0 3
      vertex 49.9753 -1.57053 3
    endloop
  endfacet
  facet normal 0.999876 0.0157252 0
    outer loop
      vertex 49.9753 1.57053 0
      vertex 50 0 3
      vertex 50 0 0
    endloop
  endfacet
  facet normal 0.999876 0.0157252 -0
    outer loop
      vertex 49.9753 1.57053 0
      vertex 49.9753 1.57053 3
      vertex 50 0 3
    endloop
  endfacet
  facet normal 0.99889 0.047112 0
    outer loop
      vertex 49.9013 3.13951 0
      vertex 49.9753 1.57053 3
      vertex 49.9753 1.57053 0
    endloop
  endfacet
  facet normal 0.99889 0.047112 -0
    outer loop
      vertex 49.9013 3.13951 0
      vertex 49.9013 3.13951 3
      vertex 49.9753 1.57053 3
    endloop
  endfacet
  facet normal 0.996919 0.0784344 0
    outer loop
      vertex 49.7781 4.70541 0
      vertex 49.9013 3.13951 3
      vertex 49.9013 3.13951 0
    endloop
  endfacet
  facet normal 0.996919 0.0784344 -0
    outer loop
      vertex 49.7781 4.70541 0
      vertex 49.7781 4.70541 3
      vertex 49.9013 3.13951 3
    endloop
  endfacet
  facet normal 0.993958 0.109758 0
    outer loop
      vertex 49.6057 6.26665 0
      vertex 49.7781 4.70541 3
      vertex 49.7781 4.70541 0
    endloop
  endfacet
  facet normal 0.993958 0.109758 -0
    outer loop
      vertex 49.6057 6.26665 0
      vertex 49.6057 6.26665 3
      vertex 49.7781 4.70541 3
    endloop
  endfacet
  facet normal 0.990025 0.140889 0
    outer loop
      vertex 49.3844 7.82172 0
      vertex 49.6057 6.26665 3
      vertex 49.6057 6.26665 0
    endloop
  endfacet
  facet normal 0.990025 0.140889 -0
    outer loop
      vertex 49.3844 7.82172 0
      vertex 49.3844 7.82172 3
      vertex 49.6057 6.26665 3
    endloop
  endfacet
  facet normal 0.985104 0.171957 0
    outer loop
      vertex 49.1143 9.36906 0
      vertex 49.3844 7.82172 3
      vertex 49.3844 7.82172 0
    endloop
  endfacet
  facet normal 0.985104 0.171957 -0
    outer loop
      vertex 49.1143 9.36906 0
      vertex 49.1143 9.36906 3
      vertex 49.3844 7.82172 3
    endloop
  endfacet
  facet normal 0.979227 0.202767 0
    outer loop
      vertex 48.7958 10.9072 0
      vertex 49.1143 9.36906 3
      vertex 49.1143 9.36906 0
    endloop
  endfacet
  facet normal 0.979227 0.202767 -0
    outer loop
      vertex 48.7958 10.9072 0
      vertex 48.7958 10.9072 3
      vertex 49.1143 9.36906 3
    endloop
  endfacet
  facet normal 0.97238 0.233402 0
    outer loop
      vertex 48.4292 12.4345 0
      vertex 48.7958 10.9072 3
      vertex 48.7958 10.9072 0
    endloop
  endfacet
  facet normal 0.97238 0.233402 -0
    outer loop
      vertex 48.4292 12.4345 0
      vertex 48.4292 12.4345 3
      vertex 48.7958 10.9072 3
    endloop
  endfacet
  facet normal 0.964555 0.263882 0
    outer loop
      vertex 48.0147 13.9496 0
      vertex 48.4292 12.4345 3
      vertex 48.4292 12.4345 0
    endloop
  endfacet
  facet normal 0.964555 0.263882 -0
    outer loop
      vertex 48.0147 13.9496 0
      vertex 48.0147 13.9496 3
      vertex 48.4292 12.4345 3
    endloop
  endfacet
  facet normal 0.95578 0.294081 0
    outer loop
      vertex 47.5528 15.4508 0
      vertex 48.0147 13.9496 3
      vertex 48.0147 13.9496 0
    endloop
  endfacet
  facet normal 0.95578 0.294081 -0
    outer loop
      vertex 47.5528 15.4508 0
      vertex 47.5528 15.4508 3
      vertex 48.0147 13.9496 3
    endloop
  endfacet
  facet normal 0.946086 0.323914 0
    outer loop
      vertex 47.044 16.9369 0
      vertex 47.5528 15.4508 3
      vertex 47.5528 15.4508 0
    endloop
  endfacet
  facet normal 0.946086 0.323914 -0
    outer loop
      vertex 47.044 16.9369 0
      vertex 47.044 16.9369 3
      vertex 47.5528 15.4508 3
    endloop
  endfacet
  facet normal 0.935444 0.353474 0
    outer loop
      vertex 46.4888 18.4062 0
      vertex 47.044 16.9369 3
      vertex 47.044 16.9369 0
    endloop
  endfacet
  facet normal 0.935444 0.353474 -0
    outer loop
      vertex 46.4888 18.4062 0
      vertex 46.4888 18.4062 3
      vertex 47.044 16.9369 3
    endloop
  endfacet
  facet normal 0.923881 0.38268 0
    outer loop
      vertex 45.8877 19.8574 0
      vertex 46.4888 18.4062 3
      vertex 46.4888 18.4062 0
    endloop
  endfacet
  facet normal 0.923881 0.38268 -0
    outer loop
      vertex 45.8877 19.8574 0
      vertex 45.8877 19.8574 3
      vertex 46.4888 18.4062 3
    endloop
  endfacet
  facet normal 0.911401 0.411518 0
    outer loop
      vertex 45.2413 21.289 0
      vertex 45.8877 19.8574 3
      vertex 45.8877 19.8574 0
    endloop
  endfacet
  facet normal 0.911401 0.411518 -0
    outer loop
      vertex 45.2413 21.289 0
      vertex 45.2413 21.289 3
      vertex 45.8877 19.8574 3
    endloop
  endfacet
  facet normal 0.898027 0.439941 0
    outer loop
      vertex 44.5503 22.6995 0
      vertex 45.2413 21.289 3
      vertex 45.2413 21.289 0
    endloop
  endfacet
  facet normal 0.898027 0.439941 -0
    outer loop
      vertex 44.5503 22.6995 0
      vertex 44.5503 22.6995 3
      vertex 45.2413 21.289 3
    endloop
  endfacet
  facet normal 0.883769 0.467923 0
    outer loop
      vertex 43.8153 24.0877 0
      vertex 44.5503 22.6995 3
      vertex 44.5503 22.6995 0
    endloop
  endfacet
  facet normal 0.883769 0.467923 -0
    outer loop
      vertex 43.8153 24.0877 0
      vertex 43.8153 24.0877 3
      vertex 44.5503 22.6995 3
    endloop
  endfacet
  facet normal 0.868642 0.495439 0
    outer loop
      vertex 43.0371 25.4521 0
      vertex 43.8153 24.0877 3
      vertex 43.8153 24.0877 0
    endloop
  endfacet
  facet normal 0.868642 0.495439 -0
    outer loop
      vertex 43.0371 25.4521 0
      vertex 43.0371 25.4521 3
      vertex 43.8153 24.0877 3
    endloop
  endfacet
  facet normal 0.85263 0.522516 0
    outer loop
      vertex 42.2164 26.7913 0
      vertex 43.0371 25.4521 3
      vertex 43.0371 25.4521 0
    endloop
  endfacet
  facet normal 0.85263 0.522516 -0
    outer loop
      vertex 42.2164 26.7913 0
      vertex 42.2164 26.7913 3
      vertex 43.0371 25.4521 3
    endloop
  endfacet
  facet normal 0.835811 0.549017 0
    outer loop
      vertex 41.354 28.1042 0
      vertex 42.2164 26.7913 3
      vertex 42.2164 26.7913 0
    endloop
  endfacet
  facet normal 0.835811 0.549017 -0
    outer loop
      vertex 41.354 28.1042 0
      vertex 41.354 28.1042 3
      vertex 42.2164 26.7913 3
    endloop
  endfacet
  facet normal 0.818145 0.575012 0
    outer loop
      vertex 40.4508 29.3893 0
      vertex 41.354 28.1042 3
      vertex 41.354 28.1042 0
    endloop
  endfacet
  facet normal 0.818145 0.575012 -0
    outer loop
      vertex 40.4508 29.3893 0
      vertex 40.4508 29.3893 3
      vertex 41.354 28.1042 3
    endloop
  endfacet
  facet normal 0.799664 0.600448 0
    outer loop
      vertex 39.5077 30.6453 0
      vertex 40.4508 29.3893 3
      vertex 40.4508 29.3893 0
    endloop
  endfacet
  facet normal 0.799664 0.600448 -0
    outer loop
      vertex 39.5077 30.6453 0
      vertex 39.5077 30.6453 3
      vertex 40.4508 29.3893 3
    endloop
  endfacet
  facet normal 0.780471 0.625192 0
    outer loop
      vertex 38.5257 31.8712 0
      vertex 39.5077 30.6453 3
      vertex 39.5077 30.6453 0
    endloop
  endfacet
  facet normal 0.780471 0.625192 -0
    outer loop
      vertex 38.5257 31.8712 0
      vertex 38.5257 31.8712 3
      vertex 39.5077 30.6453 3
    endloop
  endfacet
  facet normal 0.760379 0.64948 0
    outer loop
      vertex 37.5055 33.0656 0
      vertex 38.5257 31.8712 3
      vertex 38.5257 31.8712 0
    endloop
  endfacet
  facet normal 0.760379 0.64948 -0
    outer loop
      vertex 37.5055 33.0656 0
      vertex 37.5055 33.0656 3
      vertex 38.5257 31.8712 3
    endloop
  endfacet
  facet normal 0.73962 0.673024 0
    outer loop
      vertex 36.4484 34.2273 0
      vertex 37.5055 33.0656 3
      vertex 37.5055 33.0656 0
    endloop
  endfacet
  facet normal 0.73962 0.673024 -0
    outer loop
      vertex 36.4484 34.2273 0
      vertex 36.4484 34.2273 3
      vertex 37.5055 33.0656 3
    endloop
  endfacet
  facet normal 0.718129 0.69591 0
    outer loop
      vertex 35.3553 35.3553 0
      vertex 36.4484 34.2273 3
      vertex 36.4484 34.2273 0
    endloop
  endfacet
  facet normal 0.718129 0.69591 -0
    outer loop
      vertex 35.3553 35.3553 0
      vertex 35.3553 35.3553 3
      vertex 36.4484 34.2273 3
    endloop
  endfacet
  facet normal 0.69591 0.718129 0
    outer loop
      vertex 34.2273 36.4484 0
      vertex 35.3553 35.3553 3
      vertex 35.3553 35.3553 0
    endloop
  endfacet
  facet normal 0.69591 0.718129 -0
    outer loop
      vertex 34.2273 36.4484 0
      vertex 34.2273 36.4484 3
      vertex 35.3553 35.3553 3
    endloop
  endfacet
  facet normal 0.673024 0.73962 0
    outer loop
      vertex 33.0656 37.5055 0
      vertex 34.2273 36.4484 3
      vertex 34.2273 36.4484 0
    endloop
  endfacet
  facet normal 0.673024 0.73962 -0
    outer loop
      vertex 33.0656 37.5055 0
      vertex 33.0656 37.5055 3
      vertex 34.2273 36.4484 3
    endloop
  endfacet
  facet normal 0.64948 0.760379 0
    outer loop
      vertex 31.8712 38.5257 0
      vertex 33.0656 37.5055 3
      vertex 33.0656 37.5055 0
    endloop
  endfacet
  facet normal 0.64948 0.760379 -0
    outer loop
      vertex 31.8712 38.5257 0
      vertex 31.8712 38.5257 3
      vertex 33.0656 37.5055 3
    endloop
  endfacet
  facet normal 0.625192 0.780471 0
    outer loop
      vertex 30.6453 39.5077 0
      vertex 31.8712 38.5257 3
      vertex 31.8712 38.5257 0
    endloop
  endfacet
  facet normal 0.625192 0.780471 -0
    outer loop
      vertex 30.6453 39.5077 0
      vertex 30.6453 39.5077 3
      vertex 31.8712 38.5257 3
    endloop
  endfacet
  facet normal 0.600448 0.799664 0
    outer loop
      vertex 29.3893 40.4508 0
      vertex 30.6453 39.5077 3
      vertex 30.6453 39.5077 0
    endloop
  endfacet
  facet normal 0.600448 0.799664 -0
    outer loop
      vertex 29.3893 40.4508 0
      vertex 29.3893 40.4508 3
      vertex 30.6453 39.5077 3
    endloop
  endfacet
  facet normal 0.575012 0.818145 0
    outer loop
      vertex 28.1042 41.354 0
      vertex 29.3893 40.4508 3
      vertex 29.3893 40.4508 0
    endloop
  endfacet
  facet normal 0.575012 0.818145 -0
    outer loop
      vertex 28.1042 41.354 0
      vertex 28.1042 41.354 3
      vertex 29.3893 40.4508 3
    endloop
  endfacet
  facet normal 0.549017 0.835811 0
    outer loop
      vertex 26.7913 42.2164 0
      vertex 28.1042 41.354 3
      vertex 28.1042 41.354 0
    endloop
  endfacet
  facet normal 0.549017 0.835811 -0
    outer loop
      vertex 26.7913 42.2164 0
      vertex 26.7913 42.2164 3
      vertex 28.1042 41.354 3
    endloop
  endfacet
  facet normal 0.522516 0.85263 0
    outer loop
      vertex 25.4521 43.0371 0
      vertex 26.7913 42.2164 3
      vertex 26.7913 42.2164 0
    endloop
  endfacet
  facet normal 0.522516 0.85263 -0
    outer loop
      vertex 25.4521 43.0371 0
      vertex 25.4521 43.0371 3
      vertex 26.7913 42.2164 3
    endloop
  endfacet
  facet normal 0.495439 0.868642 0
    outer loop
      vertex 24.0877 43.8153 0
      vertex 25.4521 43.0371 3
      vertex 25.4521 43.0371 0
    endloop
  endfacet
  facet normal 0.495439 0.868642 -0
    outer loop
      vertex 24.0877 43.8153 0
      vertex 24.0877 43.8153 3
      vertex 25.4521 43.0371 3
    endloop
  endfacet
  facet normal 0.467923 0.883769 0
    outer loop
      vertex 22.6995 44.5503 0
      vertex 24.0877 43.8153 3
      vertex 24.0877 43.8153 0
    endloop
  endfacet
  facet normal 0.467923 0.883769 -0
    outer loop
      vertex 22.6995 44.5503 0
      vertex 22.6995 44.5503 3
      vertex 24.0877 43.8153 3
    endloop
  endfacet
  facet normal 0.439941 0.898027 0
    outer loop
      vertex 21.289 45.2413 0
      vertex 22.6995 44.5503 3
      vertex 22.6995 44.5503 0
    endloop
  endfacet
  facet normal 0.439941 0.898027 -0
    outer loop
      vertex 21.289 45.2413 0
      vertex 21.289 45.2413 3
      vertex 22.6995 44.5503 3
    endloop
  endfacet
  facet normal 0.411518 0.911401 0
    outer loop
      vertex 19.8574 45.8877 0
      vertex 21.289 45.2413 3
      vertex 21.289 45.2413 0
    endloop
  endfacet
  facet normal 0.411518 0.911401 -0
    outer loop
      vertex 19.8574 45.8877 0
      vertex 19.8574 45.8877 3
      vertex 21.289 45.2413 3
    endloop
  endfacet
  facet normal 0.38268 0.923881 0
    outer loop
      vertex 18.4062 46.4888 0
      vertex 19.8574 45.8877 3
      vertex 19.8574 45.8877 0
    endloop
  endfacet
  facet normal 0.38268 0.923881 -0
    outer loop
      vertex 18.4062 46.4888 0
      vertex 18.4062 46.4888 3
      vertex 19.8574 45.8877 3
    endloop
  endfacet
  facet normal 0.353474 0.935444 0
    outer loop
      vertex 16.9369 47.044 0
      vertex 18.4062 46.4888 3
      vertex 18.4062 46.4888 0
    endloop
  endfacet
  facet normal 0.353474 0.935444 -0
    outer loop
      vertex 16.9369 47.044 0
      vertex 16.9369 47.044 3
      vertex 18.4062 46.4888 3
    endloop
  endfacet
  facet normal 0.323914 0.946086 0
    outer loop
      vertex 15.4508 47.5528 0
      vertex 16.9369 47.044 3
      vertex 16.9369 47.044 0
    endloop
  endfacet
  facet normal 0.323914 0.946086 -0
    outer loop
      vertex 15.4508 47.5528 0
      vertex 15.4508 47.5528 3
      vertex 16.9369 47.044 3
    endloop
  endfacet
  facet normal 0.294081 0.95578 0
    outer loop
      vertex 13.9496 48.0147 0
      vertex 15.4508 47.5528 3
      vertex 15.4508 47.5528 0
    endloop
  endfacet
  facet normal 0.294081 0.95578 -0
    outer loop
      vertex 13.9496 48.0147 0
      vertex 13.9496 48.0147 3
      vertex 15.4508 47.5528 3
    endloop
  endfacet
  facet normal 0.263882 0.964555 0
    outer loop
      vertex 12.4345 48.4292 0
      vertex 13.9496 48.0147 3
      vertex 13.9496 48.0147 0
    endloop
  endfacet
  facet normal 0.263882 0.964555 -0
    outer loop
      vertex 12.4345 48.4292 0
      vertex 12.4345 48.4292 3
      vertex 13.9496 48.0147 3
    endloop
  endfacet
  facet normal 0.233402 0.97238 0
    outer loop
      vertex 10.9072 48.7958 0
      vertex 12.4345 48.4292 3
      vertex 12.4345 48.4292 0
    endloop
  endfacet
  facet normal 0.233402 0.97238 -0
    outer loop
      vertex 10.9072 48.7958 0
      vertex 10.9072 48.7958 3
      vertex 12.4345 48.4292 3
    endloop
  endfacet
  facet normal 0.202767 0.979227 0
    outer loop
      vertex 9.36906 49.1143 0
      vertex 10.9072 48.7958 3
      vertex 10.9072 48.7958 0
    endloop
  endfacet
  facet normal 0.202767 0.979227 -0
    outer loop
      vertex 9.36906 49.1143 0
      vertex 9.36906 49.1143 3
      vertex 10.9072 48.7958 3
    endloop
  endfacet
  facet normal 0.171957 0.985104 0
    outer loop
      vertex 7.82172 49.3844 0
      vertex 9.36906 49.1143 3
      vertex 9.36906 49.1143 0
    endloop
  endfacet
  facet normal 0.171957 0.985104 -0
    outer loop
      vertex 7.82172 49.3844 0
      vertex 7.82172 49.3844 3
      vertex 9.36906 49.1143 3
    endloop
  endfacet
  facet normal 0.140889 0.990025 0
    outer loop
      vertex 6.26665 49.6057 0
      vertex 7.82172 49.3844 3
      vertex 7.82172 49.3844 0
    endloop
  endfacet
  facet normal 0.140889 0.990025 -0
    outer loop
      vertex 6.26665 49.6057 0
      vertex 6.26665 49.6057 3
      vertex 7.82172 49.3844 3
    endloop
  endfacet
  facet normal 0.109758 0.993958 0
    outer loop
      vertex 4.70541 49.7781 0
      vertex 6.26665 49.6057 3
      vertex 6.26665 49.6057 0
    endloop
  endfacet
  facet normal 0.109758 0.993958 -0
    outer loop
      vertex 4.70541 49.7781 0
      vertex 4.70541 49.7781 3
      vertex 6.26665 49.6057 3
    endloop
  endfacet
  facet normal 0.0784344 0.996919 0
    outer loop
      vertex 3.13951 49.9013 0
      vertex 4.70541 49.7781 3
      vertex 4.70541 49.7781 0
    endloop
  endfacet
  facet normal 0.0784344 0.996919 -0
    outer loop
      vertex 3.13951 49.9013 0
      vertex 3.13951 49.9013 3
      vertex 4.70541 49.7781 3
    endloop
  endfacet
  facet normal 0.047112 0.99889 0
    outer loop
      vertex 1.57053 49.9753 0
      vertex 3.13951 49.9013 3
      vertex 3.13951 49.9013 0
    endloop
  endfacet
  facet normal 0.047112 0.99889 -0
    outer loop
      vertex 1.57053 49.9753 0
      vertex 1.57053 49.9753 3
      vertex 3.13951 49.9013 3
    endloop
  endfacet
  facet normal 0.0157252 0.999876 0
    outer loop
      vertex 0 50 0
      vertex 1.57053 49.9753 3
      vertex 1.57053 49.9753 0
    endloop
  endfacet
  facet normal 0.0157252 0.999876 -0
    outer loop
      vertex 0 50 0
      vertex 0 50 3
      vertex 1.57053 49.9753 3
    endloop
  endfacet
  facet normal -0.0157252 0.999876 0
    outer loop
      vertex -1.57053 49.9753 0
      vertex 0 50 3
      vertex 0 50 0
    endloop
  endfacet
  facet normal -0.0157252 0.999876 0
    outer loop
      vertex -1.57053 49.9753 0
      vertex -1.57053 49.9753 3
      vertex 0 50 3
    endloop
  endfacet
  facet normal -0.047112 0.99889 0
    outer loop
      vertex -3.13951 49.9013 0
      vertex -1.57053 49.9753 3
      vertex -1.57053 49.9753 0
    endloop
  endfacet
  facet normal -0.047112 0.99889 0
    outer loop
      vertex -3.13951 49.9013 0
      vertex -3.13951 49.9013 3
      vertex -1.57053 49.9753 3
    endloop
  endfacet
  facet normal -0.0784344 0.996919 0
    outer loop
      vertex -4.70541 49.7781 0
      vertex -3.13951 49.9013 3
      vertex -3.13951 49.9013 0
    endloop
  endfacet
  facet normal -0.0784344 0.996919 0
    outer loop
      vertex -4.70541 49.7781 0
      vertex -4.70541 49.7781 3
      vertex -3.13951 49.9013 3
    endloop
  endfacet
  facet normal -0.109758 0.993958 0
    outer loop
      vertex -6.26665 49.6057 0
      vertex -4.70541 49.7781 3
      vertex -4.70541 49.7781 0
    endloop
  endfacet
  facet normal -0.109758 0.993958 0
    outer loop
      vertex -6.26665 49.6057 0
      vertex -6.26665 49.6057 3
      vertex -4.70541 49.7781 3
    endloop
  endfacet
  facet normal -0.140889 0.990025 0
    outer loop
      vertex -7.82172 49.3844 0
      vertex -6.26665 49.6057 3
      vertex -6.26665 49.6057 0
    endloop
  endfacet
  facet normal -0.140889 0.990025 0
    outer loop
      vertex -7.82172 49.3844 0
      vertex -7.82172 49.3844 3
      vertex -6.26665 49.6057 3
    endloop
  endfacet
  facet normal -0.171957 0.985104 0
    outer loop
      vertex -9.36906 49.1143 0
      vertex -7.82172 49.3844 3
      vertex -7.82172 49.3844 0
    endloop
  endfacet
  facet normal -0.171957 0.985104 0
    outer loop
      vertex -9.36906 49.1143 0
      vertex -9.36906 49.1143 3
      vertex -7.82172 49.3844 3
    endloop
  endfacet
  facet normal -0.202767 0.979227 0
    outer loop
      vertex -10.9072 48.7958 0
      vertex -9.36906 49.1143 3
      vertex -9.36906 49.1143 0
    endloop
  endfacet
  facet normal -0.202767 0.979227 0
    outer loop
      vertex -10.9072 48.7958 0
      vertex -10.9072 48.7958 3
      vertex -9.36906 49.1143 3
    endloop
  endfacet
  facet normal -0.233402 0.97238 0
    outer loop
      vertex -12.4345 48.4292 0
      vertex -10.9072 48.7958 3
      vertex -10.9072 48.7958 0
    endloop
  endfacet
  facet normal -0.233402 0.97238 0
    outer loop
      vertex -12.4345 48.4292 0
      vertex -12.4345 48.4292 3
      vertex -10.9072 48.7958 3
    endloop
  endfacet
  facet normal -0.263882 0.964555 0
    outer loop
      vertex -13.9496 48.0147 0
      vertex -12.4345 48.4292 3
      vertex -12.4345 48.4292 0
    endloop
  endfacet
  facet normal -0.263882 0.964555 0
    outer loop
      vertex -13.9496 48.0147 0
      vertex -13.9496 48.0147 3
      vertex -12.4345 48.4292 3
    endloop
  endfacet
  facet normal -0.294081 0.95578 0
    outer loop
      vertex -15.4508 47.5528 0
      vertex -13.9496 48.0147 3
      vertex -13.9496 48.0147 0
    endloop
  endfacet
  facet normal -0.294081 0.95578 0
    outer loop
      vertex -15.4508 47.5528 0
      vertex -15.4508 47.5528 3
      vertex -13.9496 48.0147 3
    endloop
  endfacet
  facet normal -0.323914 0.946086 0
    outer loop
      vertex -16.9369 47.044 0
      vertex -15.4508 47.5528 3
      vertex -15.4508 47.5528 0
    endloop
  endfacet
  facet normal -0.323914 0.946086 0
    outer loop
      vertex -16.9369 47.044 0
      vertex -16.9369 47.044 3
      vertex -15.4508 47.5528 3
    endloop
  endfacet
  facet normal -0.353474 0.935444 0
    outer loop
      vertex -18.4062 46.4888 0
      vertex -16.9369 47.044 3
      vertex -16.9369 47.044 0
    endloop
  endfacet
  facet normal -0.353474 0.935444 0
    outer loop
      vertex -18.4062 46.4888 0
      vertex -18.4062 46.4888 3
      vertex -16.9369 47.044 3
    endloop
  endfacet
  facet normal -0.38268 0.923881 0
    outer loop
      vertex -19.8574 45.8877 0
      vertex -18.4062 46.4888 3
      vertex -18.4062 46.4888 0
    endloop
  endfacet
  facet normal -0.38268 0.923881 0
    outer loop
      vertex -19.8574 45.8877 0
      vertex -19.8574 45.8877 3
      vertex -18.4062 46.4888 3
    endloop
  endfacet
  facet normal -0.411518 0.911401 0
    outer loop
      vertex -21.289 45.2413 0
      vertex -19.8574 45.8877 3
      vertex -19.8574 45.8877 0
    endloop
  endfacet
  facet normal -0.411518 0.911401 0
    outer loop
      vertex -21.289 45.2413 0
      vertex -21.289 45.2413 3
      vertex -19.8574 45.8877 3
    endloop
  endfacet
  facet normal -0.439941 0.898027 0
    outer loop
      vertex -22.6995 44.5503 0
      vertex -21.289 45.2413 3
      vertex -21.289 45.2413 0
    endloop
  endfacet
  facet normal -0.439941 0.898027 0
    outer loop
      vertex -22.6995 44.5503 0
      vertex -22.6995 44.5503 3
      vertex -21.289 45.2413 3
    endloop
  endfacet
  facet normal -0.467923 0.883769 0
    outer loop
      vertex -24.0877 43.8153 0
      vertex -22.6995 44.5503 3
      vertex -22.6995 44.5503 0
    endloop
  endfacet
  facet normal -0.467923 0.883769 0
    outer loop
      vertex -24.0877 43.8153 0
      vertex -24.0877 43.8153 3
      vertex -22.6995 44.5503 3
    endloop
  endfacet
  facet normal -0.495439 0.868642 0
    outer loop
      vertex -25.4521 43.0371 0
      vertex -24.0877 43.8153 3
      vertex -24.0877 43.8153 0
    endloop
  endfacet
  facet normal -0.495439 0.868642 0
    outer loop
      vertex -25.4521 43.0371 0
      vertex -25.4521 43.0371 3
      vertex -24.0877 43.8153 3
    endloop
  endfacet
  facet normal -0.522516 0.85263 0
    outer loop
      vertex -26.7913 42.2164 0
      vertex -25.4521 43.0371 3
      vertex -25.4521 43.0371 0
    endloop
  endfacet
  facet normal -0.522516 0.85263 0
    outer loop
      vertex -26.7913 42.2164 0
      vertex -26.7913 42.2164 3
      vertex -25.4521 43.0371 3
    endloop
  endfacet
  facet normal -0.549017 0.835811 0
    outer loop
      vertex -28.1042 41.354 0
      vertex -26.7913 42.2164 3
      vertex -26.7913 42.2164 0
    endloop
  endfacet
  facet normal -0.549017 0.835811 0
    outer loop
      vertex -28.1042 41.354 0
      vertex -28.1042 41.354 3
      vertex -26.7913 42.2164 3
    endloop
  endfacet
  facet normal -0.575012 0.818145 0
    outer loop
      vertex -29.3893 40.4508 0
      vertex -28.1042 41.354 3
      vertex -28.1042 41.354 0
    endloop
  endfacet
  facet normal -0.575012 0.818145 0
    outer loop
      vertex -29.3893 40.4508 0
      vertex -29.3893 40.4508 3
      vertex -28.1042 41.354 3
    endloop
  endfacet
  facet normal -0.600448 0.799664 0
    outer loop
      vertex -30.6453 39.5077 0
      vertex -29.3893 40.4508 3
      vertex -29.3893 40.4508 0
    endloop
  endfacet
  facet normal -0.600448 0.799664 0
    outer loop
      vertex -30.6453 39.5077 0
      vertex -30.6453 39.5077 3
      vertex -29.3893 40.4508 3
    endloop
  endfacet
  facet normal -0.625192 0.780471 0
    outer loop
      vertex -31.8712 38.5257 0
      vertex -30.6453 39.5077 3
      vertex -30.6453 39.5077 0
    endloop
  endfacet
  facet normal -0.625192 0.780471 0
    outer loop
      vertex -31.8712 38.5257 0
      vertex -31.8712 38.5257 3
      vertex -30.6453 39.5077 3
    endloop
  endfacet
  facet normal -0.64948 0.760379 0
    outer loop
      vertex -33.0656 37.5055 0
      vertex -31.8712 38.5257 3
      vertex -31.8712 38.5257 0
    endloop
  endfacet
  facet normal -0.64948 0.760379 0
    outer loop
      vertex -33.0656 37.5055 0
      vertex -33.0656 37.5055 3
      vertex -31.8712 38.5257 3
    endloop
  endfacet
  facet normal -0.673024 0.73962 0
    outer loop
      vertex -34.2273 36.4484 0
      vertex -33.0656 37.5055 3
      vertex -33.0656 37.5055 0
    endloop
  endfacet
  facet normal -0.673024 0.73962 0
    outer loop
      vertex -34.2273 36.4484 0
      vertex -34.2273 36.4484 3
      vertex -33.0656 37.5055 3
    endloop
  endfacet
  facet normal -0.69591 0.718129 0
    outer loop
      vertex -35.3553 35.3553 0
      vertex -34.2273 36.4484 3
      vertex -34.2273 36.4484 0
    endloop
  endfacet
  facet normal -0.69591 0.718129 0
    outer loop
      vertex -35.3553 35.3553 0
      vertex -35.3553 35.3553 3
      vertex -34.2273 36.4484 3
    endloop
  endfacet
  facet normal -0.718129 0.69591 0
    outer loop
      vertex -36.4484 34.2273 0
      vertex -35.3553 35.3553 3
      vertex -35.3553 35.3553 0
    endloop
  endfacet
  facet normal -0.718129 0.69591 0
    outer loop
      vertex -36.4484 34.2273 0
      vertex -36.4484 34.2273 3
      vertex -35.3553 35.3553 3
    endloop
  endfacet
  facet normal -0.73962 0.673024 0
    outer loop
      vertex -37.5055 33.0656 0
      vertex -36.4484 34.2273 3
      vertex -36.4484 34.2273 0
    endloop
  endfacet
  facet normal -0.73962 0.673024 0
    outer loop
      vertex -37.5055 33.0656 0
      vertex -37.5055 33.0656 3
      vertex -36.4484 34.2273 3
    endloop
  endfacet
  facet normal -0.760379 0.64948 0
    outer loop
      vertex -38.5257 31.8712 0
      vertex -37.5055 33.0656 3
      vertex -37.5055 33.0656 0
    endloop
  endfacet
  facet normal -0.760379 0.64948 0
    outer loop
      vertex -38.5257 31.8712 0
      vertex -38.5257 31.8712 3
      vertex -37.5055 33.0656 3
    endloop
  endfacet
  facet normal -0.780471 0.625192 0
    outer loop
      vertex -39.5077 30.6453 0
      vertex -38.5257 31.8712 3
      vertex -38.5257 31.8712 0
    endloop
  endfacet
  facet normal -0.780471 0.625192 0
    outer loop
      vertex -39.5077 30.6453 0
      vertex -39.5077 30.6453 3
      vertex -38.5257 31.8712 3
    endloop
  endfacet
  facet normal -0.799664 0.600448 0
    outer loop
      vertex -40.4508 29.3893 0
      vertex -39.5077 30.6453 3
      vertex -39.5077 30.6453 0
    endloop
  endfacet
  facet normal -0.799664 0.600448 0
    outer loop
      vertex -40.4508 29.3893 0
      vertex -40.4508 29.3893 3
      vertex -39.5077 30.6453 3
    endloop
  endfacet
  facet normal -0.818145 0.575012 0
    outer loop
      vertex -41.354 28.1042 0
      vertex -40.4508 29.3893 3
      vertex -40.4508 29.3893 0
    endloop
  endfacet
  facet normal -0.818145 0.575012 0
    outer loop
      vertex -41.354 28.1042 0
      vertex -41.354 28.1042 3
      vertex -40.4508 29.3893 3
    endloop
  endfacet
  facet normal -0.835811 0.549017 0
    outer loop
      vertex -42.2164 26.7913 0
      vertex -41.354 28.1042 3
      vertex -41.354 28.1042 0
    endloop
  endfacet
  facet normal -0.835811 0.549017 0
    outer loop
      vertex -42.2164 26.7913 0
      vertex -42.2164 26.7913 3
      vertex -41.354 28.1042 3
    endloop
  endfacet
  facet normal -0.85263 0.522516 0
    outer loop
      vertex -43.0371 25.4521 0
      vertex -42.2164 26.7913 3
      vertex -42.2164 26.7913 0
    endloop
  endfacet
  facet normal -0.85263 0.522516 0
    outer loop
      vertex -43.0371 25.4521 0
      vertex -43.0371 25.4521 3
      vertex -42.2164 26.7913 3
    endloop
  endfacet
  facet normal -0.868642 0.495439 0
    outer loop
      vertex -43.8153 24.0877 0
      vertex -43.0371 25.4521 3
      vertex -43.0371 25.4521 0
    endloop
  endfacet
  facet normal -0.868642 0.495439 0
    outer loop
      vertex -43.8153 24.0877 0
      vertex -43.8153 24.0877 3
      vertex -43.0371 25.4521 3
    endloop
  endfacet
  facet normal -0.883769 0.467923 0
    outer loop
      vertex -44.5503 22.6995 0
      vertex -43.8153 24.0877 3
      vertex -43.8153 24.0877 0
    endloop
  endfacet
  facet normal -0.883769 0.467923 0
    outer loop
      vertex -44.5503 22.6995 0
      vertex -44.5503 22.6995 3
      vertex -43.8153 24.0877 3
    endloop
  endfacet
  facet normal -0.898027 0.439941 0
    outer loop
      vertex -45.2413 21.289 0
      vertex -44.5503 22.6995 3
      vertex -44.5503 22.6995 0
    endloop
  endfacet
  facet normal -0.898027 0.439941 0
    outer loop
      vertex -45.2413 21.289 0
      vertex -45.2413 21.289 3
      vertex -44.5503 22.6995 3
    endloop
  endfacet
  facet normal -0.911401 0.411518 0
    outer loop
      vertex -45.8877 19.8574 0
      vertex -45.2413 21.289 3
      vertex -45.2413 21.289 0
    endloop
  endfacet
  facet normal -0.911401 0.411518 0
    outer loop
      vertex -45.8877 19.8574 0
      vertex -45.8877 19.8574 3
      vertex -45.2413 21.289 3
    endloop
  endfacet
  facet normal -0.923881 0.38268 0
    outer loop
      vertex -46.4888 18.4062 0
      vertex -45.8877 19.8574 3
      vertex -45.8877 19.8574 0
    endloop
  endfacet
  facet normal -0.923881 0.38268 0
    outer loop
      vertex -46.4888 18.4062 0
      vertex -46.4888 18.4062 3
      vertex -45.8877 19.8574 3
    endloop
  endfacet
  facet normal -0.935444 0.353474 0
    outer loop
      vertex -47.044 16.9369 0
      vertex -46.4888 18.4062 3
      vertex -46.4888 18.4062 0
    endloop
  endfacet
  facet normal -0.935444 0.353474 0
    outer loop
      vertex -47.044 16.9369 0
      vertex -47.044 16.9369 3
      vertex -46.4888 18.4062 3
    endloop
  endfacet
  facet normal -0.946086 0.323914 0
    outer loop
      vertex -47.5528 15.4508 0
      vertex -47.044 16.9369 3
      vertex -47.044 16.9369 0
    endloop
  endfacet
  facet normal -0.946086 0.323914 0
    outer loop
      vertex -47.5528 15.4508 0
      vertex -47.5528 15.4508 3
      vertex -47.044 16.9369 3
    endloop
  endfacet
  facet normal -0.95578 0.294081 0
    outer loop
      vertex -48.0147 13.9496 0
      vertex -47.5528 15.4508 3
      vertex -47.5528 15.4508 0
    endloop
  endfacet
  facet normal -0.95578 0.294081 0
    outer loop
      vertex -48.0147 13.9496 0
      vertex -48.0147 13.9496 3
      vertex -47.5528 15.4508 3
    endloop
  endfacet
  facet normal -0.964555 0.263882 0
    outer loop
      vertex -48.4292 12.4345 0
      vertex -48.0147 13.9496 3
      vertex -48.0147 13.9496 0
    endloop
  endfacet
  facet normal -0.964555 0.263882 0
    outer loop
      vertex -48.4292 12.4345 0
      vertex -48.4292 12.4345 3
      vertex -48.0147 13.9496 3
    endloop
  endfacet
  facet normal -0.97238 0.233402 0
    outer loop
      vertex -48.7958 10.9072 0
      vertex -48.4292 12.4345 3
      vertex -48.4292 12.4345 0
    endloop
  endfacet
  facet normal -0.97238 0.233402 0
    outer loop
      vertex -48.7958 10.9072 0
      vertex -48.7958 10.9072 3
      vertex -48.4292 12.4345 3
    endloop
  endfacet
  facet normal -0.979227 0.202767 0
    outer loop
      vertex -49.1143 9.36906 0
      vertex -48.7958 10.9072 3
      vertex -48.7958 10.9072 0
    endloop
  endfacet
  facet normal -0.979227 0.202767 0
    outer loop
      vertex -49.1143 9.36906 0
      vertex -49.1143 9.36906 3
      vertex -48.7958 10.9072 3
    endloop
  endfacet
  facet normal -0.985104 0.171957 0
    outer loop
      vertex -49.3844 7.82172 0
      vertex -49.1143 9.36906 3
      vertex -49.1143 9.36906 0
    endloop
  endfacet
  facet normal -0.985104 0.171957 0
    outer loop
      vertex -49.3844 7.82172 0
      vertex -49.3844 7.82172 3
      vertex -49.1143 9.36906 3
    endloop
  endfacet
  facet normal -0.990025 0.140889 0
    outer loop
      vertex -49.6057 6.26665 0
      vertex -49.3844 7.82172 3
      vertex -49.3844 7.82172 0
    endloop
  endfacet
  facet normal -0.990025 0.140889 0
    outer loop
      vertex -49.6057 6.26665 0
      vertex -49.6057 6.26665 3
      vertex -49.3844 7.82172 3
    endloop
  endfacet
  facet normal -0.993958 0.109758 0
    outer loop
      vertex -49.7781 4.70541 0
      vertex -49.6057 6.26665 3
      vertex -49.6057 6.26665 0
    endloop
  endfacet
  facet normal -0.993958 0.109758 0
    outer loop
      vertex -49.7781 4.70541 0
      vertex -49.7781 4.70541 3
      vertex -49.6057 6.26665 3
    endloop
  endfacet
  facet normal -0.996919 0.0784344 0
    outer loop
      vertex -49.9013 3.13951 0
      vertex -49.7781 4.70541 3
      vertex -49.7781 4.70541 0
    endloop
  endfacet
  facet normal -0.996919 0.0784344 0
    outer loop
      vertex -49.9013 3.13951 0
      vertex -49.9013 3.13951 3
      vertex -49.7781 4.70541 3
    endloop
  endfacet
  facet normal -0.99889 0.047112 0
    outer loop
      vertex -49.9753 1.57053 0
      vertex -49.9013 3.13951 3
      vertex -49.9013 3.13951 0
    endloop
  endfacet
  facet normal -0.99889 0.047112 0
    outer loop
      vertex -49.9753 1.57053 0
      vertex -49.9753 1.57053 3
      vertex -49.9013 3.13951 3
    endloop
  endfacet
  facet normal -0.999876 0.0157252 0
    outer loop
      vertex -50 0 0
      vertex -49.9753 1.57053 3
      vertex -49.9753 1.57053 0
    endloop
  endfacet
  facet normal -0.999876 0.0157252 0
    outer loop
      vertex -50 0 0
      vertex -50 0 3
      vertex -49.9753 1.57053 3
    endloop
  endfacet
  facet normal -0.999876 -0.0157252 0
    outer loop
      vertex -49.9753 -1.57053 0
      vertex -50 0 3
      vertex -50 0 0
    endloop
  endfacet
  facet normal -0.999876 -0.0157252 0
    outer loop
      vertex -49.9753 -1.57053 0
      vertex -49.9753 -1.57053 3
      vertex -50 0 3
    endloop
  endfacet
  facet normal -0.99889 -0.047112 0
    outer loop
      vertex -49.9013 -3.13951 0
      vertex -49.9753 -1.57053 3
      vertex -49.9753 -1.57053 0
    endloop
  endfacet
  facet normal -0.99889 -0.047112 0
    outer loop
      vertex -49.9013 -3.13951 0
      vertex -49.9013 -3.13951 3
      vertex -49.9753 -1.57053 3
    endloop
  endfacet
  facet normal -0.996919 -0.0784344 0
    outer loop
      vertex -49.7781 -4.70541 0
      vertex -49.9013 -3.13951 3
      vertex -49.9013 -3.13951 0
    endloop
  endfacet
  facet normal -0.996919 -0.0784344 0
    outer loop
      vertex -49.7781 -4.70541 0
      vertex -49.7781 -4.70541 3
      vertex -49.9013 -3.13951 3
    endloop
  endfacet
  facet normal -0.993958 -0.109758 0
    outer loop
      vertex -49.6057 -6.26665 0
      vertex -49.7781 -4.70541 3
      vertex -49.7781 -4.70541 0
    endloop
  endfacet
  facet normal -0.993958 -0.109758 0
    outer loop
      vertex -49.6057 -6.26665 0
      vertex -49.6057 -6.26665 3
      vertex -49.7781 -4.70541 3
    endloop
  endfacet
  facet normal -0.990025 -0.140889 0
    outer loop
      vertex -49.3844 -7.82172 0
      vertex -49.6057 -6.26665 3
      vertex -49.6057 -6.26665 0
    endloop
  endfacet
  facet normal -0.990025 -0.140889 0
    outer loop
      vertex -49.3844 -7.82172 0
      vertex -49.3844 -7.82172 3
      vertex -49.6057 -6.26665 3
    endloop
  endfacet
  facet normal -0.985104 -0.171957 0
    outer loop
      vertex -49.1143 -9.36906 0
      vertex -49.3844 -7.82172 3
      vertex -49.3844 -7.82172 0
    endloop
  endfacet
  facet normal -0.985104 -0.171957 0
    outer loop
      vertex -49.1143 -9.36906 0
      vertex -49.1143 -9.36906 3
      vertex -49.3844 -7.82172 3
    endloop
  endfacet
  facet normal -0.979227 -0.202767 0
    outer loop
      vertex -48.7958 -10.9072 0
      vertex -49.1143 -9.36906 3
      vertex -49.1143 -9.36906 0
    endloop
  endfacet
  facet normal -0.979227 -0.202767 0
    outer loop
      vertex -48.7958 -10.9072 0
      vertex -48.7958 -10.9072 3
      vertex -49.1143 -9.36906 3
    endloop
  endfacet
  facet normal -0.97238 -0.233402 0
    outer loop
      vertex -48.4292 -12.4345 0
      vertex -48.7958 -10.9072 3
      vertex -48.7958 -10.9072 0
    endloop
  endfacet
  facet normal -0.97238 -0.233402 0
    outer loop
      vertex -48.4292 -12.4345 0
      vertex -48.4292 -12.4345 3
      vertex -48.7958 -10.9072 3
    endloop
  endfacet
  facet normal -0.964555 -0.263882 0
    outer loop
      vertex -48.0147 -13.9496 0
      vertex -48.4292 -12.4345 3
      vertex -48.4292 -12.4345 0
    endloop
  endfacet
  facet normal -0.964555 -0.263882 0
    outer loop
      vertex -48.0147 -13.9496 0
      vertex -48.0147 -13.9496 3
      vertex -48.4292 -12.4345 3
    endloop
  endfacet
  facet normal -0.95578 -0.294081 0
    outer loop
      vertex -47.5528 -15.4508 0
      vertex -48.0147 -13.9496 3
      vertex -48.0147 -13.9496 0
    endloop
  endfacet
  facet normal -0.95578 -0.294081 0
    outer loop
      vertex -47.5528 -15.4508 0
      vertex -47.5528 -15.4508 3
      vertex -48.0147 -13.9496 3
    endloop
  endfacet
  facet normal -0.946086 -0.323914 0
    outer loop
      vertex -47.044 -16.9369 0
      vertex -47.5528 -15.4508 3
      vertex -47.5528 -15.4508 0
    endloop
  endfacet
  facet normal -0.946086 -0.323914 0
    outer loop
      vertex -47.044 -16.9369 0
      vertex -47.044 -16.9369 3
      vertex -47.5528 -15.4508 3
    endloop
  endfacet
  facet normal -0.935444 -0.353474 0
    outer loop
      vertex -46.4888 -18.4062 0
      vertex -47.044 -16.9369 3
      vertex -47.044 -16.9369 0
    endloop
  endfacet
  facet normal -0.935444 -0.353474 0
    outer loop
      vertex -46.4888 -18.4062 0
      vertex -46.4888 -18.4062 3
      vertex -47.044 -16.9369 3
    endloop
  endfacet
  facet normal -0.923881 -0.38268 0
    outer loop
      vertex -45.8877 -19.8574 0
      vertex -46.4888 -18.4062 3
      vertex -46.4888 -18.4062 0
    endloop
  endfacet
  facet normal -0.923881 -0.38268 0
    outer loop
      vertex -45.8877 -19.8574 0
      vertex -45.8877 -19.8574 3
      vertex -46.4888 -18.4062 3
    endloop
  endfacet
  facet normal -0.911401 -0.411518 0
    outer loop
      vertex -45.2413 -21.289 0
      vertex -45.8877 -19.8574 3
      vertex -45.8877 -19.8574 0
    endloop
  endfacet
  facet normal -0.911401 -0.411518 0
    outer loop
      vertex -45.2413 -21.289 0
      vertex -45.2413 -21.289 3
      vertex -45.8877 -19.8574 3
    endloop
  endfacet
  facet normal -0.898027 -0.439941 0
    outer loop
      vertex -44.5503 -22.6995 0
      vertex -45.2413 -21.289 3
      vertex -45.2413 -21.289 0
    endloop
  endfacet
  facet normal -0.898027 -0.439941 0
    outer loop
      vertex -44.5503 -22.6995 0
      vertex -44.5503 -22.6995 3
      vertex -45.2413 -21.289 3
    endloop
  endfacet
  facet normal -0.883769 -0.467923 0
    outer loop
      vertex -43.8153 -24.0877 0
      vertex -44.5503 -22.6995 3
      vertex -44.5503 -22.6995 0
    endloop
  endfacet
  facet normal -0.883769 -0.467923 0
    outer loop
      vertex -43.8153 -24.0877 0
      vertex -43.8153 -24.0877 3
      vertex -44.5503 -22.6995 3
    endloop
  endfacet
  facet normal -0.868642 -0.495439 0
    outer loop
      vertex -43.0371 -25.4521 0
      vertex -43.8153 -24.0877 3
      vertex -43.8153 -24.0877 0
    endloop
  endfacet
  facet normal -0.868642 -0.495439 0
    outer loop
      vertex -43.0371 -25.4521 0
      vertex -43.0371 -25.4521 3
      vertex -43.8153 -24.0877 3
    endloop
  endfacet
  facet normal -0.85263 -0.522516 0
    outer loop
      vertex -42.2164 -26.7913 0
      vertex -43.0371 -25.4521 3
      vertex -43.0371 -25.4521 0
    endloop
  endfacet
  facet normal -0.85263 -0.522516 0
    outer loop
      vertex -42.2164 -26.7913 0
      vertex -42.2164 -26.7913 3
      vertex -43.0371 -25.4521 3
    endloop
  endfacet
  facet normal -0.835811 -0.549017 0
    outer loop
      vertex -41.354 -28.1042 0
      vertex -42.2164 -26.7913 3
      vertex -42.2164 -26.7913 0
    endloop
  endfacet
  facet normal -0.835811 -0.549017 0
    outer loop
      vertex -41.354 -28.1042 0
      vertex -41.354 -28.1042 3
      vertex -42.2164 -26.7913 3
    endloop
  endfacet
  facet normal -0.818145 -0.575012 0
    outer loop
      vertex -40.4508 -29.3893 0
      vertex -41.354 -28.1042 3
      vertex -41.354 -28.1042 0
    endloop
  endfacet
  facet normal -0.818145 -0.575012 0
    outer loop
      vertex -40.4508 -29.3893 0
      vertex -40.4508 -29.3893 3
      vertex -41.354 -28.1042 3
    endloop
  endfacet
  facet normal -0.799664 -0.600448 0
    outer loop
      vertex -39.5077 -30.6453 0
      vertex -40.4508 -29.3893 3
      vertex -40.4508 -29.3893 0
    endloop
  endfacet
  facet normal -0.799664 -0.600448 0
    outer loop
      vertex -39.5077 -30.6453 0
      vertex -39.5077 -30.6453 3
      vertex -40.4508 -29.3893 3
    endloop
  endfacet
  facet normal -0.780471 -0.625192 0
    outer loop
      vertex -38.5257 -31.8712 0
      vertex -39.5077 -30.6453 3
      vertex -39.5077 -30.6453 0
    endloop
  endfacet
  facet normal -0.780471 -0.625192 0
    outer loop
      vertex -38.5257 -31.8712 0
      vertex -38.5257 -31.8712 3
      vertex -39.5077 -30.6453 3
    endloop
  endfacet
  facet normal -0.760379 -0.64948 0
    outer loop
      vertex -37.5055 -33.0656 0
      vertex -38.5257 -31.8712 3
      vertex -38.5257 -31.8712 0
    endloop
  endfacet
  facet normal -0.760379 -0.64948 0
    outer loop
      vertex -37.5055 -33.0656 0
      vertex -37.5055 -33.0656 3
      vertex -38.5257 -31.8712 3
    endloop
  endfacet
  facet normal -0.73962 -0.673024 0
    outer loop
      vertex -36.4484 -34.2273 0
      vertex -37.5055 -33.0656 3
      vertex -37.5055 -33.0656 0
    endloop
  endfacet
  facet normal -0.73962 -0.673024 0
    outer loop
      vertex -36.4484 -34.2273 0
      vertex -36.4484 -34.2273 3
      vertex -37.5055 -33.0656 3
    endloop
  endfacet
  facet normal -0.718129 -0.69591 0
    outer loop
      vertex -35.3553 -35.3553 0
      vertex -36.4484 -34.2273 3
      vertex -36.4484 -34.2273 0
    endloop
  endfacet
  facet normal -0.718129 -0.69591 0
    outer loop
      vertex -35.3553 -35.3553 0
      vertex -35.3553 -35.3553 3
      vertex -36.4484 -34.2273 3
    endloop
  endfacet
  facet normal -0.69591 -0.718129 0
    outer loop
      vertex -34.2273 -36.4484 0
      vertex -35.3553 -35.3553 3
      vertex -35.3553 -35.3553 0
    endloop
  endfacet
  facet normal -0.69591 -0.718129 0
    outer loop
      vertex -34.2273 -36.4484 0
      vertex -34.2273 -36.4484 3
      vertex -35.3553 -35.3553 3
    endloop
  endfacet
  facet normal -0.673024 -0.73962 0
    outer loop
      vertex -33.0656 -37.5055 0
      vertex -34.2273 -36.4484 3
      vertex -34.2273 -36.4484 0
    endloop
  endfacet
  facet normal -0.673024 -0.73962 0
    outer loop
      vertex -33.0656 -37.5055 0
      vertex -33.0656 -37.5055 3
      vertex -34.2273 -36.4484 3
    endloop
  endfacet
  facet normal -0.64948 -0.760379 0
    outer loop
      vertex -31.8712 -38.5257 0
      vertex -33.0656 -37.5055 3
      vertex -33.0656 -37.5055 0
    endloop
  endfacet
  facet normal -0.64948 -0.760379 0
    outer loop
      vertex -31.8712 -38.5257 0
      vertex -31.8712 -38.5257 3
      vertex -33.0656 -37.5055 3
    endloop
  endfacet
  facet normal -0.625192 -0.780471 0
    outer loop
      vertex -30.6453 -39.5077 0
      vertex -31.8712 -38.5257 3
      vertex -31.8712 -38.5257 0
    endloop
  endfacet
  facet normal -0.625192 -0.780471 0
    outer loop
      vertex -30.6453 -39.5077 0
      vertex -30.6453 -39.5077 3
      vertex -31.8712 -38.5257 3
    endloop
  endfacet
  facet normal -0.600448 -0.799664 0
    outer loop
      vertex -29.3893 -40.4508 0
      vertex -30.6453 -39.5077 3
      vertex -30.6453 -39.5077 0
    endloop
  endfacet
  facet normal -0.600448 -0.799664 0
    outer loop
      vertex -29.3893 -40.4508 0
      vertex -29.3893 -40.4508 3
      vertex -30.6453 -39.5077 3
    endloop
  endfacet
  facet normal -0.575012 -0.818145 0
    outer loop
      vertex -28.1042 -41.354 0
      vertex -29.3893 -40.4508 3
      vertex -29.3893 -40.4508 0
    endloop
  endfacet
  facet normal -0.575012 -0.818145 0
    outer loop
      vertex -28.1042 -41.354 0
      vertex -28.1042 -41.354 3
      vertex -29.3893 -40.4508 3
    endloop
  endfacet
  facet normal -0.549017 -0.835811 0
    outer loop
      vertex -26.7913 -42.2164 0
      vertex -28.1042 -41.354 3
      vertex -28.1042 -41.354 0
    endloop
  endfacet
  facet normal -0.549017 -0.835811 0
    outer loop
      vertex -26.7913 -42.2164 0
      vertex -26.7913 -42.2164 3
      vertex -28.1042 -41.354 3
    endloop
  endfacet
  facet normal -0.522516 -0.85263 0
    outer loop
      vertex -25.4521 -43.0371 0
      vertex -26.7913 -42.2164 3
      vertex -26.7913 -42.2164 0
    endloop
  endfacet
  facet normal -0.522516 -0.85263 0
    outer loop
      vertex -25.4521 -43.0371 0
      vertex -25.4521 -43.0371 3
      vertex -26.7913 -42.2164 3
    endloop
  endfacet
  facet normal -0.495439 -0.868642 0
    outer loop
      vertex -24.0877 -43.8153 0
      vertex -25.4521 -43.0371 3
      vertex -25.4521 -43.0371 0
    endloop
  endfacet
  facet normal -0.495439 -0.868642 0
    outer loop
      vertex -24.0877 -43.8153 0
      vertex -24.0877 -43.8153 3
      vertex -25.4521 -43.0371 3
    endloop
  endfacet
  facet normal -0.467923 -0.883769 0
    outer loop
      vertex -22.6995 -44.5503 0
      vertex -24.0877 -43.8153 3
      vertex -24.0877 -43.8153 0
    endloop
  endfacet
  facet normal -0.467923 -0.883769 0
    outer loop
      vertex -22.6995 -44.5503 0
      vertex -22.6995 -44.5503 3
      vertex -24.0877 -43.8153 3
    endloop
  endfacet
  facet normal -0.439941 -0.898027 0
    outer loop
      vertex -21.289 -45.2413 0
      vertex -22.6995 -44.5503 3
      vertex -22.6995 -44.5503 0
    endloop
  endfacet
  facet normal -0.439941 -0.898027 0
    outer loop
      vertex -21.289 -45.2413 0
      vertex -21.289 -45.2413 3
      vertex -22.6995 -44.5503 3
    endloop
  endfacet
  facet normal -0.411518 -0.911401 0
    outer loop
      vertex -19.8574 -45.8877 0
      vertex -21.289 -45.2413 3
      vertex -21.289 -45.2413 0
    endloop
  endfacet
  facet normal -0.411518 -0.911401 0
    outer loop
      vertex -19.8574 -45.8877 0
      vertex -19.8574 -45.8877 3
      vertex -21.289 -45.2413 3
    endloop
  endfacet
  facet normal -0.38268 -0.923881 0
    outer loop
      vertex -18.4062 -46.4888 0
      vertex -19.8574 -45.8877 3
      vertex -19.8574 -45.8877 0
    endloop
  endfacet
  facet normal -0.38268 -0.923881 0
    outer loop
      vertex -18.4062 -46.4888 0
      vertex -18.4062 -46.4888 3
      vertex -19.8574 -45.8877 3
    endloop
  endfacet
  facet normal -0.353474 -0.935444 0
    outer loop
      vertex -16.9369 -47.044 0
      vertex -18.4062 -46.4888 3
      vertex -18.4062 -46.4888 0
    endloop
  endfacet
  facet normal -0.353474 -0.935444 0
    outer loop
      vertex -16.9369 -47.044 0
      vertex -16.9369 -47.044 3
      vertex -18.4062 -46.4888 3
    endloop
  endfacet
  facet normal -0.323914 -0.946086 0
    outer loop
      vertex -15.4508 -47.5528 0
      vertex -16.9369 -47.044 3
      vertex -16.9369 -47.044 0
    endloop
  endfacet
  facet normal -0.323914 -0.946086 0
    outer loop
      vertex -15.4508 -47.5528 0
      vertex -15.4508 -47.5528 3
      vertex -16.9369 -47.044 3
    endloop
  endfacet
  facet normal -0.294081 -0.95578 0
    outer loop
      vertex -13.9496 -48.0147 0
      vertex -15.4508 -47.5528 3
      vertex -15.4508 -47.5528 0
    endloop
  endfacet
  facet normal -0.294081 -0.95578 0
    outer loop
      vertex -13.9496 -48.0147 0
      vertex -13.9496 -48.0147 3
      vertex -15.4508 -47.5528 3
    endloop
  endfacet
  facet normal -0.263882 -0.964555 0
    outer loop
      vertex -12.4345 -48.4292 0
      vertex -13.9496 -48.0147 3
      vertex -13.9496 -48.0147 0
    endloop
  endfacet
  facet normal -0.263882 -0.964555 0
    outer loop
      vertex -12.4345 -48.4292 0
      vertex -12.4345 -48.4292 3
      vertex -13.9496 -48.0147 3
    endloop
  endfacet
  facet normal -0.233402 -0.97238 0
    outer loop
      vertex -10.9072 -48.7958 0
      vertex -12.4345 -48.4292 3
      vertex -12.4345 -48.4292 0
    endloop
  endfacet
  facet normal -0.233402 -0.97238 0
    outer loop
      vertex -10.9072 -48.7958 0
      vertex -10.9072 -48.7958 3
      vertex -12.4345 -48.4292 3
    endloop
  endfacet
  facet normal -0.202767 -0.979227 0
    outer loop
      vertex -9.36906 -49.1143 0
      vertex -10.9072 -48.7958 3
      vertex -10.9072 -48.7958 0
    endloop
  endfacet
  facet normal -0.202767 -0.979227 0
    outer loop
      vertex -9.36906 -49.1143 0
      vertex -9.36906 -49.1143 3
      vertex -10.9072 -48.7958 3
    endloop
  endfacet
  facet normal -0.171957 -0.985104 0
    outer loop
      vertex -7.82172 -49.3844 0
      vertex -9.36906 -49.1143 3
      vertex -9.36906 -49.1143 0
    endloop
  endfacet
  facet normal -0.171957 -0.985104 0
    outer loop
      vertex -7.82172 -49.3844 0
      vertex -7.82172 -49.3844 3
      vertex -9.36906 -49.1143 3
    endloop
  endfacet
  facet normal -0.140889 -0.990025 0
    outer loop
      vertex -6.26665 -49.6057 0
      vertex -7.82172 -49.3844 3
      vertex -7.82172 -49.3844 0
    endloop
  endfacet
  facet normal -0.140889 -0.990025 0
    outer loop
      vertex -6.26665 -49.6057 0
      vertex -6.26665 -49.6057 3
      vertex -7.82172 -49.3844 3
    endloop
  endfacet
  facet normal -0.109758 -0.993958 0
    outer loop
      vertex -4.70541 -49.7781 0
      vertex -6.26665 -49.6057 3
      vertex -6.26665 -49.6057 0
    endloop
  endfacet
  facet normal -0.109758 -0.993958 0
    outer loop
      vertex -4.70541 -49.7781 0
      vertex -4.70541 -49.7781 3
      vertex -6.26665 -49.6057 3
    endloop
  endfacet
  facet normal -0.0784344 -0.996919 0
    outer loop
      vertex -3.13951 -49.9013 0
      vertex -4.70541 -49.7781 3
      vertex -4.70541 -49.7781 0
    endloop
  endfacet
  facet normal -0.0784344 -0.996919 0
    outer loop
      vertex -3.13951 -49.9013 0
      vertex -3.13951 -49.9013 3
      vertex -4.70541 -49.7781 3
    endloop
  endfacet
  facet normal -0.047112 -0.99889 0
    outer loop
      vertex -1.57053 -49.9753 0
      vertex -3.13951 -49.9013 3
      vertex -3.13951 -49.9013 0
    endloop
  endfacet
  facet normal -0.047112 -0.99889 0
    outer loop
      vertex -1.57053 -49.9753 0
      vertex -1.57053 -49.9753 3
      vertex -3.13951 -49.9013 3
    endloop
  endfacet
  facet normal -0.0157252 -0.999876 0
    outer loop
      vertex 0 -50 0
      vertex -1.57053 -49.9753 3
      vertex -1.57053 -49.9753 0
    endloop
  endfacet
  facet normal -0.0157252 -0.999876 0
    outer loop
      vertex 0 -50 0
      vertex 0 -50 3
      vertex -1.57053 -49.9753 3
    endloop
  endfacet
  facet normal 0.0157252 -0.999876 0
    outer loop
      vertex 1.57053 -49.9753 0
      vertex 0 -50 3
      vertex 0 -50 0
    endloop
  endfacet
  facet normal 0.0157252 -0.999876 0
    outer loop
      vertex 1.57053 -49.9753 0
      vertex 1.57053 -49.9753 3
      vertex 0 -50 3
    endloop
  endfacet
  facet normal 0.957228 0.289335 -0
    outer loop
      vertex 2.37778 37.1826 0
      vertex 2.37778 37.1826 3
      vertex 2.76643 35.8968 0
    endloop
  endfacet
  facet normal 0.957228 0.289335 0
    outer loop
      vertex 2.76643 35.8968 3
      vertex 2.76643 35.8968 0
      vertex 2.37778 37.1826 3
    endloop
  endfacet
  facet normal 0.945242 0.32637 -0
    outer loop
      vertex 1.8185 38.8024 0
      vertex 1.8185 38.8024 3
      vertex 2.37778 37.1826 0
    endloop
  endfacet
  facet normal 0.945242 0.32637 0
    outer loop
      vertex 2.37778 37.1826 3
      vertex 2.37778 37.1826 0
      vertex 1.8185 38.8024 3
    endloop
  endfacet
  facet normal 0.890644 0.454702 -0
    outer loop
      vertex 1.02304 40.3605 0
      vertex 1.02304 40.3605 3
      vertex 1.8185 38.8024 0
    endloop
  endfacet
  facet normal 0.890644 0.454702 0
    outer loop
      vertex 1.8185 38.8024 3
      vertex 1.8185 38.8024 0
      vertex 1.02304 40.3605 3
    endloop
  endfacet
  facet normal 0.828221 0.560402 -0
    outer loop
      vertex 0.118652 41.6971 0
      vertex 0.118652 41.6971 3
      vertex 1.02304 40.3605 0
    endloop
  endfacet
  facet normal 0.828221 0.560402 0
    outer loop
      vertex 1.02304 40.3605 3
      vertex 1.02304 40.3605 0
      vertex 0.118652 41.6971 3
    endloop
  endfacet
  facet normal 0.773246 0.634106 -0
    outer loop
      vertex -0.941025 42.9893 0
      vertex -0.941025 42.9893 3
      vertex 0.118652 41.6971 0
    endloop
  endfacet
  facet normal 0.773246 0.634106 0
    outer loop
      vertex 0.118652 41.6971 3
      vertex 0.118652 41.6971 0
      vertex -0.941025 42.9893 3
    endloop
  endfacet
  facet normal -0.00278332 -0.999996 0
    outer loop
      vertex 1.17874 42.9834 0
      vertex 1.17874 42.9834 3
      vertex -0.941025 42.9893 0
    endloop
  endfacet
  facet normal -0.00278332 -0.999996 -0
    outer loop
      vertex -0.941025 42.9893 3
      vertex -0.941025 42.9893 0
      vertex 1.17874 42.9834 3
    endloop
  endfacet
  facet normal -0.0519842 -0.998648 0
    outer loop
      vertex 3.29575 42.8732 0
      vertex 3.29575 42.8732 3
      vertex 1.17874 42.9834 0
    endloop
  endfacet
  facet normal -0.0519842 -0.998648 -0
    outer loop
      vertex 1.17874 42.9834 3
      vertex 1.17874 42.9834 0
      vertex 3.29575 42.8732 3
    endloop
  endfacet
  facet normal -0.101234 -0.994863 0
    outer loop
      vertex 5.40471 42.6586 0
      vertex 5.40471 42.6586 3
      vertex 3.29575 42.8732 0
    endloop
  endfacet
  facet normal -0.101234 -0.994863 -0
    outer loop
      vertex 3.29575 42.8732 3
      vertex 3.29575 42.8732 0
      vertex 5.40471 42.6586 3
    endloop
  endfacet
  facet normal -0.150058 -0.988677 0
    outer loop
      vertex 7.50055 42.3405 0
      vertex 7.50055 42.3405 3
      vertex 5.40471 42.6586 0
    endloop
  endfacet
  facet normal -0.150058 -0.988677 -0
    outer loop
      vertex 5.40471 42.6586 3
      vertex 5.40471 42.6586 0
      vertex 7.50055 42.3405 3
    endloop
  endfacet
  facet normal -0.501609 0.865094 0
    outer loop
      vertex 6.00253 41.4719 0
      vertex 6.00253 41.4719 3
      vertex 7.50055 42.3405 0
    endloop
  endfacet
  facet normal -0.501609 0.865094 0
    outer loop
      vertex 7.50055 42.3405 3
      vertex 7.50055 42.3405 0
      vertex 6.00253 41.4719 3
    endloop
  endfacet
  facet normal -0.679642 0.733544 0
    outer loop
      vertex 5.11264 40.6474 0
      vertex 5.11264 40.6474 3
      vertex 6.00253 41.4719 0
    endloop
  endfacet
  facet normal -0.679642 0.733544 0
    outer loop
      vertex 6.00253 41.4719 3
      vertex 6.00253 41.4719 0
      vertex 5.11264 40.6474 3
    endloop
  endfacet
  facet normal -0.834875 0.550439 0
    outer loop
      vertex 4.35358 39.4961 0
      vertex 4.35358 39.4961 3
      vertex 5.11264 40.6474 0
    endloop
  endfacet
  facet normal -0.834875 0.550439 0
    outer loop
      vertex 5.11264 40.6474 3
      vertex 5.11264 40.6474 0
      vertex 4.35358 39.4961 3
    endloop
  endfacet
  facet normal -0.933299 0.359099 0
    outer loop
      vertex 3.7834 38.0142 0
      vertex 3.7834 38.0142 3
      vertex 4.35358 39.4961 0
    endloop
  endfacet
  facet normal -0.933299 0.359099 0
    outer loop
      vertex 4.35358 39.4961 3
      vertex 4.35358 39.4961 0
      vertex 3.7834 38.0142 3
    endloop
  endfacet
  facet normal -0.999721 0.0236289 0
    outer loop
      vertex 3.71069 34.9379 0
      vertex 3.71069 34.9379 3
      vertex 3.7834 38.0142 0
    endloop
  endfacet
  facet normal -0.999721 0.0236289 0
    outer loop
      vertex 3.7834 38.0142 3
      vertex 3.7834 38.0142 0
      vertex 3.71069 34.9379 3
    endloop
  endfacet
  facet normal -0.219603 0.975589 0
    outer loop
      vertex 3.42015 34.8725 0
      vertex 3.42015 34.8725 3
      vertex 3.71069 34.9379 0
    endloop
  endfacet
  facet normal -0.219603 0.975589 0
    outer loop
      vertex 3.71069 34.9379 3
      vertex 3.71069 34.9379 0
      vertex 3.42015 34.8725 3
    endloop
  endfacet
  facet normal 0.842955 0.537984 -0
    outer loop
      vertex 2.76643 35.8968 0
      vertex 2.76643 35.8968 3
      vertex 3.42015 34.8725 0
    endloop
  endfacet
  facet normal 0.842955 0.537984 0
    outer loop
      vertex 3.42015 34.8725 3
      vertex 3.42015 34.8725 0
      vertex 2.76643 35.8968 3
    endloop
  endfacet
  facet normal 0.754498 0.656303 -0
    outer loop
      vertex -3.34833 39.3611 0
      vertex -3.34833 39.3611 3
      vertex -1.95004 37.7536 0
    endloop
  endfacet
  facet normal 0.754498 0.656303 0
    outer loop
      vertex -1.95004 37.7536 3
      vertex -1.95004 37.7536 0
      vertex -3.34833 39.3611 3
    endloop
  endfacet
  facet normal 0.808712 0.588205 -0
    outer loop
      vertex -4.28732 40.6521 0
      vertex -4.28732 40.6521 3
      vertex -3.34833 39.3611 0
    endloop
  endfacet
  facet normal 0.808712 0.588205 0
    outer loop
      vertex -3.34833 39.3611 3
      vertex -3.34833 39.3611 0
      vertex -4.28732 40.6521 3
    endloop
  endfacet
  facet normal 0.858883 0.512171 -0
    outer loop
      vertex -4.80779 41.5249 0
      vertex -4.80779 41.5249 3
      vertex -4.28732 40.6521 0
    endloop
  endfacet
  facet normal 0.858883 0.512171 0
    outer loop
      vertex -4.28732 40.6521 3
      vertex -4.28732 40.6521 0
      vertex -4.80779 41.5249 3
    endloop
  endfacet
  facet normal 0.961511 0.274768 -0
    outer loop
      vertex -5.14108 42.6912 0
      vertex -5.14108 42.6912 3
      vertex -4.80779 41.5249 0
    endloop
  endfacet
  facet normal 0.961511 0.274768 0
    outer loop
      vertex -4.80779 41.5249 3
      vertex -4.80779 41.5249 0
      vertex -5.14108 42.6912 3
    endloop
  endfacet
  facet normal 0.109459 -0.993991 0
    outer loop
      vertex -4.27203 42.7869 0
      vertex -4.27203 42.7869 3
      vertex -5.14108 42.6912 0
    endloop
  endfacet
  facet normal 0.109459 -0.993991 0
    outer loop
      vertex -5.14108 42.6912 3
      vertex -5.14108 42.6912 0
      vertex -4.27203 42.7869 3
    endloop
  endfacet
  facet normal 0.0892207 -0.996012 0
    outer loop
      vertex -3.40128 42.8649 0
      vertex -3.40128 42.8649 3
      vertex -4.27203 42.7869 0
    endloop
  endfacet
  facet normal 0.0892207 -0.996012 0
    outer loop
      vertex -4.27203 42.7869 3
      vertex -4.27203 42.7869 0
      vertex -3.40128 42.8649 3
    endloop
  endfacet
  facet normal 0.0689638 -0.997619 0
    outer loop
      vertex -2.52899 42.9252 0
      vertex -2.52899 42.9252 3
      vertex -3.40128 42.8649 0
    endloop
  endfacet
  facet normal 0.0689638 -0.997619 0
    outer loop
      vertex -3.40128 42.8649 3
      vertex -3.40128 42.8649 0
      vertex -2.52899 42.9252 3
    endloop
  endfacet
  facet normal -0.982904 -0.184117 0
    outer loop
      vertex -2.22557 41.3054 0
      vertex -2.22557 41.3054 3
      vertex -2.52899 42.9252 0
    endloop
  endfacet
  facet normal -0.982904 -0.184117 -0
    outer loop
      vertex -2.52899 42.9252 3
      vertex -2.52899 42.9252 0
      vertex -2.22557 41.3054 3
    endloop
  endfacet
  facet normal -0.903022 -0.429594 0
    outer loop
      vertex -1.17435 39.0957 0
      vertex -1.17435 39.0957 3
      vertex -2.22557 41.3054 0
    endloop
  endfacet
  facet normal -0.903022 -0.429594 -0
    outer loop
      vertex -2.22557 41.3054 3
      vertex -2.22557 41.3054 0
      vertex -1.17435 39.0957 3
    endloop
  endfacet
  facet normal -0.98892 -0.148447 0
    outer loop
      vertex -0.842667 36.8861 0
      vertex -0.842667 36.8861 3
      vertex -1.17435 39.0957 0
    endloop
  endfacet
  facet normal -0.98892 -0.148447 -0
    outer loop
      vertex -1.17435 39.0957 3
      vertex -1.17435 39.0957 0
      vertex -0.842667 36.8861 3
    endloop
  endfacet
  facet normal 0.616687 0.787208 -0
    outer loop
      vertex -1.95004 37.7536 0
      vertex -1.95004 37.7536 3
      vertex -0.842667 36.8861 0
    endloop
  endfacet
  facet normal 0.616687 0.787208 0
    outer loop
      vertex -0.842667 36.8861 3
      vertex -0.842667 36.8861 0
      vertex -1.95004 37.7536 3
    endloop
  endfacet
  facet normal 0.50779 0.861481 -0
    outer loop
      vertex -7.69183 36.4633 0
      vertex -7.69183 36.4633 3
      vertex -6.62183 35.8326 0
    endloop
  endfacet
  facet normal 0.50779 0.861481 0
    outer loop
      vertex -6.62183 35.8326 3
      vertex -6.62183 35.8326 0
      vertex -7.69183 36.4633 3
    endloop
  endfacet
  facet normal 0.604884 0.796313 -0
    outer loop
      vertex -8.56294 37.125 0
      vertex -8.56294 37.125 3
      vertex -7.69183 36.4633 0
    endloop
  endfacet
  facet normal 0.604884 0.796313 0
    outer loop
      vertex -7.69183 36.4633 3
      vertex -7.69183 36.4633 0
      vertex -8.56294 37.125 3
    endloop
  endfacet
  facet normal 0.714903 0.699223 -0
    outer loop
      vertex -9.25815 37.8358 0
      vertex -9.25815 37.8358 3
      vertex -8.56294 37.125 0
    endloop
  endfacet
  facet normal 0.714903 0.699223 0
    outer loop
      vertex -8.56294 37.125 3
      vertex -8.56294 37.125 0
      vertex -9.25815 37.8358 3
    endloop
  endfacet
  facet normal 0.809809 0.586694 -0
    outer loop
      vertex -9.86295 38.6706 0
      vertex -9.86295 38.6706 3
      vertex -9.25815 37.8358 0
    endloop
  endfacet
  facet normal 0.809809 0.586694 0
    outer loop
      vertex -9.25815 37.8358 3
      vertex -9.25815 37.8358 0
      vertex -9.86295 38.6706 3
    endloop
  endfacet
  facet normal 0.879838 0.475274 -0
    outer loop
      vertex -10.3153 39.508 0
      vertex -10.3153 39.508 3
      vertex -9.86295 38.6706 0
    endloop
  endfacet
  facet normal 0.879838 0.475274 0
    outer loop
      vertex -9.86295 38.6706 3
      vertex -9.86295 38.6706 0
      vertex -10.3153 39.508 3
    endloop
  endfacet
  facet normal 0.925702 0.378253 -0
    outer loop
      vertex -10.7423 40.553 0
      vertex -10.7423 40.553 3
      vertex -10.3153 39.508 0
    endloop
  endfacet
  facet normal 0.925702 0.378253 0
    outer loop
      vertex -10.3153 39.508 3
      vertex -10.3153 39.508 0
      vertex -10.7423 40.553 3
    endloop
  endfacet
  facet normal 0.793515 0.60855 -0
    outer loop
      vertex -11.4319 41.4522 0
      vertex -11.4319 41.4522 3
      vertex -10.7423 40.553 0
    endloop
  endfacet
  facet normal 0.793515 0.60855 0
    outer loop
      vertex -10.7423 40.553 3
      vertex -10.7423 40.553 0
      vertex -11.4319 41.4522 3
    endloop
  endfacet
  facet normal 0.247101 -0.96899 0
    outer loop
      vertex -9.81627 41.8642 0
      vertex -9.81627 41.8642 3
      vertex -11.4319 41.4522 0
    endloop
  endfacet
  facet normal 0.247101 -0.96899 0
    outer loop
      vertex -11.4319 41.4522 3
      vertex -11.4319 41.4522 0
      vertex -9.81627 41.8642 3
    endloop
  endfacet
  facet normal 0.209389 -0.977832 0
    outer loop
      vertex -8.186 42.2133 0
      vertex -8.186 42.2133 3
      vertex -9.81627 41.8642 0
    endloop
  endfacet
  facet normal 0.209389 -0.977832 0
    outer loop
      vertex -9.81627 41.8642 3
      vertex -9.81627 41.8642 0
      vertex -8.186 42.2133 3
    endloop
  endfacet
  facet normal 0.171234 -0.98523 0
    outer loop
      vertex -6.54332 42.4988 0
      vertex -6.54332 42.4988 3
      vertex -8.186 42.2133 0
    endloop
  endfacet
  facet normal 0.171234 -0.98523 0
    outer loop
      vertex -8.186 42.2133 3
      vertex -8.186 42.2133 0
      vertex -6.54332 42.4988 3
    endloop
  endfacet
  facet normal -0.979793 -0.200015 0
    outer loop
      vertex -6.3244 41.4264 0
      vertex -6.3244 41.4264 3
      vertex -6.54332 42.4988 0
    endloop
  endfacet
  facet normal -0.979793 -0.200015 -0
    outer loop
      vertex -6.54332 42.4988 3
      vertex -6.54332 42.4988 0
      vertex -6.3244 41.4264 3
    endloop
  endfacet
  facet normal -0.993371 0.11495 0
    outer loop
      vertex -6.48608 40.0292 0
      vertex -6.48608 40.0292 3
      vertex -6.3244 41.4264 0
    endloop
  endfacet
  facet normal -0.993371 0.11495 0
    outer loop
      vertex -6.3244 41.4264 3
      vertex -6.3244 41.4264 0
      vertex -6.48608 40.0292 3
    endloop
  endfacet
  facet normal -0.999916 0.0129759 0
    outer loop
      vertex -6.50584 38.5065 0
      vertex -6.50584 38.5065 3
      vertex -6.48608 40.0292 0
    endloop
  endfacet
  facet normal -0.999916 0.0129759 0
    outer loop
      vertex -6.48608 40.0292 3
      vertex -6.48608 40.0292 0
      vertex -6.50584 38.5065 3
    endloop
  endfacet
  facet normal -0.926094 -0.377294 0
    outer loop
      vertex -5.26709 35.4659 0
      vertex -5.26709 35.4659 3
      vertex -6.50584 38.5065 0
    endloop
  endfacet
  facet normal -0.926094 -0.377294 -0
    outer loop
      vertex -6.50584 38.5065 3
      vertex -6.50584 38.5065 0
      vertex -5.26709 35.4659 3
    endloop
  endfacet
  facet normal 0.261277 0.965264 -0
    outer loop
      vertex -6.62183 35.8326 0
      vertex -6.62183 35.8326 3
      vertex -5.26709 35.4659 0
    endloop
  endfacet
  facet normal 0.261277 0.965264 0
    outer loop
      vertex -5.26709 35.4659 3
      vertex -5.26709 35.4659 0
      vertex -6.62183 35.8326 3
    endloop
  endfacet
  facet normal 0.991229 0.132159 -0
    outer loop
      vertex 6.09384 37.8319 0
      vertex 6.09384 37.8319 3
      vertex 6.26886 36.5192 0
    endloop
  endfacet
  facet normal 0.991229 0.132159 0
    outer loop
      vertex 6.26886 36.5192 3
      vertex 6.26886 36.5192 0
      vertex 6.09384 37.8319 3
    endloop
  endfacet
  facet normal 0.936321 -0.351146 0
    outer loop
      vertex 6.50952 38.9403 0
      vertex 6.50952 38.9403 3
      vertex 6.09384 37.8319 0
    endloop
  endfacet
  facet normal 0.936321 -0.351146 0
    outer loop
      vertex 6.09384 37.8319 3
      vertex 6.09384 37.8319 0
      vertex 6.50952 38.9403 3
    endloop
  endfacet
  facet normal 0.65888 -0.752248 0
    outer loop
      vertex 7.62531 39.9176 0
      vertex 7.62531 39.9176 3
      vertex 6.50952 38.9403 0
    endloop
  endfacet
  facet normal 0.65888 -0.752248 0
    outer loop
      vertex 6.50952 38.9403 3
      vertex 6.50952 38.9403 0
      vertex 7.62531 39.9176 3
    endloop
  endfacet
  facet normal 0.797692 -0.603065 0
    outer loop
      vertex 8.5515 41.1427 0
      vertex 8.5515 41.1427 3
      vertex 7.62531 39.9176 0
    endloop
  endfacet
  facet normal 0.797692 -0.603065 0
    outer loop
      vertex 7.62531 39.9176 3
      vertex 7.62531 39.9176 0
      vertex 8.5515 41.1427 3
    endloop
  endfacet
  facet normal 0.910823 -0.412797 0
    outer loop
      vertex 8.96483 42.0547 0
      vertex 8.96483 42.0547 3
      vertex 8.5515 41.1427 0
    endloop
  endfacet
  facet normal 0.910823 -0.412797 0
    outer loop
      vertex 8.5515 41.1427 3
      vertex 8.5515 41.1427 0
      vertex 8.96483 42.0547 3
    endloop
  endfacet
  facet normal -0.232513 -0.972593 0
    outer loop
      vertex 11.0287 41.5613 0
      vertex 11.0287 41.5613 3
      vertex 8.96483 42.0547 0
    endloop
  endfacet
  facet normal -0.232513 -0.972593 -0
    outer loop
      vertex 8.96483 42.0547 3
      vertex 8.96483 42.0547 0
      vertex 11.0287 41.5613 3
    endloop
  endfacet
  facet normal -0.280293 -0.959914 0
    outer loop
      vertex 13.0657 40.9665 0
      vertex 13.0657 40.9665 3
      vertex 11.0287 41.5613 0
    endloop
  endfacet
  facet normal -0.280293 -0.959914 -0
    outer loop
      vertex 11.0287 41.5613 3
      vertex 11.0287 41.5613 0
      vertex 13.0657 40.9665 3
    endloop
  endfacet
  facet normal -0.32729 -0.944924 0
    outer loop
      vertex 15.0708 40.272 0
      vertex 15.0708 40.272 3
      vertex 13.0657 40.9665 0
    endloop
  endfacet
  facet normal -0.32729 -0.944924 -0
    outer loop
      vertex 13.0657 40.9665 3
      vertex 13.0657 40.9665 0
      vertex 15.0708 40.272 3
    endloop
  endfacet
  facet normal -0.487372 0.873195 0
    outer loop
      vertex 13.9263 39.6332 0
      vertex 13.9263 39.6332 3
      vertex 15.0708 40.272 0
    endloop
  endfacet
  facet normal -0.487372 0.873195 0
    outer loop
      vertex 15.0708 40.272 3
      vertex 15.0708 40.272 0
      vertex 13.9263 39.6332 3
    endloop
  endfacet
  facet normal -0.395639 0.918406 0
    outer loop
      vertex 11.1876 38.4534 0
      vertex 11.1876 38.4534 3
      vertex 13.9263 39.6332 0
    endloop
  endfacet
  facet normal -0.395639 0.918406 0
    outer loop
      vertex 13.9263 39.6332 3
      vertex 13.9263 39.6332 0
      vertex 11.1876 38.4534 3
    endloop
  endfacet
  facet normal -0.631606 0.775289 0
    outer loop
      vertex 8.58066 36.3296 0
      vertex 8.58066 36.3296 3
      vertex 11.1876 38.4534 0
    endloop
  endfacet
  facet normal -0.631606 0.775289 0
    outer loop
      vertex 11.1876 38.4534 3
      vertex 11.1876 38.4534 0
      vertex 8.58066 36.3296 3
    endloop
  endfacet
  facet normal -0.337138 0.941455 0
    outer loop
      vertex 7.50136 35.9431 0
      vertex 7.50136 35.9431 3
      vertex 8.58066 36.3296 0
    endloop
  endfacet
  facet normal -0.337138 0.941455 0
    outer loop
      vertex 8.58066 36.3296 3
      vertex 8.58066 36.3296 0
      vertex 7.50136 35.9431 3
    endloop
  endfacet
  facet normal 0.423449 0.90592 -0
    outer loop
      vertex 6.26886 36.5192 0
      vertex 6.26886 36.5192 3
      vertex 7.50136 35.9431 0
    endloop
  endfacet
  facet normal 0.423449 0.90592 0
    outer loop
      vertex 7.50136 35.9431 3
      vertex 7.50136 35.9431 0
      vertex 6.26886 36.5192 3
    endloop
  endfacet
  facet normal 0.401508 0.915855 -0
    outer loop
      vertex -15.7816 39.9989 0
      vertex -15.7816 39.9989 3
      vertex -13.4538 38.9784 0
    endloop
  endfacet
  facet normal 0.401508 0.915855 0
    outer loop
      vertex -13.4538 38.9784 3
      vertex -13.4538 38.9784 0
      vertex -15.7816 39.9989 3
    endloop
  endfacet
  facet normal 0.355975 -0.934496 0
    outer loop
      vertex -14.8284 40.362 0
      vertex -14.8284 40.362 3
      vertex -15.7816 39.9989 0
    endloop
  endfacet
  facet normal 0.355975 -0.934496 0
    outer loop
      vertex -15.7816 39.9989 3
      vertex -15.7816 39.9989 0
      vertex -14.8284 40.362 3
    endloop
  endfacet
  facet normal 0.333677 -0.942688 0
    outer loop
      vertex -13.867 40.7023 0
      vertex -13.867 40.7023 3
      vertex -14.8284 40.362 0
    endloop
  endfacet
  facet normal 0.333677 -0.942688 0
    outer loop
      vertex -14.8284 40.362 3
      vertex -14.8284 40.362 0
      vertex -13.867 40.7023 3
    endloop
  endfacet
  facet normal 0.311194 -0.950347 0
    outer loop
      vertex -12.8977 41.0197 0
      vertex -12.8977 41.0197 3
      vertex -13.867 40.7023 0
    endloop
  endfacet
  facet normal 0.311194 -0.950347 0
    outer loop
      vertex -13.867 40.7023 3
      vertex -13.867 40.7023 0
      vertex -12.8977 41.0197 3
    endloop
  endfacet
  facet normal -0.954097 -0.299499 0
    outer loop
      vertex -12.2373 38.9159 0
      vertex -12.2373 38.9159 3
      vertex -12.8977 41.0197 0
    endloop
  endfacet
  facet normal -0.954097 -0.299499 -0
    outer loop
      vertex -12.8977 41.0197 3
      vertex -12.8977 41.0197 0
      vertex -12.2373 38.9159 3
    endloop
  endfacet
  facet normal 0.0513092 0.998683 -0
    outer loop
      vertex -13.4538 38.9784 0
      vertex -13.4538 38.9784 3
      vertex -12.2373 38.9159 0
    endloop
  endfacet
  facet normal 0.0513092 0.998683 0
    outer loop
      vertex -12.2373 38.9159 3
      vertex -12.2373 38.9159 0
      vertex -13.4538 38.9784 3
    endloop
  endfacet
  facet normal 0.217469 0.976067 -0
    outer loop
      vertex 15.9687 11.1305 0
      vertex 15.9687 11.1305 3
      vertex 17.2546 10.844 0
    endloop
  endfacet
  facet normal 0.217469 0.976067 0
    outer loop
      vertex 17.2546 10.844 3
      vertex 17.2546 10.844 0
      vertex 15.9687 11.1305 3
    endloop
  endfacet
  facet normal 0.318815 0.947817 -0
    outer loop
      vertex 14.6942 11.5592 0
      vertex 14.6942 11.5592 3
      vertex 15.9687 11.1305 0
    endloop
  endfacet
  facet normal 0.318815 0.947817 0
    outer loop
      vertex 15.9687 11.1305 3
      vertex 15.9687 11.1305 0
      vertex 14.6942 11.5592 3
    endloop
  endfacet
  facet normal 0.512379 0.858759 -0
    outer loop
      vertex 13.7449 12.1256 0
      vertex 13.7449 12.1256 3
      vertex 14.6942 11.5592 0
    endloop
  endfacet
  facet normal 0.512379 0.858759 0
    outer loop
      vertex 14.6942 11.5592 3
      vertex 14.6942 11.5592 0
      vertex 13.7449 12.1256 3
    endloop
  endfacet
  facet normal 0.895202 0.44566 -0
    outer loop
      vertex 13.2742 13.0711 0
      vertex 13.2742 13.0711 3
      vertex 13.7449 12.1256 0
    endloop
  endfacet
  facet normal 0.895202 0.44566 0
    outer loop
      vertex 13.7449 12.1256 3
      vertex 13.7449 12.1256 0
      vertex 13.2742 13.0711 3
    endloop
  endfacet
  facet normal 0.568372 0.822772 -0
    outer loop
      vertex 12.4317 13.6531 0
      vertex 12.4317 13.6531 3
      vertex 13.2742 13.0711 0
    endloop
  endfacet
  facet normal 0.568372 0.822772 0
    outer loop
      vertex 13.2742 13.0711 3
      vertex 13.2742 13.0711 0
      vertex 12.4317 13.6531 3
    endloop
  endfacet
  facet normal 0.247425 0.968907 -0
    outer loop
      vertex 11.4625 13.9006 0
      vertex 11.4625 13.9006 3
      vertex 12.4317 13.6531 0
    endloop
  endfacet
  facet normal 0.247425 0.968907 0
    outer loop
      vertex 12.4317 13.6531 3
      vertex 12.4317 13.6531 0
      vertex 11.4625 13.9006 3
    endloop
  endfacet
  facet normal 0.408013 0.912976 -0
    outer loop
      vertex 10.5142 14.3244 0
      vertex 10.5142 14.3244 3
      vertex 11.4625 13.9006 0
    endloop
  endfacet
  facet normal 0.408013 0.912976 0
    outer loop
      vertex 11.4625 13.9006 3
      vertex 11.4625 13.9006 0
      vertex 10.5142 14.3244 3
    endloop
  endfacet
  facet normal 0.527988 0.849252 -0
    outer loop
      vertex 9.48494 14.9643 0
      vertex 9.48494 14.9643 3
      vertex 10.5142 14.3244 0
    endloop
  endfacet
  facet normal 0.527988 0.849252 0
    outer loop
      vertex 10.5142 14.3244 3
      vertex 10.5142 14.3244 0
      vertex 9.48494 14.9643 3
    endloop
  endfacet
  facet normal 0.614417 0.788981 -0
    outer loop
      vertex 8.61598 15.641 0
      vertex 8.61598 15.641 3
      vertex 9.48494 14.9643 0
    endloop
  endfacet
  facet normal 0.614417 0.788981 0
    outer loop
      vertex 9.48494 14.9643 3
      vertex 9.48494 14.9643 0
      vertex 8.61598 15.641 3
    endloop
  endfacet
  facet normal 0.742998 0.669294 -0
    outer loop
      vertex 7.63942 16.7251 0
      vertex 7.63942 16.7251 3
      vertex 8.61598 15.641 0
    endloop
  endfacet
  facet normal 0.742998 0.669294 0
    outer loop
      vertex 8.61598 15.641 3
      vertex 8.61598 15.641 0
      vertex 7.63942 16.7251 3
    endloop
  endfacet
  facet normal 0.935858 0.352376 -0
    outer loop
      vertex 7.17038 17.9708 0
      vertex 7.17038 17.9708 3
      vertex 7.63942 16.7251 0
    endloop
  endfacet
  facet normal 0.935858 0.352376 0
    outer loop
      vertex 7.63942 16.7251 3
      vertex 7.63942 16.7251 0
      vertex 7.17038 17.9708 3
    endloop
  endfacet
  facet normal 1 0 -0
    outer loop
      vertex 7.17038 20.2084 0
      vertex 7.17038 20.2084 3
      vertex 7.17038 17.9708 0
    endloop
  endfacet
  facet normal 1 -0 0
    outer loop
      vertex 7.17038 17.9708 3
      vertex 7.17038 17.9708 0
      vertex 7.17038 20.2084 3
    endloop
  endfacet
  facet normal 0.927418 -0.374028 0
    outer loop
      vertex 7.53944 21.1235 0
      vertex 7.53944 21.1235 3
      vertex 7.17038 20.2084 0
    endloop
  endfacet
  facet normal 0.927418 -0.374028 0
    outer loop
      vertex 7.17038 20.2084 3
      vertex 7.17038 20.2084 0
      vertex 7.53944 21.1235 3
    endloop
  endfacet
  facet normal 0.726432 -0.687238 0
    outer loop
      vertex 8.34689 21.977 0
      vertex 8.34689 21.977 3
      vertex 7.53944 21.1235 0
    endloop
  endfacet
  facet normal 0.726432 -0.687238 0
    outer loop
      vertex 7.53944 21.1235 3
      vertex 7.53944 21.1235 0
      vertex 8.34689 21.977 3
    endloop
  endfacet
  facet normal 0.924443 0.381319 -0
    outer loop
      vertex 7.74594 23.4339 0
      vertex 7.74594 23.4339 3
      vertex 8.34689 21.977 0
    endloop
  endfacet
  facet normal 0.924443 0.381319 0
    outer loop
      vertex 8.34689 21.977 3
      vertex 8.34689 21.977 0
      vertex 7.74594 23.4339 3
    endloop
  endfacet
  facet normal 0.687234 0.726436 -0
    outer loop
      vertex 6.94745 24.1893 0
      vertex 6.94745 24.1893 3
      vertex 7.74594 23.4339 0
    endloop
  endfacet
  facet normal 0.687234 0.726436 0
    outer loop
      vertex 7.74594 23.4339 3
      vertex 7.74594 23.4339 0
      vertex 6.94745 24.1893 3
    endloop
  endfacet
  facet normal 0.773199 0.634164 -0
    outer loop
      vertex 6.06764 25.262 0
      vertex 6.06764 25.262 3
      vertex 6.94745 24.1893 0
    endloop
  endfacet
  facet normal 0.773199 0.634164 0
    outer loop
      vertex 6.94745 24.1893 3
      vertex 6.94745 24.1893 0
      vertex 6.06764 25.262 3
    endloop
  endfacet
  facet normal 0.963257 0.26858 -0
    outer loop
      vertex 5.63312 26.8204 0
      vertex 5.63312 26.8204 3
      vertex 6.06764 25.262 0
    endloop
  endfacet
  facet normal 0.963257 0.26858 0
    outer loop
      vertex 6.06764 25.262 3
      vertex 6.06764 25.262 0
      vertex 5.63312 26.8204 3
    endloop
  endfacet
  facet normal 1 0 -0
    outer loop
      vertex 5.63312 28.109 0
      vertex 5.63312 28.109 3
      vertex 5.63312 26.8204 0
    endloop
  endfacet
  facet normal 1 -0 0
    outer loop
      vertex 5.63312 26.8204 3
      vertex 5.63312 26.8204 0
      vertex 5.63312 28.109 3
    endloop
  endfacet
  facet normal 0.880486 -0.474072 0
    outer loop
      vertex 6.36731 29.4726 0
      vertex 6.36731 29.4726 3
      vertex 5.63312 28.109 0
    endloop
  endfacet
  facet normal 0.880486 -0.474072 0
    outer loop
      vertex 5.63312 28.109 3
      vertex 5.63312 28.109 0
      vertex 6.36731 29.4726 3
    endloop
  endfacet
  facet normal 0.937991 -0.346661 0
    outer loop
      vertex 7.13156 31.5405 0
      vertex 7.13156 31.5405 3
      vertex 6.36731 29.4726 0
    endloop
  endfacet
  facet normal 0.937991 -0.346661 0
    outer loop
      vertex 6.36731 29.4726 3
      vertex 6.36731 29.4726 0
      vertex 7.13156 31.5405 3
    endloop
  endfacet
  facet normal 0.880456 -0.474127 0
    outer loop
      vertex 7.71088 32.6163 0
      vertex 7.71088 32.6163 3
      vertex 7.13156 31.5405 0
    endloop
  endfacet
  facet normal 0.880456 -0.474127 0
    outer loop
      vertex 7.13156 31.5405 3
      vertex 7.13156 31.5405 0
      vertex 7.71088 32.6163 3
    endloop
  endfacet
  facet normal 0.758816 -0.651305 0
    outer loop
      vertex 8.64799 33.7081 0
      vertex 8.64799 33.7081 3
      vertex 7.71088 32.6163 0
    endloop
  endfacet
  facet normal 0.758816 -0.651305 0
    outer loop
      vertex 7.71088 32.6163 3
      vertex 7.71088 32.6163 0
      vertex 8.64799 33.7081 3
    endloop
  endfacet
  facet normal 0.569901 -0.821714 0
    outer loop
      vertex 9.84372 34.5374 0
      vertex 9.84372 34.5374 3
      vertex 8.64799 33.7081 0
    endloop
  endfacet
  facet normal 0.569901 -0.821714 0
    outer loop
      vertex 8.64799 33.7081 3
      vertex 8.64799 33.7081 0
      vertex 9.84372 34.5374 3
    endloop
  endfacet
  facet normal 0.312452 -0.949934 0
    outer loop
      vertex 10.9826 34.912 0
      vertex 10.9826 34.912 3
      vertex 9.84372 34.5374 0
    endloop
  endfacet
  facet normal 0.312452 -0.949934 0
    outer loop
      vertex 9.84372 34.5374 3
      vertex 9.84372 34.5374 0
      vertex 10.9826 34.912 3
    endloop
  endfacet
  facet normal 0.690346 -0.72348 0
    outer loop
      vertex 14.9085 38.6581 0
      vertex 14.9085 38.6581 3
      vertex 10.9826 34.912 0
    endloop
  endfacet
  facet normal 0.690346 -0.72348 0
    outer loop
      vertex 10.9826 34.912 3
      vertex 10.9826 34.912 0
      vertex 14.9085 38.6581 3
    endloop
  endfacet
  facet normal 0.482724 -0.875773 0
    outer loop
      vertex 16.6781 39.6335 0
      vertex 16.6781 39.6335 3
      vertex 14.9085 38.6581 0
    endloop
  endfacet
  facet normal 0.482724 -0.875773 0
    outer loop
      vertex 14.9085 38.6581 3
      vertex 14.9085 38.6581 0
      vertex 16.6781 39.6335 3
    endloop
  endfacet
  facet normal -0.416561 -0.909108 0
    outer loop
      vertex 19.1272 38.5113 0
      vertex 19.1272 38.5113 3
      vertex 16.6781 39.6335 0
    endloop
  endfacet
  facet normal -0.416561 -0.909108 -0
    outer loop
      vertex 16.6781 39.6335 3
      vertex 16.6781 39.6335 0
      vertex 19.1272 38.5113 3
    endloop
  endfacet
  facet normal -0.472687 -0.88123 0
    outer loop
      vertex 21.5012 37.2379 0
      vertex 21.5012 37.2379 3
      vertex 19.1272 38.5113 0
    endloop
  endfacet
  facet normal -0.472687 -0.88123 -0
    outer loop
      vertex 19.1272 38.5113 3
      vertex 19.1272 38.5113 0
      vertex 21.5012 37.2379 3
    endloop
  endfacet
  facet normal -0.526909 -0.849922 0
    outer loop
      vertex 23.7909 35.8184 0
      vertex 23.7909 35.8184 3
      vertex 21.5012 37.2379 0
    endloop
  endfacet
  facet normal -0.526909 -0.849922 -0
    outer loop
      vertex 21.5012 37.2379 3
      vertex 21.5012 37.2379 0
      vertex 23.7909 35.8184 3
    endloop
  endfacet
  facet normal -0.579101 -0.815256 0
    outer loop
      vertex 25.9872 34.2583 0
      vertex 25.9872 34.2583 3
      vertex 23.7909 35.8184 0
    endloop
  endfacet
  facet normal -0.579101 -0.815256 -0
    outer loop
      vertex 23.7909 35.8184 3
      vertex 23.7909 35.8184 0
      vertex 25.9872 34.2583 3
    endloop
  endfacet
  facet normal -0.629018 -0.777391 0
    outer loop
      vertex 28.0814 32.5638 0
      vertex 28.0814 32.5638 3
      vertex 25.9872 34.2583 0
    endloop
  endfacet
  facet normal -0.629018 -0.777391 -0
    outer loop
      vertex 25.9872 34.2583 3
      vertex 25.9872 34.2583 0
      vertex 28.0814 32.5638 3
    endloop
  endfacet
  facet normal -0.676477 -0.736463 0
    outer loop
      vertex 30.0654 30.7414 0
      vertex 30.0654 30.7414 3
      vertex 28.0814 32.5638 0
    endloop
  endfacet
  facet normal -0.676477 -0.736463 -0
    outer loop
      vertex 28.0814 32.5638 3
      vertex 28.0814 32.5638 0
      vertex 30.0654 30.7414 3
    endloop
  endfacet
  facet normal -0.721272 -0.692652 0
    outer loop
      vertex 31.9314 28.7983 0
      vertex 31.9314 28.7983 3
      vertex 30.0654 30.7414 0
    endloop
  endfacet
  facet normal -0.721272 -0.692652 -0
    outer loop
      vertex 30.0654 30.7414 3
      vertex 30.0654 30.7414 0
      vertex 31.9314 28.7983 3
    endloop
  endfacet
  facet normal -0.763183 -0.646182 0
    outer loop
      vertex 33.6722 26.7423 0
      vertex 33.6722 26.7423 3
      vertex 31.9314 28.7983 0
    endloop
  endfacet
  facet normal -0.763183 -0.646182 -0
    outer loop
      vertex 31.9314 28.7983 3
      vertex 31.9314 28.7983 0
      vertex 33.6722 26.7423 3
    endloop
  endfacet
  facet normal -0.802177 -0.597086 0
    outer loop
      vertex 35.2807 24.5813 0
      vertex 35.2807 24.5813 3
      vertex 33.6722 26.7423 0
    endloop
  endfacet
  facet normal -0.802177 -0.597086 -0
    outer loop
      vertex 33.6722 26.7423 3
      vertex 33.6722 26.7423 0
      vertex 35.2807 24.5813 3
    endloop
  endfacet
  facet normal -0.937518 0.347936 0
    outer loop
      vertex 34.9455 23.6781 0
      vertex 34.9455 23.6781 3
      vertex 35.2807 24.5813 0
    endloop
  endfacet
  facet normal -0.937518 0.347936 0
    outer loop
      vertex 35.2807 24.5813 3
      vertex 35.2807 24.5813 0
      vertex 34.9455 23.6781 3
    endloop
  endfacet
  facet normal -1 0 0
    outer loop
      vertex 34.9455 23.2766 0
      vertex 34.9455 23.2766 3
      vertex 34.9455 23.6781 0
    endloop
  endfacet
  facet normal -1 -0 -0
    outer loop
      vertex 34.9455 23.6781 3
      vertex 34.9455 23.6781 0
      vertex 34.9455 23.2766 3
    endloop
  endfacet
  facet normal -0.96517 0.261624 0
    outer loop
      vertex 34.7705 22.631 0
      vertex 34.7705 22.631 3
      vertex 34.9455 23.2766 0
    endloop
  endfacet
  facet normal -0.96517 0.261624 0
    outer loop
      vertex 34.9455 23.2766 3
      vertex 34.9455 23.2766 0
      vertex 34.7705 22.631 3
    endloop
  endfacet
  facet normal -1 0 0
    outer loop
      vertex 34.7705 21.744 0
      vertex 34.7705 21.744 3
      vertex 34.7705 22.631 0
    endloop
  endfacet
  facet normal -1 -0 -0
    outer loop
      vertex 34.7705 22.631 3
      vertex 34.7705 22.631 0
      vertex 34.7705 21.744 3
    endloop
  endfacet
  facet normal -0.965185 0.261569 0
    outer loop
      vertex 34.5089 20.7787 0
      vertex 34.5089 20.7787 3
      vertex 34.7705 21.744 0
    endloop
  endfacet
  facet normal -0.965185 0.261569 0
    outer loop
      vertex 34.7705 21.744 3
      vertex 34.7705 21.744 0
      vertex 34.5089 20.7787 3
    endloop
  endfacet
  facet normal -0.849283 0.527938 0
    outer loop
      vertex 33.7967 19.633 0
      vertex 33.7967 19.633 3
      vertex 34.5089 20.7787 0
    endloop
  endfacet
  facet normal -0.849283 0.527938 0
    outer loop
      vertex 34.5089 20.7787 3
      vertex 34.5089 20.7787 0
      vertex 33.7967 19.633 3
    endloop
  endfacet
  facet normal -0.68234 0.731035 0
    outer loop
      vertex 32.8389 18.739 0
      vertex 32.8389 18.739 3
      vertex 33.7967 19.633 0
    endloop
  endfacet
  facet normal -0.68234 0.731035 0
    outer loop
      vertex 33.7967 19.633 3
      vertex 33.7967 19.633 0
      vertex 32.8389 18.739 3
    endloop
  endfacet
  facet normal -0.553906 0.832579 0
    outer loop
      vertex 30.9758 17.4995 0
      vertex 30.9758 17.4995 3
      vertex 32.8389 18.739 0
    endloop
  endfacet
  facet normal -0.553906 0.832579 0
    outer loop
      vertex 32.8389 18.739 3
      vertex 32.8389 18.739 0
      vertex 30.9758 17.4995 3
    endloop
  endfacet
  facet normal -0.905588 0.424159 0
    outer loop
      vertex 30.5603 16.6124 0
      vertex 30.5603 16.6124 3
      vertex 30.9758 17.4995 0
    endloop
  endfacet
  facet normal -0.905588 0.424159 0
    outer loop
      vertex 30.9758 17.4995 3
      vertex 30.9758 17.4995 0
      vertex 30.5603 16.6124 3
    endloop
  endfacet
  facet normal -0.958147 0.286276 0
    outer loop
      vertex 30.2392 15.5377 0
      vertex 30.2392 15.5377 3
      vertex 30.5603 16.6124 0
    endloop
  endfacet
  facet normal -0.958147 0.286276 0
    outer loop
      vertex 30.5603 16.6124 3
      vertex 30.5603 16.6124 0
      vertex 30.2392 15.5377 3
    endloop
  endfacet
  facet normal -0.883802 0.467861 0
    outer loop
      vertex 29.5958 14.3223 0
      vertex 29.5958 14.3223 3
      vertex 30.2392 15.5377 0
    endloop
  endfacet
  facet normal -0.883802 0.467861 0
    outer loop
      vertex 30.2392 15.5377 3
      vertex 30.2392 15.5377 0
      vertex 29.5958 14.3223 3
    endloop
  endfacet
  facet normal -0.682308 0.731065 0
    outer loop
      vertex 28.5612 13.3567 0
      vertex 28.5612 13.3567 3
      vertex 29.5958 14.3223 0
    endloop
  endfacet
  facet normal -0.682308 0.731065 0
    outer loop
      vertex 29.5958 14.3223 3
      vertex 29.5958 14.3223 0
      vertex 28.5612 13.3567 3
    endloop
  endfacet
  facet normal -0.49902 0.866591 0
    outer loop
      vertex 25.9881 11.875 0
      vertex 25.9881 11.875 3
      vertex 28.5612 13.3567 0
    endloop
  endfacet
  facet normal -0.49902 0.866591 0
    outer loop
      vertex 28.5612 13.3567 3
      vertex 28.5612 13.3567 0
      vertex 25.9881 11.875 3
    endloop
  endfacet
  facet normal -0.443492 0.896278 0
    outer loop
      vertex 24.8309 11.3024 0
      vertex 24.8309 11.3024 3
      vertex 25.9881 11.875 0
    endloop
  endfacet
  facet normal -0.443492 0.896278 0
    outer loop
      vertex 25.9881 11.875 3
      vertex 25.9881 11.875 0
      vertex 24.8309 11.3024 3
    endloop
  endfacet
  facet normal -0.255362 0.966846 0
    outer loop
      vertex 23.7791 11.0246 0
      vertex 23.7791 11.0246 3
      vertex 24.8309 11.3024 0
    endloop
  endfacet
  facet normal -0.255362 0.966846 0
    outer loop
      vertex 24.8309 11.3024 3
      vertex 24.8309 11.3024 0
      vertex 23.7791 11.0246 3
    endloop
  endfacet
  facet normal -0.0276591 0.999617 0
    outer loop
      vertex 21.2601 10.9549 0
      vertex 21.2601 10.9549 3
      vertex 23.7791 11.0246 0
    endloop
  endfacet
  facet normal -0.0276591 0.999617 0
    outer loop
      vertex 23.7791 11.0246 3
      vertex 23.7791 11.0246 0
      vertex 21.2601 10.9549 3
    endloop
  endfacet
  facet normal -0.0807306 0.996736 0
    outer loop
      vertex 18.6871 10.7465 0
      vertex 18.6871 10.7465 3
      vertex 21.2601 10.9549 0
    endloop
  endfacet
  facet normal -0.0807306 0.996736 0
    outer loop
      vertex 21.2601 10.9549 3
      vertex 21.2601 10.9549 0
      vertex 18.6871 10.7465 3
    endloop
  endfacet
  facet normal 0.0679057 0.997692 -0
    outer loop
      vertex 17.2546 10.844 0
      vertex 17.2546 10.844 3
      vertex 18.6871 10.7465 0
    endloop
  endfacet
  facet normal 0.0679057 0.997692 0
    outer loop
      vertex 18.6871 10.7465 3
      vertex 18.6871 10.7465 0
      vertex 17.2546 10.844 3
    endloop
  endfacet
  facet normal 0.330339 0.943862 -0
    outer loop
      vertex -31.9952 7.88463 0
      vertex -31.9952 7.88463 3
      vertex -30.5388 7.37491 0
    endloop
  endfacet
  facet normal 0.330339 0.943862 0
    outer loop
      vertex -30.5388 7.37491 3
      vertex -30.5388 7.37491 0
      vertex -31.9952 7.88463 3
    endloop
  endfacet
  facet normal 0.423621 0.905839 -0
    outer loop
      vertex -33.124 8.41252 0
      vertex -33.124 8.41252 3
      vertex -31.9952 7.88463 0
    endloop
  endfacet
  facet normal 0.423621 0.905839 0
    outer loop
      vertex -31.9952 7.88463 3
      vertex -31.9952 7.88463 0
      vertex -33.124 8.41252 3
    endloop
  endfacet
  facet normal 0.500145 0.865942 -0
    outer loop
      vertex -34.2588 9.06795 0
      vertex -34.2588 9.06795 3
      vertex -33.124 8.41252 0
    endloop
  endfacet
  facet normal 0.500145 0.865942 0
    outer loop
      vertex -33.124 8.41252 3
      vertex -33.124 8.41252 0
      vertex -34.2588 9.06795 3
    endloop
  endfacet
  facet normal 0.549172 0.835709 -0
    outer loop
      vertex -36.3828 10.4637 0
      vertex -36.3828 10.4637 3
      vertex -34.2588 9.06795 0
    endloop
  endfacet
  facet normal 0.549172 0.835709 0
    outer loop
      vertex -34.2588 9.06795 3
      vertex -34.2588 9.06795 0
      vertex -36.3828 10.4637 3
    endloop
  endfacet
  facet normal 0.613288 0.789859 -0
    outer loop
      vertex -37.3052 11.1799 0
      vertex -37.3052 11.1799 3
      vertex -36.3828 10.4637 0
    endloop
  endfacet
  facet normal 0.613288 0.789859 0
    outer loop
      vertex -36.3828 10.4637 3
      vertex -36.3828 10.4637 0
      vertex -37.3052 11.1799 3
    endloop
  endfacet
  facet normal 0.707144 0.707069 -0
    outer loop
      vertex -38.2457 12.1205 0
      vertex -38.2457 12.1205 3
      vertex -37.3052 11.1799 0
    endloop
  endfacet
  facet normal 0.707144 0.707069 0
    outer loop
      vertex -37.3052 11.1799 3
      vertex -37.3052 11.1799 0
      vertex -38.2457 12.1205 3
    endloop
  endfacet
  facet normal 0.765119 0.643889 -0
    outer loop
      vertex -38.9861 13.0003 0
      vertex -38.9861 13.0003 3
      vertex -38.2457 12.1205 0
    endloop
  endfacet
  facet normal 0.765119 0.643889 0
    outer loop
      vertex -38.2457 12.1205 3
      vertex -38.2457 12.1205 0
      vertex -38.9861 13.0003 3
    endloop
  endfacet
  facet normal 0.613203 0.789925 -0
    outer loop
      vertex -40.5148 14.187 0
      vertex -40.5148 14.187 3
      vertex -38.9861 13.0003 0
    endloop
  endfacet
  facet normal 0.613203 0.789925 0
    outer loop
      vertex -38.9861 13.0003 3
      vertex -38.9861 13.0003 0
      vertex -40.5148 14.187 3
    endloop
  endfacet
  facet normal 0.28596 0.958242 -0
    outer loop
      vertex -40.5845 14.2078 0
      vertex -40.5845 14.2078 3
      vertex -40.5148 14.187 0
    endloop
  endfacet
  facet normal 0.28596 0.958242 0
    outer loop
      vertex -40.5148 14.187 3
      vertex -40.5148 14.187 0
      vertex -40.5845 14.2078 3
    endloop
  endfacet
  facet normal 0.933061 -0.359717 0
    outer loop
      vertex -39.6178 16.7153 0
      vertex -39.6178 16.7153 3
      vertex -40.5845 14.2078 0
    endloop
  endfacet
  facet normal 0.933061 -0.359717 0
    outer loop
      vertex -40.5845 14.2078 3
      vertex -40.5845 14.2078 0
      vertex -39.6178 16.7153 3
    endloop
  endfacet
  facet normal 0.908739 -0.417366 0
    outer loop
      vertex -38.4961 19.1576 0
      vertex -38.4961 19.1576 3
      vertex -39.6178 16.7153 0
    endloop
  endfacet
  facet normal 0.908739 -0.417366 0
    outer loop
      vertex -39.6178 16.7153 3
      vertex -39.6178 16.7153 0
      vertex -38.4961 19.1576 3
    endloop
  endfacet
  facet normal 0.880914 -0.473276 0
    outer loop
      vertex -37.2242 21.525 0
      vertex -37.2242 21.525 3
      vertex -38.4961 19.1576 0
    endloop
  endfacet
  facet normal 0.880914 -0.473276 0
    outer loop
      vertex -38.4961 19.1576 3
      vertex -38.4961 19.1576 0
      vertex -37.2242 21.525 3
    endloop
  endfacet
  facet normal 0.849621 -0.527394 0
    outer loop
      vertex -35.8068 23.8084 0
      vertex -35.8068 23.8084 3
      vertex -37.2242 21.525 0
    endloop
  endfacet
  facet normal 0.849621 -0.527394 0
    outer loop
      vertex -37.2242 21.525 3
      vertex -37.2242 21.525 0
      vertex -35.8068 23.8084 3
    endloop
  endfacet
  facet normal 0.815016 -0.579438 0
    outer loop
      vertex -34.2496 25.9987 0
      vertex -34.2496 25.9987 3
      vertex -35.8068 23.8084 0
    endloop
  endfacet
  facet normal 0.815016 -0.579438 0
    outer loop
      vertex -35.8068 23.8084 3
      vertex -35.8068 23.8084 0
      vertex -34.2496 25.9987 3
    endloop
  endfacet
  facet normal 0.777229 -0.629217 0
    outer loop
      vertex -32.5585 28.0876 0
      vertex -32.5585 28.0876 3
      vertex -34.2496 25.9987 0
    endloop
  endfacet
  facet normal 0.777229 -0.629217 0
    outer loop
      vertex -34.2496 25.9987 3
      vertex -34.2496 25.9987 0
      vertex -32.5585 28.0876 3
    endloop
  endfacet
  facet normal 0.736391 -0.676557 0
    outer loop
      vertex -30.7403 30.0666 0
      vertex -30.7403 30.0666 3
      vertex -32.5585 28.0876 0
    endloop
  endfacet
  facet normal 0.736391 -0.676557 0
    outer loop
      vertex -32.5585 28.0876 3
      vertex -32.5585 28.0876 0
      vertex -30.7403 30.0666 3
    endloop
  endfacet
  facet normal 0.692693 -0.721233 0
    outer loop
      vertex -28.802 31.9282 0
      vertex -28.802 31.9282 3
      vertex -30.7403 30.0666 0
    endloop
  endfacet
  facet normal 0.692693 -0.721233 0
    outer loop
      vertex -30.7403 30.0666 3
      vertex -30.7403 30.0666 0
      vertex -28.802 31.9282 3
    endloop
  endfacet
  facet normal 0.646312 -0.763073 0
    outer loop
      vertex -26.7512 33.6652 0
      vertex -26.7512 33.6652 3
      vertex -28.802 31.9282 0
    endloop
  endfacet
  facet normal 0.646312 -0.763073 0
    outer loop
      vertex -28.802 31.9282 3
      vertex -28.802 31.9282 0
      vertex -26.7512 33.6652 3
    endloop
  endfacet
  facet normal 0.597335 -0.801992 0
    outer loop
      vertex -24.5959 35.2705 0
      vertex -24.5959 35.2705 3
      vertex -26.7512 33.6652 0
    endloop
  endfacet
  facet normal 0.597335 -0.801992 0
    outer loop
      vertex -26.7512 33.6652 3
      vertex -26.7512 33.6652 0
      vertex -24.5959 35.2705 3
    endloop
  endfacet
  facet normal 0.54611 -0.837713 0
    outer loop
      vertex -22.3445 36.7382 0
      vertex -22.3445 36.7382 3
      vertex -24.5959 35.2705 0
    endloop
  endfacet
  facet normal 0.54611 -0.837713 0
    outer loop
      vertex -24.5959 35.2705 3
      vertex -24.5959 35.2705 0
      vertex -22.3445 36.7382 3
    endloop
  endfacet
  facet normal 0.492657 -0.870224 0
    outer loop
      vertex -20.0058 38.0622 0
      vertex -20.0058 38.0622 3
      vertex -22.3445 36.7382 0
    endloop
  endfacet
  facet normal 0.492657 -0.870224 0
    outer loop
      vertex -22.3445 36.7382 3
      vertex -22.3445 36.7382 0
      vertex -20.0058 38.0622 3
    endloop
  endfacet
  facet normal 0.437408 -0.899263 0
    outer loop
      vertex -17.5891 39.2377 0
      vertex -17.5891 39.2377 3
      vertex -20.0058 38.0622 0
    endloop
  endfacet
  facet normal 0.437408 -0.899263 0
    outer loop
      vertex -20.0058 38.0622 3
      vertex -20.0058 38.0622 0
      vertex -17.5891 39.2377 3
    endloop
  endfacet
  facet normal -0.688936 -0.724822 0
    outer loop
      vertex -16.557 38.2567 0
      vertex -16.557 38.2567 3
      vertex -17.5891 39.2377 0
    endloop
  endfacet
  facet normal -0.688936 -0.724822 -0
    outer loop
      vertex -17.5891 39.2377 3
      vertex -17.5891 39.2377 0
      vertex -16.557 38.2567 3
    endloop
  endfacet
  facet normal -0.521443 -0.853286 0
    outer loop
      vertex -15.5138 37.6192 0
      vertex -15.5138 37.6192 3
      vertex -16.557 38.2567 0
    endloop
  endfacet
  facet normal -0.521443 -0.853286 -0
    outer loop
      vertex -16.557 38.2567 3
      vertex -16.557 38.2567 0
      vertex -15.5138 37.6192 3
    endloop
  endfacet
  facet normal -0.482258 -0.876029 0
    outer loop
      vertex -12.4408 35.9275 0
      vertex -12.4408 35.9275 3
      vertex -15.5138 37.6192 0
    endloop
  endfacet
  facet normal -0.482258 -0.876029 -0
    outer loop
      vertex -15.5138 37.6192 3
      vertex -15.5138 37.6192 0
      vertex -12.4408 35.9275 3
    endloop
  endfacet
  facet normal -0.521441 -0.853287 0
    outer loop
      vertex -10.5339 34.7622 0
      vertex -10.5339 34.7622 3
      vertex -12.4408 35.9275 0
    endloop
  endfacet
  facet normal -0.521441 -0.853287 -0
    outer loop
      vertex -12.4408 35.9275 3
      vertex -12.4408 35.9275 0
      vertex -10.5339 34.7622 3
    endloop
  endfacet
  facet normal -0.628285 -0.777983 0
    outer loop
      vertex -8.69037 33.2734 0
      vertex -8.69037 33.2734 3
      vertex -10.5339 34.7622 0
    endloop
  endfacet
  facet normal -0.628285 -0.777983 -0
    outer loop
      vertex -10.5339 34.7622 3
      vertex -10.5339 34.7622 0
      vertex -8.69037 33.2734 3
    endloop
  endfacet
  facet normal -0.667643 -0.744482 0
    outer loop
      vertex -6.97525 31.7353 0
      vertex -6.97525 31.7353 3
      vertex -8.69037 33.2734 0
    endloop
  endfacet
  facet normal -0.667643 -0.744482 -0
    outer loop
      vertex -8.69037 33.2734 3
      vertex -8.69037 33.2734 0
      vertex -6.97525 31.7353 3
    endloop
  endfacet
  facet normal -0.740512 -0.672043 0
    outer loop
      vertex -5.23804 29.8211 0
      vertex -5.23804 29.8211 3
      vertex -6.97525 31.7353 0
    endloop
  endfacet
  facet normal -0.740512 -0.672043 -0
    outer loop
      vertex -6.97525 31.7353 3
      vertex -6.97525 31.7353 0
      vertex -5.23804 29.8211 3
    endloop
  endfacet
  facet normal -0.882667 -0.469999 0
    outer loop
      vertex -4.3307 28.1171 0
      vertex -4.3307 28.1171 3
      vertex -5.23804 29.8211 0
    endloop
  endfacet
  facet normal -0.882667 -0.469999 -0
    outer loop
      vertex -5.23804 29.8211 3
      vertex -5.23804 29.8211 0
      vertex -4.3307 28.1171 3
    endloop
  endfacet
  facet normal -0.978452 0.206472 0
    outer loop
      vertex -4.58521 26.911 0
      vertex -4.58521 26.911 3
      vertex -4.3307 28.1171 0
    endloop
  endfacet
  facet normal -0.978452 0.206472 0
    outer loop
      vertex -4.3307 28.1171 3
      vertex -4.3307 28.1171 0
      vertex -4.58521 26.911 3
    endloop
  endfacet
  facet normal -0.684945 0.728595 0
    outer loop
      vertex -5.6917 25.8708 0
      vertex -5.6917 25.8708 3
      vertex -4.58521 26.911 0
    endloop
  endfacet
  facet normal -0.684945 0.728595 0
    outer loop
      vertex -4.58521 26.911 3
      vertex -4.58521 26.911 0
      vertex -5.6917 25.8708 3
    endloop
  endfacet
  facet normal -0.564172 0.825657 0
    outer loop
      vertex -7.01952 24.9635 0
      vertex -7.01952 24.9635 3
      vertex -5.6917 25.8708 0
    endloop
  endfacet
  facet normal -0.564172 0.825657 0
    outer loop
      vertex -5.6917 25.8708 3
      vertex -5.6917 25.8708 0
      vertex -7.01952 24.9635 3
    endloop
  endfacet
  facet normal -0.533547 0.845771 0
    outer loop
      vertex -9.38747 23.4697 0
      vertex -9.38747 23.4697 3
      vertex -7.01952 24.9635 0
    endloop
  endfacet
  facet normal -0.533547 0.845771 0
    outer loop
      vertex -7.01952 24.9635 3
      vertex -7.01952 24.9635 0
      vertex -9.38747 23.4697 3
    endloop
  endfacet
  facet normal -0.318592 0.947892 0
    outer loop
      vertex -10.7546 23.0102 0
      vertex -10.7546 23.0102 3
      vertex -9.38747 23.4697 0
    endloop
  endfacet
  facet normal -0.318592 0.947892 0
    outer loop
      vertex -9.38747 23.4697 3
      vertex -9.38747 23.4697 0
      vertex -10.7546 23.0102 3
    endloop
  endfacet
  facet normal 0.31717 0.948369 -0
    outer loop
      vertex -11.8711 23.3836 0
      vertex -11.8711 23.3836 3
      vertex -10.7546 23.0102 0
    endloop
  endfacet
  facet normal 0.31717 0.948369 0
    outer loop
      vertex -10.7546 23.0102 3
      vertex -10.7546 23.0102 0
      vertex -11.8711 23.3836 3
    endloop
  endfacet
  facet normal 0 1 0
    outer loop
      vertex -12.8163 23.3836 0
      vertex -12.8163 23.3836 3
      vertex -11.8711 23.3836 0
    endloop
  endfacet
  facet normal 0 1 0
    outer loop
      vertex -11.8711 23.3836 3
      vertex -11.8711 23.3836 0
      vertex -12.8163 23.3836 3
    endloop
  endfacet
  facet normal -0.152518 0.988301 0
    outer loop
      vertex -14.3948 23.14 0
      vertex -14.3948 23.14 3
      vertex -12.8163 23.3836 0
    endloop
  endfacet
  facet normal -0.152518 0.988301 0
    outer loop
      vertex -12.8163 23.3836 3
      vertex -12.8163 23.3836 0
      vertex -14.3948 23.14 3
    endloop
  endfacet
  facet normal -0.473225 0.880942 0
    outer loop
      vertex -15.2474 22.682 0
      vertex -15.2474 22.682 3
      vertex -14.3948 23.14 0
    endloop
  endfacet
  facet normal -0.473225 0.880942 0
    outer loop
      vertex -14.3948 23.14 3
      vertex -14.3948 23.14 0
      vertex -15.2474 22.682 3
    endloop
  endfacet
  facet normal -0.699501 -0.714632 0
    outer loop
      vertex -14.3217 21.7759 0
      vertex -14.3217 21.7759 3
      vertex -15.2474 22.682 0
    endloop
  endfacet
  facet normal -0.699501 -0.714632 -0
    outer loop
      vertex -15.2474 22.682 3
      vertex -15.2474 22.682 0
      vertex -14.3217 21.7759 3
    endloop
  endfacet
  facet normal -0.761275 -0.648429 0
    outer loop
      vertex -13.8735 21.2497 0
      vertex -13.8735 21.2497 3
      vertex -14.3217 21.7759 0
    endloop
  endfacet
  facet normal -0.761275 -0.648429 -0
    outer loop
      vertex -14.3217 21.7759 3
      vertex -14.3217 21.7759 0
      vertex -13.8735 21.2497 3
    endloop
  endfacet
  facet normal -1 0 0
    outer loop
      vertex -13.8735 20.7187 0
      vertex -13.8735 20.7187 3
      vertex -13.8735 21.2497 0
    endloop
  endfacet
  facet normal -1 -0 -0
    outer loop
      vertex -13.8735 21.2497 3
      vertex -13.8735 21.2497 0
      vertex -13.8735 20.7187 3
    endloop
  endfacet
  facet normal -0.47694 0.878936 0
    outer loop
      vertex -15.5553 19.8061 0
      vertex -15.5553 19.8061 3
      vertex -13.8735 20.7187 0
    endloop
  endfacet
  facet normal -0.47694 0.878936 0
    outer loop
      vertex -13.8735 20.7187 3
      vertex -13.8735 20.7187 0
      vertex -15.5553 19.8061 3
    endloop
  endfacet
  facet normal -0.545646 0.838015 0
    outer loop
      vertex -16.4771 19.2059 0
      vertex -16.4771 19.2059 3
      vertex -15.5553 19.8061 0
    endloop
  endfacet
  facet normal -0.545646 0.838015 0
    outer loop
      vertex -15.5553 19.8061 3
      vertex -15.5553 19.8061 0
      vertex -16.4771 19.2059 3
    endloop
  endfacet
  facet normal -0.731555 0.681782 0
    outer loop
      vertex -17.2113 18.4181 0
      vertex -17.2113 18.4181 3
      vertex -16.4771 19.2059 0
    endloop
  endfacet
  facet normal -0.731555 0.681782 0
    outer loop
      vertex -16.4771 19.2059 3
      vertex -16.4771 19.2059 0
      vertex -17.2113 18.4181 3
    endloop
  endfacet
  facet normal -0.846582 0.532259 0
    outer loop
      vertex -17.774 17.5231 0
      vertex -17.774 17.5231 3
      vertex -17.2113 18.4181 0
    endloop
  endfacet
  facet normal -0.846582 0.532259 0
    outer loop
      vertex -17.2113 18.4181 3
      vertex -17.2113 18.4181 0
      vertex -17.774 17.5231 3
    endloop
  endfacet
  facet normal -0.545581 0.838058 0
    outer loop
      vertex -18.1018 17.3097 0
      vertex -18.1018 17.3097 3
      vertex -17.774 17.5231 0
    endloop
  endfacet
  facet normal -0.545581 0.838058 0
    outer loop
      vertex -17.774 17.5231 3
      vertex -17.774 17.5231 0
      vertex -18.1018 17.3097 3
    endloop
  endfacet
  facet normal -0.31195 0.950098 0
    outer loop
      vertex -19.1221 16.9747 0
      vertex -19.1221 16.9747 3
      vertex -18.1018 17.3097 0
    endloop
  endfacet
  facet normal -0.31195 0.950098 0
    outer loop
      vertex -18.1018 17.3097 3
      vertex -18.1018 17.3097 0
      vertex -19.1221 16.9747 3
    endloop
  endfacet
  facet normal 0 1 0
    outer loop
      vertex -20.5434 16.9747 0
      vertex -20.5434 16.9747 3
      vertex -19.1221 16.9747 0
    endloop
  endfacet
  facet normal 0 1 0
    outer loop
      vertex -19.1221 16.9747 3
      vertex -19.1221 16.9747 0
      vertex -20.5434 16.9747 3
    endloop
  endfacet
  facet normal -0.85301 -0.521895 0
    outer loop
      vertex -19.9599 16.021 0
      vertex -19.9599 16.021 3
      vertex -20.5434 16.9747 0
    endloop
  endfacet
  facet normal -0.85301 -0.521895 -0
    outer loop
      vertex -20.5434 16.9747 3
      vertex -20.5434 16.9747 0
      vertex -19.9599 16.021 3
    endloop
  endfacet
  facet normal -0.567768 -0.823188 0
    outer loop
      vertex -19.743 15.8714 0
      vertex -19.743 15.8714 3
      vertex -19.9599 16.021 0
    endloop
  endfacet
  facet normal -0.567768 -0.823188 -0
    outer loop
      vertex -19.9599 16.021 3
      vertex -19.9599 16.021 0
      vertex -19.743 15.8714 3
    endloop
  endfacet
  facet normal -0.732072 -0.681227 0
    outer loop
      vertex -19.2888 15.3833 0
      vertex -19.2888 15.3833 3
      vertex -19.743 15.8714 0
    endloop
  endfacet
  facet normal -0.732072 -0.681227 -0
    outer loop
      vertex -19.743 15.8714 3
      vertex -19.743 15.8714 0
      vertex -19.2888 15.3833 3
    endloop
  endfacet
  facet normal -0.567695 -0.823239 0
    outer loop
      vertex -18.5849 14.8979 0
      vertex -18.5849 14.8979 3
      vertex -19.2888 15.3833 0
    endloop
  endfacet
  facet normal -0.567695 -0.823239 -0
    outer loop
      vertex -19.2888 15.3833 3
      vertex -19.2888 15.3833 0
      vertex -18.5849 14.8979 3
    endloop
  endfacet
  facet normal -0.113348 -0.993555 0
    outer loop
      vertex -17.8223 14.8109 0
      vertex -17.8223 14.8109 3
      vertex -18.5849 14.8979 0
    endloop
  endfacet
  facet normal -0.113348 -0.993555 -0
    outer loop
      vertex -18.5849 14.8979 3
      vertex -18.5849 14.8979 0
      vertex -17.8223 14.8109 3
    endloop
  endfacet
  facet normal 0.103778 -0.9946 0
    outer loop
      vertex -17.4054 14.8544 0
      vertex -17.4054 14.8544 3
      vertex -17.8223 14.8109 0
    endloop
  endfacet
  facet normal 0.103778 -0.9946 0
    outer loop
      vertex -17.8223 14.8109 3
      vertex -17.8223 14.8109 0
      vertex -17.4054 14.8544 3
    endloop
  endfacet
  facet normal 0.233695 -0.97231 0
    outer loop
      vertex -16.3665 15.1041 0
      vertex -16.3665 15.1041 3
      vertex -17.4054 14.8544 0
    endloop
  endfacet
  facet normal 0.233695 -0.97231 0
    outer loop
      vertex -17.4054 14.8544 3
      vertex -17.4054 14.8544 0
      vertex -16.3665 15.1041 3
    endloop
  endfacet
  facet normal 0.477156 -0.878819 0
    outer loop
      vertex -13.5878 16.6128 0
      vertex -13.5878 16.6128 3
      vertex -16.3665 15.1041 0
    endloop
  endfacet
  facet normal 0.477156 -0.878819 0
    outer loop
      vertex -16.3665 15.1041 3
      vertex -16.3665 15.1041 0
      vertex -13.5878 16.6128 3
    endloop
  endfacet
  facet normal 0.366146 -0.930557 0
    outer loop
      vertex -12.5618 17.0165 0
      vertex -12.5618 17.0165 3
      vertex -13.5878 16.6128 0
    endloop
  endfacet
  facet normal 0.366146 -0.930557 0
    outer loop
      vertex -13.5878 16.6128 3
      vertex -13.5878 16.6128 0
      vertex -12.5618 17.0165 3
    endloop
  endfacet
  facet normal 0.434164 -0.900834 0
    outer loop
      vertex -11.5059 17.5254 0
      vertex -11.5059 17.5254 3
      vertex -12.5618 17.0165 0
    endloop
  endfacet
  facet normal 0.434164 -0.900834 0
    outer loop
      vertex -12.5618 17.0165 3
      vertex -12.5618 17.0165 0
      vertex -11.5059 17.5254 3
    endloop
  endfacet
  facet normal 0.581984 -0.8132 0
    outer loop
      vertex -9.67014 18.8392 0
      vertex -9.67014 18.8392 3
      vertex -11.5059 17.5254 0
    endloop
  endfacet
  facet normal 0.581984 -0.8132 0
    outer loop
      vertex -11.5059 17.5254 3
      vertex -11.5059 17.5254 0
      vertex -9.67014 18.8392 3
    endloop
  endfacet
  facet normal 0.639318 -0.768943 0
    outer loop
      vertex -8.40833 19.8883 0
      vertex -8.40833 19.8883 3
      vertex -9.67014 18.8392 0
    endloop
  endfacet
  facet normal 0.639318 -0.768943 0
    outer loop
      vertex -9.67014 18.8392 3
      vertex -9.67014 18.8392 0
      vertex -8.40833 19.8883 3
    endloop
  endfacet
  facet normal 0.0722068 0.99739 -0
    outer loop
      vertex -10.8698 20.0665 0
      vertex -10.8698 20.0665 3
      vertex -8.40833 19.8883 0
    endloop
  endfacet
  facet normal 0.0722068 0.99739 0
    outer loop
      vertex -8.40833 19.8883 3
      vertex -8.40833 19.8883 0
      vertex -10.8698 20.0665 3
    endloop
  endfacet
  facet normal 0.768923 0.639342 -0
    outer loop
      vertex -12.2962 21.782 0
      vertex -12.2962 21.782 3
      vertex -10.8698 20.0665 0
    endloop
  endfacet
  facet normal 0.768923 0.639342 0
    outer loop
      vertex -10.8698 20.0665 3
      vertex -10.8698 20.0665 0
      vertex -12.2962 21.782 3
    endloop
  endfacet
  facet normal 0.58178 -0.813346 0
    outer loop
      vertex -12.0405 21.9649 0
      vertex -12.0405 21.9649 3
      vertex -12.2962 21.782 0
    endloop
  endfacet
  facet normal 0.58178 -0.813346 0
    outer loop
      vertex -12.2962 21.782 3
      vertex -12.2962 21.782 0
      vertex -12.0405 21.9649 3
    endloop
  endfacet
  facet normal -0.361021 -0.932558 0
    outer loop
      vertex -10.6854 21.4403 0
      vertex -10.6854 21.4403 3
      vertex -12.0405 21.9649 0
    endloop
  endfacet
  facet normal -0.361021 -0.932558 -0
    outer loop
      vertex -12.0405 21.9649 3
      vertex -12.0405 21.9649 0
      vertex -10.6854 21.4403 3
    endloop
  endfacet
  facet normal 0.166766 -0.985996 0
    outer loop
      vertex -8.12413 21.8735 0
      vertex -8.12413 21.8735 3
      vertex -10.6854 21.4403 0
    endloop
  endfacet
  facet normal 0.166766 -0.985996 0
    outer loop
      vertex -10.6854 21.4403 3
      vertex -10.6854 21.4403 0
      vertex -8.12413 21.8735 3
    endloop
  endfacet
  facet normal 0.258941 -0.965893 0
    outer loop
      vertex -7.80147 21.96 0
      vertex -7.80147 21.96 3
      vertex -8.12413 21.8735 0
    endloop
  endfacet
  facet normal 0.258941 -0.965893 0
    outer loop
      vertex -8.12413 21.8735 3
      vertex -8.12413 21.8735 0
      vertex -7.80147 21.96 3
    endloop
  endfacet
  facet normal -0.0964443 -0.995338 0
    outer loop
      vertex -6.31018 21.8155 0
      vertex -6.31018 21.8155 3
      vertex -7.80147 21.96 0
    endloop
  endfacet
  facet normal -0.0964443 -0.995338 -0
    outer loop
      vertex -7.80147 21.96 3
      vertex -7.80147 21.96 0
      vertex -6.31018 21.8155 3
    endloop
  endfacet
  facet normal -0.473866 -0.880597 0
    outer loop
      vertex -5.24536 21.2425 0
      vertex -5.24536 21.2425 3
      vertex -6.31018 21.8155 0
    endloop
  endfacet
  facet normal -0.473866 -0.880597 -0
    outer loop
      vertex -6.31018 21.8155 3
      vertex -6.31018 21.8155 0
      vertex -5.24536 21.2425 3
    endloop
  endfacet
  facet normal -0.995338 0.0964495 0
    outer loop
      vertex -5.448 19.1513 0
      vertex -5.448 19.1513 3
      vertex -5.24536 21.2425 0
    endloop
  endfacet
  facet normal -0.995338 0.0964495 0
    outer loop
      vertex -5.24536 21.2425 3
      vertex -5.24536 21.2425 0
      vertex -5.448 19.1513 3
    endloop
  endfacet
  facet normal -0.880619 0.473824 0
    outer loop
      vertex -6.99072 16.2841 0
      vertex -6.99072 16.2841 3
      vertex -5.448 19.1513 0
    endloop
  endfacet
  facet normal -0.880619 0.473824 0
    outer loop
      vertex -5.448 19.1513 3
      vertex -5.448 19.1513 0
      vertex -6.99072 16.2841 3
    endloop
  endfacet
  facet normal -0.886745 0.462259 0
    outer loop
      vertex -7.91003 14.5206 0
      vertex -7.91003 14.5206 3
      vertex -6.99072 16.2841 0
    endloop
  endfacet
  facet normal -0.886745 0.462259 0
    outer loop
      vertex -6.99072 16.2841 3
      vertex -6.99072 16.2841 0
      vertex -7.91003 14.5206 3
    endloop
  endfacet
  facet normal -0.863316 0.504664 0
    outer loop
      vertex -8.80833 12.9839 0
      vertex -8.80833 12.9839 3
      vertex -7.91003 14.5206 0
    endloop
  endfacet
  facet normal -0.863316 0.504664 0
    outer loop
      vertex -7.91003 14.5206 3
      vertex -7.91003 14.5206 0
      vertex -8.80833 12.9839 3
    endloop
  endfacet
  facet normal -0.739887 0.672731 0
    outer loop
      vertex -9.72693 11.9736 0
      vertex -9.72693 11.9736 3
      vertex -8.80833 12.9839 0
    endloop
  endfacet
  facet normal -0.739887 0.672731 0
    outer loop
      vertex -8.80833 12.9839 3
      vertex -8.80833 12.9839 0
      vertex -9.72693 11.9736 3
    endloop
  endfacet
  facet normal -0.574328 0.818625 0
    outer loop
      vertex -10.7998 11.2209 0
      vertex -10.7998 11.2209 3
      vertex -9.72693 11.9736 0
    endloop
  endfacet
  facet normal -0.574328 0.818625 0
    outer loop
      vertex -9.72693 11.9736 3
      vertex -9.72693 11.9736 0
      vertex -10.7998 11.2209 3
    endloop
  endfacet
  facet normal -0.522618 0.852567 0
    outer loop
      vertex -12.045 10.4576 0
      vertex -12.045 10.4576 3
      vertex -10.7998 11.2209 0
    endloop
  endfacet
  facet normal -0.522618 0.852567 0
    outer loop
      vertex -10.7998 11.2209 3
      vertex -10.7998 11.2209 0
      vertex -12.045 10.4576 3
    endloop
  endfacet
  facet normal -0.554142 0.832422 0
    outer loop
      vertex -13.2866 9.63107 0
      vertex -13.2866 9.63107 3
      vertex -12.045 10.4576 0
    endloop
  endfacet
  facet normal -0.554142 0.832422 0
    outer loop
      vertex -12.045 10.4576 3
      vertex -12.045 10.4576 0
      vertex -13.2866 9.63107 3
    endloop
  endfacet
  facet normal -0.601344 0.79899 0
    outer loop
      vertex -14.2961 8.87129 0
      vertex -14.2961 8.87129 3
      vertex -13.2866 9.63107 0
    endloop
  endfacet
  facet normal -0.601344 0.79899 0
    outer loop
      vertex -13.2866 9.63107 3
      vertex -13.2866 9.63107 0
      vertex -14.2961 8.87129 3
    endloop
  endfacet
  facet normal -0.554191 0.832389 0
    outer loop
      vertex -15.3266 8.1852 0
      vertex -15.3266 8.1852 3
      vertex -14.2961 8.87129 0
    endloop
  endfacet
  facet normal -0.554191 0.832389 0
    outer loop
      vertex -14.2961 8.87129 3
      vertex -14.2961 8.87129 0
      vertex -15.3266 8.1852 3
    endloop
  endfacet
  facet normal -0.324204 0.945987 0
    outer loop
      vertex -16.6704 7.72466 0
      vertex -16.6704 7.72466 3
      vertex -15.3266 8.1852 0
    endloop
  endfacet
  facet normal -0.324204 0.945987 0
    outer loop
      vertex -15.3266 8.1852 3
      vertex -15.3266 8.1852 0
      vertex -16.6704 7.72466 3
    endloop
  endfacet
  facet normal -0.102858 0.994696 0
    outer loop
      vertex -18.3377 7.55225 0
      vertex -18.3377 7.55225 3
      vertex -16.6704 7.72466 0
    endloop
  endfacet
  facet normal -0.102858 0.994696 0
    outer loop
      vertex -16.6704 7.72466 3
      vertex -16.6704 7.72466 0
      vertex -18.3377 7.55225 3
    endloop
  endfacet
  facet normal 0.265604 0.964082 -0
    outer loop
      vertex -21.1474 8.32632 0
      vertex -21.1474 8.32632 3
      vertex -18.3377 7.55225 0
    endloop
  endfacet
  facet normal 0.265604 0.964082 0
    outer loop
      vertex -18.3377 7.55225 3
      vertex -18.3377 7.55225 0
      vertex -21.1474 8.32632 3
    endloop
  endfacet
  facet normal 0.353287 0.935515 -0
    outer loop
      vertex -22.3182 8.76846 0
      vertex -22.3182 8.76846 3
      vertex -21.1474 8.32632 0
    endloop
  endfacet
  facet normal 0.353287 0.935515 0
    outer loop
      vertex -21.1474 8.32632 3
      vertex -21.1474 8.32632 0
      vertex -22.3182 8.76846 3
    endloop
  endfacet
  facet normal 0.601353 0.798983 -0
    outer loop
      vertex -23.451 9.62106 0
      vertex -23.451 9.62106 3
      vertex -22.3182 8.76846 0
    endloop
  endfacet
  facet normal 0.601353 0.798983 0
    outer loop
      vertex -22.3182 8.76846 3
      vertex -22.3182 8.76846 0
      vertex -23.451 9.62106 3
    endloop
  endfacet
  facet normal 0.896197 0.443657 -0
    outer loop
      vertex -24.4718 11.6831 0
      vertex -24.4718 11.6831 3
      vertex -23.451 9.62106 0
    endloop
  endfacet
  facet normal 0.896197 0.443657 0
    outer loop
      vertex -23.451 9.62106 3
      vertex -23.451 9.62106 0
      vertex -24.4718 11.6831 3
    endloop
  endfacet
  facet normal 0.796271 0.60494 -0
    outer loop
      vertex -25.2733 12.7381 0
      vertex -25.2733 12.7381 3
      vertex -24.4718 11.6831 0
    endloop
  endfacet
  facet normal 0.796271 0.60494 0
    outer loop
      vertex -24.4718 11.6831 3
      vertex -24.4718 11.6831 0
      vertex -25.2733 12.7381 3
    endloop
  endfacet
  facet normal 0.522334 0.852741 -0
    outer loop
      vertex -26.3694 13.4095 0
      vertex -26.3694 13.4095 3
      vertex -25.2733 12.7381 0
    endloop
  endfacet
  facet normal 0.522334 0.852741 0
    outer loop
      vertex -25.2733 12.7381 3
      vertex -25.2733 12.7381 0
      vertex -26.3694 13.4095 3
    endloop
  endfacet
  facet normal 0.606491 0.79509 -0
    outer loop
      vertex -27.4381 14.2247 0
      vertex -27.4381 14.2247 3
      vertex -26.3694 13.4095 0
    endloop
  endfacet
  facet normal 0.606491 0.79509 0
    outer loop
      vertex -26.3694 13.4095 3
      vertex -26.3694 13.4095 0
      vertex -27.4381 14.2247 3
    endloop
  endfacet
  facet normal 0.920079 0.391734 -0
    outer loop
      vertex -28.1848 15.9785 0
      vertex -28.1848 15.9785 3
      vertex -27.4381 14.2247 0
    endloop
  endfacet
  facet normal 0.920079 0.391734 0
    outer loop
      vertex -27.4381 14.2247 3
      vertex -27.4381 14.2247 0
      vertex -28.1848 15.9785 3
    endloop
  endfacet
  facet normal 0.410708 0.911767 -0
    outer loop
      vertex -28.6712 16.1976 0
      vertex -28.6712 16.1976 3
      vertex -28.1848 15.9785 0
    endloop
  endfacet
  facet normal 0.410708 0.911767 0
    outer loop
      vertex -28.1848 15.9785 3
      vertex -28.1848 15.9785 0
      vertex -28.6712 16.1976 3
    endloop
  endfacet
  facet normal -0.391658 0.920111 0
    outer loop
      vertex -29.2853 15.9362 0
      vertex -29.2853 15.9362 3
      vertex -28.6712 16.1976 0
    endloop
  endfacet
  facet normal -0.391658 0.920111 0
    outer loop
      vertex -28.6712 16.1976 3
      vertex -28.6712 16.1976 0
      vertex -29.2853 15.9362 3
    endloop
  endfacet
  facet normal -1 0 0
    outer loop
      vertex -29.2853 13.9712 0
      vertex -29.2853 13.9712 3
      vertex -29.2853 15.9362 0
    endloop
  endfacet
  facet normal -1 -0 -0
    outer loop
      vertex -29.2853 15.9362 3
      vertex -29.2853 15.9362 0
      vertex -29.2853 13.9712 3
    endloop
  endfacet
  facet normal -0.754805 -0.655949 0
    outer loop
      vertex -28.428 12.9847 0
      vertex -28.428 12.9847 3
      vertex -29.2853 13.9712 0
    endloop
  endfacet
  facet normal -0.754805 -0.655949 -0
    outer loop
      vertex -29.2853 13.9712 3
      vertex -29.2853 13.9712 0
      vertex -28.428 12.9847 3
    endloop
  endfacet
  facet normal -0.697825 -0.716268 0
    outer loop
      vertex -27.4998 12.0804 0
      vertex -27.4998 12.0804 3
      vertex -28.428 12.9847 0
    endloop
  endfacet
  facet normal -0.697825 -0.716268 -0
    outer loop
      vertex -28.428 12.9847 3
      vertex -28.428 12.9847 0
      vertex -27.4998 12.0804 3
    endloop
  endfacet
  facet normal -0.727343 -0.686274 0
    outer loop
      vertex -26.5774 11.1028 0
      vertex -26.5774 11.1028 3
      vertex -27.4998 12.0804 0
    endloop
  endfacet
  facet normal -0.727343 -0.686274 -0
    outer loop
      vertex -27.4998 12.0804 3
      vertex -27.4998 12.0804 0
      vertex -26.5774 11.1028 3
    endloop
  endfacet
  facet normal -0.867949 -0.496652 0
    outer loop
      vertex -25.7568 9.66872 0
      vertex -25.7568 9.66872 3
      vertex -26.5774 11.1028 0
    endloop
  endfacet
  facet normal -0.867949 -0.496652 -0
    outer loop
      vertex -26.5774 11.1028 3
      vertex -26.5774 11.1028 0
      vertex -25.7568 9.66872 3
    endloop
  endfacet
  facet normal -0.994043 -0.108987 0
    outer loop
      vertex -25.6051 8.2851 0
      vertex -25.6051 8.2851 3
      vertex -25.7568 9.66872 0
    endloop
  endfacet
  facet normal -0.994043 -0.108987 -0
    outer loop
      vertex -25.7568 9.66872 3
      vertex -25.7568 9.66872 0
      vertex -25.6051 8.2851 3
    endloop
  endfacet
  facet normal -0.437479 0.899229 0
    outer loop
      vertex -26.7277 7.73895 0
      vertex -26.7277 7.73895 3
      vertex -25.6051 8.2851 0
    endloop
  endfacet
  facet normal -0.437479 0.899229 0
    outer loop
      vertex -25.6051 8.2851 3
      vertex -25.6051 8.2851 0
      vertex -26.7277 7.73895 3
    endloop
  endfacet
  facet normal 0 1 0
    outer loop
      vertex -27.9536 7.73895 0
      vertex -27.9536 7.73895 3
      vertex -26.7277 7.73895 0
    endloop
  endfacet
  facet normal 0 1 0
    outer loop
      vertex -26.7277 7.73895 3
      vertex -26.7277 7.73895 0
      vertex -27.9536 7.73895 3
    endloop
  endfacet
  facet normal -0.380745 0.92468 0
    outer loop
      vertex -28.9852 7.31418 0
      vertex -28.9852 7.31418 3
      vertex -27.9536 7.73895 0
    endloop
  endfacet
  facet normal -0.380745 0.92468 0
    outer loop
      vertex -27.9536 7.73895 3
      vertex -27.9536 7.73895 0
      vertex -28.9852 7.31418 3
    endloop
  endfacet
  facet normal 0.03906 0.999237 -0
    outer loop
      vertex -30.5388 7.37491 0
      vertex -30.5388 7.37491 3
      vertex -28.9852 7.31418 0
    endloop
  endfacet
  facet normal 0.03906 0.999237 0
    outer loop
      vertex -28.9852 7.31418 3
      vertex -28.9852 7.31418 0
      vertex -30.5388 7.37491 3
    endloop
  endfacet
  facet normal 0.784249 0.620447 -0
    outer loop
      vertex 39.1104 1.40239 0
      vertex 39.1104 1.40239 3
      vertex 39.874 0.437195 0
    endloop
  endfacet
  facet normal 0.784249 0.620447 0
    outer loop
      vertex 39.874 0.437195 3
      vertex 39.874 0.437195 0
      vertex 39.1104 1.40239 3
    endloop
  endfacet
  facet normal 0.931132 0.364681 -0
    outer loop
      vertex 38.503 2.95325 0
      vertex 38.503 2.95325 3
      vertex 39.1104 1.40239 0
    endloop
  endfacet
  facet normal 0.931132 0.364681 0
    outer loop
      vertex 39.1104 1.40239 3
      vertex 39.1104 1.40239 0
      vertex 38.503 2.95325 3
    endloop
  endfacet
  facet normal 0.109974 -0.993934 0
    outer loop
      vertex 39.4922 3.0627 0
      vertex 39.4922 3.0627 3
      vertex 38.503 2.95325 0
    endloop
  endfacet
  facet normal 0.109974 -0.993934 0
    outer loop
      vertex 38.503 2.95325 3
      vertex 38.503 2.95325 0
      vertex 39.4922 3.0627 3
    endloop
  endfacet
  facet normal 0.200596 -0.979674 0
    outer loop
      vertex 40.9025 3.35147 0
      vertex 40.9025 3.35147 3
      vertex 39.4922 3.0627 0
    endloop
  endfacet
  facet normal 0.200596 -0.979674 0
    outer loop
      vertex 39.4922 3.0627 3
      vertex 39.4922 3.0627 0
      vertex 40.9025 3.35147 3
    endloop
  endfacet
  facet normal 0.979693 0.200506 -0
    outer loop
      vertex 40.8665 3.52737 0
      vertex 40.8665 3.52737 3
      vertex 40.9025 3.35147 0
    endloop
  endfacet
  facet normal 0.979693 0.200506 0
    outer loop
      vertex 40.9025 3.35147 3
      vertex 40.9025 3.35147 0
      vertex 40.8665 3.52737 3
    endloop
  endfacet
  facet normal 0.544916 0.838491 -0
    outer loop
      vertex 39.9268 4.13806 0
      vertex 39.9268 4.13806 3
      vertex 40.8665 3.52737 0
    endloop
  endfacet
  facet normal 0.544916 0.838491 0
    outer loop
      vertex 40.8665 3.52737 3
      vertex 40.8665 3.52737 0
      vertex 39.9268 4.13806 3
    endloop
  endfacet
  facet normal 0.294784 0.955564 -0
    outer loop
      vertex 37.6752 4.83266 0
      vertex 37.6752 4.83266 3
      vertex 39.9268 4.13806 0
    endloop
  endfacet
  facet normal 0.294784 0.955564 0
    outer loop
      vertex 39.9268 4.13806 3
      vertex 39.9268 4.13806 0
      vertex 37.6752 4.83266 3
    endloop
  endfacet
  facet normal 0.197371 0.980329 -0
    outer loop
      vertex 35.6853 5.23329 0
      vertex 35.6853 5.23329 3
      vertex 37.6752 4.83266 0
    endloop
  endfacet
  facet normal 0.197371 0.980329 0
    outer loop
      vertex 37.6752 4.83266 3
      vertex 37.6752 4.83266 0
      vertex 35.6853 5.23329 3
    endloop
  endfacet
  facet normal 0.502597 0.864521 -0
    outer loop
      vertex 34.8291 5.73105 0
      vertex 34.8291 5.73105 3
      vertex 35.6853 5.23329 0
    endloop
  endfacet
  facet normal 0.502597 0.864521 0
    outer loop
      vertex 35.6853 5.23329 3
      vertex 35.6853 5.23329 0
      vertex 34.8291 5.73105 3
    endloop
  endfacet
  facet normal 0.634678 0.772776 -0
    outer loop
      vertex 33.9712 6.43564 0
      vertex 33.9712 6.43564 3
      vertex 34.8291 5.73105 0
    endloop
  endfacet
  facet normal 0.634678 0.772776 0
    outer loop
      vertex 34.8291 5.73105 3
      vertex 34.8291 5.73105 0
      vertex 33.9712 6.43564 3
    endloop
  endfacet
  facet normal 0.693584 0.720376 -0
    outer loop
      vertex 33.007 7.36398 0
      vertex 33.007 7.36398 3
      vertex 33.9712 6.43564 0
    endloop
  endfacet
  facet normal 0.693584 0.720376 0
    outer loop
      vertex 33.9712 6.43564 3
      vertex 33.9712 6.43564 0
      vertex 33.007 7.36398 3
    endloop
  endfacet
  facet normal 0.270044 0.962848 -0
    outer loop
      vertex 31.3741 7.82195 0
      vertex 31.3741 7.82195 3
      vertex 33.007 7.36398 0
    endloop
  endfacet
  facet normal 0.270044 0.962848 0
    outer loop
      vertex 33.007 7.36398 3
      vertex 33.007 7.36398 0
      vertex 31.3741 7.82195 3
    endloop
  endfacet
  facet normal 0.0837109 0.99649 -0
    outer loop
      vertex 30.1893 7.92148 0
      vertex 30.1893 7.92148 3
      vertex 31.3741 7.82195 0
    endloop
  endfacet
  facet normal 0.0837109 0.99649 0
    outer loop
      vertex 31.3741 7.82195 3
      vertex 31.3741 7.82195 0
      vertex 30.1893 7.92148 3
    endloop
  endfacet
  facet normal -0.0643621 0.997927 0
    outer loop
      vertex 28.6461 7.82195 0
      vertex 28.6461 7.82195 3
      vertex 30.1893 7.92148 0
    endloop
  endfacet
  facet normal -0.0643621 0.997927 0
    outer loop
      vertex 30.1893 7.92148 3
      vertex 30.1893 7.92148 0
      vertex 28.6461 7.82195 3
    endloop
  endfacet
  facet normal -0.200791 0.979634 0
    outer loop
      vertex 27.0431 7.49339 0
      vertex 27.0431 7.49339 3
      vertex 28.6461 7.82195 0
    endloop
  endfacet
  facet normal -0.200791 0.979634 0
    outer loop
      vertex 28.6461 7.82195 3
      vertex 28.6461 7.82195 0
      vertex 27.0431 7.49339 3
    endloop
  endfacet
  facet normal -0.0840952 0.996458 0
    outer loop
      vertex 25.5097 7.36398 0
      vertex 25.5097 7.36398 3
      vertex 27.0431 7.49339 0
    endloop
  endfacet
  facet normal -0.0840952 0.996458 0
    outer loop
      vertex 27.0431 7.49339 3
      vertex 27.0431 7.49339 0
      vertex 25.5097 7.36398 3
    endloop
  endfacet
  facet normal -0.0644495 0.997921 0
    outer loop
      vertex 24.6471 7.30827 0
      vertex 24.6471 7.30827 3
      vertex 25.5097 7.36398 0
    endloop
  endfacet
  facet normal -0.0644495 0.997921 0
    outer loop
      vertex 25.5097 7.36398 3
      vertex 25.5097 7.36398 0
      vertex 24.6471 7.30827 3
    endloop
  endfacet
  facet normal 0.832417 0.55415 -0
    outer loop
      vertex 24.4145 7.65767 0
      vertex 24.4145 7.65767 3
      vertex 24.6471 7.30827 0
    endloop
  endfacet
  facet normal 0.832417 0.55415 0
    outer loop
      vertex 24.6471 7.30827 3
      vertex 24.6471 7.30827 0
      vertex 24.4145 7.65767 3
    endloop
  endfacet
  facet normal 0.788654 -0.614837 0
    outer loop
      vertex 25.1713 8.62842 0
      vertex 25.1713 8.62842 3
      vertex 24.4145 7.65767 0
    endloop
  endfacet
  facet normal 0.788654 -0.614837 0
    outer loop
      vertex 24.4145 7.65767 3
      vertex 24.4145 7.65767 0
      vertex 25.1713 8.62842 3
    endloop
  endfacet
  facet normal 0.598927 -0.800804 0
    outer loop
      vertex 26.3561 9.51454 0
      vertex 26.3561 9.51454 3
      vertex 25.1713 8.62842 0
    endloop
  endfacet
  facet normal 0.598927 -0.800804 0
    outer loop
      vertex 25.1713 8.62842 3
      vertex 25.1713 8.62842 0
      vertex 26.3561 9.51454 3
    endloop
  endfacet
  facet normal 0.479241 -0.877684 0
    outer loop
      vertex 27.8695 10.3409 0
      vertex 27.8695 10.3409 3
      vertex 26.3561 9.51454 0
    endloop
  endfacet
  facet normal 0.479241 -0.877684 0
    outer loop
      vertex 26.3561 9.51454 3
      vertex 26.3561 9.51454 0
      vertex 27.8695 10.3409 3
    endloop
  endfacet
  facet normal 0.433455 -0.901175 0
    outer loop
      vertex 29.9604 11.3466 0
      vertex 29.9604 11.3466 3
      vertex 27.8695 10.3409 0
    endloop
  endfacet
  facet normal 0.433455 -0.901175 0
    outer loop
      vertex 27.8695 10.3409 3
      vertex 27.8695 10.3409 0
      vertex 29.9604 11.3466 3
    endloop
  endfacet
  facet normal 0.598901 -0.800823 0
    outer loop
      vertex 31.0336 12.1492 0
      vertex 31.0336 12.1492 3
      vertex 29.9604 11.3466 0
    endloop
  endfacet
  facet normal 0.598901 -0.800823 0
    outer loop
      vertex 29.9604 11.3466 3
      vertex 29.9604 11.3466 0
      vertex 31.0336 12.1492 3
    endloop
  endfacet
  facet normal 0.838873 -0.544327 0
    outer loop
      vertex 31.9018 13.4872 0
      vertex 31.9018 13.4872 3
      vertex 31.0336 12.1492 0
    endloop
  endfacet
  facet normal 0.838873 -0.544327 0
    outer loop
      vertex 31.0336 12.1492 3
      vertex 31.0336 12.1492 0
      vertex 31.9018 13.4872 3
    endloop
  endfacet
  facet normal 0.957821 -0.287367 0
    outer loop
      vertex 32.32 14.8811 0
      vertex 32.32 14.8811 3
      vertex 31.9018 13.4872 0
    endloop
  endfacet
  facet normal 0.957821 -0.287367 0
    outer loop
      vertex 31.9018 13.4872 3
      vertex 31.9018 13.4872 0
      vertex 32.32 14.8811 3
    endloop
  endfacet
  facet normal 0.883808 -0.467849 0
    outer loop
      vertex 32.9322 16.0376 0
      vertex 32.9322 16.0376 3
      vertex 32.32 14.8811 0
    endloop
  endfacet
  facet normal 0.883808 -0.467849 0
    outer loop
      vertex 32.32 14.8811 3
      vertex 32.32 14.8811 0
      vertex 32.9322 16.0376 3
    endloop
  endfacet
  facet normal 0.759856 -0.650091 0
    outer loop
      vertex 34.0723 17.3702 0
      vertex 34.0723 17.3702 3
      vertex 32.9322 16.0376 0
    endloop
  endfacet
  facet normal 0.759856 -0.650091 0
    outer loop
      vertex 32.9322 16.0376 3
      vertex 32.9322 16.0376 0
      vertex 34.0723 17.3702 3
    endloop
  endfacet
  facet normal 0.692542 -0.721377 0
    outer loop
      vertex 35.068 18.3261 0
      vertex 35.068 18.3261 3
      vertex 34.0723 17.3702 0
    endloop
  endfacet
  facet normal 0.692542 -0.721377 0
    outer loop
      vertex 34.0723 17.3702 3
      vertex 34.0723 17.3702 0
      vertex 35.068 18.3261 3
    endloop
  endfacet
  facet normal 0.479221 -0.877694 0
    outer loop
      vertex 36.3332 19.0169 0
      vertex 36.3332 19.0169 3
      vertex 35.068 18.3261 0
    endloop
  endfacet
  facet normal 0.479221 -0.877694 0
    outer loop
      vertex 35.068 18.3261 3
      vertex 35.068 18.3261 0
      vertex 36.3332 19.0169 3
    endloop
  endfacet
  facet normal 0.75987 -0.650075 0
    outer loop
      vertex 37.2977 20.1443 0
      vertex 37.2977 20.1443 3
      vertex 36.3332 19.0169 0
    endloop
  endfacet
  facet normal 0.75987 -0.650075 0
    outer loop
      vertex 36.3332 19.0169 3
      vertex 36.3332 19.0169 0
      vertex 37.2977 20.1443 3
    endloop
  endfacet
  facet normal 1 0 -0
    outer loop
      vertex 37.2977 21.3973 0
      vertex 37.2977 21.3973 3
      vertex 37.2977 20.1443 0
    endloop
  endfacet
  facet normal 1 -0 0
    outer loop
      vertex 37.2977 20.1443 3
      vertex 37.2977 20.1443 0
      vertex 37.2977 21.3973 3
    endloop
  endfacet
  facet normal -0.882076 -0.471108 0
    outer loop
      vertex 38.526 19.0975 0
      vertex 38.526 19.0975 3
      vertex 37.2977 21.3973 0
    endloop
  endfacet
  facet normal -0.882076 -0.471108 -0
    outer loop
      vertex 37.2977 21.3973 3
      vertex 37.2977 21.3973 0
      vertex 38.526 19.0975 3
    endloop
  endfacet
  facet normal -0.909014 -0.416766 0
    outer loop
      vertex 39.6126 16.7275 0
      vertex 39.6126 16.7275 3
      vertex 38.526 19.0975 0
    endloop
  endfacet
  facet normal -0.909014 -0.416766 -0
    outer loop
      vertex 38.526 19.0975 3
      vertex 38.526 19.0975 0
      vertex 39.6126 16.7275 3
    endloop
  endfacet
  facet normal -0.932597 -0.360919 0
    outer loop
      vertex 40.5536 14.296 0
      vertex 40.5536 14.296 3
      vertex 39.6126 16.7275 0
    endloop
  endfacet
  facet normal -0.932597 -0.360919 -0
    outer loop
      vertex 39.6126 16.7275 3
      vertex 39.6126 16.7275 0
      vertex 40.5536 14.296 3
    endloop
  endfacet
  facet normal -0.952759 -0.303728 0
    outer loop
      vertex 41.3455 11.8119 0
      vertex 41.3455 11.8119 3
      vertex 40.5536 14.296 0
    endloop
  endfacet
  facet normal -0.952759 -0.303728 -0
    outer loop
      vertex 40.5536 14.296 3
      vertex 40.5536 14.296 0
      vertex 41.3455 11.8119 3
    endloop
  endfacet
  facet normal -0.969424 -0.245391 0
    outer loop
      vertex 41.9853 9.28435 0
      vertex 41.9853 9.28435 3
      vertex 41.3455 11.8119 0
    endloop
  endfacet
  facet normal -0.969424 -0.245391 -0
    outer loop
      vertex 41.3455 11.8119 3
      vertex 41.3455 11.8119 0
      vertex 41.9853 9.28435 3
    endloop
  endfacet
  facet normal -0.982503 -0.186248 0
    outer loop
      vertex 42.4709 6.7227 0
      vertex 42.4709 6.7227 3
      vertex 41.9853 9.28435 0
    endloop
  endfacet
  facet normal -0.982503 -0.186248 -0
    outer loop
      vertex 41.9853 9.28435 3
      vertex 41.9853 9.28435 0
      vertex 42.4709 6.7227 3
    endloop
  endfacet
  facet normal -0.992002 -0.126224 0
    outer loop
      vertex 42.8 4.13628 0
      vertex 42.8 4.13628 3
      vertex 42.4709 6.7227 0
    endloop
  endfacet
  facet normal -0.992002 -0.126224 -0
    outer loop
      vertex 42.4709 6.7227 3
      vertex 42.4709 6.7227 0
      vertex 42.8 4.13628 3
    endloop
  endfacet
  facet normal -0.997806 -0.0661995 0
    outer loop
      vertex 42.9726 1.53473 0
      vertex 42.9726 1.53473 3
      vertex 42.8 4.13628 0
    endloop
  endfacet
  facet normal -0.997806 -0.0661995 -0
    outer loop
      vertex 42.8 4.13628 3
      vertex 42.8 4.13628 0
      vertex 42.9726 1.53473 3
    endloop
  endfacet
  facet normal -0.999987 -0.00513951 0
    outer loop
      vertex 42.986 -1.07249 0
      vertex 42.986 -1.07249 3
      vertex 42.9726 1.53473 0
    endloop
  endfacet
  facet normal -0.999987 -0.00513951 -0
    outer loop
      vertex 42.9726 1.53473 3
      vertex 42.9726 1.53473 0
      vertex 42.986 -1.07249 3
    endloop
  endfacet
  facet normal 0.436469 0.899719 -0
    outer loop
      vertex 39.874 0.437195 0
      vertex 39.874 0.437195 3
      vertex 42.986 -1.07249 0
    endloop
  endfacet
  facet normal 0.436469 0.899719 0
    outer loop
      vertex 42.986 -1.07249 3
      vertex 42.986 -1.07249 0
      vertex 39.874 0.437195 3
    endloop
  endfacet
  facet normal 0.314174 0.949365 -0
    outer loop
      vertex -35.8736 5.67238 0
      vertex -35.8736 5.67238 3
      vertex -34.9913 5.3804 0
    endloop
  endfacet
  facet normal 0.314174 0.949365 0
    outer loop
      vertex -34.9913 5.3804 3
      vertex -34.9913 5.3804 0
      vertex -35.8736 5.67238 3
    endloop
  endfacet
  facet normal 0.477586 0.878585 -0
    outer loop
      vertex -37.6951 6.66252 0
      vertex -37.6951 6.66252 3
      vertex -35.8736 5.67238 0
    endloop
  endfacet
  facet normal 0.477586 0.878585 0
    outer loop
      vertex -35.8736 5.67238 3
      vertex -35.8736 5.67238 0
      vertex -37.6951 6.66252 3
    endloop
  endfacet
  facet normal 0.209074 0.9779 -0
    outer loop
      vertex -40.4561 7.25282 0
      vertex -40.4561 7.25282 3
      vertex -37.6951 6.66252 0
    endloop
  endfacet
  facet normal 0.209074 0.9779 0
    outer loop
      vertex -37.6951 6.66252 3
      vertex -37.6951 6.66252 0
      vertex -40.4561 7.25282 3
    endloop
  endfacet
  facet normal 0.381946 0.924185 -0
    outer loop
      vertex -42.1762 7.9637 0
      vertex -42.1762 7.9637 3
      vertex -40.4561 7.25282 0
    endloop
  endfacet
  facet normal 0.381946 0.924185 0
    outer loop
      vertex -40.4561 7.25282 3
      vertex -40.4561 7.25282 0
      vertex -42.1762 7.9637 3
    endloop
  endfacet
  facet normal 0.257822 0.966193 -0
    outer loop
      vertex -42.2519 7.9839 0
      vertex -42.2519 7.9839 3
      vertex -42.1762 7.9637 0
    endloop
  endfacet
  facet normal 0.257822 0.966193 0
    outer loop
      vertex -42.1762 7.9637 3
      vertex -42.1762 7.9637 0
      vertex -42.2519 7.9839 3
    endloop
  endfacet
  facet normal 0.979029 -0.203721 0
    outer loop
      vertex -41.9296 9.53279 0
      vertex -41.9296 9.53279 3
      vertex -42.2519 7.9839 0
    endloop
  endfacet
  facet normal 0.979029 -0.203721 0
    outer loop
      vertex -42.2519 7.9839 3
      vertex -42.2519 7.9839 0
      vertex -41.9296 9.53279 3
    endloop
  endfacet
  facet normal 0.970878 -0.239573 0
    outer loop
      vertex -41.5506 11.0687 0
      vertex -41.5506 11.0687 3
      vertex -41.9296 9.53279 0
    endloop
  endfacet
  facet normal 0.970878 -0.239573 0
    outer loop
      vertex -41.9296 9.53279 3
      vertex -41.9296 9.53279 0
      vertex -41.5506 11.0687 3
    endloop
  endfacet
  facet normal 0.961402 -0.275147 0
    outer loop
      vertex -41.1153 12.5897 0
      vertex -41.1153 12.5897 3
      vertex -41.5506 11.0687 0
    endloop
  endfacet
  facet normal 0.961402 -0.275147 0
    outer loop
      vertex -41.5506 11.0687 3
      vertex -41.5506 11.0687 0
      vertex -41.1153 12.5897 3
    endloop
  endfacet
  facet normal -0.253734 -0.967274 0
    outer loop
      vertex -41.0463 12.5716 0
      vertex -41.0463 12.5716 3
      vertex -41.1153 12.5897 0
    endloop
  endfacet
  facet normal -0.253734 -0.967274 -0
    outer loop
      vertex -41.1153 12.5897 3
      vertex -41.1153 12.5897 0
      vertex -41.0463 12.5716 3
    endloop
  endfacet
  facet normal -0.590838 -0.80679 0
    outer loop
      vertex -39.5295 11.4608 0
      vertex -39.5295 11.4608 3
      vertex -41.0463 12.5716 0
    endloop
  endfacet
  facet normal -0.590838 -0.80679 -0
    outer loop
      vertex -41.0463 12.5716 3
      vertex -41.0463 12.5716 0
      vertex -39.5295 11.4608 3
    endloop
  endfacet
  facet normal -0.725202 -0.688537 0
    outer loop
      vertex -38.5774 10.458 0
      vertex -38.5774 10.458 3
      vertex -39.5295 11.4608 0
    endloop
  endfacet
  facet normal -0.725202 -0.688537 -0
    outer loop
      vertex -39.5295 11.4608 3
      vertex -39.5295 11.4608 0
      vertex -38.5774 10.458 3
    endloop
  endfacet
  facet normal -0.780841 -0.62473 0
    outer loop
      vertex -37.9173 9.63295 0
      vertex -37.9173 9.63295 3
      vertex -38.5774 10.458 0
    endloop
  endfacet
  facet normal -0.780841 -0.62473 -0
    outer loop
      vertex -38.5774 10.458 3
      vertex -38.5774 10.458 0
      vertex -37.9173 9.63295 3
    endloop
  endfacet
  facet normal -0.639708 -0.768618 0
    outer loop
      vertex -36.9335 8.81415 0
      vertex -36.9335 8.81415 3
      vertex -37.9173 9.63295 0
    endloop
  endfacet
  facet normal -0.639708 -0.768618 -0
    outer loop
      vertex -37.9173 9.63295 3
      vertex -37.9173 9.63295 0
      vertex -36.9335 8.81415 3
    endloop
  endfacet
  facet normal -0.299833 -0.953992 0
    outer loop
      vertex -35.6007 8.39526 0
      vertex -35.6007 8.39526 3
      vertex -36.9335 8.81415 0
    endloop
  endfacet
  facet normal -0.299833 -0.953992 -0
    outer loop
      vertex -36.9335 8.81415 3
      vertex -36.9335 8.81415 0
      vertex -35.6007 8.39526 3
    endloop
  endfacet
  facet normal -0.495037 -0.868872 0
    outer loop
      vertex -34.5089 7.77321 0
      vertex -34.5089 7.77321 3
      vertex -35.6007 8.39526 0
    endloop
  endfacet
  facet normal -0.495037 -0.868872 -0
    outer loop
      vertex -35.6007 8.39526 3
      vertex -35.6007 8.39526 0
      vertex -34.5089 7.77321 3
    endloop
  endfacet
  facet normal -0.549387 -0.835568 0
    outer loop
      vertex -31.8643 6.03438 0
      vertex -31.8643 6.03438 3
      vertex -34.5089 7.77321 0
    endloop
  endfacet
  facet normal -0.549387 -0.835568 -0
    outer loop
      vertex -34.5089 7.77321 3
      vertex -34.5089 7.77321 0
      vertex -31.8643 6.03438 3
    endloop
  endfacet
  facet normal -1 0 0
    outer loop
      vertex -31.8643 5.70413 0
      vertex -31.8643 5.70413 3
      vertex -31.8643 6.03438 0
    endloop
  endfacet
  facet normal -1 -0 -0
    outer loop
      vertex -31.8643 6.03438 3
      vertex -31.8643 6.03438 0
      vertex -31.8643 5.70413 3
    endloop
  endfacet
  facet normal -0.222483 0.974937 0
    outer loop
      vertex -33.5886 5.31064 0
      vertex -33.5886 5.31064 3
      vertex -31.8643 5.70413 0
    endloop
  endfacet
  facet normal -0.222483 0.974937 0
    outer loop
      vertex -31.8643 5.70413 3
      vertex -31.8643 5.70413 0
      vertex -33.5886 5.31064 3
    endloop
  endfacet
  facet normal 0.0496713 0.998766 -0
    outer loop
      vertex -34.9913 5.3804 0
      vertex -34.9913 5.3804 3
      vertex -33.5886 5.31064 0
    endloop
  endfacet
  facet normal 0.0496713 0.998766 0
    outer loop
      vertex -33.5886 5.31064 3
      vertex -33.5886 5.31064 0
      vertex -34.9913 5.3804 3
    endloop
  endfacet
  facet normal 0.149079 0.988825 -0
    outer loop
      vertex 34.075 -16.0945 0
      vertex 34.075 -16.0945 3
      vertex 35.4699 -16.3048 0
    endloop
  endfacet
  facet normal 0.149079 0.988825 0
    outer loop
      vertex 35.4699 -16.3048 3
      vertex 35.4699 -16.3048 0
      vertex 34.075 -16.0945 3
    endloop
  endfacet
  facet normal 0.591188 0.806534 -0
    outer loop
      vertex 32.3061 -14.7979 0
      vertex 32.3061 -14.7979 3
      vertex 34.075 -16.0945 0
    endloop
  endfacet
  facet normal 0.591188 0.806534 0
    outer loop
      vertex 34.075 -16.0945 3
      vertex 34.075 -16.0945 0
      vertex 32.3061 -14.7979 3
    endloop
  endfacet
  facet normal 0.0490397 0.998797 -0
    outer loop
      vertex 29.9537 -14.6824 0
      vertex 29.9537 -14.6824 3
      vertex 32.3061 -14.7979 0
    endloop
  endfacet
  facet normal 0.0490397 0.998797 0
    outer loop
      vertex 32.3061 -14.7979 3
      vertex 32.3061 -14.7979 0
      vertex 29.9537 -14.6824 3
    endloop
  endfacet
  facet normal 0.341833 0.939761 -0
    outer loop
      vertex 28.8642 -14.2861 0
      vertex 28.8642 -14.2861 3
      vertex 29.9537 -14.6824 0
    endloop
  endfacet
  facet normal 0.341833 0.939761 0
    outer loop
      vertex 29.9537 -14.6824 3
      vertex 29.9537 -14.6824 0
      vertex 28.8642 -14.2861 3
    endloop
  endfacet
  facet normal 0.434212 0.900811 -0
    outer loop
      vertex 25.0258 -12.4359 0
      vertex 25.0258 -12.4359 3
      vertex 28.8642 -14.2861 0
    endloop
  endfacet
  facet normal 0.434212 0.900811 0
    outer loop
      vertex 28.8642 -14.2861 3
      vertex 28.8642 -14.2861 0
      vertex 25.0258 -12.4359 3
    endloop
  endfacet
  facet normal 0.149 0.988837 -0
    outer loop
      vertex 24.029 -12.2857 0
      vertex 24.029 -12.2857 3
      vertex 25.0258 -12.4359 0
    endloop
  endfacet
  facet normal 0.149 0.988837 0
    outer loop
      vertex 25.0258 -12.4359 3
      vertex 25.0258 -12.4359 0
      vertex 24.029 -12.2857 3
    endloop
  endfacet
  facet normal -0.0460869 0.998937 0
    outer loop
      vertex 22.4012 -12.3608 0
      vertex 22.4012 -12.3608 3
      vertex 24.029 -12.2857 0
    endloop
  endfacet
  facet normal -0.0460869 0.998937 0
    outer loop
      vertex 24.029 -12.2857 3
      vertex 24.029 -12.2857 0
      vertex 22.4012 -12.3608 3
    endloop
  endfacet
  facet normal 0.243834 0.969817 -0
    outer loop
      vertex 21.031 -12.0163 0
      vertex 21.031 -12.0163 3
      vertex 22.4012 -12.3608 0
    endloop
  endfacet
  facet normal 0.243834 0.969817 0
    outer loop
      vertex 22.4012 -12.3608 3
      vertex 22.4012 -12.3608 0
      vertex 21.031 -12.0163 3
    endloop
  endfacet
  facet normal 0.541246 0.840864 -0
    outer loop
      vertex 18.1586 -10.1674 0
      vertex 18.1586 -10.1674 3
      vertex 21.031 -12.0163 0
    endloop
  endfacet
  facet normal 0.541246 0.840864 0
    outer loop
      vertex 21.031 -12.0163 3
      vertex 21.031 -12.0163 0
      vertex 18.1586 -10.1674 3
    endloop
  endfacet
  facet normal 0.149023 0.988834 -0
    outer loop
      vertex 16.6061 -9.93343 0
      vertex 16.6061 -9.93343 3
      vertex 18.1586 -10.1674 0
    endloop
  endfacet
  facet normal 0.149023 0.988834 0
    outer loop
      vertex 18.1586 -10.1674 3
      vertex 18.1586 -10.1674 0
      vertex 16.6061 -9.93343 3
    endloop
  endfacet
  facet normal 0.460135 0.887849 -0
    outer loop
      vertex 15.3853 -9.30074 0
      vertex 15.3853 -9.30074 3
      vertex 16.6061 -9.93343 0
    endloop
  endfacet
  facet normal 0.460135 0.887849 0
    outer loop
      vertex 16.6061 -9.93343 3
      vertex 16.6061 -9.93343 0
      vertex 15.3853 -9.30074 3
    endloop
  endfacet
  facet normal 0.716895 0.697182 -0
    outer loop
      vertex 12.7604 -6.60162 0
      vertex 12.7604 -6.60162 3
      vertex 15.3853 -9.30074 0
    endloop
  endfacet
  facet normal 0.716895 0.697182 0
    outer loop
      vertex 15.3853 -9.30074 3
      vertex 15.3853 -9.30074 0
      vertex 12.7604 -6.60162 3
    endloop
  endfacet
  facet normal 0.643951 0.765067 -0
    outer loop
      vertex 10.6226 -4.80225 0
      vertex 10.6226 -4.80225 3
      vertex 12.7604 -6.60162 0
    endloop
  endfacet
  facet normal 0.643951 0.765067 0
    outer loop
      vertex 12.7604 -6.60162 3
      vertex 12.7604 -6.60162 0
      vertex 10.6226 -4.80225 3
    endloop
  endfacet
  facet normal 0.859305 0.511464 -0
    outer loop
      vertex 9.47644 -2.8766 0
      vertex 9.47644 -2.8766 3
      vertex 10.6226 -4.80225 0
    endloop
  endfacet
  facet normal 0.859305 0.511464 0
    outer loop
      vertex 10.6226 -4.80225 3
      vertex 10.6226 -4.80225 0
      vertex 9.47644 -2.8766 3
    endloop
  endfacet
  facet normal 0.716921 0.697155 -0
    outer loop
      vertex 8.88283 -2.26616 0
      vertex 8.88283 -2.26616 3
      vertex 9.47644 -2.8766 0
    endloop
  endfacet
  facet normal 0.716921 0.697155 0
    outer loop
      vertex 9.47644 -2.8766 3
      vertex 9.47644 -2.8766 0
      vertex 8.88283 -2.26616 3
    endloop
  endfacet
  facet normal 0.859302 0.511469 -0
    outer loop
      vertex 8.18681 -1.0968 0
      vertex 8.18681 -1.0968 3
      vertex 8.88283 -2.26616 0
    endloop
  endfacet
  facet normal 0.859302 0.511469 0
    outer loop
      vertex 8.88283 -2.26616 3
      vertex 8.88283 -2.26616 0
      vertex 8.18681 -1.0968 3
    endloop
  endfacet
  facet normal 0.914912 0.403653 -0
    outer loop
      vertex 6.96381 1.67523 0
      vertex 6.96381 1.67523 3
      vertex 8.18681 -1.0968 0
    endloop
  endfacet
  facet normal 0.914912 0.403653 0
    outer loop
      vertex 8.18681 -1.0968 3
      vertex 8.18681 -1.0968 0
      vertex 6.96381 1.67523 3
    endloop
  endfacet
  facet normal 0.887916 -0.460005 0
    outer loop
      vertex 7.00208 1.7491 0
      vertex 7.00208 1.7491 3
      vertex 6.96381 1.67523 0
    endloop
  endfacet
  facet normal 0.887916 -0.460005 0
    outer loop
      vertex 6.96381 1.67523 3
      vertex 6.96381 1.67523 0
      vertex 7.00208 1.7491 3
    endloop
  endfacet
  facet normal 0.965486 0.260455 -0
    outer loop
      vertex 6.60287 3.22894 0
      vertex 6.60287 3.22894 3
      vertex 7.00208 1.7491 0
    endloop
  endfacet
  facet normal 0.965486 0.260455 0
    outer loop
      vertex 7.00208 1.7491 3
      vertex 7.00208 1.7491 0
      vertex 6.60287 3.22894 3
    endloop
  endfacet
  facet normal 1 0 -0
    outer loop
      vertex 6.60287 4.43408 0
      vertex 6.60287 4.43408 3
      vertex 6.60287 3.22894 0
    endloop
  endfacet
  facet normal 1 -0 0
    outer loop
      vertex 6.60287 3.22894 3
      vertex 6.60287 3.22894 0
      vertex 6.60287 4.43408 3
    endloop
  endfacet
  facet normal -0.260519 0.965469 0
    outer loop
      vertex 6.52864 4.41405 0
      vertex 6.52864 4.41405 3
      vertex 6.60287 4.43408 0
    endloop
  endfacet
  facet normal -0.260519 0.965469 0
    outer loop
      vertex 6.60287 4.43408 3
      vertex 6.60287 4.43408 0
      vertex 6.52864 4.41405 3
    endloop
  endfacet
  facet normal 0.998689 -0.0511962 0
    outer loop
      vertex 6.60287 5.86206 0
      vertex 6.60287 5.86206 3
      vertex 6.52864 4.41405 0
    endloop
  endfacet
  facet normal 0.998689 -0.0511962 0
    outer loop
      vertex 6.52864 4.41405 3
      vertex 6.52864 4.41405 0
      vertex 6.60287 5.86206 3
    endloop
  endfacet
  facet normal 1 0 -0
    outer loop
      vertex 6.60287 8.32999 0
      vertex 6.60287 8.32999 3
      vertex 6.60287 5.86206 0
    endloop
  endfacet
  facet normal 1 -0 0
    outer loop
      vertex 6.60287 5.86206 3
      vertex 6.60287 5.86206 0
      vertex 6.60287 8.32999 3
    endloop
  endfacet
  facet normal -0.0462509 -0.99893 0
    outer loop
      vertex 8.38579 8.24744 0
      vertex 8.38579 8.24744 3
      vertex 6.60287 8.32999 0
    endloop
  endfacet
  facet normal -0.0462509 -0.99893 -0
    outer loop
      vertex 6.60287 8.32999 3
      vertex 6.60287 8.32999 0
      vertex 8.38579 8.24744 3
    endloop
  endfacet
  facet normal -0.452075 -0.89198 0
    outer loop
      vertex 10.2115 7.32213 0
      vertex 10.2115 7.32213 3
      vertex 8.38579 8.24744 0
    endloop
  endfacet
  facet normal -0.452075 -0.89198 -0
    outer loop
      vertex 8.38579 8.24744 3
      vertex 8.38579 8.24744 0
      vertex 10.2115 7.32213 3
    endloop
  endfacet
  facet normal -0.627277 -0.778796 0
    outer loop
      vertex 11.1922 6.53223 0
      vertex 11.1922 6.53223 3
      vertex 10.2115 7.32213 0
    endloop
  endfacet
  facet normal -0.627277 -0.778796 -0
    outer loop
      vertex 10.2115 7.32213 3
      vertex 10.2115 7.32213 0
      vertex 11.1922 6.53223 3
    endloop
  endfacet
  facet normal -0.721822 -0.692079 0
    outer loop
      vertex 12.0366 5.65154 0
      vertex 12.0366 5.65154 3
      vertex 11.1922 6.53223 0
    endloop
  endfacet
  facet normal -0.721822 -0.692079 -0
    outer loop
      vertex 11.1922 6.53223 3
      vertex 11.1922 6.53223 0
      vertex 12.0366 5.65154 3
    endloop
  endfacet
  facet normal -0.384606 -0.923081 0
    outer loop
      vertex 13.2351 5.15218 0
      vertex 13.2351 5.15218 3
      vertex 12.0366 5.65154 0
    endloop
  endfacet
  facet normal -0.384606 -0.923081 -0
    outer loop
      vertex 12.0366 5.65154 3
      vertex 12.0366 5.65154 0
      vertex 13.2351 5.15218 3
    endloop
  endfacet
  facet normal 0 -1 0
    outer loop
      vertex 14.5516 5.15218 0
      vertex 14.5516 5.15218 3
      vertex 13.2351 5.15218 0
    endloop
  endfacet
  facet normal 0 -1 0
    outer loop
      vertex 13.2351 5.15218 3
      vertex 13.2351 5.15218 0
      vertex 14.5516 5.15218 3
    endloop
  endfacet
  facet normal -0.384623 -0.923074 0
    outer loop
      vertex 15.7095 4.66971 0
      vertex 15.7095 4.66971 3
      vertex 14.5516 5.15218 0
    endloop
  endfacet
  facet normal -0.384623 -0.923074 -0
    outer loop
      vertex 14.5516 5.15218 3
      vertex 14.5516 5.15218 0
      vertex 15.7095 4.66971 3
    endloop
  endfacet
  facet normal -0.505898 -0.862593 0
    outer loop
      vertex 16.9304 3.95367 0
      vertex 16.9304 3.95367 3
      vertex 15.7095 4.66971 0
    endloop
  endfacet
  facet normal -0.505898 -0.862593 -0
    outer loop
      vertex 15.7095 4.66971 3
      vertex 15.7095 4.66971 0
      vertex 16.9304 3.95367 3
    endloop
  endfacet
  facet normal -0.745314 -0.666714 0
    outer loop
      vertex 19.0096 1.62935 0
      vertex 19.0096 1.62935 3
      vertex 16.9304 3.95367 0
    endloop
  endfacet
  facet normal -0.745314 -0.666714 -0
    outer loop
      vertex 16.9304 3.95367 3
      vertex 16.9304 3.95367 0
      vertex 19.0096 1.62935 3
    endloop
  endfacet
  facet normal -0.580484 -0.814272 0
    outer loop
      vertex 19.9266 0.975632 0
      vertex 19.9266 0.975632 3
      vertex 19.0096 1.62935 0
    endloop
  endfacet
  facet normal -0.580484 -0.814272 -0
    outer loop
      vertex 19.0096 1.62935 3
      vertex 19.0096 1.62935 0
      vertex 19.9266 0.975632 3
    endloop
  endfacet
  facet normal -0.399946 -0.916539 0
    outer loop
      vertex 23.0506 -0.387573 0
      vertex 23.0506 -0.387573 3
      vertex 19.9266 0.975632 0
    endloop
  endfacet
  facet normal -0.399946 -0.916539 -0
    outer loop
      vertex 19.9266 0.975632 3
      vertex 19.9266 0.975632 0
      vertex 23.0506 -0.387573 3
    endloop
  endfacet
  facet normal -0.580445 -0.814299 0
    outer loop
      vertex 24.2442 -1.23839 0
      vertex 24.2442 -1.23839 3
      vertex 23.0506 -0.387573 0
    endloop
  endfacet
  facet normal -0.580445 -0.814299 -0
    outer loop
      vertex 23.0506 -0.387573 3
      vertex 23.0506 -0.387573 0
      vertex 24.2442 -1.23839 3
    endloop
  endfacet
  facet normal -0.892156 -0.451728 0
    outer loop
      vertex 24.9286 -2.59007 0
      vertex 24.9286 -2.59007 3
      vertex 24.2442 -1.23839 0
    endloop
  endfacet
  facet normal -0.892156 -0.451728 -0
    outer loop
      vertex 24.2442 -1.23839 3
      vertex 24.2442 -1.23839 0
      vertex 24.9286 -2.59007 3
    endloop
  endfacet
  facet normal -0.97766 -0.210192 0
    outer loop
      vertex 25.22 -3.94545 0
      vertex 25.22 -3.94545 3
      vertex 24.9286 -2.59007 0
    endloop
  endfacet
  facet normal -0.97766 -0.210192 -0
    outer loop
      vertex 24.9286 -2.59007 3
      vertex 24.9286 -2.59007 0
      vertex 25.22 -3.94545 3
    endloop
  endfacet
  facet normal -0.892192 -0.451656 0
    outer loop
      vertex 25.5445 -4.58646 0
      vertex 25.5445 -4.58646 3
      vertex 25.22 -3.94545 0
    endloop
  endfacet
  facet normal -0.892192 -0.451656 -0
    outer loop
      vertex 25.22 -3.94545 3
      vertex 25.22 -3.94545 0
      vertex 25.5445 -4.58646 3
    endloop
  endfacet
  facet normal -0.84797 -0.530044 0
    outer loop
      vertex 26.2278 -5.67961 0
      vertex 26.2278 -5.67961 3
      vertex 25.5445 -4.58646 0
    endloop
  endfacet
  facet normal -0.84797 -0.530044 -0
    outer loop
      vertex 25.5445 -4.58646 3
      vertex 25.5445 -4.58646 0
      vertex 26.2278 -5.67961 3
    endloop
  endfacet
  facet normal -0.580449 -0.814297 0
    outer loop
      vertex 26.9601 -6.20161 0
      vertex 26.9601 -6.20161 3
      vertex 26.2278 -5.67961 0
    endloop
  endfacet
  facet normal -0.580449 -0.814297 -0
    outer loop
      vertex 26.2278 -5.67961 3
      vertex 26.2278 -5.67961 0
      vertex 26.9601 -6.20161 3
    endloop
  endfacet
  facet normal -0.39995 -0.916537 0
    outer loop
      vertex 28.3043 -6.78818 0
      vertex 28.3043 -6.78818 3
      vertex 26.9601 -6.20161 0
    endloop
  endfacet
  facet normal -0.39995 -0.916537 -0
    outer loop
      vertex 26.9601 -6.20161 3
      vertex 26.9601 -6.20161 0
      vertex 28.3043 -6.78818 3
    endloop
  endfacet
  facet normal 0.91655 -0.39992 0
    outer loop
      vertex 28.6741 -5.94066 0
      vertex 28.6741 -5.94066 3
      vertex 28.3043 -6.78818 0
    endloop
  endfacet
  facet normal 0.91655 -0.39992 0
    outer loop
      vertex 28.3043 -6.78818 3
      vertex 28.3043 -6.78818 0
      vertex 28.6741 -5.94066 3
    endloop
  endfacet
  facet normal 0.802009 0.597312 -0
    outer loop
      vertex 27.5262 -4.39938 0
      vertex 27.5262 -4.39938 3
      vertex 28.6741 -5.94066 0
    endloop
  endfacet
  facet normal 0.802009 0.597312 0
    outer loop
      vertex 28.6741 -5.94066 3
      vertex 28.6741 -5.94066 0
      vertex 27.5262 -4.39938 3
    endloop
  endfacet
  facet normal 0.84795 0.530076 -0
    outer loop
      vertex 27.0002 -3.55795 0
      vertex 27.0002 -3.55795 3
      vertex 27.5262 -4.39938 0
    endloop
  endfacet
  facet normal 0.84795 0.530076 0
    outer loop
      vertex 27.5262 -4.39938 3
      vertex 27.5262 -4.39938 0
      vertex 27.0002 -3.55795 3
    endloop
  endfacet
  facet normal 0.973842 0.227224 -0
    outer loop
      vertex 26.6243 -1.94691 0
      vertex 26.6243 -1.94691 3
      vertex 27.0002 -3.55795 0
    endloop
  endfacet
  facet normal 0.973842 0.227224 0
    outer loop
      vertex 27.0002 -3.55795 3
      vertex 27.0002 -3.55795 0
      vertex 26.6243 -1.94691 3
    endloop
  endfacet
  facet normal 0.847963 0.530056 -0
    outer loop
      vertex 25.6793 -0.435135 0
      vertex 25.6793 -0.435135 3
      vertex 26.6243 -1.94691 0
    endloop
  endfacet
  facet normal 0.847963 0.530056 0
    outer loop
      vertex 26.6243 -1.94691 3
      vertex 26.6243 -1.94691 0
      vertex 25.6793 -0.435135 3
    endloop
  endfacet
  facet normal 0.367984 -0.929832 0
    outer loop
      vertex 26.8122 0.0132141 0
      vertex 26.8122 0.0132141 3
      vertex 25.6793 -0.435135 0
    endloop
  endfacet
  facet normal 0.367984 -0.929832 0
    outer loop
      vertex 25.6793 -0.435135 3
      vertex 25.6793 -0.435135 0
      vertex 26.8122 0.0132141 3
    endloop
  endfacet
  facet normal 0 -1 0
    outer loop
      vertex 28.0528 0.0132141 0
      vertex 28.0528 0.0132141 3
      vertex 26.8122 0.0132141 0
    endloop
  endfacet
  facet normal 0 -1 0
    outer loop
      vertex 26.8122 0.0132141 3
      vertex 26.8122 0.0132141 0
      vertex 28.0528 0.0132141 3
    endloop
  endfacet
  facet normal 0.174993 -0.98457 0
    outer loop
      vertex 29.2785 0.231064 0
      vertex 29.2785 0.231064 3
      vertex 28.0528 0.0132141 0
    endloop
  endfacet
  facet normal 0.174993 -0.98457 0
    outer loop
      vertex 28.0528 0.0132141 3
      vertex 28.0528 0.0132141 0
      vertex 29.2785 0.231064 3
    endloop
  endfacet
  facet normal 0.530025 -0.847982 0
    outer loop
      vertex 30.5174 1.00543 0
      vertex 30.5174 1.00543 3
      vertex 29.2785 0.231064 0
    endloop
  endfacet
  facet normal 0.530025 -0.847982 0
    outer loop
      vertex 29.2785 0.231064 3
      vertex 29.2785 0.231064 0
      vertex 30.5174 1.00543 3
    endloop
  endfacet
  facet normal 0.196267 0.980551 -0
    outer loop
      vertex 29.0788 1.29338 0
      vertex 29.0788 1.29338 3
      vertex 30.5174 1.00543 0
    endloop
  endfacet
  facet normal 0.196267 0.980551 0
    outer loop
      vertex 30.5174 1.00543 3
      vertex 30.5174 1.00543 0
      vertex 29.0788 1.29338 3
    endloop
  endfacet
  facet normal 0.133773 0.991012 -0
    outer loop
      vertex 27.5988 1.49316 0
      vertex 27.5988 1.49316 3
      vertex 29.0788 1.29338 0
    endloop
  endfacet
  facet normal 0.133773 0.991012 0
    outer loop
      vertex 29.0788 1.29338 3
      vertex 29.0788 1.29338 0
      vertex 27.5988 1.49316 3
    endloop
  endfacet
  facet normal 0 1 0
    outer loop
      vertex 26.6243 1.49316 0
      vertex 26.6243 1.49316 3
      vertex 27.5988 1.49316 0
    endloop
  endfacet
  facet normal 0 1 0
    outer loop
      vertex 27.5988 1.49316 3
      vertex 27.5988 1.49316 0
      vertex 26.6243 1.49316 3
    endloop
  endfacet
  facet normal 0.133755 0.991014 -0
    outer loop
      vertex 25.6105 1.62999 0
      vertex 25.6105 1.62999 3
      vertex 26.6243 1.49316 0
    endloop
  endfacet
  facet normal 0.133755 0.991014 0
    outer loop
      vertex 26.6243 1.49316 3
      vertex 26.6243 1.49316 0
      vertex 25.6105 1.62999 3
    endloop
  endfacet
  facet normal 0.213056 0.97704 -0
    outer loop
      vertex 21.7617 2.46927 0
      vertex 21.7617 2.46927 3
      vertex 25.6105 1.62999 0
    endloop
  endfacet
  facet normal 0.213056 0.97704 0
    outer loop
      vertex 25.6105 1.62999 3
      vertex 25.6105 1.62999 0
      vertex 21.7617 2.46927 3
    endloop
  endfacet
  facet normal 0.454663 0.890664 -0
    outer loop
      vertex 20.8406 2.93947 0
      vertex 20.8406 2.93947 3
      vertex 21.7617 2.46927 0
    endloop
  endfacet
  facet normal 0.454663 0.890664 0
    outer loop
      vertex 21.7617 2.46927 3
      vertex 21.7617 2.46927 0
      vertex 20.8406 2.93947 3
    endloop
  endfacet
  facet normal 0.781342 0.624103 -0
    outer loop
      vertex 20.2263 3.70854 0
      vertex 20.2263 3.70854 3
      vertex 20.8406 2.93947 0
    endloop
  endfacet
  facet normal 0.781342 0.624103 0
    outer loop
      vertex 20.8406 2.93947 3
      vertex 20.8406 2.93947 0
      vertex 20.2263 3.70854 3
    endloop
  endfacet
  facet normal 0.997172 0.0751496 -0
    outer loop
      vertex 20.1264 5.03413 0
      vertex 20.1264 5.03413 3
      vertex 20.2263 3.70854 0
    endloop
  endfacet
  facet normal 0.997172 0.0751496 0
    outer loop
      vertex 20.2263 3.70854 3
      vertex 20.2263 3.70854 0
      vertex 20.1264 5.03413 3
    endloop
  endfacet
  facet normal 0.168482 -0.985705 0
    outer loop
      vertex 21.561 5.27934 0
      vertex 21.561 5.27934 3
      vertex 20.1264 5.03413 0
    endloop
  endfacet
  facet normal 0.168482 -0.985705 0
    outer loop
      vertex 20.1264 5.03413 3
      vertex 20.1264 5.03413 0
      vertex 21.561 5.27934 3
    endloop
  endfacet
  facet normal -0.19207 -0.981381 0
    outer loop
      vertex 22.8139 5.03413 0
      vertex 22.8139 5.03413 3
      vertex 21.561 5.27934 0
    endloop
  endfacet
  facet normal -0.19207 -0.981381 -0
    outer loop
      vertex 21.561 5.27934 3
      vertex 21.561 5.27934 0
      vertex 22.8139 5.03413 3
    endloop
  endfacet
  facet normal -0.399953 -0.916535 0
    outer loop
      vertex 24.8532 4.14423 0
      vertex 24.8532 4.14423 3
      vertex 22.8139 5.03413 0
    endloop
  endfacet
  facet normal -0.399953 -0.916535 -0
    outer loop
      vertex 22.8139 5.03413 3
      vertex 22.8139 5.03413 0
      vertex 24.8532 4.14423 3
    endloop
  endfacet
  facet normal -0.291171 -0.956671 0
    outer loop
      vertex 26.255 3.71758 0
      vertex 26.255 3.71758 3
      vertex 24.8532 4.14423 0
    endloop
  endfacet
  facet normal -0.291171 -0.956671 -0
    outer loop
      vertex 24.8532 4.14423 3
      vertex 24.8532 4.14423 0
      vertex 26.255 3.71758 3
    endloop
  endfacet
  facet normal -0.0573015 -0.998357 0
    outer loop
      vertex 28.1527 3.60866 0
      vertex 28.1527 3.60866 3
      vertex 26.255 3.71758 0
    endloop
  endfacet
  facet normal -0.0573015 -0.998357 -0
    outer loop
      vertex 26.255 3.71758 3
      vertex 26.255 3.71758 0
      vertex 28.1527 3.60866 3
    endloop
  endfacet
  facet normal 0.700991 -0.71317 0
    outer loop
      vertex 29.215 4.65282 0
      vertex 29.215 4.65282 3
      vertex 28.1527 3.60866 0
    endloop
  endfacet
  facet normal 0.700991 -0.71317 0
    outer loop
      vertex 28.1527 3.60866 3
      vertex 28.1527 3.60866 0
      vertex 29.215 4.65282 3
    endloop
  endfacet
  facet normal 0.46938 -0.882996 0
    outer loop
      vertex 30.2227 5.18849 0
      vertex 30.2227 5.18849 3
      vertex 29.215 4.65282 0
    endloop
  endfacet
  facet normal 0.46938 -0.882996 0
    outer loop
      vertex 29.215 4.65282 3
      vertex 29.215 4.65282 0
      vertex 30.2227 5.18849 3
    endloop
  endfacet
  facet normal -0.0572978 -0.998357 0
    outer loop
      vertex 31.5924 5.10988 0
      vertex 31.5924 5.10988 3
      vertex 30.2227 5.18849 0
    endloop
  endfacet
  facet normal -0.0572978 -0.998357 -0
    outer loop
      vertex 30.2227 5.18849 3
      vertex 30.2227 5.18849 0
      vertex 31.5924 5.10988 3
    endloop
  endfacet
  facet normal -0.381071 -0.924546 0
    outer loop
      vertex 32.5471 4.71638 0
      vertex 32.5471 4.71638 3
      vertex 31.5924 5.10988 0
    endloop
  endfacet
  facet normal -0.381071 -0.924546 -0
    outer loop
      vertex 31.5924 5.10988 3
      vertex 31.5924 5.10988 0
      vertex 32.5471 4.71638 3
    endloop
  endfacet
  facet normal -0.489599 -0.871948 0
    outer loop
      vertex 35.4253 3.10027 0
      vertex 35.4253 3.10027 3
      vertex 32.5471 4.71638 0
    endloop
  endfacet
  facet normal -0.489599 -0.871948 -0
    outer loop
      vertex 32.5471 4.71638 3
      vertex 32.5471 4.71638 0
      vertex 35.4253 3.10027 3
    endloop
  endfacet
  facet normal -0.616365 -0.787461 0
    outer loop
      vertex 36.2606 2.44646 0
      vertex 36.2606 2.44646 3
      vertex 35.4253 3.10027 0
    endloop
  endfacet
  facet normal -0.616365 -0.787461 -0
    outer loop
      vertex 35.4253 3.10027 3
      vertex 35.4253 3.10027 0
      vertex 36.2606 2.44646 3
    endloop
  endfacet
  facet normal -0.867279 -0.497822 0
    outer loop
      vertex 36.8599 1.40239 0
      vertex 36.8599 1.40239 3
      vertex 36.2606 2.44646 0
    endloop
  endfacet
  facet normal -0.867279 -0.497822 -0
    outer loop
      vertex 36.2606 2.44646 3
      vertex 36.2606 2.44646 0
      vertex 36.8599 1.40239 3
    endloop
  endfacet
  facet normal -0.895645 -0.444769 0
    outer loop
      vertex 37.5227 0.067688 0
      vertex 37.5227 0.067688 3
      vertex 36.8599 1.40239 0
    endloop
  endfacet
  facet normal -0.895645 -0.444769 -0
    outer loop
      vertex 36.8599 1.40239 3
      vertex 36.8599 1.40239 0
      vertex 37.5227 0.067688 3
    endloop
  endfacet
  facet normal -0.555966 -0.831205 0
    outer loop
      vertex 38.9209 -0.867523 0
      vertex 38.9209 -0.867523 3
      vertex 37.5227 0.067688 0
    endloop
  endfacet
  facet normal -0.555966 -0.831205 -0
    outer loop
      vertex 37.5227 0.067688 3
      vertex 37.5227 0.067688 0
      vertex 38.9209 -0.867523 3
    endloop
  endfacet
  facet normal -0.381021 -0.924566 0
    outer loop
      vertex 40.2487 -1.41472 0
      vertex 40.2487 -1.41472 3
      vertex 38.9209 -0.867523 0
    endloop
  endfacet
  facet normal -0.381021 -0.924566 -0
    outer loop
      vertex 38.9209 -0.867523 3
      vertex 38.9209 -0.867523 0
      vertex 40.2487 -1.41472 3
    endloop
  endfacet
  facet normal -0.148503 -0.988912 0
    outer loop
      vertex 41.1999 -1.55756 0
      vertex 41.1999 -1.55756 3
      vertex 40.2487 -1.41472 0
    endloop
  endfacet
  facet normal -0.148503 -0.988912 -0
    outer loop
      vertex 40.2487 -1.41472 3
      vertex 40.2487 -1.41472 0
      vertex 41.1999 -1.55756 3
    endloop
  endfacet
  facet normal -0.556109 -0.831109 0
    outer loop
      vertex 42.0515 -2.12738 0
      vertex 42.0515 -2.12738 3
      vertex 41.1999 -1.55756 0
    endloop
  endfacet
  facet normal -0.556109 -0.831109 -0
    outer loop
      vertex 41.1999 -1.55756 3
      vertex 41.1999 -1.55756 0
      vertex 42.0515 -2.12738 3
    endloop
  endfacet
  facet normal -0.707249 -0.706965 0
    outer loop
      vertex 42.8966 -2.97282 0
      vertex 42.8966 -2.97282 3
      vertex 42.0515 -2.12738 0
    endloop
  endfacet
  facet normal -0.707249 -0.706965 -0
    outer loop
      vertex 42.0515 -2.12738 3
      vertex 42.0515 -2.12738 0
      vertex 42.8966 -2.97282 3
    endloop
  endfacet
  facet normal -0.99509 0.0989725 0
    outer loop
      vertex 42.64 -5.55273 0
      vertex 42.64 -5.55273 3
      vertex 42.8966 -2.97282 0
    endloop
  endfacet
  facet normal -0.99509 0.0989725 0
    outer loop
      vertex 42.8966 -2.97282 3
      vertex 42.8966 -2.97282 0
      vertex 42.64 -5.55273 3
    endloop
  endfacet
  facet normal -0.987275 0.159025 0
    outer loop
      vertex 42.2277 -8.11241 0
      vertex 42.2277 -8.11241 3
      vertex 42.64 -5.55273 0
    endloop
  endfacet
  facet normal -0.987275 0.159025 0
    outer loop
      vertex 42.64 -5.55273 3
      vertex 42.64 -5.55273 0
      vertex 42.2277 -8.11241 3
    endloop
  endfacet
  facet normal -0.975873 0.21834 0
    outer loop
      vertex 41.6616 -10.6426 0
      vertex 41.6616 -10.6426 3
      vertex 42.2277 -8.11241 0
    endloop
  endfacet
  facet normal -0.975873 0.21834 0
    outer loop
      vertex 42.2277 -8.11241 3
      vertex 42.2277 -8.11241 0
      vertex 41.6616 -10.6426 3
    endloop
  endfacet
  facet normal -0.960998 0.276555 0
    outer loop
      vertex 40.9446 -13.1341 0
      vertex 40.9446 -13.1341 3
      vertex 41.6616 -10.6426 0
    endloop
  endfacet
  facet normal -0.960998 0.276555 0
    outer loop
      vertex 41.6616 -10.6426 3
      vertex 41.6616 -10.6426 0
      vertex 40.9446 -13.1341 3
    endloop
  endfacet
  facet normal -0.94258 0.33398 0
    outer loop
      vertex 40.0787 -15.5779 0
      vertex 40.0787 -15.5779 3
      vertex 40.9446 -13.1341 0
    endloop
  endfacet
  facet normal -0.94258 0.33398 0
    outer loop
      vertex 40.9446 -13.1341 3
      vertex 40.9446 -13.1341 0
      vertex 40.0787 -15.5779 3
    endloop
  endfacet
  facet normal 0.148997 0.988838 -0
    outer loop
      vertex 38.9664 -15.4103 0
      vertex 38.9664 -15.4103 3
      vertex 40.0787 -15.5779 0
    endloop
  endfacet
  facet normal 0.148997 0.988838 0
    outer loop
      vertex 40.0787 -15.5779 3
      vertex 40.0787 -15.5779 0
      vertex 38.9664 -15.4103 3
    endloop
  endfacet
  facet normal -0.541657 0.8406 0
    outer loop
      vertex 37.8661 -16.1193 0
      vertex 37.8661 -16.1193 3
      vertex 38.9664 -15.4103 0
    endloop
  endfacet
  facet normal -0.541657 0.8406 0
    outer loop
      vertex 38.9664 -15.4103 3
      vertex 38.9664 -15.4103 0
      vertex 37.8661 -16.1193 3
    endloop
  endfacet
  facet normal -0.37398 0.927437 0
    outer loop
      vertex 36.9463 -16.4902 0
      vertex 36.9463 -16.4902 3
      vertex 37.8661 -16.1193 0
    endloop
  endfacet
  facet normal -0.37398 0.927437 0
    outer loop
      vertex 37.8661 -16.1193 3
      vertex 37.8661 -16.1193 0
      vertex 36.9463 -16.4902 3
    endloop
  endfacet
  facet normal 0.124597 0.992207 -0
    outer loop
      vertex 35.4699 -16.3048 0
      vertex 35.4699 -16.3048 3
      vertex 36.9463 -16.4902 0
    endloop
  endfacet
  facet normal 0.124597 0.992207 0
    outer loop
      vertex 36.9463 -16.4902 3
      vertex 36.9463 -16.4902 0
      vertex 35.4699 -16.3048 3
    endloop
  endfacet
  facet normal 0.165627 0.986188 -0
    outer loop
      vertex -33.7161 -9.81654 0
      vertex -33.7161 -9.81654 3
      vertex -32.276 -10.0584 0
    endloop
  endfacet
  facet normal 0.165627 0.986188 0
    outer loop
      vertex -32.276 -10.0584 3
      vertex -32.276 -10.0584 0
      vertex -33.7161 -9.81654 3
    endloop
  endfacet
  facet normal 0.0665533 0.997783 -0
    outer loop
      vertex -34.6825 -9.75208 0
      vertex -34.6825 -9.75208 3
      vertex -33.7161 -9.81654 0
    endloop
  endfacet
  facet normal 0.0665533 0.997783 0
    outer loop
      vertex -33.7161 -9.81654 3
      vertex -33.7161 -9.81654 0
      vertex -34.6825 -9.75208 3
    endloop
  endfacet
  facet normal 0.252231 0.967667 -0
    outer loop
      vertex -35.7389 -9.47672 0
      vertex -35.7389 -9.47672 3
      vertex -34.6825 -9.75208 0
    endloop
  endfacet
  facet normal 0.252231 0.967667 0
    outer loop
      vertex -34.6825 -9.75208 3
      vertex -34.6825 -9.75208 0
      vertex -35.7389 -9.47672 3
    endloop
  endfacet
  facet normal 0.460279 0.887774 -0
    outer loop
      vertex -36.8611 -8.8949 0
      vertex -36.8611 -8.8949 3
      vertex -35.7389 -9.47672 0
    endloop
  endfacet
  facet normal 0.460279 0.887774 0
    outer loop
      vertex -35.7389 -9.47672 3
      vertex -35.7389 -9.47672 0
      vertex -36.8611 -8.8949 3
    endloop
  endfacet
  facet normal 0.558709 0.829364 -0
    outer loop
      vertex -37.9556 -8.15758 0
      vertex -37.9556 -8.15758 3
      vertex -36.8611 -8.8949 0
    endloop
  endfacet
  facet normal 0.558709 0.829364 0
    outer loop
      vertex -36.8611 -8.8949 3
      vertex -36.8611 -8.8949 0
      vertex -37.9556 -8.15758 3
    endloop
  endfacet
  facet normal 0.320937 0.9471 -0
    outer loop
      vertex -38.902 -7.83688 0
      vertex -38.902 -7.83688 3
      vertex -37.9556 -8.15758 0
    endloop
  endfacet
  facet normal 0.320937 0.9471 0
    outer loop
      vertex -37.9556 -8.15758 3
      vertex -37.9556 -8.15758 0
      vertex -38.902 -7.83688 3
    endloop
  endfacet
  facet normal 0.558786 0.829312 -0
    outer loop
      vertex -40.0304 -7.07657 0
      vertex -40.0304 -7.07657 3
      vertex -38.902 -7.83688 0
    endloop
  endfacet
  facet normal 0.558786 0.829312 0
    outer loop
      vertex -38.902 -7.83688 3
      vertex -38.902 -7.83688 0
      vertex -40.0304 -7.07657 3
    endloop
  endfacet
  facet normal 0.703189 0.711003 -0
    outer loop
      vertex -41.0349 -6.08311 0
      vertex -41.0349 -6.08311 3
      vertex -40.0304 -7.07657 0
    endloop
  endfacet
  facet normal 0.703189 0.711003 0
    outer loop
      vertex -40.0304 -7.07657 3
      vertex -40.0304 -7.07657 0
      vertex -41.0349 -6.08311 3
    endloop
  endfacet
  facet normal 0.811246 0.584704 -0
    outer loop
      vertex -41.8148 -5.00104 0
      vertex -41.8148 -5.00104 3
      vertex -41.0349 -6.08311 0
    endloop
  endfacet
  facet normal 0.811246 0.584704 0
    outer loop
      vertex -41.0349 -6.08311 3
      vertex -41.0349 -6.08311 0
      vertex -41.8148 -5.00104 3
    endloop
  endfacet
  facet normal 0.703244 0.710948 -0
    outer loop
      vertex -42.5272 -4.29636 0
      vertex -42.5272 -4.29636 3
      vertex -41.8148 -5.00104 0
    endloop
  endfacet
  facet normal 0.703244 0.710948 0
    outer loop
      vertex -41.8148 -5.00104 3
      vertex -41.8148 -5.00104 0
      vertex -42.5272 -4.29636 3
    endloop
  endfacet
  facet normal -0.584636 0.811296 0
    outer loop
      vertex -42.6271 -4.36835 0
      vertex -42.6271 -4.36835 3
      vertex -42.5272 -4.29636 0
    endloop
  endfacet
  facet normal -0.584636 0.811296 0
    outer loop
      vertex -42.5272 -4.29636 3
      vertex -42.5272 -4.29636 0
      vertex -42.6271 -4.36835 3
    endloop
  endfacet
  facet normal 0.00772281 0.99997 -0
    outer loop
      vertex -42.7773 -4.36719 0
      vertex -42.7773 -4.36719 3
      vertex -42.6271 -4.36835 0
    endloop
  endfacet
  facet normal 0.00772281 0.99997 0
    outer loop
      vertex -42.6271 -4.36835 3
      vertex -42.6271 -4.36835 0
      vertex -42.7773 -4.36719 3
    endloop
  endfacet
  facet normal 0.997489 0.0708251 -0
    outer loop
      vertex -42.9652 -1.72084 0
      vertex -42.9652 -1.72084 3
      vertex -42.7773 -4.36719 0
    endloop
  endfacet
  facet normal 0.997489 0.0708251 0
    outer loop
      vertex -42.7773 -4.36719 3
      vertex -42.7773 -4.36719 0
      vertex -42.9652 -1.72084 3
    endloop
  endfacet
  facet normal 0.999958 0.00915964 -0
    outer loop
      vertex -42.9895 0.931992 0
      vertex -42.9895 0.931992 3
      vertex -42.9652 -1.72084 0
    endloop
  endfacet
  facet normal 0.999958 0.00915964 0
    outer loop
      vertex -42.9652 -1.72084 3
      vertex -42.9652 -1.72084 0
      vertex -42.9895 0.931992 3
    endloop
  endfacet
  facet normal 0.998623 -0.0524696 0
    outer loop
      vertex -42.8503 3.5813 0
      vertex -42.8503 3.5813 3
      vertex -42.9895 0.931992 0
    endloop
  endfacet
  facet normal 0.998623 -0.0524696 0
    outer loop
      vertex -42.9895 0.931992 3
      vertex -42.9895 0.931992 0
      vertex -42.8503 3.5813 3
    endloop
  endfacet
  facet normal 0.993478 -0.114026 0
    outer loop
      vertex -42.5478 6.2169 0
      vertex -42.5478 6.2169 3
      vertex -42.8503 3.5813 0
    endloop
  endfacet
  facet normal 0.993478 -0.114026 0
    outer loop
      vertex -42.8503 3.5813 3
      vertex -42.8503 3.5813 0
      vertex -42.5478 6.2169 3
    endloop
  endfacet
  facet normal -0.245951 -0.969282 0
    outer loop
      vertex -42.4717 6.19759 0
      vertex -42.4717 6.19759 3
      vertex -42.5478 6.2169 0
    endloop
  endfacet
  facet normal -0.245951 -0.969282 -0
    outer loop
      vertex -42.5478 6.2169 3
      vertex -42.5478 6.2169 0
      vertex -42.4717 6.19759 3
    endloop
  endfacet
  facet normal -0.304164 -0.95262 0
    outer loop
      vertex -40.5139 5.57248 0
      vertex -40.5139 5.57248 3
      vertex -42.4717 6.19759 0
    endloop
  endfacet
  facet normal -0.304164 -0.95262 -0
    outer loop
      vertex -42.4717 6.19759 3
      vertex -42.4717 6.19759 0
      vertex -40.5139 5.57248 3
    endloop
  endfacet
  facet normal -0.0682274 -0.99767 0
    outer loop
      vertex -39.0101 5.46964 0
      vertex -39.0101 5.46964 3
      vertex -40.5139 5.57248 0
    endloop
  endfacet
  facet normal -0.0682274 -0.99767 -0
    outer loop
      vertex -40.5139 5.57248 3
      vertex -40.5139 5.57248 0
      vertex -39.0101 5.46964 3
    endloop
  endfacet
  facet normal -0.37807 -0.925777 0
    outer loop
      vertex -37.4985 4.85233 0
      vertex -37.4985 4.85233 3
      vertex -39.0101 5.46964 0
    endloop
  endfacet
  facet normal -0.37807 -0.925777 -0
    outer loop
      vertex -39.0101 5.46964 3
      vertex -39.0101 5.46964 0
      vertex -37.4985 4.85233 3
    endloop
  endfacet
  facet normal -0.394122 -0.919058 0
    outer loop
      vertex -35.2857 3.90341 0
      vertex -35.2857 3.90341 3
      vertex -37.4985 4.85233 0
    endloop
  endfacet
  facet normal -0.394122 -0.919058 -0
    outer loop
      vertex -37.4985 4.85233 3
      vertex -37.4985 4.85233 0
      vertex -35.2857 3.90341 3
    endloop
  endfacet
  facet normal -0.378099 -0.925765 0
    outer loop
      vertex -34.0906 3.41531 0
      vertex -34.0906 3.41531 3
      vertex -35.2857 3.90341 0
    endloop
  endfacet
  facet normal -0.378099 -0.925765 -0
    outer loop
      vertex -35.2857 3.90341 3
      vertex -35.2857 3.90341 0
      vertex -34.0906 3.41531 3
    endloop
  endfacet
  facet normal -0.213796 -0.976878 0
    outer loop
      vertex -33.0294 3.18306 0
      vertex -33.0294 3.18306 3
      vertex -34.0906 3.41531 0
    endloop
  endfacet
  facet normal -0.213796 -0.976878 -0
    outer loop
      vertex -34.0906 3.41531 3
      vertex -34.0906 3.41531 0
      vertex -33.0294 3.18306 3
    endloop
  endfacet
  facet normal -0.0682547 -0.997668 0
    outer loop
      vertex -32.0204 3.11403 0
      vertex -32.0204 3.11403 3
      vertex -33.0294 3.18306 0
    endloop
  endfacet
  facet normal -0.0682547 -0.997668 -0
    outer loop
      vertex -33.0294 3.18306 3
      vertex -33.0294 3.18306 0
      vertex -32.0204 3.11403 3
    endloop
  endfacet
  facet normal 0.075065 -0.997179 0
    outer loop
      vertex -29.5603 3.29922 0
      vertex -29.5603 3.29922 3
      vertex -32.0204 3.11403 0
    endloop
  endfacet
  facet normal 0.075065 -0.997179 0
    outer loop
      vertex -32.0204 3.11403 3
      vertex -32.0204 3.11403 0
      vertex -29.5603 3.29922 3
    endloop
  endfacet
  facet normal 0.182589 -0.983189 0
    outer loop
      vertex -28.3573 3.52263 0
      vertex -28.3573 3.52263 3
      vertex -29.5603 3.29922 0
    endloop
  endfacet
  facet normal 0.182589 -0.983189 0
    outer loop
      vertex -29.5603 3.29922 3
      vertex -29.5603 3.29922 0
      vertex -28.3573 3.52263 3
    endloop
  endfacet
  facet normal 0.569479 -0.822006 0
    outer loop
      vertex -27.0435 4.43282 0
      vertex -27.0435 4.43282 3
      vertex -28.3573 3.52263 0
    endloop
  endfacet
  facet normal 0.569479 -0.822006 0
    outer loop
      vertex -28.3573 3.52263 3
      vertex -28.3573 3.52263 0
      vertex -27.0435 4.43282 3
    endloop
  endfacet
  facet normal -0.32913 -0.944285 0
    outer loop
      vertex -23.2288 3.10321 0
      vertex -23.2288 3.10321 3
      vertex -27.0435 4.43282 0
    endloop
  endfacet
  facet normal -0.32913 -0.944285 -0
    outer loop
      vertex -27.0435 4.43282 3
      vertex -27.0435 4.43282 0
      vertex -23.2288 3.10321 3
    endloop
  endfacet
  facet normal -0.239301 -0.970946 0
    outer loop
      vertex -20.0735 2.32555 0
      vertex -20.0735 2.32555 3
      vertex -23.2288 3.10321 0
    endloop
  endfacet
  facet normal -0.239301 -0.970946 -0
    outer loop
      vertex -23.2288 3.10321 3
      vertex -23.2288 3.10321 0
      vertex -20.0735 2.32555 3
    endloop
  endfacet
  facet normal -0.183485 -0.983023 0
    outer loop
      vertex -18.8125 2.09018 0
      vertex -18.8125 2.09018 3
      vertex -20.0735 2.32555 0
    endloop
  endfacet
  facet normal -0.183485 -0.983023 -0
    outer loop
      vertex -20.0735 2.32555 3
      vertex -20.0735 2.32555 0
      vertex -18.8125 2.09018 3
    endloop
  endfacet
  facet normal 0.165703 -0.986176 0
    outer loop
      vertex -17.4117 2.32555 0
      vertex -17.4117 2.32555 3
      vertex -18.8125 2.09018 0
    endloop
  endfacet
  facet normal 0.165703 -0.986176 0
    outer loop
      vertex -18.8125 2.09018 3
      vertex -18.8125 2.09018 0
      vertex -17.4117 2.32555 3
    endloop
  endfacet
  facet normal 0.205769 -0.978601 0
    outer loop
      vertex -16.5411 2.50861 0
      vertex -16.5411 2.50861 3
      vertex -17.4117 2.32555 0
    endloop
  endfacet
  facet normal 0.205769 -0.978601 0
    outer loop
      vertex -17.4117 2.32555 3
      vertex -17.4117 2.32555 0
      vertex -16.5411 2.50861 3
    endloop
  endfacet
  facet normal -0.183487 -0.983022 0
    outer loop
      vertex -16.051 2.41713 0
      vertex -16.051 2.41713 3
      vertex -16.5411 2.50861 0
    endloop
  endfacet
  facet normal -0.183487 -0.983022 -0
    outer loop
      vertex -16.5411 2.50861 3
      vertex -16.5411 2.50861 0
      vertex -16.051 2.41713 3
    endloop
  endfacet
  facet normal -0.992576 0.121628 0
    outer loop
      vertex -16.1929 1.25912 0
      vertex -16.1929 1.25912 3
      vertex -16.051 2.41713 0
    endloop
  endfacet
  facet normal -0.992576 0.121628 0
    outer loop
      vertex -16.051 2.41713 3
      vertex -16.051 2.41713 0
      vertex -16.1929 1.25912 3
    endloop
  endfacet
  facet normal -0.85634 0.516412 0
    outer loop
      vertex -16.8181 0.222382 0
      vertex -16.8181 0.222382 3
      vertex -16.1929 1.25912 0
    endloop
  endfacet
  facet normal -0.85634 0.516412 0
    outer loop
      vertex -16.1929 1.25912 3
      vertex -16.1929 1.25912 0
      vertex -16.8181 0.222382 3
    endloop
  endfacet
  facet normal -0.75184 0.659345 0
    outer loop
      vertex -19.0183 -2.28647 0
      vertex -19.0183 -2.28647 3
      vertex -16.8181 0.222382 0
    endloop
  endfacet
  facet normal -0.75184 0.659345 0
    outer loop
      vertex -16.8181 0.222382 3
      vertex -16.8181 0.222382 0
      vertex -19.0183 -2.28647 3
    endloop
  endfacet
  facet normal -0.886389 0.46294 0
    outer loop
      vertex -20.4113 -4.95364 0
      vertex -20.4113 -4.95364 3
      vertex -19.0183 -2.28647 0
    endloop
  endfacet
  facet normal -0.886389 0.46294 0
    outer loop
      vertex -19.0183 -2.28647 3
      vertex -19.0183 -2.28647 0
      vertex -20.4113 -4.95364 3
    endloop
  endfacet
  facet normal -0.726142 0.687545 0
    outer loop
      vertex -21.1103 -5.69188 0
      vertex -21.1103 -5.69188 3
      vertex -20.4113 -4.95364 0
    endloop
  endfacet
  facet normal -0.726142 0.687545 0
    outer loop
      vertex -20.4113 -4.95364 3
      vertex -20.4113 -4.95364 0
      vertex -21.1103 -5.69188 3
    endloop
  endfacet
  facet normal -0.383373 0.923593 0
    outer loop
      vertex -23.6221 -6.7345 0
      vertex -23.6221 -6.7345 3
      vertex -21.1103 -5.69188 0
    endloop
  endfacet
  facet normal -0.383373 0.923593 0
    outer loop
      vertex -21.1103 -5.69188 3
      vertex -21.1103 -5.69188 0
      vertex -23.6221 -6.7345 3
    endloop
  endfacet
  facet normal -0.225723 0.974192 0
    outer loop
      vertex -24.9996 -7.05367 0
      vertex -24.9996 -7.05367 3
      vertex -23.6221 -6.7345 0
    endloop
  endfacet
  facet normal -0.225723 0.974192 0
    outer loop
      vertex -23.6221 -6.7345 3
      vertex -23.6221 -6.7345 0
      vertex -24.9996 -7.05367 3
    endloop
  endfacet
  facet normal 0.159539 0.987192 -0
    outer loop
      vertex -25.9868 -6.89413 0
      vertex -25.9868 -6.89413 3
      vertex -24.9996 -7.05367 0
    endloop
  endfacet
  facet normal 0.159539 0.987192 0
    outer loop
      vertex -24.9996 -7.05367 3
      vertex -24.9996 -7.05367 0
      vertex -25.9868 -6.89413 3
    endloop
  endfacet
  facet normal 0.662463 0.749095 -0
    outer loop
      vertex -26.6814 -6.27986 0
      vertex -26.6814 -6.27986 3
      vertex -25.9868 -6.89413 0
    endloop
  endfacet
  facet normal 0.662463 0.749095 0
    outer loop
      vertex -25.9868 -6.89413 3
      vertex -25.9868 -6.89413 0
      vertex -26.6814 -6.27986 3
    endloop
  endfacet
  facet normal 0.814849 0.579674 -0
    outer loop
      vertex -27.3707 -5.31091 0
      vertex -27.3707 -5.31091 3
      vertex -26.6814 -6.27986 0
    endloop
  endfacet
  facet normal 0.814849 0.579674 0
    outer loop
      vertex -26.6814 -6.27986 3
      vertex -26.6814 -6.27986 0
      vertex -27.3707 -5.31091 3
    endloop
  endfacet
  facet normal 0.903356 0.428892 -0
    outer loop
      vertex -27.8585 -4.28348 0
      vertex -27.8585 -4.28348 3
      vertex -27.3707 -5.31091 0
    endloop
  endfacet
  facet normal 0.903356 0.428892 0
    outer loop
      vertex -27.3707 -5.31091 3
      vertex -27.3707 -5.31091 0
      vertex -27.8585 -4.28348 3
    endloop
  endfacet
  facet normal 0.996112 0.0880976 -0
    outer loop
      vertex -27.9626 -3.10643 0
      vertex -27.9626 -3.10643 3
      vertex -27.8585 -4.28348 0
    endloop
  endfacet
  facet normal 0.996112 0.0880976 0
    outer loop
      vertex -27.8585 -4.28348 3
      vertex -27.8585 -4.28348 0
      vertex -27.9626 -3.10643 3
    endloop
  endfacet
  facet normal -0.428862 0.90337 0
    outer loop
      vertex -29.2993 -3.74101 0
      vertex -29.2993 -3.74101 3
      vertex -27.9626 -3.10643 0
    endloop
  endfacet
  facet normal -0.428862 0.90337 0
    outer loop
      vertex -27.9626 -3.10643 3
      vertex -27.9626 -3.10643 0
      vertex -29.2993 -3.74101 3
    endloop
  endfacet
  facet normal -0.996115 -0.0880568 0
    outer loop
      vertex -29.1894 -4.98422 0
      vertex -29.1894 -4.98422 3
      vertex -29.2993 -3.74101 0
    endloop
  endfacet
  facet normal -0.996115 -0.0880568 -0
    outer loop
      vertex -29.2993 -3.74101 3
      vertex -29.2993 -3.74101 0
      vertex -29.1894 -4.98422 3
    endloop
  endfacet
  facet normal -0.928472 0.371402 0
    outer loop
      vertex -29.2993 -5.25896 0
      vertex -29.2993 -5.25896 3
      vertex -29.1894 -4.98422 0
    endloop
  endfacet
  facet normal -0.928472 0.371402 0
    outer loop
      vertex -29.1894 -4.98422 3
      vertex -29.1894 -4.98422 0
      vertex -29.2993 -5.25896 3
    endloop
  endfacet
  facet normal -0.0878888 0.99613 0
    outer loop
      vertex -29.8779 -5.31001 0
      vertex -29.8779 -5.31001 3
      vertex -29.2993 -5.25896 0
    endloop
  endfacet
  facet normal -0.0878888 0.99613 0
    outer loop
      vertex -29.2993 -5.25896 3
      vertex -29.2993 -5.25896 0
      vertex -29.8779 -5.31001 3
    endloop
  endfacet
  facet normal 0.123754 0.992313 -0
    outer loop
      vertex -34.7345 -4.70433 0
      vertex -34.7345 -4.70433 3
      vertex -29.8779 -5.31001 0
    endloop
  endfacet
  facet normal 0.123754 0.992313 0
    outer loop
      vertex -29.8779 -5.31001 3
      vertex -29.8779 -5.31001 0
      vertex -34.7345 -4.70433 3
    endloop
  endfacet
  facet normal 0.374883 0.927072 -0
    outer loop
      vertex -36.8496 -3.84904 0
      vertex -36.8496 -3.84904 3
      vertex -34.7345 -4.70433 0
    endloop
  endfacet
  facet normal 0.374883 0.927072 0
    outer loop
      vertex -34.7345 -4.70433 3
      vertex -34.7345 -4.70433 0
      vertex -36.8496 -3.84904 3
    endloop
  endfacet
  facet normal -0.747364 0.664415 0
    outer loop
      vertex -37.1261 -4.16006 0
      vertex -37.1261 -4.16006 3
      vertex -36.8496 -3.84904 0
    endloop
  endfacet
  facet normal -0.747364 0.664415 0
    outer loop
      vertex -36.8496 -3.84904 3
      vertex -36.8496 -3.84904 0
      vertex -37.1261 -4.16006 3
    endloop
  endfacet
  facet normal -0.877468 -0.479635 0
    outer loop
      vertex -36.6538 -5.02411 0
      vertex -36.6538 -5.02411 3
      vertex -37.1261 -4.16006 0
    endloop
  endfacet
  facet normal -0.877468 -0.479635 -0
    outer loop
      vertex -37.1261 -4.16006 3
      vertex -37.1261 -4.16006 0
      vertex -36.6538 -5.02411 3
    endloop
  endfacet
  facet normal -0.561628 -0.82739 0
    outer loop
      vertex -35.398 -5.87654 0
      vertex -35.398 -5.87654 3
      vertex -36.6538 -5.02411 0
    endloop
  endfacet
  facet normal -0.561628 -0.82739 -0
    outer loop
      vertex -36.6538 -5.02411 3
      vertex -36.6538 -5.02411 0
      vertex -35.398 -5.87654 3
    endloop
  endfacet
  facet normal -0.271756 -0.962366 0
    outer loop
      vertex -34.4188 -6.15305 0
      vertex -34.4188 -6.15305 3
      vertex -35.398 -5.87654 0
    endloop
  endfacet
  facet normal -0.271756 -0.962366 -0
    outer loop
      vertex -35.398 -5.87654 3
      vertex -35.398 -5.87654 0
      vertex -34.4188 -6.15305 3
    endloop
  endfacet
  facet normal 0 -1 0
    outer loop
      vertex -33.4396 -6.15305 0
      vertex -33.4396 -6.15305 3
      vertex -34.4188 -6.15305 0
    endloop
  endfacet
  facet normal 0 -1 0
    outer loop
      vertex -34.4188 -6.15305 3
      vertex -34.4188 -6.15305 0
      vertex -33.4396 -6.15305 3
    endloop
  endfacet
  facet normal -0.106543 -0.994308 0
    outer loop
      vertex -32.1493 -6.29131 0
      vertex -32.1493 -6.29131 3
      vertex -33.4396 -6.15305 0
    endloop
  endfacet
  facet normal -0.106543 -0.994308 -0
    outer loop
      vertex -33.4396 -6.15305 3
      vertex -33.4396 -6.15305 0
      vertex -32.1493 -6.29131 3
    endloop
  endfacet
  facet normal -0.354114 -0.935202 0
    outer loop
      vertex -29.955 -7.12218 0
      vertex -29.955 -7.12218 3
      vertex -32.1493 -6.29131 0
    endloop
  endfacet
  facet normal -0.354114 -0.935202 -0
    outer loop
      vertex -32.1493 -6.29131 3
      vertex -32.1493 -6.29131 0
      vertex -29.955 -7.12218 3
    endloop
  endfacet
  facet normal -0.621969 -0.783042 0
    outer loop
      vertex -28.0712 -8.61848 0
      vertex -28.0712 -8.61848 3
      vertex -29.955 -7.12218 0
    endloop
  endfacet
  facet normal -0.621969 -0.783042 -0
    outer loop
      vertex -29.955 -7.12218 3
      vertex -29.955 -7.12218 0
      vertex -28.0712 -8.61848 3
    endloop
  endfacet
  facet normal -0.783095 0.621902 0
    outer loop
      vertex -28.6025 -9.28749 0
      vertex -28.6025 -9.28749 3
      vertex -28.0712 -8.61848 0
    endloop
  endfacet
  facet normal -0.783095 0.621902 0
    outer loop
      vertex -28.0712 -8.61848 3
      vertex -28.0712 -8.61848 0
      vertex -28.6025 -9.28749 3
    endloop
  endfacet
  facet normal -0.416286 0.909234 0
    outer loop
      vertex -30.1102 -9.97778 0
      vertex -30.1102 -9.97778 3
      vertex -28.6025 -9.28749 0
    endloop
  endfacet
  facet normal -0.416286 0.909234 0
    outer loop
      vertex -28.6025 -9.28749 3
      vertex -28.6025 -9.28749 0
      vertex -30.1102 -9.97778 3
    endloop
  endfacet
  facet normal -0.166359 0.986065 0
    outer loop
      vertex -31.0664 -10.1391 0
      vertex -31.0664 -10.1391 3
      vertex -30.1102 -9.97778 0
    endloop
  endfacet
  facet normal -0.166359 0.986065 0
    outer loop
      vertex -30.1102 -9.97778 3
      vertex -30.1102 -9.97778 0
      vertex -31.0664 -10.1391 3
    endloop
  endfacet
  facet normal 0.0665683 0.997782 -0
    outer loop
      vertex -32.276 -10.0584 0
      vertex -32.276 -10.0584 3
      vertex -31.0664 -10.1391 0
    endloop
  endfacet
  facet normal 0.0665683 0.997782 0
    outer loop
      vertex -31.0664 -10.1391 3
      vertex -31.0664 -10.1391 0
      vertex -32.276 -10.0584 3
    endloop
  endfacet
  facet normal 0.305085 0.952325 -0
    outer loop
      vertex 26.2042 -31.2485 0
      vertex 26.2042 -31.2485 3
      vertex 28.3827 -31.9464 0
    endloop
  endfacet
  facet normal 0.305085 0.952325 0
    outer loop
      vertex 28.3827 -31.9464 3
      vertex 28.3827 -31.9464 0
      vertex 26.2042 -31.2485 3
    endloop
  endfacet
  facet normal -0.0794529 0.996839 0
    outer loop
      vertex 21.8268 -31.5974 0
      vertex 21.8268 -31.5974 3
      vertex 26.2042 -31.2485 0
    endloop
  endfacet
  facet normal -0.0794529 0.996839 0
    outer loop
      vertex 26.2042 -31.2485 3
      vertex 26.2042 -31.2485 0
      vertex 21.8268 -31.5974 3
    endloop
  endfacet
  facet normal 0.0807717 0.996733 -0
    outer loop
      vertex 20.3719 -31.4795 0
      vertex 20.3719 -31.4795 3
      vertex 21.8268 -31.5974 0
    endloop
  endfacet
  facet normal 0.0807717 0.996733 0
    outer loop
      vertex 21.8268 -31.5974 3
      vertex 21.8268 -31.5974 0
      vertex 20.3719 -31.4795 3
    endloop
  endfacet
  facet normal 0.355256 0.934769 -0
    outer loop
      vertex 19.3144 -31.0776 0
      vertex 19.3144 -31.0776 3
      vertex 20.3719 -31.4795 0
    endloop
  endfacet
  facet normal 0.355256 0.934769 0
    outer loop
      vertex 20.3719 -31.4795 3
      vertex 20.3719 -31.4795 0
      vertex 19.3144 -31.0776 3
    endloop
  endfacet
  facet normal 0.710408 0.70379 -0
    outer loop
      vertex 18.6551 -30.4121 0
      vertex 18.6551 -30.4121 3
      vertex 19.3144 -31.0776 0
    endloop
  endfacet
  facet normal 0.710408 0.70379 0
    outer loop
      vertex 19.3144 -31.0776 3
      vertex 19.3144 -31.0776 0
      vertex 18.6551 -30.4121 3
    endloop
  endfacet
  facet normal 0.830795 0.556579 -0
    outer loop
      vertex 17.9857 -29.4129 0
      vertex 17.9857 -29.4129 3
      vertex 18.6551 -30.4121 0
    endloop
  endfacet
  facet normal 0.830795 0.556579 0
    outer loop
      vertex 18.6551 -30.4121 3
      vertex 18.6551 -30.4121 0
      vertex 17.9857 -29.4129 3
    endloop
  endfacet
  facet normal 0.426116 0.904669 -0
    outer loop
      vertex 16.6469 -28.7823 0
      vertex 16.6469 -28.7823 3
      vertex 17.9857 -29.4129 0
    endloop
  endfacet
  facet normal 0.426116 0.904669 0
    outer loop
      vertex 17.9857 -29.4129 3
      vertex 17.9857 -29.4129 0
      vertex 16.6469 -28.7823 3
    endloop
  endfacet
  facet normal 0.280254 0.959926 -0
    outer loop
      vertex 14.9754 -28.2943 0
      vertex 14.9754 -28.2943 3
      vertex 16.6469 -28.7823 0
    endloop
  endfacet
  facet normal 0.280254 0.959926 0
    outer loop
      vertex 16.6469 -28.7823 3
      vertex 16.6469 -28.7823 0
      vertex 14.9754 -28.2943 3
    endloop
  endfacet
  facet normal 0.0629819 0.998015 -0
    outer loop
      vertex 13.6063 -28.2079 0
      vertex 13.6063 -28.2079 3
      vertex 14.9754 -28.2943 0
    endloop
  endfacet
  facet normal 0.0629819 0.998015 0
    outer loop
      vertex 14.9754 -28.2943 3
      vertex 14.9754 -28.2943 0
      vertex 13.6063 -28.2079 3
    endloop
  endfacet
  facet normal -0.0807331 0.996736 0
    outer loop
      vertex 12.5396 -28.2943 0
      vertex 12.5396 -28.2943 3
      vertex 13.6063 -28.2079 0
    endloop
  endfacet
  facet normal -0.0807331 0.996736 0
    outer loop
      vertex 13.6063 -28.2079 3
      vertex 13.6063 -28.2079 0
      vertex 12.5396 -28.2943 3
    endloop
  endfacet
  facet normal -0.163677 0.986514 0
    outer loop
      vertex 11.4987 -28.467 0
      vertex 11.4987 -28.467 3
      vertex 12.5396 -28.2943 0
    endloop
  endfacet
  facet normal -0.163677 0.986514 0
    outer loop
      vertex 12.5396 -28.2943 3
      vertex 12.5396 -28.2943 0
      vertex 11.4987 -28.467 3
    endloop
  endfacet
  facet normal 0 1 0
    outer loop
      vertex 10.4061 -28.467 0
      vertex 10.4061 -28.467 3
      vertex 11.4987 -28.467 0
    endloop
  endfacet
  facet normal 0 1 0
    outer loop
      vertex 11.4987 -28.467 3
      vertex 11.4987 -28.467 0
      vertex 10.4061 -28.467 3
    endloop
  endfacet
  facet normal 0.125539 0.992089 -0
    outer loop
      vertex 9.04131 -28.2943 0
      vertex 9.04131 -28.2943 3
      vertex 10.4061 -28.467 0
    endloop
  endfacet
  facet normal 0.125539 0.992089 0
    outer loop
      vertex 10.4061 -28.467 3
      vertex 10.4061 -28.467 0
      vertex 9.04131 -28.2943 3
    endloop
  endfacet
  facet normal 0.280355 0.959896 -0
    outer loop
      vertex 7.75291 -27.918 0
      vertex 7.75291 -27.918 3
      vertex 9.04131 -28.2943 0
    endloop
  endfacet
  facet normal 0.280355 0.959896 0
    outer loop
      vertex 9.04131 -28.2943 3
      vertex 9.04131 -28.2943 0
      vertex 7.75291 -27.918 3
    endloop
  endfacet
  facet normal 0.526593 0.850117 -0
    outer loop
      vertex 6.44995 -27.1109 0
      vertex 6.44995 -27.1109 3
      vertex 7.75291 -27.918 0
    endloop
  endfacet
  facet normal 0.526593 0.850117 0
    outer loop
      vertex 7.75291 -27.918 3
      vertex 7.75291 -27.918 0
      vertex 6.44995 -27.1109 3
    endloop
  endfacet
  facet normal 0.996746 0.0806119 -0
    outer loop
      vertex 6.4335 -26.9075 0
      vertex 6.4335 -26.9075 3
      vertex 6.44995 -27.1109 0
    endloop
  endfacet
  facet normal 0.996746 0.0806119 0
    outer loop
      vertex 6.44995 -27.1109 3
      vertex 6.44995 -27.1109 0
      vertex 6.4335 -26.9075 3
    endloop
  endfacet
  facet normal 0.217383 -0.976086 0
    outer loop
      vertex 7.90538 -26.5797 0
      vertex 7.90538 -26.5797 3
      vertex 6.4335 -26.9075 0
    endloop
  endfacet
  facet normal 0.217383 -0.976086 0
    outer loop
      vertex 6.4335 -26.9075 3
      vertex 6.4335 -26.9075 0
      vertex 7.90538 -26.5797 3
    endloop
  endfacet
  facet normal 0.0807399 -0.996735 0
    outer loop
      vertex 9.23 -26.4724 0
      vertex 9.23 -26.4724 3
      vertex 7.90538 -26.5797 0
    endloop
  endfacet
  facet normal 0.0807399 -0.996735 0
    outer loop
      vertex 7.90538 -26.5797 3
      vertex 7.90538 -26.5797 0
      vertex 9.23 -26.4724 3
    endloop
  endfacet
  facet normal 0.217384 -0.976086 0
    outer loop
      vertex 10.027 -26.2949 0
      vertex 10.027 -26.2949 3
      vertex 9.23 -26.4724 0
    endloop
  endfacet
  facet normal 0.217384 -0.976086 0
    outer loop
      vertex 9.23 -26.4724 3
      vertex 9.23 -26.4724 0
      vertex 10.027 -26.2949 3
    endloop
  endfacet
  facet normal 0.319161 -0.9477 0
    outer loop
      vertex 11.0538 -25.9491 0
      vertex 11.0538 -25.9491 3
      vertex 10.027 -26.2949 0
    endloop
  endfacet
  facet normal 0.319161 -0.9477 0
    outer loop
      vertex 10.027 -26.2949 3
      vertex 10.027 -26.2949 0
      vertex 11.0538 -25.9491 3
    endloop
  endfacet
  facet normal 0.478807 -0.87792 0
    outer loop
      vertex 12.1466 -25.3531 0
      vertex 12.1466 -25.3531 3
      vertex 11.0538 -25.9491 0
    endloop
  endfacet
  facet normal 0.478807 -0.87792 0
    outer loop
      vertex 11.0538 -25.9491 3
      vertex 11.0538 -25.9491 0
      vertex 12.1466 -25.3531 3
    endloop
  endfacet
  facet normal 0.443028 -0.896508 0
    outer loop
      vertex 13.073 -24.8953 0
      vertex 13.073 -24.8953 3
      vertex 12.1466 -25.3531 0
    endloop
  endfacet
  facet normal 0.443028 -0.896508 0
    outer loop
      vertex 12.1466 -25.3531 3
      vertex 12.1466 -25.3531 0
      vertex 13.073 -24.8953 3
    endloop
  endfacet
  facet normal 0.319118 -0.947715 0
    outer loop
      vertex 14.2333 -24.5046 0
      vertex 14.2333 -24.5046 3
      vertex 13.073 -24.8953 0
    endloop
  endfacet
  facet normal 0.319118 -0.947715 0
    outer loop
      vertex 13.073 -24.8953 3
      vertex 13.073 -24.8953 0
      vertex 14.2333 -24.5046 3
    endloop
  endfacet
  facet normal 0.187481 -0.982268 0
    outer loop
      vertex 15.2864 -24.3036 0
      vertex 15.2864 -24.3036 3
      vertex 14.2333 -24.5046 0
    endloop
  endfacet
  facet normal 0.187481 -0.982268 0
    outer loop
      vertex 14.2333 -24.5046 3
      vertex 14.2333 -24.5046 0
      vertex 15.2864 -24.3036 3
    endloop
  endfacet
  facet normal 0 -1 0
    outer loop
      vertex 16.3661 -24.3036 0
      vertex 16.3661 -24.3036 3
      vertex 15.2864 -24.3036 0
    endloop
  endfacet
  facet normal 0 -1 0
    outer loop
      vertex 15.2864 -24.3036 3
      vertex 15.2864 -24.3036 0
      vertex 16.3661 -24.3036 3
    endloop
  endfacet
  facet normal -0.0720525 -0.997401 0
    outer loop
      vertex 19.1734 -24.5064 0
      vertex 19.1734 -24.5064 3
      vertex 16.3661 -24.3036 0
    endloop
  endfacet
  facet normal -0.0720525 -0.997401 -0
    outer loop
      vertex 16.3661 -24.3036 3
      vertex 16.3661 -24.3036 0
      vertex 19.1734 -24.5064 3
    endloop
  endfacet
  facet normal 0.896446 0.443153 -0
    outer loop
      vertex 18.9112 -23.976 0
      vertex 18.9112 -23.976 3
      vertex 19.1734 -24.5064 0
    endloop
  endfacet
  facet normal 0.896446 0.443153 0
    outer loop
      vertex 19.1734 -24.5064 3
      vertex 19.1734 -24.5064 0
      vertex 18.9112 -23.976 3
    endloop
  endfacet
  facet normal 0.513548 0.858061 -0
    outer loop
      vertex 17.9792 -23.4182 0
      vertex 17.9792 -23.4182 3
      vertex 18.9112 -23.976 0
    endloop
  endfacet
  facet normal 0.513548 0.858061 0
    outer loop
      vertex 18.9112 -23.976 3
      vertex 18.9112 -23.976 0
      vertex 17.9792 -23.4182 3
    endloop
  endfacet
  facet normal 0.295 0.955497 -0
    outer loop
      vertex 17.0982 -23.1462 0
      vertex 17.0982 -23.1462 3
      vertex 17.9792 -23.4182 0
    endloop
  endfacet
  facet normal 0.295 0.955497 0
    outer loop
      vertex 17.9792 -23.4182 3
      vertex 17.9792 -23.4182 0
      vertex 17.0982 -23.1462 3
    endloop
  endfacet
  facet normal 0.0720657 0.9974 -0
    outer loop
      vertex 15.5398 -23.0336 0
      vertex 15.5398 -23.0336 3
      vertex 17.0982 -23.1462 0
    endloop
  endfacet
  facet normal 0.0720657 0.9974 0
    outer loop
      vertex 17.0982 -23.1462 3
      vertex 17.0982 -23.1462 0
      vertex 15.5398 -23.0336 3
    endloop
  endfacet
  facet normal 0.550987 0.834514 -0
    outer loop
      vertex 14.1894 -22.142 0
      vertex 14.1894 -22.142 3
      vertex 15.5398 -23.0336 0
    endloop
  endfacet
  facet normal 0.550987 0.834514 0
    outer loop
      vertex 15.5398 -23.0336 3
      vertex 15.5398 -23.0336 0
      vertex 14.1894 -22.142 3
    endloop
  endfacet
  facet normal 0.0720678 0.9974 -0
    outer loop
      vertex 12.8594 -22.0459 0
      vertex 12.8594 -22.0459 3
      vertex 14.1894 -22.142 0
    endloop
  endfacet
  facet normal 0.0720678 0.9974 0
    outer loop
      vertex 14.1894 -22.142 3
      vertex 14.1894 -22.142 0
      vertex 12.8594 -22.0459 3
    endloop
  endfacet
  facet normal -0.664709 0.747102 0
    outer loop
      vertex 11.1411 -23.5747 0
      vertex 11.1411 -23.5747 3
      vertex 12.8594 -22.0459 0
    endloop
  endfacet
  facet normal -0.664709 0.747102 0
    outer loop
      vertex 12.8594 -22.0459 3
      vertex 12.8594 -22.0459 0
      vertex 11.1411 -23.5747 3
    endloop
  endfacet
  facet normal -0.497414 0.867513 0
    outer loop
      vertex 10.1599 -24.1373 0
      vertex 10.1599 -24.1373 3
      vertex 11.1411 -23.5747 0
    endloop
  endfacet
  facet normal -0.497414 0.867513 0
    outer loop
      vertex 11.1411 -23.5747 3
      vertex 11.1411 -23.5747 0
      vertex 10.1599 -24.1373 3
    endloop
  endfacet
  facet normal -0.246495 0.969144 0
    outer loop
      vertex 8.70871 -24.5064 0
      vertex 8.70871 -24.5064 3
      vertex 10.1599 -24.1373 0
    endloop
  endfacet
  facet normal -0.246495 0.969144 0
    outer loop
      vertex 10.1599 -24.1373 3
      vertex 10.1599 -24.1373 0
      vertex 8.70871 -24.5064 3
    endloop
  endfacet
  facet normal 0.119341 0.992853 -0
    outer loop
      vertex 4.33266 -23.9804 0
      vertex 4.33266 -23.9804 3
      vertex 8.70871 -24.5064 0
    endloop
  endfacet
  facet normal 0.119341 0.992853 0
    outer loop
      vertex 8.70871 -24.5064 3
      vertex 8.70871 -24.5064 0
      vertex 4.33266 -23.9804 3
    endloop
  endfacet
  facet normal 0.409051 0.912511 -0
    outer loop
      vertex 3.20856 -23.4765 0
      vertex 3.20856 -23.4765 3
      vertex 4.33266 -23.9804 0
    endloop
  endfacet
  facet normal 0.409051 0.912511 0
    outer loop
      vertex 4.33266 -23.9804 3
      vertex 4.33266 -23.9804 0
      vertex 3.20856 -23.4765 3
    endloop
  endfacet
  facet normal 0.550762 0.834662 -0
    outer loop
      vertex 2.25624 -22.8481 0
      vertex 2.25624 -22.8481 3
      vertex 3.20856 -23.4765 0
    endloop
  endfacet
  facet normal 0.550762 0.834662 0
    outer loop
      vertex 3.20856 -23.4765 3
      vertex 3.20856 -23.4765 0
      vertex 2.25624 -22.8481 3
    endloop
  endfacet
  facet normal 0.714993 0.699132 -0
    outer loop
      vertex 1.40114 -21.9736 0
      vertex 1.40114 -21.9736 3
      vertex 2.25624 -22.8481 0
    endloop
  endfacet
  facet normal 0.714993 0.699132 0
    outer loop
      vertex 2.25624 -22.8481 3
      vertex 2.25624 -22.8481 0
      vertex 1.40114 -21.9736 3
    endloop
  endfacet
  facet normal 0.774623 0.632423 -0
    outer loop
      vertex 0.565445 -20.95 0
      vertex 0.565445 -20.95 3
      vertex 1.40114 -21.9736 0
    endloop
  endfacet
  facet normal 0.774623 0.632423 0
    outer loop
      vertex 1.40114 -21.9736 3
      vertex 1.40114 -21.9736 0
      vertex 0.565445 -20.95 3
    endloop
  endfacet
  facet normal 0.648097 0.761557 -0
    outer loop
      vertex -1.39104 -19.285 0
      vertex -1.39104 -19.285 3
      vertex 0.565445 -20.95 0
    endloop
  endfacet
  facet normal 0.648097 0.761557 0
    outer loop
      vertex 0.565445 -20.95 3
      vertex 0.565445 -20.95 0
      vertex -1.39104 -19.285 3
    endloop
  endfacet
  facet normal 0.774612 0.632437 -0
    outer loop
      vertex -2.26073 -18.2198 0
      vertex -2.26073 -18.2198 3
      vertex -1.39104 -19.285 0
    endloop
  endfacet
  facet normal 0.774612 0.632437 0
    outer loop
      vertex -1.39104 -19.285 3
      vertex -1.39104 -19.285 0
      vertex -2.26073 -18.2198 3
    endloop
  endfacet
  facet normal 0.873723 0.486424 -0
    outer loop
      vertex -2.89395 -17.0824 0
      vertex -2.89395 -17.0824 3
      vertex -2.26073 -18.2198 0
    endloop
  endfacet
  facet normal 0.873723 0.486424 0
    outer loop
      vertex -2.26073 -18.2198 3
      vertex -2.26073 -18.2198 0
      vertex -2.89395 -17.0824 3
    endloop
  endfacet
  facet normal 0.92755 0.3737 -0
    outer loop
      vertex -3.44466 -15.7155 0
      vertex -3.44466 -15.7155 3
      vertex -2.89395 -17.0824 0
    endloop
  endfacet
  facet normal 0.92755 0.3737 0
    outer loop
      vertex -2.89395 -17.0824 3
      vertex -2.89395 -17.0824 0
      vertex -3.44466 -15.7155 3
    endloop
  endfacet
  facet normal 0.847803 0.530311 -0
    outer loop
      vertex -4.42934 -14.1413 0
      vertex -4.42934 -14.1413 3
      vertex -3.44466 -15.7155 0
    endloop
  endfacet
  facet normal 0.847803 0.530311 0
    outer loop
      vertex -3.44466 -15.7155 3
      vertex -3.44466 -15.7155 0
      vertex -4.42934 -14.1413 3
    endloop
  endfacet
  facet normal 0.820613 0.571484 -0
    outer loop
      vertex -6.85703 -10.6553 0
      vertex -6.85703 -10.6553 3
      vertex -4.42934 -14.1413 0
    endloop
  endfacet
  facet normal 0.820613 0.571484 0
    outer loop
      vertex -4.42934 -14.1413 3
      vertex -4.42934 -14.1413 0
      vertex -6.85703 -10.6553 3
    endloop
  endfacet
  facet normal 0.905381 0.424601 -0
    outer loop
      vertex -7.59756 -9.07626 0
      vertex -7.59756 -9.07626 3
      vertex -6.85703 -10.6553 0
    endloop
  endfacet
  facet normal 0.905381 0.424601 0
    outer loop
      vertex -6.85703 -10.6553 3
      vertex -6.85703 -10.6553 0
      vertex -7.59756 -9.07626 3
    endloop
  endfacet
  facet normal 0.963626 0.267255 -0
    outer loop
      vertex -7.98596 -7.67583 0
      vertex -7.98596 -7.67583 3
      vertex -7.59756 -9.07626 0
    endloop
  endfacet
  facet normal 0.963626 0.267255 0
    outer loop
      vertex -7.59756 -9.07626 3
      vertex -7.59756 -9.07626 0
      vertex -7.98596 -7.67583 3
    endloop
  endfacet
  facet normal 0.981753 0.190159 -0
    outer loop
      vertex -8.22562 -6.43851 0
      vertex -8.22562 -6.43851 3
      vertex -7.98596 -7.67583 0
    endloop
  endfacet
  facet normal 0.981753 0.190159 0
    outer loop
      vertex -7.98596 -7.67583 3
      vertex -7.98596 -7.67583 0
      vertex -8.22562 -6.43851 3
    endloop
  endfacet
  facet normal 0.963635 0.267223 -0
    outer loop
      vertex -8.53799 -5.31207 0
      vertex -8.53799 -5.31207 3
      vertex -8.22562 -6.43851 0
    endloop
  endfacet
  facet normal 0.963635 0.267223 0
    outer loop
      vertex -8.22562 -6.43851 3
      vertex -8.22562 -6.43851 0
      vertex -8.53799 -5.31207 3
    endloop
  endfacet
  facet normal 0.935143 0.35427 -0
    outer loop
      vertex -8.92424 -4.29251 0
      vertex -8.92424 -4.29251 3
      vertex -8.53799 -5.31207 0
    endloop
  endfacet
  facet normal 0.935143 0.35427 0
    outer loop
      vertex -8.53799 -5.31207 3
      vertex -8.53799 -5.31207 0
      vertex -8.92424 -4.29251 3
    endloop
  endfacet
  facet normal 0.963625 0.267258 -0
    outer loop
      vertex -9.30074 -2.935 0
      vertex -9.30074 -2.935 3
      vertex -8.92424 -4.29251 0
    endloop
  endfacet
  facet normal 0.963625 0.267258 0
    outer loop
      vertex -8.92424 -4.29251 3
      vertex -8.92424 -4.29251 0
      vertex -9.30074 -2.935 3
    endloop
  endfacet
  facet normal 0.992849 -0.119374 0
    outer loop
      vertex -9.11247 -1.36913 0
      vertex -9.11247 -1.36913 3
      vertex -9.30074 -2.935 0
    endloop
  endfacet
  facet normal 0.992849 -0.119374 0
    outer loop
      vertex -9.30074 -2.935 3
      vertex -9.30074 -2.935 0
      vertex -9.11247 -1.36913 3
    endloop
  endfacet
  facet normal 0.968644 -0.248452 0
    outer loop
      vertex -8.73116 0.117493 0
      vertex -8.73116 0.117493 3
      vertex -9.11247 -1.36913 0
    endloop
  endfacet
  facet normal 0.968644 -0.248452 0
    outer loop
      vertex -9.11247 -1.36913 3
      vertex -9.11247 -1.36913 0
      vertex -8.73116 0.117493 3
    endloop
  endfacet
  facet normal -0.689326 -0.724451 0
    outer loop
      vertex -7.79172 -0.776398 0
      vertex -7.79172 -0.776398 3
      vertex -8.73116 0.117493 0
    endloop
  endfacet
  facet normal -0.689326 -0.724451 -0
    outer loop
      vertex -8.73116 0.117493 3
      vertex -8.73116 0.117493 0
      vertex -7.79172 -0.776398 3
    endloop
  endfacet
  facet normal -0.772591 -0.634904 0
    outer loop
      vertex -6.95584 -1.79355 0
      vertex -6.95584 -1.79355 3
      vertex -7.79172 -0.776398 0
    endloop
  endfacet
  facet normal -0.772591 -0.634904 -0
    outer loop
      vertex -7.79172 -0.776398 3
      vertex -7.79172 -0.776398 0
      vertex -6.95584 -1.79355 3
    endloop
  endfacet
  facet normal -0.847809 -0.530301 0
    outer loop
      vertex -6.21843 -2.97247 0
      vertex -6.21843 -2.97247 3
      vertex -6.95584 -1.79355 0
    endloop
  endfacet
  facet normal -0.847809 -0.530301 -0
    outer loop
      vertex -6.95584 -1.79355 3
      vertex -6.95584 -1.79355 0
      vertex -6.21843 -2.97247 3
    endloop
  endfacet
  facet normal -0.947573 -0.319538 0
    outer loop
      vertex -5.75743 -4.33954 0
      vertex -5.75743 -4.33954 3
      vertex -6.21843 -2.97247 0
    endloop
  endfacet
  facet normal -0.947573 -0.319538 -0
    outer loop
      vertex -6.21843 -2.97247 3
      vertex -6.21843 -2.97247 0
      vertex -5.75743 -4.33954 3
    endloop
  endfacet
  facet normal -0.977798 -0.209552 0
    outer loop
      vertex -5.19376 -6.9697 0
      vertex -5.19376 -6.9697 3
      vertex -5.75743 -4.33954 0
    endloop
  endfacet
  facet normal -0.977798 -0.209552 -0
    outer loop
      vertex -5.75743 -4.33954 3
      vertex -5.75743 -4.33954 0
      vertex -5.19376 -6.9697 3
    endloop
  endfacet
  facet normal -0.670584 -0.741834 0
    outer loop
      vertex -3.37337 -8.61525 0
      vertex -3.37337 -8.61525 3
      vertex -5.19376 -6.9697 0
    endloop
  endfacet
  facet normal -0.670584 -0.741834 -0
    outer loop
      vertex -5.19376 -6.9697 3
      vertex -5.19376 -6.9697 0
      vertex -3.37337 -8.61525 3
    endloop
  endfacet
  facet normal -0.741301 -0.671173 0
    outer loop
      vertex -2.50531 -9.57401 0
      vertex -2.50531 -9.57401 3
      vertex -3.37337 -8.61525 0
    endloop
  endfacet
  facet normal -0.741301 -0.671173 -0
    outer loop
      vertex -3.37337 -8.61525 3
      vertex -3.37337 -8.61525 0
      vertex -2.50531 -9.57401 3
    endloop
  endfacet
  facet normal -0.861532 -0.507703 0
    outer loop
      vertex -1.65012 -11.0252 0
      vertex -1.65012 -11.0252 3
      vertex -2.50531 -9.57401 0
    endloop
  endfacet
  facet normal -0.861532 -0.507703 -0
    outer loop
      vertex -2.50531 -9.57401 3
      vertex -2.50531 -9.57401 0
      vertex -1.65012 -11.0252 3
    endloop
  endfacet
  facet normal -0.741287 -0.671188 0
    outer loop
      vertex -0.866013 -11.8912 0
      vertex -0.866013 -11.8912 3
      vertex -1.65012 -11.0252 0
    endloop
  endfacet
  facet normal -0.741287 -0.671188 -0
    outer loop
      vertex -1.65012 -11.0252 3
      vertex -1.65012 -11.0252 0
      vertex -0.866013 -11.8912 3
    endloop
  endfacet
  facet normal 1 0 -0
    outer loop
      vertex -0.866013 -9.91742 0
      vertex -0.866013 -9.91742 3
      vertex -0.866013 -11.8912 0
    endloop
  endfacet
  facet normal 1 -0 0
    outer loop
      vertex -0.866013 -11.8912 3
      vertex -0.866013 -11.8912 0
      vertex -0.866013 -9.91742 3
    endloop
  endfacet
  facet normal 0.861552 0.50767 -0
    outer loop
      vertex -1.92545 -8.11948 0
      vertex -1.92545 -8.11948 3
      vertex -0.866013 -9.91742 0
    endloop
  endfacet
  facet normal 0.861552 0.50767 0
    outer loop
      vertex -0.866013 -9.91742 3
      vertex -0.866013 -9.91742 0
      vertex -1.92545 -8.11948 3
    endloop
  endfacet
  facet normal 0.977793 0.209571 -0
    outer loop
      vertex -2.1958 -6.85811 0
      vertex -2.1958 -6.85811 3
      vertex -1.92545 -8.11948 0
    endloop
  endfacet
  facet normal 0.977793 0.209571 0
    outer loop
      vertex -1.92545 -8.11948 3
      vertex -1.92545 -8.11948 0
      vertex -2.1958 -6.85811 3
    endloop
  endfacet
  facet normal 0.92867 0.370906 -0
    outer loop
      vertex -3.17091 -4.41664 0
      vertex -3.17091 -4.41664 3
      vertex -2.1958 -6.85811 0
    endloop
  endfacet
  facet normal 0.92867 0.370906 0
    outer loop
      vertex -2.1958 -6.85811 3
      vertex -2.1958 -6.85811 0
      vertex -3.17091 -4.41664 3
    endloop
  endfacet
  facet normal 0.977815 0.209471 -0
    outer loop
      vertex -3.36827 -3.49536 0
      vertex -3.36827 -3.49536 3
      vertex -3.17091 -4.41664 0
    endloop
  endfacet
  facet normal 0.977815 0.209471 0
    outer loop
      vertex -3.17091 -4.41664 3
      vertex -3.17091 -4.41664 0
      vertex -3.36827 -3.49536 3
    endloop
  endfacet
  facet normal 0.996133 -0.0878594 0
    outer loop
      vertex -3.1498 -1.01839 0
      vertex -3.1498 -1.01839 3
      vertex -3.36827 -3.49536 0
    endloop
  endfacet
  facet normal 0.996133 -0.0878594 0
    outer loop
      vertex -3.36827 -3.49536 3
      vertex -3.36827 -3.49536 0
      vertex -3.1498 -1.01839 3
    endloop
  endfacet
  facet normal 0.977806 0.209514 -0
    outer loop
      vertex -3.4747 0.497925 0
      vertex -3.4747 0.497925 3
      vertex -3.1498 -1.01839 0
    endloop
  endfacet
  facet normal 0.977806 0.209514 0
    outer loop
      vertex -3.1498 -1.01839 3
      vertex -3.1498 -1.01839 0
      vertex -3.4747 0.497925 3
    endloop
  endfacet
  facet normal 0.94984 0.312735 -0
    outer loop
      vertex -3.85924 1.66585 0
      vertex -3.85924 1.66585 3
      vertex -3.4747 0.497925 0
    endloop
  endfacet
  facet normal 0.94984 0.312735 0
    outer loop
      vertex -3.4747 0.497925 3
      vertex -3.4747 0.497925 0
      vertex -3.85924 1.66585 3
    endloop
  endfacet
  facet normal 0.966498 -0.256673 0
    outer loop
      vertex -3.55473 2.81248 0
      vertex -3.55473 2.81248 3
      vertex -3.85924 1.66585 0
    endloop
  endfacet
  facet normal 0.966498 -0.256673 0
    outer loop
      vertex -3.85924 1.66585 3
      vertex -3.85924 1.66585 0
      vertex -3.55473 2.81248 3
    endloop
  endfacet
  facet normal 0.924879 -0.380261 0
    outer loop
      vertex -3.02998 4.08879 0
      vertex -3.02998 4.08879 3
      vertex -3.55473 2.81248 0
    endloop
  endfacet
  facet normal 0.924879 -0.380261 0
    outer loop
      vertex -3.55473 2.81248 3
      vertex -3.55473 2.81248 0
      vertex -3.02998 4.08879 3
    endloop
  endfacet
  facet normal 0.989864 -0.142017 0
    outer loop
      vertex -2.80971 5.62408 0
      vertex -2.80971 5.62408 3
      vertex -3.02998 4.08879 0
    endloop
  endfacet
  facet normal 0.989864 -0.142017 0
    outer loop
      vertex -3.02998 4.08879 3
      vertex -3.02998 4.08879 0
      vertex -2.80971 5.62408 3
    endloop
  endfacet
  facet normal -0.735195 -0.677855 0
    outer loop
      vertex -1.88986 4.62642 0
      vertex -1.88986 4.62642 3
      vertex -2.80971 5.62408 0
    endloop
  endfacet
  facet normal -0.735195 -0.677855 -0
    outer loop
      vertex -2.80971 5.62408 3
      vertex -2.80971 5.62408 0
      vertex -1.88986 4.62642 3
    endloop
  endfacet
  facet normal -0.400217 -0.91642 0
    outer loop
      vertex -0.762634 4.13414 0
      vertex -0.762634 4.13414 3
      vertex -1.88986 4.62642 0
    endloop
  endfacet
  facet normal -0.400217 -0.91642 -0
    outer loop
      vertex -1.88986 4.62642 3
      vertex -1.88986 4.62642 0
      vertex -0.762634 4.13414 3
    endloop
  endfacet
  facet normal -0.637447 -0.770495 0
    outer loop
      vertex -0.0499725 3.54454 0
      vertex -0.0499725 3.54454 3
      vertex -0.762634 4.13414 0
    endloop
  endfacet
  facet normal -0.637447 -0.770495 -0
    outer loop
      vertex -0.762634 4.13414 3
      vertex -0.762634 4.13414 0
      vertex -0.0499725 3.54454 3
    endloop
  endfacet
  facet normal -0.673994 -0.738736 0
    outer loop
      vertex 1.57605 2.06102 0
      vertex 1.57605 2.06102 3
      vertex -0.0499725 3.54454 0
    endloop
  endfacet
  facet normal -0.673994 -0.738736 -0
    outer loop
      vertex -0.0499725 3.54454 3
      vertex -0.0499725 3.54454 0
      vertex 1.57605 2.06102 3
    endloop
  endfacet
  facet normal -0.771576 -0.636137 0
    outer loop
      vertex 2.27574 1.21236 0
      vertex 2.27574 1.21236 3
      vertex 1.57605 2.06102 0
    endloop
  endfacet
  facet normal -0.771576 -0.636137 -0
    outer loop
      vertex 1.57605 2.06102 3
      vertex 1.57605 2.06102 0
      vertex 2.27574 1.21236 3
    endloop
  endfacet
  facet normal -0.961324 -0.27542 0
    outer loop
      vertex 2.59311 0.104614 0
      vertex 2.59311 0.104614 3
      vertex 2.27574 1.21236 0
    endloop
  endfacet
  facet normal -0.961324 -0.27542 -0
    outer loop
      vertex 2.27574 1.21236 3
      vertex 2.27574 1.21236 0
      vertex 2.59311 0.104614 3
    endloop
  endfacet
  facet normal -0.990234 -0.139417 0
    outer loop
      vertex 2.78101 -1.22998 0
      vertex 2.78101 -1.22998 3
      vertex 2.59311 0.104614 0
    endloop
  endfacet
  facet normal -0.990234 -0.139417 -0
    outer loop
      vertex 2.59311 0.104614 3
      vertex 2.59311 0.104614 0
      vertex 2.78101 -1.22998 3
    endloop
  endfacet
  facet normal -1 0 0
    outer loop
      vertex 2.78101 -2.37662 0
      vertex 2.78101 -2.37662 3
      vertex 2.78101 -1.22998 0
    endloop
  endfacet
  facet normal -1 -0 -0
    outer loop
      vertex 2.78101 -1.22998 3
      vertex 2.78101 -1.22998 0
      vertex 2.78101 -2.37662 3
    endloop
  endfacet
  facet normal -0.977691 -0.210046 0
    outer loop
      vertex 2.98839 -3.3419 0
      vertex 2.98839 -3.3419 3
      vertex 2.78101 -2.37662 0
    endloop
  endfacet
  facet normal -0.977691 -0.210046 -0
    outer loop
      vertex 2.78101 -2.37662 3
      vertex 2.78101 -2.37662 0
      vertex 2.98839 -3.3419 3
    endloop
  endfacet
  facet normal -0.84977 -0.527154 0
    outer loop
      vertex 3.42238 -4.04149 0
      vertex 3.42238 -4.04149 3
      vertex 2.98839 -3.3419 0
    endloop
  endfacet
  facet normal -0.84977 -0.527154 -0
    outer loop
      vertex 2.98839 -3.3419 3
      vertex 2.98839 -3.3419 0
      vertex 3.42238 -4.04149 3
    endloop
  endfacet
  facet normal -0.673988 -0.738742 0
    outer loop
      vertex 4.04596 -4.61041 0
      vertex 4.04596 -4.61041 3
      vertex 3.42238 -4.04149 0
    endloop
  endfacet
  facet normal -0.673988 -0.738742 -0
    outer loop
      vertex 3.42238 -4.04149 3
      vertex 3.42238 -4.04149 0
      vertex 4.04596 -4.61041 3
    endloop
  endfacet
  facet normal -0.756694 -0.65377 0
    outer loop
      vertex 5.33998 -6.10815 0
      vertex 5.33998 -6.10815 3
      vertex 4.04596 -4.61041 0
    endloop
  endfacet
  facet normal -0.756694 -0.65377 -0
    outer loop
      vertex 4.04596 -4.61041 3
      vertex 4.04596 -4.61041 0
      vertex 5.33998 -6.10815 3
    endloop
  endfacet
  facet normal -0.787897 -0.615807 0
    outer loop
      vertex 6.22102 -7.2354 0
      vertex 6.22102 -7.2354 3
      vertex 5.33998 -6.10815 0
    endloop
  endfacet
  facet normal -0.787897 -0.615807 -0
    outer loop
      vertex 5.33998 -6.10815 3
      vertex 5.33998 -6.10815 0
      vertex 6.22102 -7.2354 3
    endloop
  endfacet
  facet normal -0.728994 -0.68452 0
    outer loop
      vertex 7.38536 -8.47539 0
      vertex 7.38536 -8.47539 3
      vertex 6.22102 -7.2354 0
    endloop
  endfacet
  facet normal -0.728994 -0.68452 -0
    outer loop
      vertex 6.22102 -7.2354 3
      vertex 6.22102 -7.2354 0
      vertex 7.38536 -8.47539 3
    endloop
  endfacet
  facet normal -0.526659 -0.850077 0
    outer loop
      vertex 7.92479 -8.80959 0
      vertex 7.92479 -8.80959 3
      vertex 7.38536 -8.47539 0
    endloop
  endfacet
  facet normal -0.526659 -0.850077 -0
    outer loop
      vertex 7.38536 -8.47539 3
      vertex 7.38536 -8.47539 0
      vertex 7.92479 -8.80959 3
    endloop
  endfacet
  facet normal -0.756659 -0.65381 0
    outer loop
      vertex 8.90599 -9.94514 0
      vertex 8.90599 -9.94514 3
      vertex 7.92479 -8.80959 0
    endloop
  endfacet
  facet normal -0.756659 -0.65381 -0
    outer loop
      vertex 7.92479 -8.80959 3
      vertex 7.92479 -8.80959 0
      vertex 8.90599 -9.94514 3
    endloop
  endfacet
  facet normal -0.92257 -0.38583 0
    outer loop
      vertex 9.21407 -10.6818 0
      vertex 9.21407 -10.6818 3
      vertex 8.90599 -9.94514 0
    endloop
  endfacet
  facet normal -0.92257 -0.38583 -0
    outer loop
      vertex 8.90599 -9.94514 3
      vertex 8.90599 -9.94514 0
      vertex 9.21407 -10.6818 3
    endloop
  endfacet
  facet normal -0.990238 -0.139384 0
    outer loop
      vertex 9.40384 -12.03 0
      vertex 9.40384 -12.03 3
      vertex 9.21407 -10.6818 0
    endloop
  endfacet
  facet normal -0.990238 -0.139384 -0
    outer loop
      vertex 9.21407 -10.6818 3
      vertex 9.21407 -10.6818 0
      vertex 9.40384 -12.03 3
    endloop
  endfacet
  facet normal -1 0 0
    outer loop
      vertex 9.40384 -12.3079 0
      vertex 9.40384 -12.3079 3
      vertex 9.40384 -12.03 0
    endloop
  endfacet
  facet normal -1 -0 -0
    outer loop
      vertex 9.40384 -12.03 3
      vertex 9.40384 -12.03 0
      vertex 9.40384 -12.3079 3
    endloop
  endfacet
  facet normal -0.990233 -0.13942 0
    outer loop
      vertex 9.56436 -13.448 0
      vertex 9.56436 -13.448 3
      vertex 9.40384 -12.3079 0
    endloop
  endfacet
  facet normal -0.990233 -0.13942 -0
    outer loop
      vertex 9.40384 -12.3079 3
      vertex 9.40384 -12.3079 0
      vertex 9.56436 -13.448 3
    endloop
  endfacet
  facet normal -0.961313 -0.27546 0
    outer loop
      vertex 9.83228 -14.383 0
      vertex 9.83228 -14.383 3
      vertex 9.56436 -13.448 0
    endloop
  endfacet
  facet normal -0.961313 -0.27546 -0
    outer loop
      vertex 9.56436 -13.448 3
      vertex 9.56436 -13.448 0
      vertex 9.83228 -14.383 3
    endloop
  endfacet
  facet normal -0.990236 -0.139404 0
    outer loop
      vertex 10.305 -17.7409 0
      vertex 10.305 -17.7409 3
      vertex 9.83228 -14.383 0
    endloop
  endfacet
  facet normal -0.990236 -0.139404 -0
    outer loop
      vertex 9.83228 -14.383 3
      vertex 9.83228 -14.383 0
      vertex 10.305 -17.7409 3
    endloop
  endfacet
  facet normal 0.733668 -0.679508 0
    outer loop
      vertex 11.7729 -16.156 0
      vertex 11.7729 -16.156 3
      vertex 10.305 -17.7409 0
    endloop
  endfacet
  facet normal 0.733668 -0.679508 0
    outer loop
      vertex 10.305 -17.7409 3
      vertex 10.305 -17.7409 0
      vertex 11.7729 -16.156 3
    endloop
  endfacet
  facet normal 0.996433 -0.0843924 0
    outer loop
      vertex 11.8766 -14.9316 0
      vertex 11.8766 -14.9316 3
      vertex 11.7729 -16.156 0
    endloop
  endfacet
  facet normal 0.996433 -0.0843924 0
    outer loop
      vertex 11.7729 -16.156 3
      vertex 11.7729 -16.156 0
      vertex 11.8766 -14.9316 3
    endloop
  endfacet
  facet normal 0.967519 -0.252797 0
    outer loop
      vertex 12.129 -13.9656 0
      vertex 12.129 -13.9656 3
      vertex 11.8766 -14.9316 0
    endloop
  endfacet
  facet normal 0.967519 -0.252797 0
    outer loop
      vertex 11.8766 -14.9316 3
      vertex 11.8766 -14.9316 0
      vertex 12.129 -13.9656 3
    endloop
  endfacet
  facet normal 0.73362 -0.67956 0
    outer loop
      vertex 13.0806 -12.9383 0
      vertex 13.0806 -12.9383 3
      vertex 12.129 -13.9656 0
    endloop
  endfacet
  facet normal 0.73362 -0.67956 0
    outer loop
      vertex 12.129 -13.9656 3
      vertex 12.129 -13.9656 0
      vertex 13.0806 -12.9383 3
    endloop
  endfacet
  facet normal -0.679446 -0.733726 0
    outer loop
      vertex 13.7808 -13.5867 0
      vertex 13.7808 -13.5867 3
      vertex 13.0806 -12.9383 0
    endloop
  endfacet
  facet normal -0.679446 -0.733726 -0
    outer loop
      vertex 13.0806 -12.9383 3
      vertex 13.0806 -12.9383 0
      vertex 13.7808 -13.5867 3
    endloop
  endfacet
  facet normal -0.862993 -0.505216 0
    outer loop
      vertex 14.5302 -14.8668 0
      vertex 14.5302 -14.8668 3
      vertex 13.7808 -13.5867 0
    endloop
  endfacet
  facet normal -0.862993 -0.505216 -0
    outer loop
      vertex 13.7808 -13.5867 3
      vertex 13.7808 -13.5867 0
      vertex 14.5302 -14.8668 3
    endloop
  endfacet
  facet normal -0.756681 -0.653784 0
    outer loop
      vertex 15.8035 -16.3405 0
      vertex 15.8035 -16.3405 3
      vertex 14.5302 -14.8668 0
    endloop
  endfacet
  facet normal -0.756681 -0.653784 -0
    outer loop
      vertex 14.5302 -14.8668 3
      vertex 14.5302 -14.8668 0
      vertex 15.8035 -16.3405 3
    endloop
  endfacet
  facet normal -0.784223 -0.620479 0
    outer loop
      vertex 17.2783 -18.2045 0
      vertex 17.2783 -18.2045 3
      vertex 15.8035 -16.3405 0
    endloop
  endfacet
  facet normal -0.784223 -0.620479 -0
    outer loop
      vertex 15.8035 -16.3405 3
      vertex 15.8035 -16.3405 0
      vertex 17.2783 -18.2045 3
    endloop
  endfacet
  facet normal -0.756707 -0.653755 0
    outer loop
      vertex 17.973 -19.0086 0
      vertex 17.973 -19.0086 3
      vertex 17.2783 -18.2045 0
    endloop
  endfacet
  facet normal -0.756707 -0.653755 -0
    outer loop
      vertex 17.2783 -18.2045 3
      vertex 17.2783 -18.2045 0
      vertex 17.973 -19.0086 3
    endloop
  endfacet
  facet normal -0.45176 -0.892139 0
    outer loop
      vertex 18.8745 -19.4651 0
      vertex 18.8745 -19.4651 3
      vertex 17.973 -19.0086 0
    endloop
  endfacet
  facet normal -0.45176 -0.892139 -0
    outer loop
      vertex 17.973 -19.0086 3
      vertex 17.973 -19.0086 0
      vertex 18.8745 -19.4651 3
    endloop
  endfacet
  facet normal -0.217252 -0.976115 0
    outer loop
      vertex 23.0804 -20.4012 0
      vertex 23.0804 -20.4012 3
      vertex 18.8745 -19.4651 0
    endloop
  endfacet
  facet normal -0.217252 -0.976115 -0
    outer loop
      vertex 18.8745 -19.4651 3
      vertex 18.8745 -19.4651 0
      vertex 23.0804 -20.4012 3
    endloop
  endfacet
  facet normal -0.62221 -0.78285 0
    outer loop
      vertex 25.0614 -21.9757 0
      vertex 25.0614 -21.9757 3
      vertex 23.0804 -20.4012 0
    endloop
  endfacet
  facet normal -0.62221 -0.78285 -0
    outer loop
      vertex 23.0804 -20.4012 3
      vertex 23.0804 -20.4012 0
      vertex 25.0614 -21.9757 3
    endloop
  endfacet
  facet normal -0.516388 -0.856355 0
    outer loop
      vertex 27.1098 -23.2109 0
      vertex 27.1098 -23.2109 3
      vertex 25.0614 -21.9757 0
    endloop
  endfacet
  facet normal -0.516388 -0.856355 -0
    outer loop
      vertex 25.0614 -21.9757 3
      vertex 25.0614 -21.9757 0
      vertex 27.1098 -23.2109 3
    endloop
  endfacet
  facet normal -0.449906 -0.893076 0
    outer loop
      vertex 28.3161 -23.8186 0
      vertex 28.3161 -23.8186 3
      vertex 27.1098 -23.2109 0
    endloop
  endfacet
  facet normal -0.449906 -0.893076 -0
    outer loop
      vertex 27.1098 -23.2109 3
      vertex 27.1098 -23.2109 0
      vertex 28.3161 -23.8186 3
    endloop
  endfacet
  facet normal -0.622176 -0.782878 0
    outer loop
      vertex 29.1964 -24.5182 0
      vertex 29.1964 -24.5182 3
      vertex 28.3161 -23.8186 0
    endloop
  endfacet
  facet normal -0.622176 -0.782878 -0
    outer loop
      vertex 28.3161 -23.8186 3
      vertex 28.3161 -23.8186 0
      vertex 29.1964 -24.5182 3
    endloop
  endfacet
  facet normal -0.821352 -0.570421 0
    outer loop
      vertex 29.9577 -25.6144 0
      vertex 29.9577 -25.6144 3
      vertex 29.1964 -24.5182 0
    endloop
  endfacet
  facet normal -0.821352 -0.570421 -0
    outer loop
      vertex 29.1964 -24.5182 3
      vertex 29.1964 -24.5182 0
      vertex 29.9577 -25.6144 3
    endloop
  endfacet
  facet normal -0.852908 -0.522061 0
    outer loop
      vertex 30.8737 -27.1109 0
      vertex 30.8737 -27.1109 3
      vertex 29.9577 -25.6144 0
    endloop
  endfacet
  facet normal -0.852908 -0.522061 -0
    outer loop
      vertex 29.9577 -25.6144 3
      vertex 29.9577 -25.6144 0
      vertex 30.8737 -27.1109 3
    endloop
  endfacet
  facet normal -0.751431 -0.659811 0
    outer loop
      vertex 32.1455 -28.5593 0
      vertex 32.1455 -28.5593 3
      vertex 30.8737 -27.1109 0
    endloop
  endfacet
  facet normal -0.751431 -0.659811 -0
    outer loop
      vertex 30.8737 -27.1109 3
      vertex 30.8737 -27.1109 0
      vertex 32.1455 -28.5593 3
    endloop
  endfacet
  facet normal -0.734879 0.678198 0
    outer loop
      vertex 31.0435 -29.7534 0
      vertex 31.0435 -29.7534 3
      vertex 32.1455 -28.5593 0
    endloop
  endfacet
  facet normal -0.734879 0.678198 0
    outer loop
      vertex 32.1455 -28.5593 3
      vertex 32.1455 -28.5593 0
      vertex 31.0435 -29.7534 3
    endloop
  endfacet
  facet normal -0.708767 0.705443 0
    outer loop
      vertex 29.8973 -30.905 0
      vertex 29.8973 -30.905 3
      vertex 31.0435 -29.7534 0
    endloop
  endfacet
  facet normal -0.708767 0.705443 0
    outer loop
      vertex 31.0435 -29.7534 3
      vertex 31.0435 -29.7534 0
      vertex 29.8973 -30.905 3
    endloop
  endfacet
  facet normal -0.681583 0.73174 0
    outer loop
      vertex 28.7083 -32.0125 0
      vertex 28.7083 -32.0125 3
      vertex 29.8973 -30.905 0
    endloop
  endfacet
  facet normal -0.681583 0.73174 0
    outer loop
      vertex 29.8973 -30.905 3
      vertex 29.8973 -30.905 0
      vertex 28.7083 -32.0125 3
    endloop
  endfacet
  facet normal 0.198952 0.980009 -0
    outer loop
      vertex 28.3827 -31.9464 0
      vertex 28.3827 -31.9464 3
      vertex 28.7083 -32.0125 0
    endloop
  endfacet
  facet normal 0.198952 0.980009 0
    outer loop
      vertex 28.7083 -32.0125 3
      vertex 28.7083 -32.0125 0
      vertex 28.3827 -31.9464 3
    endloop
  endfacet
  facet normal 0.0819528 0.996636 -0
    outer loop
      vertex -4.60667 -42.7517 0
      vertex -4.60667 -42.7517 3
      vertex -2.40916 -42.9324 0
    endloop
  endfacet
  facet normal 0.0819528 0.996636 0
    outer loop
      vertex -2.40916 -42.9324 3
      vertex -2.40916 -42.9324 0
      vertex -4.60667 -42.7517 3
    endloop
  endfacet
  facet normal 0.980458 -0.19673 0
    outer loop
      vertex -4.25531 -41.0006 0
      vertex -4.25531 -41.0006 3
      vertex -4.60667 -42.7517 0
    endloop
  endfacet
  facet normal 0.980458 -0.19673 0
    outer loop
      vertex -4.60667 -42.7517 3
      vertex -4.60667 -42.7517 0
      vertex -4.25531 -41.0006 3
    endloop
  endfacet
  facet normal 0.855001 -0.518627 0
    outer loop
      vertex -3.56393 -39.8608 0
      vertex -3.56393 -39.8608 3
      vertex -4.25531 -41.0006 0
    endloop
  endfacet
  facet normal 0.855001 -0.518627 0
    outer loop
      vertex -4.25531 -41.0006 3
      vertex -4.25531 -41.0006 0
      vertex -3.56393 -39.8608 3
    endloop
  endfacet
  facet normal 0.919573 -0.39292 0
    outer loop
      vertex -3.05922 -38.6796 0
      vertex -3.05922 -38.6796 3
      vertex -3.56393 -39.8608 0
    endloop
  endfacet
  facet normal 0.919573 -0.39292 0
    outer loop
      vertex -3.56393 -39.8608 3
      vertex -3.56393 -39.8608 0
      vertex -3.05922 -38.6796 3
    endloop
  endfacet
  facet normal 1 0 -0
    outer loop
      vertex -3.05922 -37.1954 0
      vertex -3.05922 -37.1954 3
      vertex -3.05922 -38.6796 0
    endloop
  endfacet
  facet normal 1 -0 0
    outer loop
      vertex -3.05922 -38.6796 3
      vertex -3.05922 -38.6796 0
      vertex -3.05922 -37.1954 3
    endloop
  endfacet
  facet normal 0.980461 -0.196713 0
    outer loop
      vertex -2.79942 -35.9005 0
      vertex -2.79942 -35.9005 3
      vertex -3.05922 -37.1954 0
    endloop
  endfacet
  facet normal 0.980461 -0.196713 0
    outer loop
      vertex -3.05922 -37.1954 3
      vertex -3.05922 -37.1954 0
      vertex -2.79942 -35.9005 3
    endloop
  endfacet
  facet normal -0.196666 -0.980471 0
    outer loop
      vertex -1.63731 -36.1336 0
      vertex -1.63731 -36.1336 3
      vertex -2.79942 -35.9005 0
    endloop
  endfacet
  facet normal -0.196666 -0.980471 -0
    outer loop
      vertex -2.79942 -35.9005 3
      vertex -2.79942 -35.9005 0
      vertex -1.63731 -36.1336 3
    endloop
  endfacet
  facet normal -0.714883 -0.699244 0
    outer loop
      vertex -0.737045 -37.054 0
      vertex -0.737045 -37.054 3
      vertex -1.63731 -36.1336 0
    endloop
  endfacet
  facet normal -0.714883 -0.699244 -0
    outer loop
      vertex -1.63731 -36.1336 3
      vertex -1.63731 -36.1336 0
      vertex -0.737045 -37.054 3
    endloop
  endfacet
  facet normal -0.624003 -0.781422 0
    outer loop
      vertex 0.615784 -38.1343 0
      vertex 0.615784 -38.1343 3
      vertex -0.737045 -37.054 0
    endloop
  endfacet
  facet normal -0.624003 -0.781422 -0
    outer loop
      vertex -0.737045 -37.054 3
      vertex -0.737045 -37.054 0
      vertex 0.615784 -38.1343 3
    endloop
  endfacet
  facet normal 0.981395 0.191999 -0
    outer loop
      vertex 0.343201 -36.741 0
      vertex 0.343201 -36.741 3
      vertex 0.615784 -38.1343 0
    endloop
  endfacet
  facet normal 0.981395 0.191999 0
    outer loop
      vertex 0.615784 -38.1343 3
      vertex 0.615784 -38.1343 0
      vertex 0.343201 -36.741 3
    endloop
  endfacet
  facet normal 0.961001 0.276545 -0
    outer loop
      vertex -0.0606232 -35.3377 0
      vertex -0.0606232 -35.3377 3
      vertex 0.343201 -36.741 0
    endloop
  endfacet
  facet normal 0.961001 0.276545 0
    outer loop
      vertex 0.343201 -36.741 3
      vertex 0.343201 -36.741 0
      vertex -0.0606232 -35.3377 3
    endloop
  endfacet
  facet normal 0.810657 0.585521 -0
    outer loop
      vertex -0.585648 -34.6108 0
      vertex -0.585648 -34.6108 3
      vertex -0.0606232 -35.3377 0
    endloop
  endfacet
  facet normal 0.810657 0.585521 0
    outer loop
      vertex -0.0606232 -35.3377 3
      vertex -0.0606232 -35.3377 0
      vertex -0.585648 -34.6108 3
    endloop
  endfacet
  facet normal 0.549892 0.835236 -0
    outer loop
      vertex -1.79713 -33.8132 0
      vertex -1.79713 -33.8132 3
      vertex -0.585648 -34.6108 0
    endloop
  endfacet
  facet normal 0.549892 0.835236 0
    outer loop
      vertex -0.585648 -34.6108 3
      vertex -0.585648 -34.6108 0
      vertex -1.79713 -33.8132 3
    endloop
  endfacet
  facet normal 0.1893 0.981919 -0
    outer loop
      vertex -3.47308 -33.4901 0
      vertex -3.47308 -33.4901 3
      vertex -1.79713 -33.8132 0
    endloop
  endfacet
  facet normal 0.1893 0.981919 0
    outer loop
      vertex -1.79713 -33.8132 3
      vertex -1.79713 -33.8132 0
      vertex -3.47308 -33.4901 3
    endloop
  endfacet
  facet normal 0.623962 0.781455 -0
    outer loop
      vertex -4.89256 -32.3567 0
      vertex -4.89256 -32.3567 3
      vertex -3.47308 -33.4901 0
    endloop
  endfacet
  facet normal 0.623962 0.781455 0
    outer loop
      vertex -3.47308 -33.4901 3
      vertex -3.47308 -33.4901 0
      vertex -4.89256 -32.3567 3
    endloop
  endfacet
  facet normal 0.911156 0.412061 -0
    outer loop
      vertex -5.99512 -29.9187 0
      vertex -5.99512 -29.9187 3
      vertex -4.89256 -32.3567 0
    endloop
  endfacet
  facet normal 0.911156 0.412061 0
    outer loop
      vertex -4.89256 -32.3567 3
      vertex -4.89256 -32.3567 0
      vertex -5.99512 -29.9187 3
    endloop
  endfacet
  facet normal 0.685147 0.728405 -0
    outer loop
      vertex -6.83521 -29.1285 0
      vertex -6.83521 -29.1285 3
      vertex -5.99512 -29.9187 0
    endloop
  endfacet
  facet normal 0.685147 0.728405 0
    outer loop
      vertex -5.99512 -29.9187 3
      vertex -5.99512 -29.9187 0
      vertex -6.83521 -29.1285 3
    endloop
  endfacet
  facet normal 0.27474 0.961518 -0
    outer loop
      vertex -7.89528 -28.8256 0
      vertex -7.89528 -28.8256 3
      vertex -6.83521 -29.1285 0
    endloop
  endfacet
  facet normal 0.27474 0.961518 0
    outer loop
      vertex -6.83521 -29.1285 3
      vertex -6.83521 -29.1285 0
      vertex -7.89528 -28.8256 3
    endloop
  endfacet
  facet normal 0.41763 0.908617 -0
    outer loop
      vertex -10.483 -27.6362 0
      vertex -10.483 -27.6362 3
      vertex -7.89528 -28.8256 0
    endloop
  endfacet
  facet normal 0.41763 0.908617 0
    outer loop
      vertex -7.89528 -28.8256 3
      vertex -7.89528 -28.8256 0
      vertex -10.483 -27.6362 3
    endloop
  endfacet
  facet normal 0.685156 0.728397 -0
    outer loop
      vertex -11.3303 -26.8392 0
      vertex -11.3303 -26.8392 3
      vertex -10.483 -27.6362 0
    endloop
  endfacet
  facet normal 0.685156 0.728397 0
    outer loop
      vertex -10.483 -27.6362 3
      vertex -10.483 -27.6362 0
      vertex -11.3303 -26.8392 3
    endloop
  endfacet
  facet normal 0.767509 0.641039 -0
    outer loop
      vertex -12.378 -25.5848 0
      vertex -12.378 -25.5848 3
      vertex -11.3303 -26.8392 0
    endloop
  endfacet
  facet normal 0.767509 0.641039 0
    outer loop
      vertex -11.3303 -26.8392 3
      vertex -11.3303 -26.8392 0
      vertex -12.378 -25.5848 3
    endloop
  endfacet
  facet normal 0.911181 0.412007 -0
    outer loop
      vertex -13.9052 -22.2073 0
      vertex -13.9052 -22.2073 3
      vertex -12.378 -25.5848 0
    endloop
  endfacet
  facet normal 0.911181 0.412007 0
    outer loop
      vertex -12.378 -25.5848 3
      vertex -12.378 -25.5848 0
      vertex -13.9052 -22.2073 3
    endloop
  endfacet
  facet normal 0.950279 0.3114 -0
    outer loop
      vertex -15.6444 -16.8999 0
      vertex -15.6444 -16.8999 3
      vertex -13.9052 -22.2073 0
    endloop
  endfacet
  facet normal 0.950279 0.3114 0
    outer loop
      vertex -13.9052 -22.2073 3
      vertex -13.9052 -22.2073 0
      vertex -15.6444 -16.8999 3
    endloop
  endfacet
  facet normal 0.996463 0.0840357 -0
    outer loop
      vertex -15.9218 -13.6106 0
      vertex -15.9218 -13.6106 3
      vertex -15.6444 -16.8999 0
    endloop
  endfacet
  facet normal 0.996463 0.0840357 0
    outer loop
      vertex -15.6444 -16.8999 3
      vertex -15.6444 -16.8999 0
      vertex -15.9218 -13.6106 3
    endloop
  endfacet
  facet normal 0.973288 0.229587 -0
    outer loop
      vertex -16.8019 -9.87959 0
      vertex -16.8019 -9.87959 3
      vertex -15.9218 -13.6106 0
    endloop
  endfacet
  facet normal 0.973288 0.229587 0
    outer loop
      vertex -15.9218 -13.6106 3
      vertex -15.9218 -13.6106 0
      vertex -16.8019 -9.87959 3
    endloop
  endfacet
  facet normal 0.970057 -0.242877 0
    outer loop
      vertex -16.3862 -8.21927 0
      vertex -16.3862 -8.21927 3
      vertex -16.8019 -9.87959 0
    endloop
  endfacet
  facet normal 0.970057 -0.242877 0
    outer loop
      vertex -16.8019 -9.87959 3
      vertex -16.8019 -9.87959 0
      vertex -16.3862 -8.21927 3
    endloop
  endfacet
  facet normal 0.922732 -0.385441 0
    outer loop
      vertex -15.7831 -6.77547 0
      vertex -15.7831 -6.77547 3
      vertex -16.3862 -8.21927 0
    endloop
  endfacet
  facet normal 0.922732 -0.385441 0
    outer loop
      vertex -16.3862 -8.21927 3
      vertex -16.3862 -8.21927 0
      vertex -15.7831 -6.77547 3
    endloop
  endfacet
  facet normal 0.88213 -0.471007 0
    outer loop
      vertex -15.1847 -5.65475 0
      vertex -15.1847 -5.65475 3
      vertex -15.7831 -6.77547 0
    endloop
  endfacet
  facet normal 0.88213 -0.471007 0
    outer loop
      vertex -15.7831 -6.77547 3
      vertex -15.7831 -6.77547 0
      vertex -15.1847 -5.65475 3
    endloop
  endfacet
  facet normal 0.616743 -0.787165 0
    outer loop
      vertex -14.2054 -4.88747 0
      vertex -14.2054 -4.88747 3
      vertex -15.1847 -5.65475 0
    endloop
  endfacet
  facet normal 0.616743 -0.787165 0
    outer loop
      vertex -15.1847 -5.65475 3
      vertex -15.1847 -5.65475 0
      vertex -14.2054 -4.88747 3
    endloop
  endfacet
  facet normal -0.831504 -0.555519 0
    outer loop
      vertex -13.1194 -6.513 0
      vertex -13.1194 -6.513 3
      vertex -14.2054 -4.88747 0
    endloop
  endfacet
  facet normal -0.831504 -0.555519 -0
    outer loop
      vertex -14.2054 -4.88747 3
      vertex -14.2054 -4.88747 0
      vertex -13.1194 -6.513 3
    endloop
  endfacet
  facet normal -0.996464 -0.0840175 0
    outer loop
      vertex -12.7732 -10.619 0
      vertex -12.7732 -10.619 3
      vertex -13.1194 -6.513 0
    endloop
  endfacet
  facet normal -0.996464 -0.0840175 -0
    outer loop
      vertex -13.1194 -6.513 3
      vertex -13.1194 -6.513 0
      vertex -12.7732 -10.619 3
    endloop
  endfacet
  facet normal -0.91118 -0.412008 0
    outer loop
      vertex -12.0949 -12.1191 0
      vertex -12.0949 -12.1191 3
      vertex -12.7732 -10.619 0
    endloop
  endfacet
  facet normal -0.91118 -0.412008 -0
    outer loop
      vertex -12.7732 -10.619 3
      vertex -12.7732 -10.619 0
      vertex -12.0949 -12.1191 3
    endloop
  endfacet
  facet normal -0.879453 -0.475985 0
    outer loop
      vertex -10.3975 -15.2553 0
      vertex -10.3975 -15.2553 3
      vertex -12.0949 -12.1191 0
    endloop
  endfacet
  facet normal -0.879453 -0.475985 -0
    outer loop
      vertex -12.0949 -12.1191 3
      vertex -12.0949 -12.1191 0
      vertex -10.3975 -15.2553 3
    endloop
  endfacet
  facet normal -0.963848 -0.266451 0
    outer loop
      vertex -9.9953 -16.7102 0
      vertex -9.9953 -16.7102 3
      vertex -10.3975 -15.2553 0
    endloop
  endfacet
  facet normal -0.963848 -0.266451 -0
    outer loop
      vertex -10.3975 -15.2553 3
      vertex -10.3975 -15.2553 0
      vertex -9.9953 -16.7102 3
    endloop
  endfacet
  facet normal -0.990617 -0.136664 0
    outer loop
      vertex -9.60307 -19.5533 0
      vertex -9.60307 -19.5533 3
      vertex -9.9953 -16.7102 0
    endloop
  endfacet
  facet normal -0.990617 -0.136664 -0
    outer loop
      vertex -9.9953 -16.7102 3
      vertex -9.9953 -16.7102 0
      vertex -9.60307 -19.5533 3
    endloop
  endfacet
  facet normal -1 0 0
    outer loop
      vertex -9.60307 -20.8698 0
      vertex -9.60307 -20.8698 3
      vertex -9.60307 -19.5533 0
    endloop
  endfacet
  facet normal -1 -0 -0
    outer loop
      vertex -9.60307 -19.5533 3
      vertex -9.60307 -19.5533 0
      vertex -9.60307 -20.8698 3
    endloop
  endfacet
  facet normal -0.963863 -0.266399 0
    outer loop
      vertex -9.19609 -22.3423 0
      vertex -9.19609 -22.3423 3
      vertex -9.60307 -20.8698 0
    endloop
  endfacet
  facet normal -0.963863 -0.266399 -0
    outer loop
      vertex -9.60307 -20.8698 3
      vertex -9.60307 -20.8698 0
      vertex -9.19609 -22.3423 3
    endloop
  endfacet
  facet normal -0.829216 -0.558928 0
    outer loop
      vertex -8.20828 -23.8078 0
      vertex -8.20828 -23.8078 3
      vertex -9.19609 -22.3423 0
    endloop
  endfacet
  facet normal -0.829216 -0.558928 -0
    outer loop
      vertex -9.19609 -22.3423 3
      vertex -9.19609 -22.3423 0
      vertex -8.20828 -23.8078 3
    endloop
  endfacet
  facet normal 0.999065 0.0432448 -0
    outer loop
      vertex -8.30923 -21.4756 0
      vertex -8.30923 -21.4756 3
      vertex -8.20828 -23.8078 0
    endloop
  endfacet
  facet normal 0.999065 0.0432448 0
    outer loop
      vertex -8.20828 -23.8078 3
      vertex -8.20828 -23.8078 0
      vertex -8.30923 -21.4756 3
    endloop
  endfacet
  facet normal 1 0 -0
    outer loop
      vertex -8.30923 -18.3558 0
      vertex -8.30923 -18.3558 3
      vertex -8.30923 -21.4756 0
    endloop
  endfacet
  facet normal 1 -0 0
    outer loop
      vertex -8.30923 -21.4756 3
      vertex -8.30923 -21.4756 0
      vertex -8.30923 -18.3558 3
    endloop
  endfacet
  facet normal 0.984774 -0.173842 0
    outer loop
      vertex -8.15775 -17.4977 0
      vertex -8.15775 -17.4977 3
      vertex -8.30923 -18.3558 0
    endloop
  endfacet
  facet normal 0.984774 -0.173842 0
    outer loop
      vertex -8.30923 -18.3558 3
      vertex -8.30923 -18.3558 0
      vertex -8.15775 -17.4977 3
    endloop
  endfacet
  facet normal -0.470974 -0.882147 0
    outer loop
      vertex -7.59453 -17.7984 0
      vertex -7.59453 -17.7984 3
      vertex -8.15775 -17.4977 0
    endloop
  endfacet
  facet normal -0.470974 -0.882147 -0
    outer loop
      vertex -8.15775 -17.4977 3
      vertex -8.15775 -17.4977 0
      vertex -7.59453 -17.7984 3
    endloop
  endfacet
  facet normal -0.879462 -0.475969 0
    outer loop
      vertex -7.15794 -18.6051 0
      vertex -7.15794 -18.6051 3
      vertex -7.59453 -17.7984 0
    endloop
  endfacet
  facet normal -0.879462 -0.475969 -0
    outer loop
      vertex -7.59453 -17.7984 3
      vertex -7.59453 -17.7984 0
      vertex -7.15794 -18.6051 3
    endloop
  endfacet
  facet normal -0.788245 -0.615361 0
    outer loop
      vertex -6.39093 -19.5876 0
      vertex -6.39093 -19.5876 3
      vertex -7.15794 -18.6051 0
    endloop
  endfacet
  facet normal -0.788245 -0.615361 -0
    outer loop
      vertex -7.15794 -18.6051 3
      vertex -7.15794 -18.6051 0
      vertex -6.39093 -19.5876 3
    endloop
  endfacet
  facet normal -0.985671 -0.168681 0
    outer loop
      vertex -6.06783 -21.4756 0
      vertex -6.06783 -21.4756 3
      vertex -6.39093 -19.5876 0
    endloop
  endfacet
  facet normal -0.985671 -0.168681 -0
    outer loop
      vertex -6.39093 -19.5876 3
      vertex -6.39093 -19.5876 0
      vertex -6.06783 -21.4756 3
    endloop
  endfacet
  facet normal -0.879457 -0.475978 0
    outer loop
      vertex -5.48824 -22.5465 0
      vertex -5.48824 -22.5465 3
      vertex -6.06783 -21.4756 0
    endloop
  endfacet
  facet normal -0.879457 -0.475978 -0
    outer loop
      vertex -6.06783 -21.4756 3
      vertex -6.06783 -21.4756 0
      vertex -5.48824 -22.5465 3
    endloop
  endfacet
  facet normal -0.584777 -0.811194 0
    outer loop
      vertex -1.61244 -25.3405 0
      vertex -1.61244 -25.3405 3
      vertex -5.48824 -22.5465 0
    endloop
  endfacet
  facet normal -0.584777 -0.811194 -0
    outer loop
      vertex -5.48824 -22.5465 3
      vertex -5.48824 -22.5465 0
      vertex -1.61244 -25.3405 3
    endloop
  endfacet
  facet normal -0.66916 -0.743118 0
    outer loop
      vertex -0.545227 -26.3015 0
      vertex -0.545227 -26.3015 3
      vertex -1.61244 -25.3405 0
    endloop
  endfacet
  facet normal -0.66916 -0.743118 -0
    outer loop
      vertex -1.61244 -25.3405 3
      vertex -1.61244 -25.3405 0
      vertex -0.545227 -26.3015 3
    endloop
  endfacet
  facet normal -0.46634 -0.884606 0
    outer loop
      vertex 0.443634 -26.8228 0
      vertex 0.443634 -26.8228 3
      vertex -0.545227 -26.3015 0
    endloop
  endfacet
  facet normal -0.46634 -0.884606 -0
    outer loop
      vertex -0.545227 -26.3015 3
      vertex -0.545227 -26.3015 0
      vertex 0.443634 -26.8228 3
    endloop
  endfacet
  facet normal -0.219745 -0.975557 0
    outer loop
      vertex 1.62543 -27.089 0
      vertex 1.62543 -27.089 3
      vertex 0.443634 -26.8228 0
    endloop
  endfacet
  facet normal -0.219745 -0.975557 -0
    outer loop
      vertex 0.443634 -26.8228 3
      vertex 0.443634 -26.8228 0
      vertex 1.62543 -27.089 3
    endloop
  endfacet
  facet normal -0.584825 -0.81116 0
    outer loop
      vertex 2.7202 -27.8783 0
      vertex 2.7202 -27.8783 3
      vertex 1.62543 -27.089 0
    endloop
  endfacet
  facet normal -0.584825 -0.81116 -0
    outer loop
      vertex 1.62543 -27.089 3
      vertex 1.62543 -27.089 0
      vertex 2.7202 -27.8783 3
    endloop
  endfacet
  facet normal -0.96521 -0.261476 0
    outer loop
      vertex 3.02881 -29.0175 0
      vertex 3.02881 -29.0175 3
      vertex 2.7202 -27.8783 0
    endloop
  endfacet
  facet normal -0.96521 -0.261476 -0
    outer loop
      vertex 2.7202 -27.8783 3
      vertex 2.7202 -27.8783 0
      vertex 3.02881 -29.0175 3
    endloop
  endfacet
  facet normal -1 0 0
    outer loop
      vertex 3.02881 -30.33 0
      vertex 3.02881 -30.33 3
      vertex 3.02881 -29.0175 0
    endloop
  endfacet
  facet normal -1 -0 -0
    outer loop
      vertex 3.02881 -29.0175 3
      vertex 3.02881 -29.0175 0
      vertex 3.02881 -30.33 3
    endloop
  endfacet
  facet normal -0.985671 -0.168679 0
    outer loop
      vertex 3.74352 -34.5064 0
      vertex 3.74352 -34.5064 3
      vertex 3.02881 -30.33 0
    endloop
  endfacet
  facet normal -0.985671 -0.168679 -0
    outer loop
      vertex 3.02881 -30.33 3
      vertex 3.02881 -30.33 0
      vertex 3.74352 -34.5064 3
    endloop
  endfacet
  facet normal -1 0 0
    outer loop
      vertex 3.74352 -35.2065 0
      vertex 3.74352 -35.2065 3
      vertex 3.74352 -34.5064 0
    endloop
  endfacet
  facet normal -1 -0 -0
    outer loop
      vertex 3.74352 -34.5064 3
      vertex 3.74352 -34.5064 0
      vertex 3.74352 -35.2065 3
    endloop
  endfacet
  facet normal -0.985667 -0.168702 0
    outer loop
      vertex 3.91245 -36.1935 0
      vertex 3.91245 -36.1935 3
      vertex 3.74352 -35.2065 0
    endloop
  endfacet
  facet normal -0.985667 -0.168702 -0
    outer loop
      vertex 3.74352 -35.2065 3
      vertex 3.74352 -35.2065 0
      vertex 3.91245 -36.1935 3
    endloop
  endfacet
  facet normal -0.956914 -0.290371 0
    outer loop
      vertex 4.56589 -38.3469 0
      vertex 4.56589 -38.3469 3
      vertex 3.91245 -36.1935 0
    endloop
  endfacet
  facet normal -0.956914 -0.290371 -0
    outer loop
      vertex 3.91245 -36.1935 3
      vertex 3.91245 -36.1935 0
      vertex 4.56589 -38.3469 3
    endloop
  endfacet
  facet normal -0.985672 -0.168675 0
    outer loop
      vertex 4.78293 -39.6152 0
      vertex 4.78293 -39.6152 3
      vertex 4.56589 -38.3469 0
    endloop
  endfacet
  facet normal -0.985672 -0.168675 -0
    outer loop
      vertex 4.56589 -38.3469 3
      vertex 4.56589 -38.3469 0
      vertex 4.78293 -39.6152 3
    endloop
  endfacet
  facet normal -0.982779 0.184786 0
    outer loop
      vertex 4.20361 -42.6963 0
      vertex 4.20361 -42.6963 3
      vertex 4.78293 -39.6152 0
    endloop
  endfacet
  facet normal -0.982779 0.184786 0
    outer loop
      vertex 4.78293 -39.6152 3
      vertex 4.78293 -39.6152 0
      vertex 4.20361 -42.6963 3
    endloop
  endfacet
  facet normal -0.998498 0.0547894 0
    outer loop
      vertex 4.19826 -42.7938 0
      vertex 4.19826 -42.7938 3
      vertex 4.20361 -42.6963 0
    endloop
  endfacet
  facet normal -0.998498 0.0547894 0
    outer loop
      vertex 4.20361 -42.6963 3
      vertex 4.20361 -42.6963 0
      vertex 4.19826 -42.7938 3
    endloop
  endfacet
  facet normal -0.0721582 0.997393 0
    outer loop
      vertex 1.99913 -42.9529 0
      vertex 1.99913 -42.9529 3
      vertex 4.19826 -42.7938 0
    endloop
  endfacet
  facet normal -0.0721582 0.997393 0
    outer loop
      vertex 4.19826 -42.7938 3
      vertex 4.19826 -42.7938 0
      vertex 1.99913 -42.9529 3
    endloop
  endfacet
  facet normal -0.0211343 0.999777 0
    outer loop
      vertex -0.205322 -42.9995 0
      vertex -0.205322 -42.9995 3
      vertex 1.99913 -42.9529 0
    endloop
  endfacet
  facet normal -0.0211343 0.999777 0
    outer loop
      vertex 1.99913 -42.9529 3
      vertex 1.99913 -42.9529 0
      vertex -0.205322 -42.9995 3
    endloop
  endfacet
  facet normal 0.0304328 0.999537 -0
    outer loop
      vertex -2.40916 -42.9324 0
      vertex -2.40916 -42.9324 3
      vertex -0.205322 -42.9995 0
    endloop
  endfacet
  facet normal 0.0304328 0.999537 0
    outer loop
      vertex -0.205322 -42.9995 3
      vertex -0.205322 -42.9995 0
      vertex -2.40916 -42.9324 3
    endloop
  endfacet
  facet normal 0.382646 0.923895 -0
    outer loop
      vertex -34.5388 -16.5888 0
      vertex -34.5388 -16.5888 3
      vertex -33.2992 -17.1022 0
    endloop
  endfacet
  facet normal 0.382646 0.923895 0
    outer loop
      vertex -33.2992 -17.1022 3
      vertex -33.2992 -17.1022 0
      vertex -34.5388 -16.5888 3
    endloop
  endfacet
  facet normal 0.447214 0.894427 -0
    outer loop
      vertex -35.5804 -16.068 0
      vertex -35.5804 -16.068 3
      vertex -34.5388 -16.5888 0
    endloop
  endfacet
  facet normal 0.447214 0.894427 0
    outer loop
      vertex -34.5388 -16.5888 3
      vertex -34.5388 -16.5888 0
      vertex -35.5804 -16.068 3
    endloop
  endfacet
  facet normal 0.137255 0.990536 -0
    outer loop
      vertex -38.3004 -15.6911 0
      vertex -38.3004 -15.6911 3
      vertex -35.5804 -16.068 0
    endloop
  endfacet
  facet normal 0.137255 0.990536 0
    outer loop
      vertex -35.5804 -16.068 3
      vertex -35.5804 -16.068 0
      vertex -38.3004 -15.6911 3
    endloop
  endfacet
  facet normal 0.278768 0.960358 -0
    outer loop
      vertex -39.4531 -15.3565 0
      vertex -39.4531 -15.3565 3
      vertex -38.3004 -15.6911 0
    endloop
  endfacet
  facet normal 0.278768 0.960358 0
    outer loop
      vertex -38.3004 -15.6911 3
      vertex -38.3004 -15.6911 0
      vertex -39.4531 -15.3565 3
    endloop
  endfacet
  facet normal 0.661781 0.749697 -0
    outer loop
      vertex -40.386 -14.533 0
      vertex -40.386 -14.533 3
      vertex -39.4531 -15.3565 0
    endloop
  endfacet
  facet normal 0.661781 0.749697 0
    outer loop
      vertex -39.4531 -15.3565 3
      vertex -39.4531 -15.3565 0
      vertex -40.386 -14.533 3
    endloop
  endfacet
  facet normal -0.127101 0.99189 0
    outer loop
      vertex -40.4656 -14.5432 0
      vertex -40.4656 -14.5432 3
      vertex -40.386 -14.533 0
    endloop
  endfacet
  facet normal -0.127101 0.99189 0
    outer loop
      vertex -40.386 -14.533 3
      vertex -40.386 -14.533 0
      vertex -40.4656 -14.5432 3
    endloop
  endfacet
  facet normal 0.949804 0.312845 -0
    outer loop
      vertex -41.1873 -12.3521 0
      vertex -41.1873 -12.3521 3
      vertex -40.4656 -14.5432 0
    endloop
  endfacet
  facet normal 0.949804 0.312845 0
    outer loop
      vertex -40.4656 -14.5432 3
      vertex -40.4656 -14.5432 0
      vertex -41.1873 -12.3521 3
    endloop
  endfacet
  facet normal 0.965212 0.26147 -0
    outer loop
      vertex -41.7905 -10.1254 0
      vertex -41.7905 -10.1254 3
      vertex -41.1873 -12.3521 0
    endloop
  endfacet
  facet normal 0.965212 0.26147 0
    outer loop
      vertex -41.1873 -12.3521 3
      vertex -41.1873 -12.3521 0
      vertex -41.7905 -10.1254 3
    endloop
  endfacet
  facet normal 0.977843 0.209338 -0
    outer loop
      vertex -42.2734 -7.86971 0
      vertex -42.2734 -7.86971 3
      vertex -41.7905 -10.1254 0
    endloop
  endfacet
  facet normal 0.977843 0.209338 0
    outer loop
      vertex -41.7905 -10.1254 3
      vertex -41.7905 -10.1254 0
      vertex -42.2734 -7.86971 3
    endloop
  endfacet
  facet normal 0.0743926 -0.997229 0
    outer loop
      vertex -42.1486 -7.8604 0
      vertex -42.1486 -7.8604 3
      vertex -42.2734 -7.86971 0
    endloop
  endfacet
  facet normal 0.0743926 -0.997229 0
    outer loop
      vertex -42.2734 -7.86971 3
      vertex -42.2734 -7.86971 0
      vertex -42.1486 -7.8604 3
    endloop
  endfacet
  facet normal -0.726116 -0.687573 0
    outer loop
      vertex -40.9054 -9.17329 0
      vertex -40.9054 -9.17329 3
      vertex -42.1486 -7.8604 0
    endloop
  endfacet
  facet normal -0.726116 -0.687573 -0
    outer loop
      vertex -42.1486 -7.8604 3
      vertex -42.1486 -7.8604 0
      vertex -40.9054 -9.17329 3
    endloop
  endfacet
  facet normal -0.558868 -0.829257 0
    outer loop
      vertex -39.8932 -9.85545 0
      vertex -39.8932 -9.85545 3
      vertex -40.9054 -9.17329 0
    endloop
  endfacet
  facet normal -0.558868 -0.829257 -0
    outer loop
      vertex -40.9054 -9.17329 3
      vertex -40.9054 -9.17329 0
      vertex -39.8932 -9.85545 3
    endloop
  endfacet
  facet normal -0.42484 -0.905268 0
    outer loop
      vertex -34.2617 -12.4983 0
      vertex -34.2617 -12.4983 3
      vertex -39.8932 -9.85545 0
    endloop
  endfacet
  facet normal -0.42484 -0.905268 -0
    outer loop
      vertex -39.8932 -9.85545 3
      vertex -39.8932 -9.85545 0
      vertex -34.2617 -12.4983 3
    endloop
  endfacet
  facet normal -0.631029 -0.77576 0
    outer loop
      vertex -32.353 -14.0509 0
      vertex -32.353 -14.0509 3
      vertex -34.2617 -12.4983 0
    endloop
  endfacet
  facet normal -0.631029 -0.77576 -0
    outer loop
      vertex -34.2617 -12.4983 3
      vertex -34.2617 -12.4983 0
      vertex -32.353 -14.0509 3
    endloop
  endfacet
  facet normal 0.70414 -0.710061 0
    outer loop
      vertex -31.4655 -13.1708 0
      vertex -31.4655 -13.1708 3
      vertex -32.353 -14.0509 0
    endloop
  endfacet
  facet normal 0.70414 -0.710061 0
    outer loop
      vertex -32.353 -14.0509 3
      vertex -32.353 -14.0509 0
      vertex -31.4655 -13.1708 3
    endloop
  endfacet
  facet normal 0.389912 -0.920852 0
    outer loop
      vertex -30.4606 -12.7453 0
      vertex -30.4606 -12.7453 3
      vertex -31.4655 -13.1708 0
    endloop
  endfacet
  facet normal 0.389912 -0.920852 0
    outer loop
      vertex -31.4655 -13.1708 3
      vertex -31.4655 -13.1708 0
      vertex -30.4606 -12.7453 3
    endloop
  endfacet
  facet normal 0.0836037 -0.996499 0
    outer loop
      vertex -29.4117 -12.6573 0
      vertex -29.4117 -12.6573 3
      vertex -30.4606 -12.7453 0
    endloop
  endfacet
  facet normal 0.0836037 -0.996499 0
    outer loop
      vertex -30.4606 -12.7453 3
      vertex -30.4606 -12.7453 0
      vertex -29.4117 -12.6573 3
    endloop
  endfacet
  facet normal 0.168238 -0.985746 0
    outer loop
      vertex -28.2088 -12.452 0
      vertex -28.2088 -12.452 3
      vertex -29.4117 -12.6573 0
    endloop
  endfacet
  facet normal 0.168238 -0.985746 0
    outer loop
      vertex -29.4117 -12.6573 3
      vertex -29.4117 -12.6573 0
      vertex -28.2088 -12.452 3
    endloop
  endfacet
  facet normal 0.389885 -0.920864 0
    outer loop
      vertex -26.9681 -11.9267 0
      vertex -26.9681 -11.9267 3
      vertex -28.2088 -12.452 0
    endloop
  endfacet
  facet normal 0.389885 -0.920864 0
    outer loop
      vertex -28.2088 -12.452 3
      vertex -28.2088 -12.452 0
      vertex -26.9681 -11.9267 3
    endloop
  endfacet
  facet normal 0.52726 -0.849704 0
    outer loop
      vertex -25.9351 -11.2857 0
      vertex -25.9351 -11.2857 3
      vertex -26.9681 -11.9267 0
    endloop
  endfacet
  facet normal 0.52726 -0.849704 0
    outer loop
      vertex -26.9681 -11.9267 3
      vertex -26.9681 -11.9267 0
      vertex -25.9351 -11.2857 3
    endloop
  endfacet
  facet normal 0.472523 -0.881318 0
    outer loop
      vertex -23.5075 -9.98413 0
      vertex -23.5075 -9.98413 3
      vertex -25.9351 -11.2857 0
    endloop
  endfacet
  facet normal 0.472523 -0.881318 0
    outer loop
      vertex -25.9351 -11.2857 3
      vertex -25.9351 -11.2857 0
      vertex -23.5075 -9.98413 3
    endloop
  endfacet
  facet normal 0.408763 -0.912641 0
    outer loop
      vertex -21.8936 -9.26128 0
      vertex -21.8936 -9.26128 3
      vertex -23.5075 -9.98413 0
    endloop
  endfacet
  facet normal 0.408763 -0.912641 0
    outer loop
      vertex -23.5075 -9.98413 3
      vertex -23.5075 -9.98413 0
      vertex -21.8936 -9.26128 3
    endloop
  endfacet
  facet normal -0.753501 -0.657447 0
    outer loop
      vertex -21.5782 -9.62276 0
      vertex -21.5782 -9.62276 3
      vertex -21.8936 -9.26128 0
    endloop
  endfacet
  facet normal -0.753501 -0.657447 -0
    outer loop
      vertex -21.8936 -9.26128 3
      vertex -21.8936 -9.26128 0
      vertex -21.5782 -9.62276 3
    endloop
  endfacet
  facet normal -1 0 0
    outer loop
      vertex -21.5782 -11.2563 0
      vertex -21.5782 -11.2563 3
      vertex -21.5782 -9.62276 0
    endloop
  endfacet
  facet normal -1 -0 -0
    outer loop
      vertex -21.5782 -9.62276 3
      vertex -21.5782 -9.62276 0
      vertex -21.5782 -11.2563 3
    endloop
  endfacet
  facet normal -0.998403 0.0564988 0
    outer loop
      vertex -21.6442 -12.4226 0
      vertex -21.6442 -12.4226 3
      vertex -21.5782 -11.2563 0
    endloop
  endfacet
  facet normal -0.998403 0.0564988 0
    outer loop
      vertex -21.5782 -11.2563 3
      vertex -21.5782 -11.2563 0
      vertex -21.6442 -12.4226 3
    endloop
  endfacet
  facet normal -0.992753 0.120176 0
    outer loop
      vertex -21.8129 -13.8162 0
      vertex -21.8129 -13.8162 3
      vertex -21.6442 -12.4226 0
    endloop
  endfacet
  facet normal -0.992753 0.120176 0
    outer loop
      vertex -21.6442 -12.4226 3
      vertex -21.6442 -12.4226 0
      vertex -21.8129 -13.8162 3
    endloop
  endfacet
  facet normal -0.930459 0.366396 0
    outer loop
      vertex -22.275 -14.9897 0
      vertex -22.275 -14.9897 3
      vertex -21.8129 -13.8162 0
    endloop
  endfacet
  facet normal -0.930459 0.366396 0
    outer loop
      vertex -21.8129 -13.8162 3
      vertex -21.8129 -13.8162 0
      vertex -22.275 -14.9897 3
    endloop
  endfacet
  facet normal -0.687969 0.72574 0
    outer loop
      vertex -23.1185 -15.7893 0
      vertex -23.1185 -15.7893 3
      vertex -22.275 -14.9897 0
    endloop
  endfacet
  facet normal -0.687969 0.72574 0
    outer loop
      vertex -22.275 -14.9897 3
      vertex -22.275 -14.9897 0
      vertex -23.1185 -15.7893 3
    endloop
  endfacet
  facet normal -0.342226 0.939618 0
    outer loop
      vertex -24.3068 -16.2221 0
      vertex -24.3068 -16.2221 3
      vertex -23.1185 -15.7893 0
    endloop
  endfacet
  facet normal -0.342226 0.939618 0
    outer loop
      vertex -23.1185 -15.7893 3
      vertex -23.1185 -15.7893 0
      vertex -24.3068 -16.2221 3
    endloop
  endfacet
  facet normal -0.131328 0.991339 0
    outer loop
      vertex -27.6712 -16.6678 0
      vertex -27.6712 -16.6678 3
      vertex -24.3068 -16.2221 0
    endloop
  endfacet
  facet normal -0.131328 0.991339 0
    outer loop
      vertex -24.3068 -16.2221 3
      vertex -24.3068 -16.2221 0
      vertex -27.6712 -16.6678 3
    endloop
  endfacet
  facet normal -0.258522 0.966005 0
    outer loop
      vertex -29.2944 -17.1022 0
      vertex -29.2944 -17.1022 3
      vertex -27.6712 -16.6678 0
    endloop
  endfacet
  facet normal -0.258522 0.966005 0
    outer loop
      vertex -27.6712 -16.6678 3
      vertex -27.6712 -16.6678 0
      vertex -29.2944 -17.1022 3
    endloop
  endfacet
  facet normal -0.205536 0.978649 0
    outer loop
      vertex -30.7614 -17.4103 0
      vertex -30.7614 -17.4103 3
      vertex -29.2944 -17.1022 0
    endloop
  endfacet
  facet normal -0.205536 0.978649 0
    outer loop
      vertex -29.2944 -17.1022 3
      vertex -29.2944 -17.1022 0
      vertex -30.7614 -17.4103 3
    endloop
  endfacet
  facet normal -0.0684019 0.997658 0
    outer loop
      vertex -32.0449 -17.4983 0
      vertex -32.0449 -17.4983 3
      vertex -30.7614 -17.4103 0
    endloop
  endfacet
  facet normal -0.0684019 0.997658 0
    outer loop
      vertex -30.7614 -17.4103 3
      vertex -30.7614 -17.4103 0
      vertex -32.0449 -17.4983 3
    endloop
  endfacet
  facet normal 0.301135 0.953582 -0
    outer loop
      vertex -33.2992 -17.1022 0
      vertex -33.2992 -17.1022 3
      vertex -32.0449 -17.4983 0
    endloop
  endfacet
  facet normal 0.301135 0.953582 0
    outer loop
      vertex -32.0449 -17.4983 3
      vertex -32.0449 -17.4983 0
      vertex -33.2992 -17.1022 3
    endloop
  endfacet
  facet normal 0.784272 0.620417 -0
    outer loop
      vertex 31.9371 -25.3645 0
      vertex 31.9371 -25.3645 3
      vertex 32.7648 -26.4108 0
    endloop
  endfacet
  facet normal 0.784272 0.620417 0
    outer loop
      vertex 32.7648 -26.4108 3
      vertex 32.7648 -26.4108 0
      vertex 31.9371 -25.3645 3
    endloop
  endfacet
  facet normal 0.820289 0.571949 -0
    outer loop
      vertex 31.026 -24.0578 0
      vertex 31.026 -24.0578 3
      vertex 31.9371 -25.3645 0
    endloop
  endfacet
  facet normal 0.820289 0.571949 0
    outer loop
      vertex 31.9371 -25.3645 3
      vertex 31.9371 -25.3645 0
      vertex 31.026 -24.0578 3
    endloop
  endfacet
  facet normal 0.622219 0.782844 -0
    outer loop
      vertex 29.7715 -23.0607 0
      vertex 29.7715 -23.0607 3
      vertex 31.026 -24.0578 0
    endloop
  endfacet
  facet normal 0.622219 0.782844 0
    outer loop
      vertex 31.026 -24.0578 3
      vertex 31.026 -24.0578 0
      vertex 29.7715 -23.0607 3
    endloop
  endfacet
  facet normal 0.860489 0.509469 -0
    outer loop
      vertex 28.9175 -21.6183 0
      vertex 28.9175 -21.6183 3
      vertex 29.7715 -23.0607 0
    endloop
  endfacet
  facet normal 0.860489 0.509469 0
    outer loop
      vertex 29.7715 -23.0607 3
      vertex 29.7715 -23.0607 0
      vertex 28.9175 -21.6183 3
    endloop
  endfacet
  facet normal 0.748798 0.662798 -0
    outer loop
      vertex 27.8971 -20.4655 0
      vertex 27.8971 -20.4655 3
      vertex 28.9175 -21.6183 0
    endloop
  endfacet
  facet normal 0.748798 0.662798 0
    outer loop
      vertex 28.9175 -21.6183 3
      vertex 28.9175 -21.6183 0
      vertex 27.8971 -20.4655 3
    endloop
  endfacet
  facet normal 0.559534 0.828808 -0
    outer loop
      vertex 25.2353 -18.6685 0
      vertex 25.2353 -18.6685 3
      vertex 27.8971 -20.4655 0
    endloop
  endfacet
  facet normal 0.559534 0.828808 0
    outer loop
      vertex 27.8971 -20.4655 3
      vertex 27.8971 -20.4655 0
      vertex 25.2353 -18.6685 3
    endloop
  endfacet
  facet normal 0.442022 0.897004 -0
    outer loop
      vertex 23.9134 -18.0171 0
      vertex 23.9134 -18.0171 3
      vertex 25.2353 -18.6685 0
    endloop
  endfacet
  facet normal 0.442022 0.897004 0
    outer loop
      vertex 25.2353 -18.6685 3
      vertex 25.2353 -18.6685 0
      vertex 23.9134 -18.0171 3
    endloop
  endfacet
  facet normal 0.361805 0.932254 -0
    outer loop
      vertex 21.2249 -16.9737 0
      vertex 21.2249 -16.9737 3
      vertex 23.9134 -18.0171 0
    endloop
  endfacet
  facet normal 0.361805 0.932254 0
    outer loop
      vertex 23.9134 -18.0171 3
      vertex 23.9134 -18.0171 0
      vertex 21.2249 -16.9737 3
    endloop
  endfacet
  facet normal 0.442062 0.896984 -0
    outer loop
      vertex 19.8857 -16.3137 0
      vertex 19.8857 -16.3137 3
      vertex 21.2249 -16.9737 0
    endloop
  endfacet
  facet normal 0.442062 0.896984 0
    outer loop
      vertex 21.2249 -16.9737 3
      vertex 21.2249 -16.9737 0
      vertex 19.8857 -16.3137 3
    endloop
  endfacet
  facet normal 0.737446 0.675407 -0
    outer loop
      vertex 18.9048 -15.2427 0
      vertex 18.9048 -15.2427 3
      vertex 19.8857 -16.3137 0
    endloop
  endfacet
  facet normal 0.737446 0.675407 0
    outer loop
      vertex 19.8857 -16.3137 3
      vertex 19.8857 -16.3137 0
      vertex 18.9048 -15.2427 3
    endloop
  endfacet
  facet normal 0.860463 0.509513 -0
    outer loop
      vertex 18.4363 -14.4515 0
      vertex 18.4363 -14.4515 3
      vertex 18.9048 -15.2427 0
    endloop
  endfacet
  facet normal 0.860463 0.509513 0
    outer loop
      vertex 18.9048 -15.2427 3
      vertex 18.9048 -15.2427 0
      vertex 18.4363 -14.4515 3
    endloop
  endfacet
  facet normal 0.820349 0.571864 -0
    outer loop
      vertex 17.6483 -13.3211 0
      vertex 17.6483 -13.3211 3
      vertex 18.4363 -14.4515 0
    endloop
  endfacet
  facet normal 0.820349 0.571864 0
    outer loop
      vertex 18.4363 -14.4515 3
      vertex 18.4363 -14.4515 0
      vertex 17.6483 -13.3211 3
    endloop
  endfacet
  facet normal 0.55951 0.828824 -0
    outer loop
      vertex 16.6441 -12.6432 0
      vertex 16.6441 -12.6432 3
      vertex 17.6483 -13.3211 0
    endloop
  endfacet
  facet normal 0.55951 0.828824 0
    outer loop
      vertex 17.6483 -13.3211 3
      vertex 17.6483 -13.3211 0
      vertex 16.6441 -12.6432 3
    endloop
  endfacet
  facet normal 0.571838 -0.820366 0
    outer loop
      vertex 16.8273 -12.5155 0
      vertex 16.8273 -12.5155 3
      vertex 16.6441 -12.6432 0
    endloop
  endfacet
  facet normal 0.571838 -0.820366 0
    outer loop
      vertex 16.6441 -12.6432 3
      vertex 16.6441 -12.6432 0
      vertex 16.8273 -12.5155 3
    endloop
  endfacet
  facet normal -0.327904 -0.944711 0
    outer loop
      vertex 19.8746 -13.5732 0
      vertex 19.8746 -13.5732 3
      vertex 16.8273 -12.5155 0
    endloop
  endfacet
  facet normal -0.327904 -0.944711 -0
    outer loop
      vertex 16.8273 -12.5155 3
      vertex 16.8273 -12.5155 0
      vertex 19.8746 -13.5732 3
    endloop
  endfacet
  facet normal -0.559529 -0.828811 0
    outer loop
      vertex 21.0171 -14.3445 0
      vertex 21.0171 -14.3445 3
      vertex 19.8746 -13.5732 0
    endloop
  endfacet
  facet normal -0.559529 -0.828811 -0
    outer loop
      vertex 19.8746 -13.5732 3
      vertex 19.8746 -13.5732 0
      vertex 21.0171 -14.3445 3
    endloop
  endfacet
  facet normal -0.32793 -0.944702 0
    outer loop
      vertex 22.3633 -14.8118 0
      vertex 22.3633 -14.8118 3
      vertex 21.0171 -14.3445 0
    endloop
  endfacet
  facet normal -0.32793 -0.944702 -0
    outer loop
      vertex 21.0171 -14.3445 3
      vertex 21.0171 -14.3445 0
      vertex 22.3633 -14.8118 3
    endloop
  endfacet
  facet normal -0.206276 -0.978494 0
    outer loop
      vertex 26.4504 -15.6734 0
      vertex 26.4504 -15.6734 3
      vertex 22.3633 -14.8118 0
    endloop
  endfacet
  facet normal -0.206276 -0.978494 -0
    outer loop
      vertex 22.3633 -14.8118 3
      vertex 22.3633 -14.8118 0
      vertex 26.4504 -15.6734 3
    endloop
  endfacet
  facet normal -0.629361 -0.777113 0
    outer loop
      vertex 27.5102 -16.5317 0
      vertex 27.5102 -16.5317 3
      vertex 26.4504 -15.6734 0
    endloop
  endfacet
  facet normal -0.629361 -0.777113 -0
    outer loop
      vertex 26.4504 -15.6734 3
      vertex 26.4504 -15.6734 0
      vertex 27.5102 -16.5317 3
    endloop
  endfacet
  facet normal -0.820333 -0.571886 0
    outer loop
      vertex 28.0951 -17.3707 0
      vertex 28.0951 -17.3707 3
      vertex 27.5102 -16.5317 0
    endloop
  endfacet
  facet normal -0.820333 -0.571886 -0
    outer loop
      vertex 27.5102 -16.5317 3
      vertex 27.5102 -16.5317 0
      vertex 28.0951 -17.3707 3
    endloop
  endfacet
  facet normal -0.756264 -0.654266 0
    outer loop
      vertex 29.5358 -19.036 0
      vertex 29.5358 -19.036 3
      vertex 28.0951 -17.3707 0
    endloop
  endfacet
  facet normal -0.756264 -0.654266 -0
    outer loop
      vertex 28.0951 -17.3707 3
      vertex 28.0951 -17.3707 0
      vertex 29.5358 -19.036 3
    endloop
  endfacet
  facet normal -0.629414 -0.77707 0
    outer loop
      vertex 30.942 -20.175 0
      vertex 30.942 -20.175 3
      vertex 29.5358 -19.036 0
    endloop
  endfacet
  facet normal -0.629414 -0.77707 -0
    outer loop
      vertex 29.5358 -19.036 3
      vertex 29.5358 -19.036 0
      vertex 30.942 -20.175 3
    endloop
  endfacet
  facet normal -0.17669 -0.984267 0
    outer loop
      vertex 32.6661 -20.4845 0
      vertex 32.6661 -20.4845 3
      vertex 30.942 -20.175 0
    endloop
  endfacet
  facet normal -0.17669 -0.984267 -0
    outer loop
      vertex 30.942 -20.175 3
      vertex 30.942 -20.175 0
      vertex 32.6661 -20.4845 3
    endloop
  endfacet
  facet normal 0.756285 0.654242 -0
    outer loop
      vertex 31.9057 -19.6055 0
      vertex 31.9057 -19.6055 3
      vertex 32.6661 -20.4845 0
    endloop
  endfacet
  facet normal 0.756285 0.654242 0
    outer loop
      vertex 32.6661 -20.4845 3
      vertex 32.6661 -20.4845 0
      vertex 31.9057 -19.6055 3
    endloop
  endfacet
  facet normal 0.860267 0.509844 -0
    outer loop
      vertex 31.804 -19.4339 0
      vertex 31.804 -19.4339 3
      vertex 31.9057 -19.6055 0
    endloop
  endfacet
  facet normal 0.860267 0.509844 0
    outer loop
      vertex 31.9057 -19.6055 3
      vertex 31.9057 -19.6055 0
      vertex 31.804 -19.4339 3
    endloop
  endfacet
  facet normal 0.685978 0.727622 -0
    outer loop
      vertex 29.5658 -17.3238 0
      vertex 29.5658 -17.3238 3
      vertex 31.804 -19.4339 0
    endloop
  endfacet
  facet normal 0.685978 0.727622 0
    outer loop
      vertex 31.804 -19.4339 3
      vertex 31.804 -19.4339 0
      vertex 29.5658 -17.3238 3
    endloop
  endfacet
  facet normal 0.727479 -0.68613 0
    outer loop
      vertex 29.7168 -17.1637 0
      vertex 29.7168 -17.1637 3
      vertex 29.5658 -17.3238 0
    endloop
  endfacet
  facet normal 0.727479 -0.68613 0
    outer loop
      vertex 29.5658 -17.3238 3
      vertex 29.5658 -17.3238 0
      vertex 29.7168 -17.1637 3
    endloop
  endfacet
  facet normal 0.174115 -0.984725 0
    outer loop
      vertex 30.6528 -16.9982 0
      vertex 30.6528 -16.9982 3
      vertex 29.7168 -17.1637 0
    endloop
  endfacet
  facet normal 0.174115 -0.984725 0
    outer loop
      vertex 29.7168 -17.1637 3
      vertex 29.7168 -17.1637 0
      vertex 30.6528 -16.9982 3
    endloop
  endfacet
  facet normal -0.0722466 -0.997387 0
    outer loop
      vertex 31.7945 -17.0809 0
      vertex 31.7945 -17.0809 3
      vertex 30.6528 -16.9982 0
    endloop
  endfacet
  facet normal -0.0722466 -0.997387 -0
    outer loop
      vertex 30.6528 -16.9982 3
      vertex 30.6528 -16.9982 0
      vertex 31.7945 -17.0809 3
    endloop
  endfacet
  facet normal -0.245916 -0.969291 0
    outer loop
      vertex 34.3234 -17.7225 0
      vertex 34.3234 -17.7225 3
      vertex 31.7945 -17.0809 0
    endloop
  endfacet
  facet normal -0.245916 -0.969291 -0
    outer loop
      vertex 31.7945 -17.0809 3
      vertex 31.7945 -17.0809 0
      vertex 34.3234 -17.7225 3
    endloop
  endfacet
  facet normal -0.149033 -0.988832 0
    outer loop
      vertex 37.5573 -18.2099 0
      vertex 37.5573 -18.2099 3
      vertex 34.3234 -17.7225 0
    endloop
  endfacet
  facet normal -0.149033 -0.988832 -0
    outer loop
      vertex 34.3234 -17.7225 3
      vertex 34.3234 -17.7225 0
      vertex 37.5573 -18.2099 3
    endloop
  endfacet
  facet normal 0.489385 -0.872068 0
    outer loop
      vertex 37.9447 -17.9925 0
      vertex 37.9447 -17.9925 3
      vertex 37.5573 -18.2099 0
    endloop
  endfacet
  facet normal 0.489385 -0.872068 0
    outer loop
      vertex 37.5573 -18.2099 3
      vertex 37.5573 -18.2099 0
      vertex 37.9447 -17.9925 3
    endloop
  endfacet
  facet normal 0.373923 -0.92746 0
    outer loop
      vertex 39.3017 -17.4454 0
      vertex 39.3017 -17.4454 3
      vertex 37.9447 -17.9925 0
    endloop
  endfacet
  facet normal 0.373923 -0.92746 0
    outer loop
      vertex 37.9447 -17.9925 3
      vertex 37.9447 -17.9925 0
      vertex 39.3017 -17.4454 3
    endloop
  endfacet
  facet normal -0.903206 0.429208 0
    outer loop
      vertex 38.3463 -19.4559 0
      vertex 38.3463 -19.4559 3
      vertex 39.3017 -17.4454 0
    endloop
  endfacet
  facet normal -0.903206 0.429208 0
    outer loop
      vertex 39.3017 -17.4454 3
      vertex 39.3017 -17.4454 0
      vertex 38.3463 -19.4559 3
    endloop
  endfacet
  facet normal -0.879762 0.475415 0
    outer loop
      vertex 37.288 -21.4143 0
      vertex 37.288 -21.4143 3
      vertex 38.3463 -19.4559 0
    endloop
  endfacet
  facet normal -0.879762 0.475415 0
    outer loop
      vertex 38.3463 -19.4559 3
      vertex 38.3463 -19.4559 0
      vertex 37.288 -21.4143 3
    endloop
  endfacet
  facet normal -0.853997 0.520278 0
    outer loop
      vertex 36.1298 -23.3154 0
      vertex 36.1298 -23.3154 3
      vertex 37.288 -21.4143 0
    endloop
  endfacet
  facet normal -0.853997 0.520278 0
    outer loop
      vertex 37.288 -21.4143 3
      vertex 37.288 -21.4143 0
      vertex 36.1298 -23.3154 3
    endloop
  endfacet
  facet normal -0.825904 0.563811 0
    outer loop
      vertex 34.8748 -25.1538 0
      vertex 34.8748 -25.1538 3
      vertex 36.1298 -23.3154 0
    endloop
  endfacet
  facet normal -0.825904 0.563811 0
    outer loop
      vertex 36.1298 -23.3154 3
      vertex 36.1298 -23.3154 0
      vertex 34.8748 -25.1538 3
    endloop
  endfacet
  facet normal -0.795629 0.605785 0
    outer loop
      vertex 33.5263 -26.9249 0
      vertex 33.5263 -26.9249 3
      vertex 34.8748 -25.1538 0
    endloop
  endfacet
  facet normal -0.795629 0.605785 0
    outer loop
      vertex 34.8748 -25.1538 3
      vertex 34.8748 -25.1538 0
      vertex 33.5263 -26.9249 3
    endloop
  endfacet
  facet normal 0.559538 0.828805 -0
    outer loop
      vertex 32.7648 -26.4108 0
      vertex 32.7648 -26.4108 3
      vertex 33.5263 -26.9249 0
    endloop
  endfacet
  facet normal 0.559538 0.828805 0
    outer loop
      vertex 33.5263 -26.9249 3
      vertex 33.5263 -26.9249 0
      vertex 32.7648 -26.4108 3
    endloop
  endfacet
  facet normal 0.652117 0.758118 -0
    outer loop
      vertex -28.9801 -31.7667 0
      vertex -28.9801 -31.7667 3
      vertex -27.0791 -33.4019 0
    endloop
  endfacet
  facet normal 0.652117 0.758118 0
    outer loop
      vertex -27.0791 -33.4019 3
      vertex -27.0791 -33.4019 0
      vertex -28.9801 -31.7667 3
    endloop
  endfacet
  facet normal 0.695224 0.718793 -0
    outer loop
      vertex -30.7825 -30.0234 0
      vertex -30.7825 -30.0234 3
      vertex -28.9801 -31.7667 0
    endloop
  endfacet
  facet normal 0.695224 0.718793 0
    outer loop
      vertex -28.9801 -31.7667 3
      vertex -28.9801 -31.7667 0
      vertex -30.7825 -30.0234 3
    endloop
  endfacet
  facet normal 0.735925 0.677063 -0
    outer loop
      vertex -32.4803 -28.178 0
      vertex -32.4803 -28.178 3
      vertex -30.7825 -30.0234 0
    endloop
  endfacet
  facet normal 0.735925 0.677063 0
    outer loop
      vertex -30.7825 -30.0234 3
      vertex -30.7825 -30.0234 0
      vertex -32.4803 -28.178 3
    endloop
  endfacet
  facet normal 0.774163 0.632986 -0
    outer loop
      vertex -34.0675 -26.2368 0
      vertex -34.0675 -26.2368 3
      vertex -32.4803 -28.178 0
    endloop
  endfacet
  facet normal 0.774163 0.632986 0
    outer loop
      vertex -32.4803 -28.178 3
      vertex -32.4803 -28.178 0
      vertex -34.0675 -26.2368 3
    endloop
  endfacet
  facet normal 0.809713 0.586826 -0
    outer loop
      vertex -35.539 -24.2064 0
      vertex -35.539 -24.2064 3
      vertex -34.0675 -26.2368 0
    endloop
  endfacet
  facet normal 0.809713 0.586826 0
    outer loop
      vertex -34.0675 -26.2368 3
      vertex -34.0675 -26.2368 0
      vertex -35.539 -24.2064 3
    endloop
  endfacet
  facet normal 0.488734 -0.872433 0
    outer loop
      vertex -35.4983 -24.1836 0
      vertex -35.4983 -24.1836 3
      vertex -35.539 -24.2064 0
    endloop
  endfacet
  facet normal 0.488734 -0.872433 0
    outer loop
      vertex -35.539 -24.2064 3
      vertex -35.539 -24.2064 0
      vertex -35.4983 -24.1836 3
    endloop
  endfacet
  facet normal 0.539756 -0.841822 0
    outer loop
      vertex -33.1955 -22.7071 0
      vertex -33.1955 -22.7071 3
      vertex -35.4983 -24.1836 0
    endloop
  endfacet
  facet normal 0.539756 -0.841822 0
    outer loop
      vertex -35.4983 -24.1836 3
      vertex -35.4983 -24.1836 0
      vertex -33.1955 -22.7071 3
    endloop
  endfacet
  facet normal 0.577917 -0.816096 0
    outer loop
      vertex -31.3031 -21.367 0
      vertex -31.3031 -21.367 3
      vertex -33.1955 -22.7071 0
    endloop
  endfacet
  facet normal 0.577917 -0.816096 0
    outer loop
      vertex -33.1955 -22.7071 3
      vertex -33.1955 -22.7071 0
      vertex -31.3031 -21.367 3
    endloop
  endfacet
  facet normal 0.719228 -0.694774 0
    outer loop
      vertex -30.6411 -20.6817 0
      vertex -30.6411 -20.6817 3
      vertex -31.3031 -21.367 0
    endloop
  endfacet
  facet normal 0.719228 -0.694774 0
    outer loop
      vertex -31.3031 -21.367 3
      vertex -31.3031 -21.367 0
      vertex -30.6411 -20.6817 3
    endloop
  endfacet
  facet normal 0.437013 -0.899455 0
    outer loop
      vertex -29.5021 -20.1283 0
      vertex -29.5021 -20.1283 3
      vertex -30.6411 -20.6817 0
    endloop
  endfacet
  facet normal 0.437013 -0.899455 0
    outer loop
      vertex -30.6411 -20.6817 3
      vertex -30.6411 -20.6817 0
      vertex -29.5021 -20.1283 3
    endloop
  endfacet
  facet normal 0.268879 -0.963174 0
    outer loop
      vertex -28.1029 -19.7377 0
      vertex -28.1029 -19.7377 3
      vertex -29.5021 -20.1283 0
    endloop
  endfacet
  facet normal 0.268879 -0.963174 0
    outer loop
      vertex -29.5021 -20.1283 3
      vertex -29.5021 -20.1283 0
      vertex -28.1029 -19.7377 3
    endloop
  endfacet
  facet normal 0 -1 0
    outer loop
      vertex -25.2312 -19.7377 0
      vertex -25.2312 -19.7377 3
      vertex -28.1029 -19.7377 0
    endloop
  endfacet
  facet normal 0 -1 0
    outer loop
      vertex -28.1029 -19.7377 3
      vertex -28.1029 -19.7377 0
      vertex -25.2312 -19.7377 3
    endloop
  endfacet
  facet normal 0.330854 -0.943682 0
    outer loop
      vertex -22.4705 -18.7698 0
      vertex -22.4705 -18.7698 3
      vertex -25.2312 -19.7377 0
    endloop
  endfacet
  facet normal 0.330854 -0.943682 0
    outer loop
      vertex -25.2312 -19.7377 3
      vertex -25.2312 -19.7377 0
      vertex -22.4705 -18.7698 3
    endloop
  endfacet
  facet normal 0.43718 -0.899374 0
    outer loop
      vertex -21.4386 -18.2682 0
      vertex -21.4386 -18.2682 3
      vertex -22.4705 -18.7698 0
    endloop
  endfacet
  facet normal 0.43718 -0.899374 0
    outer loop
      vertex -22.4705 -18.7698 3
      vertex -22.4705 -18.7698 0
      vertex -21.4386 -18.2682 3
    endloop
  endfacet
  facet normal 0.596602 -0.802538 0
    outer loop
      vertex -20.22 -17.3623 0
      vertex -20.22 -17.3623 3
      vertex -21.4386 -18.2682 0
    endloop
  endfacet
  facet normal 0.596602 -0.802538 0
    outer loop
      vertex -21.4386 -18.2682 3
      vertex -21.4386 -18.2682 0
      vertex -20.22 -17.3623 3
    endloop
  endfacet
  facet normal -0.518359 -0.855163 0
    outer loop
      vertex -20.0217 -17.4825 0
      vertex -20.0217 -17.4825 3
      vertex -20.22 -17.3623 0
    endloop
  endfacet
  facet normal -0.518359 -0.855163 -0
    outer loop
      vertex -20.22 -17.3623 3
      vertex -20.22 -17.3623 0
      vertex -20.0217 -17.4825 3
    endloop
  endfacet
  facet normal -1 0 0
    outer loop
      vertex -20.0217 -19.1602 0
      vertex -20.0217 -19.1602 3
      vertex -20.0217 -17.4825 0
    endloop
  endfacet
  facet normal -1 -0 -0
    outer loop
      vertex -20.0217 -17.4825 3
      vertex -20.0217 -17.4825 0
      vertex -20.0217 -19.1602 3
    endloop
  endfacet
  facet normal -0.996304 -0.085898 0
    outer loop
      vertex -19.8702 -20.9174 0
      vertex -19.8702 -20.9174 3
      vertex -20.0217 -19.1602 0
    endloop
  endfacet
  facet normal -0.996304 -0.085898 -0
    outer loop
      vertex -20.0217 -19.1602 3
      vertex -20.0217 -19.1602 0
      vertex -19.8702 -20.9174 3
    endloop
  endfacet
  facet normal -0.980074 0.198631 0
    outer loop
      vertex -20.1208 -22.1539 0
      vertex -20.1208 -22.1539 3
      vertex -19.8702 -20.9174 0
    endloop
  endfacet
  facet normal -0.980074 0.198631 0
    outer loop
      vertex -19.8702 -20.9174 3
      vertex -19.8702 -20.9174 0
      vertex -20.1208 -22.1539 3
    endloop
  endfacet
  facet normal -0.800908 0.598788 0
    outer loop
      vertex -20.9115 -23.2115 0
      vertex -20.9115 -23.2115 3
      vertex -20.1208 -22.1539 0
    endloop
  endfacet
  facet normal -0.800908 0.598788 0
    outer loop
      vertex -20.1208 -22.1539 3
      vertex -20.1208 -22.1539 0
      vertex -20.9115 -23.2115 3
    endloop
  endfacet
  facet normal -0.604781 0.796392 0
    outer loop
      vertex -22.4327 -24.3667 0
      vertex -22.4327 -24.3667 3
      vertex -20.9115 -23.2115 0
    endloop
  endfacet
  facet normal -0.604781 0.796392 0
    outer loop
      vertex -20.9115 -23.2115 3
      vertex -20.9115 -23.2115 0
      vertex -22.4327 -24.3667 3
    endloop
  endfacet
  facet normal -0.498912 0.866653 0
    outer loop
      vertex -24.0435 -25.294 0
      vertex -24.0435 -25.294 3
      vertex -22.4327 -24.3667 0
    endloop
  endfacet
  facet normal -0.498912 0.866653 0
    outer loop
      vertex -22.4327 -24.3667 3
      vertex -22.4327 -24.3667 0
      vertex -24.0435 -25.294 3
    endloop
  endfacet
  facet normal -0.464111 0.885777 0
    outer loop
      vertex -26.7607 -26.7177 0
      vertex -26.7607 -26.7177 3
      vertex -24.0435 -25.294 0
    endloop
  endfacet
  facet normal -0.464111 0.885777 0
    outer loop
      vertex -24.0435 -25.294 3
      vertex -24.0435 -25.294 0
      vertex -26.7607 -26.7177 3
    endloop
  endfacet
  facet normal -1 0 0
    outer loop
      vertex -26.7607 -27.0675 0
      vertex -26.7607 -27.0675 3
      vertex -26.7607 -26.7177 0
    endloop
  endfacet
  facet normal -1 -0 -0
    outer loop
      vertex -26.7607 -26.7177 3
      vertex -26.7607 -26.7177 0
      vertex -26.7607 -27.0675 3
    endloop
  endfacet
  facet normal -0.306624 -0.951831 0
    outer loop
      vertex -25.5485 -27.458 0
      vertex -25.5485 -27.458 3
      vertex -26.7607 -27.0675 0
    endloop
  endfacet
  facet normal -0.306624 -0.951831 -0
    outer loop
      vertex -26.7607 -27.0675 3
      vertex -26.7607 -27.0675 0
      vertex -25.5485 -27.458 3
    endloop
  endfacet
  facet normal 0.194506 -0.980901 0
    outer loop
      vertex -24.5641 -27.2628 0
      vertex -24.5641 -27.2628 3
      vertex -25.5485 -27.458 0
    endloop
  endfacet
  facet normal 0.194506 -0.980901 0
    outer loop
      vertex -25.5485 -27.458 3
      vertex -25.5485 -27.458 0
      vertex -24.5641 -27.2628 3
    endloop
  endfacet
  facet normal 0.145224 -0.989399 0
    outer loop
      vertex -23.0673 -27.0431 0
      vertex -23.0673 -27.0431 3
      vertex -24.5641 -27.2628 0
    endloop
  endfacet
  facet normal 0.145224 -0.989399 0
    outer loop
      vertex -24.5641 -27.2628 3
      vertex -24.5641 -27.2628 0
      vertex -23.0673 -27.0431 3
    endloop
  endfacet
  facet normal 0.383649 -0.923479 0
    outer loop
      vertex -21.3833 -26.3435 0
      vertex -21.3833 -26.3435 3
      vertex -23.0673 -27.0431 0
    endloop
  endfacet
  facet normal 0.383649 -0.923479 0
    outer loop
      vertex -23.0673 -27.0431 3
      vertex -23.0673 -27.0431 0
      vertex -21.3833 -26.3435 3
    endloop
  endfacet
  facet normal -0.630152 -0.776472 0
    outer loop
      vertex -21.0978 -26.5752 0
      vertex -21.0978 -26.5752 3
      vertex -21.3833 -26.3435 0
    endloop
  endfacet
  facet normal -0.630152 -0.776472 -0
    outer loop
      vertex -21.3833 -26.3435 3
      vertex -21.3833 -26.3435 0
      vertex -21.0978 -26.5752 3
    endloop
  endfacet
  facet normal -0.953047 0.302822 0
    outer loop
      vertex -21.4972 -27.8322 0
      vertex -21.4972 -27.8322 3
      vertex -21.0978 -26.5752 0
    endloop
  endfacet
  facet normal -0.953047 0.302822 0
    outer loop
      vertex -21.0978 -26.5752 3
      vertex -21.0978 -26.5752 0
      vertex -21.4972 -27.8322 3
    endloop
  endfacet
  facet normal -0.835346 0.549725 0
    outer loop
      vertex -22.2253 -28.9386 0
      vertex -22.2253 -28.9386 3
      vertex -21.4972 -27.8322 0
    endloop
  endfacet
  facet normal -0.835346 0.549725 0
    outer loop
      vertex -21.4972 -27.8322 3
      vertex -21.4972 -27.8322 0
      vertex -22.2253 -28.9386 3
    endloop
  endfacet
  facet normal -0.776361 0.630289 0
    outer loop
      vertex -22.6788 -29.4972 0
      vertex -22.6788 -29.4972 3
      vertex -22.2253 -28.9386 0
    endloop
  endfacet
  facet normal -0.776361 0.630289 0
    outer loop
      vertex -22.2253 -28.9386 3
      vertex -22.2253 -28.9386 0
      vertex -22.6788 -29.4972 3
    endloop
  endfacet
  facet normal -0.738402 0.674361 0
    outer loop
      vertex -23.4475 -30.3389 0
      vertex -23.4475 -30.3389 3
      vertex -22.6788 -29.4972 0
    endloop
  endfacet
  facet normal -0.738402 0.674361 0
    outer loop
      vertex -22.6788 -29.4972 3
      vertex -22.6788 -29.4972 0
      vertex -23.4475 -30.3389 3
    endloop
  endfacet
  facet normal -0.973132 0.230249 0
    outer loop
      vertex -23.735 -31.554 0
      vertex -23.735 -31.554 3
      vertex -23.4475 -30.3389 0
    endloop
  endfacet
  facet normal -0.973132 0.230249 0
    outer loop
      vertex -23.4475 -30.3389 3
      vertex -23.4475 -30.3389 0
      vertex -23.735 -31.554 3
    endloop
  endfacet
  facet normal -0.929827 0.367996 0
    outer loop
      vertex -25.0349 -34.8385 0
      vertex -25.0349 -34.8385 3
      vertex -23.735 -31.554 0
    endloop
  endfacet
  facet normal -0.929827 0.367996 0
    outer loop
      vertex -23.735 -31.554 3
      vertex -23.735 -31.554 0
      vertex -25.0349 -34.8385 3
    endloop
  endfacet
  facet normal -0.857315 0.514792 0
    outer loop
      vertex -25.086 -34.9236 0
      vertex -25.086 -34.9236 3
      vertex -25.0349 -34.8385 0
    endloop
  endfacet
  facet normal -0.857315 0.514792 0
    outer loop
      vertex -25.0349 -34.8385 3
      vertex -25.0349 -34.8385 0
      vertex -25.086 -34.9236 3
    endloop
  endfacet
  facet normal 0.606837 0.794826 -0
    outer loop
      vertex -27.0791 -33.4019 0
      vertex -27.0791 -33.4019 3
      vertex -25.086 -34.9236 0
    endloop
  endfacet
  facet normal 0.606837 0.794826 0
    outer loop
      vertex -25.086 -34.9236 3
      vertex -25.086 -34.9236 0
      vertex -27.0791 -33.4019 3
    endloop
  endfacet
  facet normal 0.885738 0.464185 -0
    outer loop
      vertex -38.5154 -19.119 0
      vertex -38.5154 -19.119 3
      vertex -37.64 -20.7894 0
    endloop
  endfacet
  facet normal 0.885738 0.464185 0
    outer loop
      vertex -37.64 -20.7894 3
      vertex -37.64 -20.7894 0
      vertex -38.5154 -19.119 3
    endloop
  endfacet
  facet normal 0.905245 0.42489 -0
    outer loop
      vertex -39.3167 -17.4118 0
      vertex -39.3167 -17.4118 3
      vertex -38.5154 -19.119 0
    endloop
  endfacet
  facet normal 0.905245 0.42489 0
    outer loop
      vertex -38.5154 -19.119 3
      vertex -38.5154 -19.119 0
      vertex -39.3167 -17.4118 3
    endloop
  endfacet
  facet normal 0.0485408 -0.998821 0
    outer loop
      vertex -39.2097 -17.4066 0
      vertex -39.2097 -17.4066 3
      vertex -39.3167 -17.4118 0
    endloop
  endfacet
  facet normal 0.0485408 -0.998821 0
    outer loop
      vertex -39.3167 -17.4118 3
      vertex -39.3167 -17.4118 0
      vertex -39.2097 -17.4066 3
    endloop
  endfacet
  facet normal -0.372307 -0.92811 0
    outer loop
      vertex -38.1799 -17.8197 0
      vertex -38.1799 -17.8197 3
      vertex -39.2097 -17.4066 0
    endloop
  endfacet
  facet normal -0.372307 -0.92811 -0
    outer loop
      vertex -39.2097 -17.4066 3
      vertex -39.2097 -17.4066 0
      vertex -38.1799 -17.8197 3
    endloop
  endfacet
  facet normal -0.203779 -0.979017 0
    outer loop
      vertex -37.1734 -18.0292 0
      vertex -37.1734 -18.0292 3
      vertex -38.1799 -17.8197 0
    endloop
  endfacet
  facet normal -0.203779 -0.979017 -0
    outer loop
      vertex -38.1799 -17.8197 3
      vertex -38.1799 -17.8197 0
      vertex -37.1734 -18.0292 3
    endloop
  endfacet
  facet normal -0.256167 -0.966632 0
    outer loop
      vertex -35.0365 -18.5955 0
      vertex -35.0365 -18.5955 3
      vertex -37.1734 -18.0292 0
    endloop
  endfacet
  facet normal -0.256167 -0.966632 -0
    outer loop
      vertex -37.1734 -18.0292 3
      vertex -37.1734 -18.0292 0
      vertex -35.0365 -18.5955 3
    endloop
  endfacet
  facet normal -0.522458 -0.852665 0
    outer loop
      vertex -34.0142 -19.2219 0
      vertex -34.0142 -19.2219 3
      vertex -35.0365 -18.5955 0
    endloop
  endfacet
  facet normal -0.522458 -0.852665 -0
    outer loop
      vertex -35.0365 -18.5955 3
      vertex -35.0365 -18.5955 0
      vertex -34.0142 -19.2219 3
    endloop
  endfacet
  facet normal -0.979024 0.203745 0
    outer loop
      vertex -34.259 -20.3982 0
      vertex -34.259 -20.3982 3
      vertex -34.0142 -19.2219 0
    endloop
  endfacet
  facet normal -0.979024 0.203745 0
    outer loop
      vertex -34.0142 -19.2219 3
      vertex -34.0142 -19.2219 0
      vertex -34.259 -20.3982 3
    endloop
  endfacet
  facet normal -0.719198 0.694805 0
    outer loop
      vertex -35.236 -21.4095 0
      vertex -35.236 -21.4095 3
      vertex -34.259 -20.3982 0
    endloop
  endfacet
  facet normal -0.719198 0.694805 0
    outer loop
      vertex -34.259 -20.3982 3
      vertex -34.259 -20.3982 0
      vertex -35.236 -21.4095 3
    endloop
  endfacet
  facet normal -0.57789 0.816114 0
    outer loop
      vertex -36.5916 -22.3694 0
      vertex -36.5916 -22.3694 3
      vertex -35.236 -21.4095 0
    endloop
  endfacet
  facet normal -0.57789 0.816114 0
    outer loop
      vertex -35.236 -21.4095 3
      vertex -35.236 -21.4095 0
      vertex -36.5916 -22.3694 3
    endloop
  endfacet
  facet normal -0.447924 0.894071 0
    outer loop
      vertex -36.6922 -22.4198 0
      vertex -36.6922 -22.4198 3
      vertex -36.5916 -22.3694 0
    endloop
  endfacet
  facet normal -0.447924 0.894071 0
    outer loop
      vertex -36.5916 -22.3694 3
      vertex -36.5916 -22.3694 0
      vertex -36.6922 -22.4198 3
    endloop
  endfacet
  facet normal 0.864532 0.502578 -0
    outer loop
      vertex -37.64 -20.7894 0
      vertex -37.64 -20.7894 3
      vertex -36.6922 -22.4198 0
    endloop
  endfacet
  facet normal 0.864532 0.502578 0
    outer loop
      vertex -36.6922 -22.4198 3
      vertex -36.6922 -22.4198 0
      vertex -37.64 -20.7894 3
    endloop
  endfacet
  facet normal 0.238115 0.971237 -0
    outer loop
      vertex -11.5387 -41.4225 0
      vertex -11.5387 -41.4225 3
      vertex -8.93639 -42.0605 0
    endloop
  endfacet
  facet normal 0.238115 0.971237 0
    outer loop
      vertex -8.93639 -42.0605 3
      vertex -8.93639 -42.0605 0
      vertex -11.5387 -41.4225 3
    endloop
  endfacet
  facet normal 0.298213 0.954499 -0
    outer loop
      vertex -14.0964 -40.6234 0
      vertex -14.0964 -40.6234 3
      vertex -11.5387 -41.4225 0
    endloop
  endfacet
  facet normal 0.298213 0.954499 0
    outer loop
      vertex -11.5387 -41.4225 3
      vertex -11.5387 -41.4225 0
      vertex -14.0964 -40.6234 3
    endloop
  endfacet
  facet normal 0.357088 0.934071 -0
    outer loop
      vertex -16.5992 -39.6666 0
      vertex -16.5992 -39.6666 3
      vertex -14.0964 -40.6234 0
    endloop
  endfacet
  facet normal 0.357088 0.934071 0
    outer loop
      vertex -14.0964 -40.6234 3
      vertex -14.0964 -40.6234 0
      vertex -16.5992 -39.6666 3
    endloop
  endfacet
  facet normal 0.414601 0.910003 -0
    outer loop
      vertex -19.0375 -38.5557 0
      vertex -19.0375 -38.5557 3
      vertex -16.5992 -39.6666 0
    endloop
  endfacet
  facet normal 0.414601 0.910003 0
    outer loop
      vertex -16.5992 -39.6666 3
      vertex -16.5992 -39.6666 0
      vertex -19.0375 -38.5557 3
    endloop
  endfacet
  facet normal 0.978397 -0.206734 0
    outer loop
      vertex -18.7177 -37.0422 0
      vertex -18.7177 -37.0422 3
      vertex -19.0375 -38.5557 0
    endloop
  endfacet
  facet normal 0.978397 -0.206734 0
    outer loop
      vertex -19.0375 -38.5557 3
      vertex -19.0375 -38.5557 0
      vertex -18.7177 -37.0422 3
    endloop
  endfacet
  facet normal 0.993924 0.110069 -0
    outer loop
      vertex -18.8543 -35.8087 0
      vertex -18.8543 -35.8087 3
      vertex -18.7177 -37.0422 0
    endloop
  endfacet
  facet normal 0.993924 0.110069 0
    outer loop
      vertex -18.7177 -37.0422 3
      vertex -18.7177 -37.0422 0
      vertex -18.8543 -35.8087 3
    endloop
  endfacet
  facet normal 0.999958 0.00919803 -0
    outer loop
      vertex -18.869 -34.2106 0
      vertex -18.869 -34.2106 3
      vertex -18.8543 -35.8087 0
    endloop
  endfacet
  facet normal 0.999958 0.00919803 0
    outer loop
      vertex -18.8543 -35.8087 3
      vertex -18.8543 -35.8087 0
      vertex -18.869 -34.2106 3
    endloop
  endfacet
  facet normal 0.998445 -0.0557449 0
    outer loop
      vertex -18.7859 -32.7222 0
      vertex -18.7859 -32.7222 3
      vertex -18.869 -34.2106 0
    endloop
  endfacet
  facet normal 0.998445 -0.0557449 0
    outer loop
      vertex -18.869 -34.2106 3
      vertex -18.869 -34.2106 0
      vertex -18.7859 -32.7222 3
    endloop
  endfacet
  facet normal 0.978395 -0.206745 0
    outer loop
      vertex -18.0442 -29.2122 0
      vertex -18.0442 -29.2122 3
      vertex -18.7859 -32.7222 0
    endloop
  endfacet
  facet normal 0.978395 -0.206745 0
    outer loop
      vertex -18.7859 -32.7222 3
      vertex -18.7859 -32.7222 0
      vertex -18.0442 -29.2122 3
    endloop
  endfacet
  facet normal 0.993933 0.109987 -0
    outer loop
      vertex -18.1555 -28.2064 0
      vertex -18.1555 -28.2064 3
      vertex -18.0442 -29.2122 0
    endloop
  endfacet
  facet normal 0.993933 0.109987 0
    outer loop
      vertex -18.0442 -29.2122 3
      vertex -18.0442 -29.2122 0
      vertex -18.1555 -28.2064 3
    endloop
  endfacet
  facet normal 0.984396 0.175967 -0
    outer loop
      vertex -18.587 -25.7925 0
      vertex -18.587 -25.7925 3
      vertex -18.1555 -28.2064 0
    endloop
  endfacet
  facet normal 0.984396 0.175967 0
    outer loop
      vertex -18.1555 -28.2064 3
      vertex -18.1555 -28.2064 0
      vertex -18.587 -25.7925 3
    endloop
  endfacet
  facet normal 0.978384 -0.206795 0
    outer loop
      vertex -18.2816 -24.3476 0
      vertex -18.2816 -24.3476 3
      vertex -18.587 -25.7925 0
    endloop
  endfacet
  facet normal 0.978384 -0.206795 0
    outer loop
      vertex -18.587 -25.7925 3
      vertex -18.587 -25.7925 0
      vertex -18.2816 -24.3476 3
    endloop
  endfacet
  facet normal 0.891594 -0.452836 0
    outer loop
      vertex -17.693 -23.1887 0
      vertex -17.693 -23.1887 3
      vertex -18.2816 -24.3476 0
    endloop
  endfacet
  facet normal 0.891594 -0.452836 0
    outer loop
      vertex -18.2816 -24.3476 3
      vertex -18.2816 -24.3476 0
      vertex -17.693 -23.1887 3
    endloop
  endfacet
  facet normal 0.928093 -0.372348 0
    outer loop
      vertex -16.7946 -20.9494 0
      vertex -16.7946 -20.9494 3
      vertex -17.693 -23.1887 0
    endloop
  endfacet
  facet normal 0.928093 -0.372348 0
    outer loop
      vertex -17.693 -23.1887 3
      vertex -17.693 -23.1887 0
      vertex -16.7946 -20.9494 3
    endloop
  endfacet
  facet normal -0.854225 -0.519903 0
    outer loop
      vertex -16.4192 -21.5662 0
      vertex -16.4192 -21.5662 3
      vertex -16.7946 -20.9494 0
    endloop
  endfacet
  facet normal -0.854225 -0.519903 -0
    outer loop
      vertex -16.7946 -20.9494 3
      vertex -16.7946 -20.9494 0
      vertex -16.4192 -21.5662 3
    endloop
  endfacet
  facet normal -0.98439 -0.176002 0
    outer loop
      vertex -16.1629 -22.9997 0
      vertex -16.1629 -22.9997 3
      vertex -16.4192 -21.5662 0
    endloop
  endfacet
  facet normal -0.98439 -0.176002 -0
    outer loop
      vertex -16.4192 -21.5662 3
      vertex -16.4192 -21.5662 0
      vertex -16.1629 -22.9997 3
    endloop
  endfacet
  facet normal -0.950643 -0.310286 0
    outer loop
      vertex -15.6548 -24.5564 0
      vertex -15.6548 -24.5564 3
      vertex -16.1629 -22.9997 0
    endloop
  endfacet
  facet normal -0.950643 -0.310286 -0
    outer loop
      vertex -16.1629 -22.9997 3
      vertex -16.1629 -22.9997 0
      vertex -15.6548 -24.5564 3
    endloop
  endfacet
  facet normal -0.89305 -0.449957 0
    outer loop
      vertex -14.7698 -26.3129 0
      vertex -14.7698 -26.3129 3
      vertex -15.6548 -24.5564 0
    endloop
  endfacet
  facet normal -0.89305 -0.449957 -0
    outer loop
      vertex -15.6548 -24.5564 3
      vertex -15.6548 -24.5564 0
      vertex -14.7698 -26.3129 3
    endloop
  endfacet
  facet normal -0.984393 -0.175983 0
    outer loop
      vertex -14.5574 -27.501 0
      vertex -14.5574 -27.501 3
      vertex -14.7698 -26.3129 0
    endloop
  endfacet
  facet normal -0.984393 -0.175983 -0
    outer loop
      vertex -14.7698 -26.3129 3
      vertex -14.7698 -26.3129 0
      vertex -14.5574 -27.501 3
    endloop
  endfacet
  facet normal -0.893096 -0.449866 0
    outer loop
      vertex -14.0828 -28.4432 0
      vertex -14.0828 -28.4432 3
      vertex -14.5574 -27.501 0
    endloop
  endfacet
  facet normal -0.893096 -0.449866 -0
    outer loop
      vertex -14.5574 -27.501 3
      vertex -14.5574 -27.501 0
      vertex -14.0828 -28.4432 3
    endloop
  endfacet
  facet normal -0.794259 -0.60758 0
    outer loop
      vertex -13.2815 -29.4907 0
      vertex -13.2815 -29.4907 3
      vertex -14.0828 -28.4432 0
    endloop
  endfacet
  facet normal -0.794259 -0.60758 -0
    outer loop
      vertex -14.0828 -28.4432 3
      vertex -14.0828 -28.4432 0
      vertex -13.2815 -29.4907 3
    endloop
  endfacet
  facet normal -0.700996 -0.713165 0
    outer loop
      vertex -12.4903 -30.2684 0
      vertex -12.4903 -30.2684 3
      vertex -13.2815 -29.4907 0
    endloop
  endfacet
  facet normal -0.700996 -0.713165 -0
    outer loop
      vertex -13.2815 -29.4907 3
      vertex -13.2815 -29.4907 0
      vertex -12.4903 -30.2684 3
    endloop
  endfacet
  facet normal -0.95065 -0.310264 0
    outer loop
      vertex -12.0903 -31.494 0
      vertex -12.0903 -31.494 3
      vertex -12.4903 -30.2684 0
    endloop
  endfacet
  facet normal -0.95065 -0.310264 -0
    outer loop
      vertex -12.4903 -30.2684 3
      vertex -12.4903 -30.2684 0
      vertex -12.0903 -31.494 3
    endloop
  endfacet
  facet normal -0.839291 -0.543682 0
    outer loop
      vertex -11.2165 -32.8429 0
      vertex -11.2165 -32.8429 3
      vertex -12.0903 -31.494 0
    endloop
  endfacet
  facet normal -0.839291 -0.543682 -0
    outer loop
      vertex -12.0903 -31.494 3
      vertex -12.0903 -31.494 0
      vertex -11.2165 -32.8429 3
    endloop
  endfacet
  facet normal -0.881718 -0.471776 0
    outer loop
      vertex -10.3986 -34.3715 0
      vertex -10.3986 -34.3715 3
      vertex -11.2165 -32.8429 0
    endloop
  endfacet
  facet normal -0.881718 -0.471776 -0
    outer loop
      vertex -11.2165 -32.8429 3
      vertex -11.2165 -32.8429 0
      vertex -10.3986 -34.3715 3
    endloop
  endfacet
  facet normal 0 -1 0
    outer loop
      vertex -10.2263 -34.3715 0
      vertex -10.2263 -34.3715 3
      vertex -10.3986 -34.3715 0
    endloop
  endfacet
  facet normal 0 -1 0
    outer loop
      vertex -10.3986 -34.3715 3
      vertex -10.3986 -34.3715 0
      vertex -10.2263 -34.3715 3
    endloop
  endfacet
  facet normal 0.472168 -0.881509 0
    outer loop
      vertex -10.0439 -34.2738 0
      vertex -10.0439 -34.2738 3
      vertex -10.2263 -34.3715 0
    endloop
  endfacet
  facet normal 0.472168 -0.881509 0
    outer loop
      vertex -10.2263 -34.3715 3
      vertex -10.2263 -34.3715 0
      vertex -10.0439 -34.2738 3
    endloop
  endfacet
  facet normal 0.955671 -0.294437 0
    outer loop
      vertex -9.7729 -33.3942 0
      vertex -9.7729 -33.3942 3
      vertex -10.0439 -34.2738 0
    endloop
  endfacet
  facet normal 0.955671 -0.294437 0
    outer loop
      vertex -10.0439 -34.2738 3
      vertex -10.0439 -34.2738 0
      vertex -9.7729 -33.3942 3
    endloop
  endfacet
  facet normal 0.945699 0.325045 -0
    outer loop
      vertex -10.1351 -32.3404 0
      vertex -10.1351 -32.3404 3
      vertex -9.7729 -33.3942 0
    endloop
  endfacet
  facet normal 0.945699 0.325045 0
    outer loop
      vertex -9.7729 -33.3942 3
      vertex -9.7729 -33.3942 0
      vertex -10.1351 -32.3404 3
    endloop
  endfacet
  facet normal 0.751135 0.660149 -0
    outer loop
      vertex -11.0979 -31.2449 0
      vertex -11.0979 -31.2449 3
      vertex -10.1351 -32.3404 0
    endloop
  endfacet
  facet normal 0.751135 0.660149 0
    outer loop
      vertex -10.1351 -32.3404 3
      vertex -10.1351 -32.3404 0
      vertex -11.0979 -31.2449 3
    endloop
  endfacet
  facet normal 0.994441 -0.105298 0
    outer loop
      vertex -11.004 -30.3581 0
      vertex -11.004 -30.3581 3
      vertex -11.0979 -31.2449 0
    endloop
  endfacet
  facet normal 0.994441 -0.105298 0
    outer loop
      vertex -11.0979 -31.2449 3
      vertex -11.0979 -31.2449 0
      vertex -11.004 -30.3581 3
    endloop
  endfacet
  facet normal -0.185575 -0.98263 0
    outer loop
      vertex -9.95399 -30.5564 0
      vertex -9.95399 -30.5564 3
      vertex -11.004 -30.3581 0
    endloop
  endfacet
  facet normal -0.185575 -0.98263 -0
    outer loop
      vertex -11.004 -30.3581 3
      vertex -11.004 -30.3581 0
      vertex -9.95399 -30.5564 3
    endloop
  endfacet
  facet normal -0.664864 -0.746964 0
    outer loop
      vertex -8.87567 -31.5162 0
      vertex -8.87567 -31.5162 3
      vertex -9.95399 -30.5564 0
    endloop
  endfacet
  facet normal -0.664864 -0.746964 -0
    outer loop
      vertex -9.95399 -30.5564 3
      vertex -9.95399 -30.5564 0
      vertex -8.87567 -31.5162 3
    endloop
  endfacet
  facet normal -0.751106 -0.660181 0
    outer loop
      vertex -7.26096 -33.3533 0
      vertex -7.26096 -33.3533 3
      vertex -8.87567 -31.5162 0
    endloop
  endfacet
  facet normal -0.751106 -0.660181 -0
    outer loop
      vertex -8.87567 -31.5162 3
      vertex -8.87567 -31.5162 0
      vertex -7.26096 -33.3533 3
    endloop
  endfacet
  facet normal -0.722722 -0.691138 0
    outer loop
      vertex -5.50577 -35.1887 0
      vertex -5.50577 -35.1887 3
      vertex -7.26096 -33.3533 0
    endloop
  endfacet
  facet normal -0.722722 -0.691138 -0
    outer loop
      vertex -7.26096 -33.3533 3
      vertex -7.26096 -33.3533 0
      vertex -5.50577 -35.1887 3
    endloop
  endfacet
  facet normal -0.916136 -0.400868 0
    outer loop
      vertex -4.99452 -36.3571 0
      vertex -4.99452 -36.3571 3
      vertex -5.50577 -35.1887 0
    endloop
  endfacet
  facet normal -0.916136 -0.400868 -0
    outer loop
      vertex -5.50577 -35.1887 3
      vertex -5.50577 -35.1887 0
      vertex -4.99452 -36.3571 3
    endloop
  endfacet
  facet normal -0.99029 -0.139019 0
    outer loop
      vertex -4.82755 -37.5465 0
      vertex -4.82755 -37.5465 3
      vertex -4.99452 -36.3571 0
    endloop
  endfacet
  facet normal -0.99029 -0.139019 -0
    outer loop
      vertex -4.99452 -36.3571 3
      vertex -4.99452 -36.3571 0
      vertex -4.82755 -37.5465 3
    endloop
  endfacet
  facet normal -0.931832 0.362891 0
    outer loop
      vertex -5.25009 -38.6315 0
      vertex -5.25009 -38.6315 3
      vertex -4.82755 -37.5465 0
    endloop
  endfacet
  facet normal -0.931832 0.362891 0
    outer loop
      vertex -4.82755 -37.5465 3
      vertex -4.82755 -37.5465 0
      vertex -5.25009 -38.6315 3
    endloop
  endfacet
  facet normal -0.955127 0.296195 0
    outer loop
      vertex -5.80249 -40.4128 0
      vertex -5.80249 -40.4128 3
      vertex -5.25009 -38.6315 0
    endloop
  endfacet
  facet normal -0.955127 0.296195 0
    outer loop
      vertex -5.25009 -38.6315 3
      vertex -5.25009 -38.6315 0
      vertex -5.80249 -40.4128 3
    endloop
  endfacet
  facet normal -0.973066 0.230528 0
    outer loop
      vertex -6.2778 -42.4191 0
      vertex -6.2778 -42.4191 3
      vertex -5.80249 -40.4128 0
    endloop
  endfacet
  facet normal -0.973066 0.230528 0
    outer loop
      vertex -5.80249 -40.4128 3
      vertex -5.80249 -40.4128 0
      vertex -6.2778 -42.4191 3
    endloop
  endfacet
  facet normal -0.983355 0.181692 0
    outer loop
      vertex -6.29927 -42.5353 0
      vertex -6.29927 -42.5353 3
      vertex -6.2778 -42.4191 0
    endloop
  endfacet
  facet normal -0.983355 0.181692 0
    outer loop
      vertex -6.2778 -42.4191 3
      vertex -6.2778 -42.4191 0
      vertex -6.29927 -42.5353 3
    endloop
  endfacet
  facet normal 0.177196 0.984176 -0
    outer loop
      vertex -8.93639 -42.0605 0
      vertex -8.93639 -42.0605 3
      vertex -6.29927 -42.5353 0
    endloop
  endfacet
  facet normal 0.177196 0.984176 0
    outer loop
      vertex -6.29927 -42.5353 3
      vertex -6.29927 -42.5353 0
      vertex -8.93639 -42.0605 3
    endloop
  endfacet
  facet normal 0.513674 0.857985 -0
    outer loop
      vertex -22.7372 -36.4964 0
      vertex -22.7372 -36.4964 3
      vertex -21.4312 -37.2783 0
    endloop
  endfacet
  facet normal 0.513674 0.857985 0
    outer loop
      vertex -21.4312 -37.2783 3
      vertex -21.4312 -37.2783 0
      vertex -22.7372 -36.4964 3
    endloop
  endfacet
  facet normal 0.543706 0.839276 -0
    outer loop
      vertex -24.0147 -35.6688 0
      vertex -24.0147 -35.6688 3
      vertex -22.7372 -36.4964 0
    endloop
  endfacet
  facet normal 0.543706 0.839276 0
    outer loop
      vertex -22.7372 -36.4964 3
      vertex -22.7372 -36.4964 0
      vertex -24.0147 -35.6688 3
    endloop
  endfacet
  facet normal 0.787942 -0.615749 0
    outer loop
      vertex -23.9464 -35.5814 0
      vertex -23.9464 -35.5814 3
      vertex -24.0147 -35.6688 0
    endloop
  endfacet
  facet normal 0.787942 -0.615749 0
    outer loop
      vertex -24.0147 -35.6688 3
      vertex -24.0147 -35.6688 0
      vertex -23.9464 -35.5814 3
    endloop
  endfacet
  facet normal 0.969612 -0.244649 0
    outer loop
      vertex -23.6114 -34.2537 0
      vertex -23.6114 -34.2537 3
      vertex -23.9464 -35.5814 0
    endloop
  endfacet
  facet normal 0.969612 -0.244649 0
    outer loop
      vertex -23.9464 -35.5814 3
      vertex -23.9464 -35.5814 0
      vertex -23.6114 -34.2537 3
    endloop
  endfacet
  facet normal 0.787616 -0.616166 0
    outer loop
      vertex -22.3399 -32.6284 0
      vertex -22.3399 -32.6284 3
      vertex -23.6114 -34.2537 0
    endloop
  endfacet
  facet normal 0.787616 -0.616166 0
    outer loop
      vertex -23.6114 -34.2537 3
      vertex -23.6114 -34.2537 0
      vertex -22.3399 -32.6284 3
    endloop
  endfacet
  facet normal 0.881664 -0.471877 0
    outer loop
      vertex -21.206 -30.5098 0
      vertex -21.206 -30.5098 3
      vertex -22.3399 -32.6284 0
    endloop
  endfacet
  facet normal 0.881664 -0.471877 0
    outer loop
      vertex -22.3399 -32.6284 3
      vertex -22.3399 -32.6284 0
      vertex -21.206 -30.5098 3
    endloop
  endfacet
  facet normal 0.736142 -0.676827 0
    outer loop
      vertex -20.1334 -29.3432 0
      vertex -20.1334 -29.3432 3
      vertex -21.206 -30.5098 0
    endloop
  endfacet
  facet normal 0.736142 -0.676827 0
    outer loop
      vertex -21.206 -30.5098 3
      vertex -21.206 -30.5098 0
      vertex -20.1334 -29.3432 3
    endloop
  endfacet
  facet normal -0.976629 -0.214933 0
    outer loop
      vertex -19.8383 -30.6841 0
      vertex -19.8383 -30.6841 3
      vertex -20.1334 -29.3432 0
    endloop
  endfacet
  facet normal -0.976629 -0.214933 -0
    outer loop
      vertex -20.1334 -29.3432 3
      vertex -20.1334 -29.3432 0
      vertex -19.8383 -30.6841 3
    endloop
  endfacet
  facet normal -0.965309 0.26111 0
    outer loop
      vertex -20.2808 -32.32 0
      vertex -20.2808 -32.32 3
      vertex -19.8383 -30.6841 0
    endloop
  endfacet
  facet normal -0.965309 0.26111 0
    outer loop
      vertex -19.8383 -30.6841 3
      vertex -19.8383 -30.6841 0
      vertex -20.2808 -32.32 3
    endloop
  endfacet
  facet normal -0.992414 0.122938 0
    outer loop
      vertex -20.4685 -33.8352 0
      vertex -20.4685 -33.8352 3
      vertex -20.2808 -32.32 0
    endloop
  endfacet
  facet normal -0.992414 0.122938 0
    outer loop
      vertex -20.2808 -32.32 3
      vertex -20.2808 -32.32 0
      vertex -20.4685 -33.8352 3
    endloop
  endfacet
  facet normal -0.995841 -0.0911135 0
    outer loop
      vertex -20.2808 -35.8867 0
      vertex -20.2808 -35.8867 3
      vertex -20.4685 -33.8352 0
    endloop
  endfacet
  facet normal -0.995841 -0.0911135 -0
    outer loop
      vertex -20.4685 -33.8352 3
      vertex -20.4685 -33.8352 0
      vertex -20.2808 -35.8867 3
    endloop
  endfacet
  facet normal -0.993927 -0.110044 0
    outer loop
      vertex -20.0596 -37.8846 0
      vertex -20.0596 -37.8846 3
      vertex -20.2808 -35.8867 0
    endloop
  endfacet
  facet normal -0.993927 -0.110044 -0
    outer loop
      vertex -20.2808 -35.8867 3
      vertex -20.2808 -35.8867 0
      vertex -20.0596 -37.8846 3
    endloop
  endfacet
  facet normal -0.957498 0.288439 0
    outer loop
      vertex -20.0984 -38.0134 0
      vertex -20.0984 -38.0134 3
      vertex -20.0596 -37.8846 0
    endloop
  endfacet
  facet normal -0.957498 0.288439 0
    outer loop
      vertex -20.0596 -37.8846 3
      vertex -20.0596 -37.8846 0
      vertex -20.0984 -38.0134 3
    endloop
  endfacet
  facet normal 0.482957 0.875644 -0
    outer loop
      vertex -21.4312 -37.2783 0
      vertex -21.4312 -37.2783 3
      vertex -20.0984 -38.0134 0
    endloop
  endfacet
  facet normal 0.482957 0.875644 0
    outer loop
      vertex -20.0984 -38.0134 3
      vertex -20.0984 -38.0134 0
      vertex -21.4312 -37.2783 3
    endloop
  endfacet
  facet normal 0.875366 0.483461 -0
    outer loop
      vertex 14.8964 -36.7192 0
      vertex 14.8964 -36.7192 3
      vertex 15.6251 -38.0386 0
    endloop
  endfacet
  facet normal 0.875366 0.483461 0
    outer loop
      vertex 15.6251 -38.0386 3
      vertex 15.6251 -38.0386 0
      vertex 14.8964 -36.7192 3
    endloop
  endfacet
  facet normal 0.804932 0.593367 -0
    outer loop
      vertex 13.9086 -35.3792 0
      vertex 13.9086 -35.3792 3
      vertex 14.8964 -36.7192 0
    endloop
  endfacet
  facet normal 0.804932 0.593367 0
    outer loop
      vertex 14.8964 -36.7192 3
      vertex 14.8964 -36.7192 0
      vertex 13.9086 -35.3792 3
    endloop
  endfacet
  facet normal 0.476092 0.879395 -0
    outer loop
      vertex 12.512 -34.6231 0
      vertex 12.512 -34.6231 3
      vertex 13.9086 -35.3792 0
    endloop
  endfacet
  facet normal 0.476092 0.879395 0
    outer loop
      vertex 13.9086 -35.3792 3
      vertex 13.9086 -35.3792 0
      vertex 12.512 -34.6231 3
    endloop
  endfacet
  facet normal -0.0894415 0.995992 0
    outer loop
      vertex 11.0265 -34.7565 0
      vertex 11.0265 -34.7565 3
      vertex 12.512 -34.6231 0
    endloop
  endfacet
  facet normal -0.0894415 0.995992 0
    outer loop
      vertex 12.512 -34.6231 3
      vertex 12.512 -34.6231 0
      vertex 11.0265 -34.7565 3
    endloop
  endfacet
  facet normal 0 1 0
    outer loop
      vertex 8.62482 -34.7565 0
      vertex 8.62482 -34.7565 3
      vertex 11.0265 -34.7565 0
    endloop
  endfacet
  facet normal 0 1 0
    outer loop
      vertex 11.0265 -34.7565 3
      vertex 11.0265 -34.7565 0
      vertex 8.62482 -34.7565 3
    endloop
  endfacet
  facet normal 0.329306 0.944223 -0
    outer loop
      vertex 7.09482 -34.2229 0
      vertex 7.09482 -34.2229 3
      vertex 8.62482 -34.7565 0
    endloop
  endfacet
  facet normal 0.329306 0.944223 0
    outer loop
      vertex 8.62482 -34.7565 3
      vertex 8.62482 -34.7565 0
      vertex 7.09482 -34.2229 3
    endloop
  endfacet
  facet normal 0.754287 0.656545 -0
    outer loop
      vertex 6.01846 -32.9863 0
      vertex 6.01846 -32.9863 3
      vertex 7.09482 -34.2229 0
    endloop
  endfacet
  facet normal 0.754287 0.656545 0
    outer loop
      vertex 7.09482 -34.2229 3
      vertex 7.09482 -34.2229 0
      vertex 6.01846 -32.9863 3
    endloop
  endfacet
  facet normal 0.875342 0.483503 -0
    outer loop
      vertex 5.29498 -31.6765 0
      vertex 5.29498 -31.6765 3
      vertex 6.01846 -32.9863 0
    endloop
  endfacet
  facet normal 0.875342 0.483503 0
    outer loop
      vertex 6.01846 -32.9863 3
      vertex 6.01846 -32.9863 0
      vertex 5.29498 -31.6765 3
    endloop
  endfacet
  facet normal 0.983961 -0.178381 0
    outer loop
      vertex 5.52034 -30.4334 0
      vertex 5.52034 -30.4334 3
      vertex 5.29498 -31.6765 0
    endloop
  endfacet
  facet normal 0.983961 -0.178381 0
    outer loop
      vertex 5.29498 -31.6765 3
      vertex 5.29498 -31.6765 0
      vertex 5.52034 -30.4334 3
    endloop
  endfacet
  facet normal 0.656544 -0.754288 0
    outer loop
      vertex 6.17497 -29.8636 0
      vertex 6.17497 -29.8636 3
      vertex 5.52034 -30.4334 0
    endloop
  endfacet
  facet normal 0.656544 -0.754288 0
    outer loop
      vertex 5.52034 -30.4334 3
      vertex 5.52034 -30.4334 0
      vertex 6.17497 -29.8636 3
    endloop
  endfacet
  facet normal 0.0894629 -0.99599 0
    outer loop
      vertex 6.83627 -29.8042 0
      vertex 6.83627 -29.8042 3
      vertex 6.17497 -29.8636 0
    endloop
  endfacet
  facet normal 0.0894629 -0.99599 0
    outer loop
      vertex 6.17497 -29.8636 3
      vertex 6.17497 -29.8636 0
      vertex 6.83627 -29.8042 3
    endloop
  endfacet
  facet normal -0.279309 -0.960201 0
    outer loop
      vertex 8.91887 -30.41 0
      vertex 8.91887 -30.41 3
      vertex 6.83627 -29.8042 0
    endloop
  endfacet
  facet normal -0.279309 -0.960201 -0
    outer loop
      vertex 6.83627 -29.8042 3
      vertex 6.83627 -29.8042 0
      vertex 8.91887 -30.41 3
    endloop
  endfacet
  facet normal -0.222524 -0.974927 0
    outer loop
      vertex 11.7693 -31.0606 0
      vertex 11.7693 -31.0606 3
      vertex 8.91887 -30.41 0
    endloop
  endfacet
  facet normal -0.222524 -0.974927 -0
    outer loop
      vertex 8.91887 -30.41 3
      vertex 8.91887 -30.41 0
      vertex 11.7693 -31.0606 3
    endloop
  endfacet
  facet normal 0.0894699 -0.99599 0
    outer loop
      vertex 12.7467 -30.9728 0
      vertex 12.7467 -30.9728 3
      vertex 11.7693 -31.0606 0
    endloop
  endfacet
  facet normal 0.0894699 -0.99599 0
    outer loop
      vertex 11.7693 -31.0606 3
      vertex 11.7693 -31.0606 0
      vertex 12.7467 -30.9728 3
    endloop
  endfacet
  facet normal 0.218714 -0.975789 0
    outer loop
      vertex 13.8063 -30.7353 0
      vertex 13.8063 -30.7353 3
      vertex 12.7467 -30.9728 0
    endloop
  endfacet
  facet normal 0.218714 -0.975789 0
    outer loop
      vertex 12.7467 -30.9728 3
      vertex 12.7467 -30.9728 0
      vertex 13.8063 -30.7353 3
    endloop
  endfacet
  facet normal -0.100577 -0.994929 0
    outer loop
      vertex 14.9805 -30.854 0
      vertex 14.9805 -30.854 3
      vertex 13.8063 -30.7353 0
    endloop
  endfacet
  facet normal -0.100577 -0.994929 -0
    outer loop
      vertex 13.8063 -30.7353 3
      vertex 13.8063 -30.7353 0
      vertex 14.9805 -30.854 3
    endloop
  endfacet
  facet normal -0.202404 -0.979302 0
    outer loop
      vertex 15.7677 -31.0167 0
      vertex 15.7677 -31.0167 3
      vertex 14.9805 -30.854 0
    endloop
  endfacet
  facet normal -0.202404 -0.979302 -0
    outer loop
      vertex 14.9805 -30.854 3
      vertex 14.9805 -30.854 0
      vertex 15.7677 -31.0167 3
    endloop
  endfacet
  facet normal -0.655507 -0.755189 0
    outer loop
      vertex 17.517 -32.5351 0
      vertex 17.517 -32.5351 3
      vertex 15.7677 -31.0167 0
    endloop
  endfacet
  facet normal -0.655507 -0.755189 -0
    outer loop
      vertex 15.7677 -31.0167 3
      vertex 15.7677 -31.0167 0
      vertex 17.517 -32.5351 3
    endloop
  endfacet
  facet normal -0.598935 -0.800797 0
    outer loop
      vertex 18.4683 -33.2466 0
      vertex 18.4683 -33.2466 3
      vertex 17.517 -32.5351 0
    endloop
  endfacet
  facet normal -0.598935 -0.800797 -0
    outer loop
      vertex 17.517 -32.5351 3
      vertex 17.517 -32.5351 0
      vertex 18.4683 -33.2466 3
    endloop
  endfacet
  facet normal -0.655507 -0.755189 0
    outer loop
      vertex 19.9032 -34.4921 0
      vertex 19.9032 -34.4921 3
      vertex 18.4683 -33.2466 0
    endloop
  endfacet
  facet normal -0.655507 -0.755189 -0
    outer loop
      vertex 18.4683 -33.2466 3
      vertex 18.4683 -33.2466 0
      vertex 19.9032 -34.4921 3
    endloop
  endfacet
  facet normal -0.486802 -0.873512 0
    outer loop
      vertex 20.7925 -34.9877 0
      vertex 20.7925 -34.9877 3
      vertex 19.9032 -34.4921 0
    endloop
  endfacet
  facet normal -0.486802 -0.873512 -0
    outer loop
      vertex 19.9032 -34.4921 3
      vertex 19.9032 -34.4921 0
      vertex 20.7925 -34.9877 3
    endloop
  endfacet
  facet normal -0.598916 -0.800812 0
    outer loop
      vertex 21.7151 -35.6777 0
      vertex 21.7151 -35.6777 3
      vertex 20.7925 -34.9877 0
    endloop
  endfacet
  facet normal -0.598916 -0.800812 -0
    outer loop
      vertex 20.7925 -34.9877 3
      vertex 20.7925 -34.9877 0
      vertex 21.7151 -35.6777 3
    endloop
  endfacet
  facet normal -0.655525 -0.755173 0
    outer loop
      vertex 22.6912 -36.525 0
      vertex 22.6912 -36.525 3
      vertex 21.7151 -35.6777 0
    endloop
  endfacet
  facet normal -0.655525 -0.755173 -0
    outer loop
      vertex 21.7151 -35.6777 3
      vertex 21.7151 -35.6777 0
      vertex 22.6912 -36.525 3
    endloop
  endfacet
  facet normal -0.504435 0.86345 0
    outer loop
      vertex 20.6724 -37.7044 0
      vertex 20.6724 -37.7044 3
      vertex 22.6912 -36.525 0
    endloop
  endfacet
  facet normal -0.504435 0.86345 0
    outer loop
      vertex 22.6912 -36.525 3
      vertex 22.6912 -36.525 0
      vertex 20.6724 -37.7044 3
    endloop
  endfacet
  facet normal -0.456718 0.889612 0
    outer loop
      vertex 18.5925 -38.7722 0
      vertex 18.5925 -38.7722 3
      vertex 20.6724 -37.7044 0
    endloop
  endfacet
  facet normal -0.456718 0.889612 0
    outer loop
      vertex 20.6724 -37.7044 3
      vertex 20.6724 -37.7044 0
      vertex 18.5925 -38.7722 3
    endloop
  endfacet
  facet normal -0.407729 0.913103 0
    outer loop
      vertex 16.4576 -39.7255 0
      vertex 16.4576 -39.7255 3
      vertex 18.5925 -38.7722 0
    endloop
  endfacet
  facet normal -0.407729 0.913103 0
    outer loop
      vertex 18.5925 -38.7722 3
      vertex 18.5925 -38.7722 0
      vertex 16.4576 -39.7255 3
    endloop
  endfacet
  facet normal 0.896743 0.442551 -0
    outer loop
      vertex 15.6251 -38.0386 0
      vertex 15.6251 -38.0386 3
      vertex 16.4576 -39.7255 0
    endloop
  endfacet
  facet normal 0.896743 0.442551 0
    outer loop
      vertex 16.4576 -39.7255 3
      vertex 16.4576 -39.7255 0
      vertex 15.6251 -38.0386 3
    endloop
  endfacet
  facet normal 0.598689 0.800982 -0
    outer loop
      vertex 22.0968 -34.1481 0
      vertex 22.0968 -34.1481 3
      vertex 23.192 -34.9667 0
    endloop
  endfacet
  facet normal 0.598689 0.800982 0
    outer loop
      vertex 23.192 -34.9667 3
      vertex 23.192 -34.9667 0
      vertex 22.0968 -34.1481 3
    endloop
  endfacet
  facet normal 0.699647 0.714489 -0
    outer loop
      vertex 21.0762 -33.1487 0
      vertex 21.0762 -33.1487 3
      vertex 22.0968 -34.1481 0
    endloop
  endfacet
  facet normal 0.699647 0.714489 0
    outer loop
      vertex 22.0968 -34.1481 3
      vertex 22.0968 -34.1481 0
      vertex 21.0762 -33.1487 3
    endloop
  endfacet
  facet normal 0.243614 -0.969872 0
    outer loop
      vertex 22.1766 -32.8723 0
      vertex 22.1766 -32.8723 3
      vertex 21.0762 -33.1487 0
    endloop
  endfacet
  facet normal 0.243614 -0.969872 0
    outer loop
      vertex 21.0762 -33.1487 3
      vertex 21.0762 -33.1487 0
      vertex 22.1766 -32.8723 3
    endloop
  endfacet
  facet normal 0 -1 0
    outer loop
      vertex 26.3493 -32.8723 0
      vertex 26.3493 -32.8723 3
      vertex 22.1766 -32.8723 0
    endloop
  endfacet
  facet normal 0 -1 0
    outer loop
      vertex 22.1766 -32.8723 3
      vertex 22.1766 -32.8723 0
      vertex 26.3493 -32.8723 3
    endloop
  endfacet
  facet normal -0.198919 -0.980016 0
    outer loop
      vertex 27.4519 -33.0961 0
      vertex 27.4519 -33.0961 3
      vertex 26.3493 -32.8723 0
    endloop
  endfacet
  facet normal -0.198919 -0.980016 -0
    outer loop
      vertex 26.3493 -32.8723 3
      vertex 26.3493 -32.8723 0
      vertex 27.4519 -33.0961 3
    endloop
  endfacet
  facet normal -0.626188 0.779672 0
    outer loop
      vertex 26.3892 -33.9496 0
      vertex 26.3892 -33.9496 3
      vertex 27.4519 -33.0961 0
    endloop
  endfacet
  facet normal -0.626188 0.779672 0
    outer loop
      vertex 27.4519 -33.0961 3
      vertex 27.4519 -33.0961 0
      vertex 26.3892 -33.9496 3
    endloop
  endfacet
  facet normal -0.601138 0.799145 0
    outer loop
      vertex 25.2999 -34.769 0
      vertex 25.2999 -34.769 3
      vertex 26.3892 -33.9496 0
    endloop
  endfacet
  facet normal -0.601138 0.799145 0
    outer loop
      vertex 26.3892 -33.9496 3
      vertex 26.3892 -33.9496 0
      vertex 25.2999 -34.769 3
    endloop
  endfacet
  facet normal -0.575499 0.817803 0
    outer loop
      vertex 24.1851 -35.5535 0
      vertex 24.1851 -35.5535 3
      vertex 25.2999 -34.769 0
    endloop
  endfacet
  facet normal -0.575499 0.817803 0
    outer loop
      vertex 25.2999 -34.769 3
      vertex 25.2999 -34.769 0
      vertex 24.1851 -35.5535 3
    endloop
  endfacet
  facet normal 0.508709 0.860939 -0
    outer loop
      vertex 23.192 -34.9667 0
      vertex 23.192 -34.9667 3
      vertex 24.1851 -35.5535 0
    endloop
  endfacet
  facet normal 0.508709 0.860939 0
    outer loop
      vertex 24.1851 -35.5535 3
      vertex 24.1851 -35.5535 0
      vertex 23.192 -34.9667 3
    endloop
  endfacet
  facet normal 0.997814 0.0660918 -0
    outer loop
      vertex 6.13731 -39.9458 0
      vertex 6.13731 -39.9458 3
      vertex 6.23434 -41.4107 0
    endloop
  endfacet
  facet normal 0.997814 0.0660918 0
    outer loop
      vertex 6.23434 -41.4107 3
      vertex 6.23434 -41.4107 0
      vertex 6.13731 -39.9458 3
    endloop
  endfacet
  facet normal 1 0 -0
    outer loop
      vertex 6.13731 -36.2419 0
      vertex 6.13731 -36.2419 3
      vertex 6.13731 -39.9458 0
    endloop
  endfacet
  facet normal 1 -0 0
    outer loop
      vertex 6.13731 -39.9458 3
      vertex 6.13731 -39.9458 0
      vertex 6.13731 -36.2419 3
    endloop
  endfacet
  facet normal 0.951381 -0.308016 0
    outer loop
      vertex 6.23434 -35.9422 0
      vertex 6.23434 -35.9422 3
      vertex 6.13731 -36.2419 0
    endloop
  endfacet
  facet normal 0.951381 -0.308016 0
    outer loop
      vertex 6.13731 -36.2419 3
      vertex 6.13731 -36.2419 0
      vertex 6.23434 -35.9422 3
    endloop
  endfacet
  facet normal -0.307857 -0.951433 0
    outer loop
      vertex 7.7048 -36.418 0
      vertex 7.7048 -36.418 3
      vertex 6.23434 -35.9422 0
    endloop
  endfacet
  facet normal -0.307857 -0.951433 -0
    outer loop
      vertex 6.23434 -35.9422 3
      vertex 6.23434 -35.9422 0
      vertex 7.7048 -36.418 3
    endloop
  endfacet
  facet normal -0.184796 -0.982777 0
    outer loop
      vertex 9.30663 -36.7192 0
      vertex 9.30663 -36.7192 3
      vertex 7.7048 -36.418 0
    endloop
  endfacet
  facet normal -0.184796 -0.982777 -0
    outer loop
      vertex 7.7048 -36.418 3
      vertex 7.7048 -36.418 0
      vertex 9.30663 -36.7192 3
    endloop
  endfacet
  facet normal 0 -1 0
    outer loop
      vertex 10.5168 -36.7192 0
      vertex 10.5168 -36.7192 3
      vertex 9.30663 -36.7192 0
    endloop
  endfacet
  facet normal 0 -1 0
    outer loop
      vertex 9.30663 -36.7192 3
      vertex 9.30663 -36.7192 0
      vertex 10.5168 -36.7192 3
    endloop
  endfacet
  facet normal -0.142617 -0.989778 0
    outer loop
      vertex 11.7917 -36.9029 0
      vertex 11.7917 -36.9029 3
      vertex 10.5168 -36.7192 0
    endloop
  endfacet
  facet normal -0.142617 -0.989778 -0
    outer loop
      vertex 10.5168 -36.7192 3
      vertex 10.5168 -36.7192 0
      vertex 11.7917 -36.9029 3
    endloop
  endfacet
  facet normal -0.465775 -0.884903 0
    outer loop
      vertex 13.0665 -37.5739 0
      vertex 13.0665 -37.5739 3
      vertex 11.7917 -36.9029 0
    endloop
  endfacet
  facet normal -0.465775 -0.884903 -0
    outer loop
      vertex 11.7917 -36.9029 3
      vertex 11.7917 -36.9029 0
      vertex 13.0665 -37.5739 3
    endloop
  endfacet
  facet normal -0.837174 -0.546936 0
    outer loop
      vertex 14.0547 -39.0865 0
      vertex 14.0547 -39.0865 3
      vertex 13.0665 -37.5739 0
    endloop
  endfacet
  facet normal -0.837174 -0.546936 -0
    outer loop
      vertex 13.0665 -37.5739 3
      vertex 13.0665 -37.5739 0
      vertex 14.0547 -39.0865 3
    endloop
  endfacet
  facet normal -0.875363 -0.483466 0
    outer loop
      vertex 14.7622 -40.3675 0
      vertex 14.7622 -40.3675 3
      vertex 14.0547 -39.0865 0
    endloop
  endfacet
  facet normal -0.875363 -0.483466 -0
    outer loop
      vertex 14.0547 -39.0865 3
      vertex 14.0547 -39.0865 0
      vertex 14.7622 -40.3675 3
    endloop
  endfacet
  facet normal -0.937954 -0.346759 0
    outer loop
      vertex 14.7683 -40.384 0
      vertex 14.7683 -40.384 3
      vertex 14.7622 -40.3675 0
    endloop
  endfacet
  facet normal -0.937954 -0.346759 -0
    outer loop
      vertex 14.7622 -40.3675 3
      vertex 14.7622 -40.3675 0
      vertex 14.7683 -40.384 3
    endloop
  endfacet
  facet normal -0.318942 0.947774 0
    outer loop
      vertex 12.6534 -41.0957 0
      vertex 12.6534 -41.0957 3
      vertex 14.7683 -40.384 0
    endloop
  endfacet
  facet normal -0.318942 0.947774 0
    outer loop
      vertex 14.7683 -40.384 3
      vertex 14.7683 -40.384 0
      vertex 12.6534 -41.0957 3
    endloop
  endfacet
  facet normal -0.269224 0.963077 0
    outer loop
      vertex 10.5042 -41.6965 0
      vertex 10.5042 -41.6965 3
      vertex 12.6534 -41.0957 0
    endloop
  endfacet
  facet normal -0.269224 0.963077 0
    outer loop
      vertex 12.6534 -41.0957 3
      vertex 12.6534 -41.0957 0
      vertex 10.5042 -41.6965 3
    endloop
  endfacet
  facet normal -0.219213 0.975677 0
    outer loop
      vertex 8.32686 -42.1857 0
      vertex 8.32686 -42.1857 3
      vertex 10.5042 -41.6965 0
    endloop
  endfacet
  facet normal -0.219213 0.975677 0
    outer loop
      vertex 10.5042 -41.6965 3
      vertex 10.5042 -41.6965 0
      vertex 8.32686 -42.1857 3
    endloop
  endfacet
  facet normal -0.168261 0.985742 0
    outer loop
      vertex 6.12703 -42.5612 0
      vertex 6.12703 -42.5612 3
      vertex 8.32686 -42.1857 0
    endloop
  endfacet
  facet normal -0.168261 0.985742 0
    outer loop
      vertex 8.32686 -42.1857 3
      vertex 8.32686 -42.1857 0
      vertex 6.12703 -42.5612 3
    endloop
  endfacet
  facet normal 0.995678 -0.0928694 0
    outer loop
      vertex 6.23434 -41.4107 0
      vertex 6.23434 -41.4107 3
      vertex 6.12703 -42.5612 0
    endloop
  endfacet
  facet normal 0.995678 -0.0928694 0
    outer loop
      vertex 6.12703 -42.5612 3
      vertex 6.12703 -42.5612 0
      vertex 6.23434 -41.4107 3
    endloop
  endfacet
endsolid OpenSCAD_Model
